#usda 1.0
(
    defaultPrim = "Ground"
    metersPerUnit = 1
    upAxis = "Z"
)

def Mesh "Ground"
{
    uniform bool doubleSided = 1
    float3[] extent = [(0, 0, -0.8), (16, 16, 0)]
    int[] faceVertexCounts = [3, 3, 3, 3, 3, 3, 3, 3, 3, 3, 3, 3, 3, 3, 3, 3, 3, 3, 3, 3, 3, 3, 3, 3, 3, 3, 3, 3, 3, 3, 3, 3, 3, 3, 3, 3, 3, 3, 3, 3, 3, 3, 3, 3, 3, 3, 3, 3, 3, 3, 3, 3, 3, 3, 3, 3, 3, 3, 3, 3, 3, 3, 3, 3, 3, 3, 3, 3, 3, 3, 3, 3, 3, 3, 3, 3, 3, 3, 3, 3, 3, 3, 3, 3, 3, 3, 3, 3, 3, 3, 3, 3, 3, 3, 3, 3, 3, 3, 3, 3, 3, 3, 3, 3, 3, 3, 3, 3, 3, 3, 3, 3, 3, 3, 3, 3, 3, 3, 3, 3, 3, 3, 3, 3, 3, 3, 3, 3, 3, 3, 3, 3, 3, 3, 3, 3, 3, 3, 3, 3, 3, 3, 3, 3, 3, 3, 3, 3, 3, 3, 3, 3, 3, 3, 3, 3, 3, 3, 3, 3, 3, 3, 3, 3, 3, 3, 3, 3, 3, 3, 3, 3, 3, 3, 3, 3, 3, 3, 3, 3, 3, 3, 3, 3, 3, 3, 3, 3, 3, 3, 3, 3, 3, 3, 3, 3, 3, 3, 3, 3, 3, 3, 3, 3, 3, 3, 3, 3, 3, 3, 3, 3, 3, 3, 3, 3, 3, 3, 3, 3, 3, 3, 3, 3, 3, 3, 3, 3, 3, 3, 3, 3, 3, 3, 3, 3, 3, 3, 3, 3, 3, 3, 3, 3, 3, 3, 3, 3, 3, 3, 3, 3, 3, 3, 3, 3, 3, 3, 3, 3, 3, 3, 3, 3, 3, 3, 3, 3, 3, 3, 3, 3, 3, 3, 3, 3, 3, 3, 3, 3, 3, 3, 3, 3, 3, 3, 3, 3, 3, 3, 3, 3, 3, 3, 3, 3, 3, 3, 3, 3, 3, 3, 3, 3, 3, 3, 3, 3, 3, 3, 3, 3, 3, 3, 3, 3, 3, 3, 3, 3, 3, 3, 3, 3, 3, 3, 3, 3, 3, 3, 3, 3, 3, 3, 3, 3, 3, 3, 3, 3, 3, 3, 3, 3, 3, 3, 3, 3, 3, 3, 3, 3, 3, 3, 3, 3, 3, 3, 3, 3, 3, 3, 3, 3, 3, 3, 3, 3, 3, 3, 3, 3, 3, 3, 3, 3, 3, 3, 3, 3, 3, 3, 3, 3, 3, 3, 3, 3, 3, 3, 3, 3, 3, 3, 3, 3, 3, 3, 3, 3, 3, 3, 3, 3, 3, 3, 3, 3, 3, 3, 3, 3, 3, 3, 3, 3, 3, 3, 3, 3, 3, 3, 3, 3, 3, 3, 3, 3, 3, 3, 3, 3, 3, 3, 3, 3, 3, 3, 3, 3, 3, 3, 3, 3, 3, 3, 3, 3, 3, 3, 3, 3, 3, 3, 3, 3, 3, 3, 3, 3, 3, 3, 3, 3, 3, 3, 3, 3, 3, 3, 3, 3, 3, 3, 3, 3, 3, 3, 3, 3, 3, 3, 3, 3, 3, 3, 3, 3, 3, 3, 3, 3, 3, 3, 3, 3, 3, 3, 3, 3, 3, 3, 3, 3, 3, 3, 3, 3, 3, 3, 3, 3, 3, 3, 3, 3, 3, 3, 3, 3, 3, 3, 3, 3, 3, 3, 3, 3, 3, 3, 3, 3, 3, 3, 3, 3, 3, 3, 3, 3, 3, 3, 3, 3, 3, 3, 3, 3, 3, 3, 3, 3, 3, 3, 3, 3, 3, 3, 3, 3, 3, 3, 3, 3, 3, 3, 3, 3, 3, 3, 3, 3, 3, 3, 3, 3, 3, 3, 3, 3, 3, 3, 3, 3, 3, 3, 3, 3, 3, 3, 3, 3, 3, 3, 3, 3, 3, 3, 3, 3, 3, 3, 3, 3, 3, 3, 3, 3, 3, 3, 3, 3, 3, 3, 3, 3, 3, 3, 3, 3, 3, 3, 3, 3, 3, 3, 3, 3, 3, 3, 3, 3, 3, 3, 3, 3, 3, 3, 3, 3, 3, 3, 3, 3, 3, 3, 3, 3, 3, 3, 3, 3, 3, 3, 3, 3, 3, 3, 3, 3, 3, 3, 3, 3, 3, 3, 3, 3, 3, 3, 3, 3, 3, 3, 3, 3, 3, 3, 3, 3, 3, 3, 3, 3, 3, 3, 3, 3, 3, 3, 3, 3, 3, 3, 3, 3, 3, 3, 3, 3, 3, 3, 3, 3, 3, 3, 3, 3, 3, 3, 3, 3, 3, 3, 3, 3, 3, 3, 3, 3, 3, 3, 3, 3, 3, 3, 3, 3, 3, 3, 3, 3, 3, 3, 3, 3, 3, 3, 3, 3, 3, 3, 3, 3, 3, 3, 3, 3, 3, 3, 3, 3, 3, 3, 3, 3, 3, 3, 3, 3, 3, 3, 3, 3, 3, 3, 3, 3, 3, 3, 3, 3, 3, 3, 3, 3, 3, 3, 3, 3, 3, 3, 3, 3, 3, 3, 3, 3, 3, 3, 3, 3, 3, 3, 3, 3, 3, 3, 3, 3, 3, 3, 3, 3, 3, 3, 3, 3, 3, 3, 3, 3, 3, 3, 3, 3, 3, 3, 3, 3, 3, 3, 3, 3, 3, 3, 3, 3, 3, 3, 3, 3, 3, 3, 3, 3, 3, 3, 3, 3, 3, 3, 3, 3, 3, 3, 3, 3, 3, 3, 3, 3, 3, 3, 3, 3, 3, 3, 3, 3, 3, 3, 3, 3, 3, 3, 3, 3, 3, 3, 3, 3, 3, 3, 3, 3, 3, 3, 3, 3, 3, 3, 3, 3, 3, 3, 3, 3, 3, 3, 3, 3, 3, 3, 3, 3, 3, 3, 3, 3, 3, 3, 3, 3, 3, 3, 3, 3, 3, 3, 3, 3, 3, 3, 3, 3, 3, 3, 3, 3, 3, 3, 3, 3, 3, 3, 3, 3, 3, 3, 3, 3, 3, 3, 3, 3, 3, 3, 3, 3, 3, 3, 3, 3, 3, 3, 3, 3, 3, 3, 3, 3, 3, 3, 3, 3, 3, 3, 3, 3, 3, 3, 3, 3, 3, 3, 3, 3, 3, 3, 3, 3, 3, 3, 3, 3, 3, 3, 3, 3, 3, 3, 3, 3, 3, 3, 3, 3, 3, 3, 3, 3, 3, 3, 3, 3, 3, 3, 3, 3, 3, 3, 3, 3, 3, 3, 3, 3, 3, 3, 3, 3, 3, 3, 3, 3, 3, 3, 3, 3, 3, 3, 3, 3, 3, 3, 3, 3, 3, 3, 3, 3, 3, 3, 3, 3, 3, 3, 3, 3, 3, 3, 3, 3, 3, 3, 3, 3, 3, 3, 3, 3, 3, 3, 3, 3, 3, 3, 3, 3, 3, 3, 3, 3, 3, 3, 3, 3, 3, 3, 3, 3, 3, 3, 3, 3, 3, 3, 3, 3, 3, 3, 3, 3, 3, 3, 3, 3, 3, 3, 3, 3, 3, 3, 3, 3, 3, 3, 3, 3, 3, 3, 3, 3, 3, 3, 3, 3, 3, 3, 3, 3, 3, 3, 3, 3, 3, 3, 3, 3, 3, 3, 3, 3, 3, 3, 3, 3, 3, 3, 3, 3, 3, 3, 3, 3, 3, 3, 3, 3, 3, 3, 3, 3, 3, 3, 3, 3, 3, 3, 3, 3, 3, 3, 3, 3, 3, 3, 3, 3, 3, 3, 3, 3, 3, 3, 3, 3, 3, 3, 3, 3, 3, 3, 3, 3, 3, 3, 3, 3, 3, 3, 3, 3, 3, 3, 3, 3, 3, 3, 3, 3, 3, 3, 3, 3, 3, 3, 3, 3, 3, 3, 3, 3, 3, 3, 3, 3, 3, 3, 3, 3, 3, 3, 3, 3, 3, 3, 3, 3, 3, 3, 3, 3, 3, 3, 3, 3, 3, 3, 3, 3, 3, 3, 3, 3, 3, 3, 3, 3, 3, 3, 3, 3, 3, 3, 3, 3, 3, 3, 3, 3, 3, 3, 3, 3, 3, 3, 3, 3, 3, 3, 3, 3, 3, 3, 3, 3, 3, 3, 3, 3, 3, 3, 3, 3, 3, 3, 3, 3, 3, 3, 3, 3, 3, 3, 3, 3, 3, 3, 3, 3, 3, 3, 3, 3, 3, 3, 3, 3, 3, 3, 3, 3, 3, 3, 3, 3, 3, 3, 3, 3, 3, 3, 3, 3, 3, 3, 3, 3, 3, 3, 3, 3, 3, 3, 3, 3, 3, 3, 3, 3, 3, 3, 3, 3, 3, 3, 3, 3, 3, 3, 3, 3, 3, 3, 3, 3, 3, 3, 3, 3, 3, 3, 3, 3, 3, 3, 3, 3, 3, 3, 3, 3, 3, 3, 3, 3, 3, 3, 3, 3, 3, 3, 3, 3, 3, 3, 3, 3, 3, 3, 3, 3, 3, 3, 3, 3, 3, 3, 3, 3, 3, 3, 3, 3, 3, 3, 3, 3, 3, 3, 3, 3, 3, 3, 3, 3, 3, 3, 3, 3, 3, 3, 3, 3, 3, 3, 3, 3, 3, 3, 3, 3, 3, 3, 3, 3, 3, 3, 3, 3, 3, 3, 3, 3, 3, 3, 3, 3, 3, 3, 3, 3, 3, 3, 3, 3, 3, 3, 3, 3, 3, 3, 3, 3, 3, 3, 3, 3, 3, 3, 3, 3, 3, 3, 3, 3, 3, 3, 3, 3, 3, 3, 3, 3, 3, 3, 3, 3, 3, 3, 3, 3, 3, 3, 3, 3, 3, 3, 3, 3, 3, 3, 3, 3, 3, 3, 3, 3, 3, 3, 3, 3, 3, 3, 3, 3, 3, 3, 3, 3, 3, 3, 3, 3, 3, 3, 3, 3, 3, 3, 3, 3, 3, 3, 3, 3, 3, 3, 3, 3, 3, 3, 3, 3, 3, 3, 3, 3, 3, 3, 3, 3, 3, 3, 3, 3, 3, 3, 3, 3, 3, 3, 3, 3, 3, 3, 3, 3, 3, 3, 3, 3, 3, 3, 3, 3, 3, 3, 3, 3, 3, 3, 3, 3, 3, 3, 3, 3, 3, 3, 3, 3, 3, 3, 3, 3, 3, 3, 3, 3, 3, 3, 3, 3, 3, 3, 3, 3, 3, 3, 3, 3, 3, 3, 3, 3, 3, 3, 3, 3, 3, 3, 3, 3, 3, 3, 3, 3, 3, 3, 3, 3, 3, 3, 3, 3, 3, 3, 3, 3, 3, 3, 3, 3, 3, 3, 3, 3, 3, 3, 3, 3, 3, 3, 3, 3, 3, 3, 3, 3, 3, 3, 3, 3, 3, 3, 3, 3, 3, 3, 3, 3, 3, 3, 3, 3, 3, 3, 3, 3, 3, 3, 3, 3, 3, 3, 3, 3, 3, 3, 3, 3, 3, 3, 3, 3, 3, 3, 3, 3, 3, 3, 3, 3, 3, 3, 3, 3, 3, 3, 3, 3, 3, 3, 3, 3, 3, 3, 3, 3, 3, 3, 3, 3, 3, 3, 3, 3, 3, 3, 3, 3, 3, 3, 3, 3, 3, 3, 3, 3, 3, 3, 3, 3, 3, 3, 3, 3, 3, 3, 3, 3, 3, 3, 3, 3, 3, 3, 3, 3, 3, 3, 3, 3, 3, 3, 3, 3, 3, 3, 3, 3, 3, 3, 3, 3, 3, 3, 3, 3, 3, 3, 3, 3, 3, 3, 3, 3, 3, 3, 3, 3, 3, 3, 3, 3, 3, 3, 3, 3, 3, 3, 3, 3, 3, 3, 3, 3, 3, 3, 3, 3, 3, 3, 3, 3, 3, 3, 3, 3, 3, 3, 3, 3, 3, 3, 3, 3, 3, 3, 3, 3, 3, 3, 3, 3, 3, 3, 3, 3, 3, 3, 3, 3, 3, 3, 3, 3, 3, 3, 3, 3, 3, 3, 3, 3, 3, 3, 3, 3, 3, 3, 3, 3, 3, 3, 3, 3, 3, 3, 3, 3, 3, 3, 3, 3, 3, 3, 3, 3, 3, 3, 3, 3, 3, 3, 3, 3, 3, 3, 3, 3, 3, 3, 3, 3, 3, 3, 3, 3, 3, 3, 3, 3, 3, 3, 3, 3, 3, 3, 3, 3, 3, 3, 3, 3, 3, 3, 3, 3, 3, 3, 3, 3, 3, 3, 3, 3, 3, 3, 3, 3, 3, 3, 3, 3, 3, 3, 3, 3, 3, 3, 3, 3, 3, 3, 3, 3, 3, 3, 3, 3, 3, 3, 3, 3, 3, 3, 3, 3, 3, 3, 3, 3, 3, 3, 3, 3, 3, 3, 3, 3, 3, 3, 3, 3, 3, 3, 3, 3, 3, 3, 3, 3, 3, 3, 3, 3, 3, 3, 3, 3, 3, 3, 3, 3, 3, 3, 3, 3, 3, 3, 3, 3, 3, 3, 3, 3, 3, 3, 3, 3, 3, 3, 3, 3, 3, 3, 3, 3, 3, 3, 3, 3, 3, 3, 3, 3, 3, 3, 3, 3, 3, 3, 3, 3, 3, 3, 3, 3, 3, 3, 3, 3, 3, 3, 3, 3, 3, 3, 3, 3, 3, 3, 3, 3, 3, 3, 3, 3, 3, 3, 3, 3, 3, 3, 3, 3, 3, 3, 3, 3, 3, 3, 3, 3, 3, 3, 3, 3, 3, 3, 3, 3, 3, 3, 3, 3, 3, 3, 3, 3, 3, 3, 3, 3, 3, 3, 3, 3, 3, 3, 3, 3, 3, 3, 3, 3, 3, 3, 3, 3, 3, 3, 3, 3, 3, 3, 3, 3, 3, 3, 3, 3, 3, 3, 3, 3, 3, 3, 3, 3, 3, 3, 3, 3, 3, 3, 3, 3, 3, 3, 3, 3, 3, 3, 3, 3, 3, 3, 3, 3, 3, 3, 3, 3, 3, 3, 3, 3, 3, 3, 3, 3, 3, 3, 3, 3, 3, 3, 3, 3, 3, 3, 3, 3, 3, 3, 3, 3, 3, 3, 3, 3, 3, 3, 3, 3, 3, 3, 3, 3, 3, 3, 3, 3, 3, 3, 3, 3, 3, 3, 3, 3, 3, 3, 3, 3, 3, 3, 3, 3, 3, 3, 3, 3, 3, 3, 3, 3, 3, 3, 3, 3, 3, 3, 3, 3, 3, 3, 3, 3, 3, 3, 3, 3, 3, 3, 3, 3, 3, 3, 3, 3, 3, 3, 3, 3, 3, 3, 3, 3, 3, 3, 3, 3, 3, 3, 3, 3, 3, 3, 3, 3, 3, 3, 3, 3, 3, 3, 3, 3, 3, 3, 3, 3, 3, 3, 3, 3, 3, 3, 3, 3, 3, 3, 3, 3, 3, 3, 3, 3, 3, 3, 3, 3, 3, 3, 3, 3, 3, 3, 3, 3, 3, 3, 3, 3, 3, 3, 3, 3, 3, 3, 3, 3, 3, 3, 3, 3, 3, 3, 3, 3, 3, 3, 3, 3, 3, 3, 3, 3, 3, 3, 3, 3, 3, 3, 3, 3, 3, 3, 3, 3, 3, 3, 3, 3, 3, 3, 3, 3, 3, 3, 3, 3, 3, 3, 3, 3, 3, 3, 3, 3, 3, 3, 3, 3, 3, 3, 3, 3, 3, 3, 3, 3, 3, 3, 3, 3, 3, 3, 3, 3, 3, 3, 3, 3, 3, 3, 3, 3, 3, 3, 3, 3, 3, 3, 3, 3, 3, 3, 3, 3, 3, 3, 3, 3, 3, 3, 3, 3, 3, 3, 3, 3, 3, 3, 3, 3, 3, 3, 3, 3, 3, 3, 3, 3, 3, 3, 3, 3, 3, 3, 3, 3, 3, 3, 3, 3, 3, 3, 3, 3, 3, 3, 3, 3, 3, 3, 3, 3, 3, 3, 3, 3, 3, 3, 3, 3, 3, 3, 3, 3, 3, 3, 3, 3, 3, 3, 3, 3, 3, 3, 3, 3, 3, 3, 3, 3, 3, 3, 3, 3, 3, 3, 3, 3, 3, 3, 3, 3, 3, 3, 3, 3, 3, 3, 3, 3, 3, 3, 3, 3, 3, 3, 3, 3, 3, 3, 3, 3, 3, 3, 3, 3, 3, 3, 3, 3, 3, 3, 3, 3, 3, 3, 3, 3, 3, 3, 3, 3, 3, 3, 3, 3, 3, 3, 3, 3, 3, 3, 3, 3, 3, 3, 3, 3, 3, 3, 3, 3, 3, 3, 3, 3, 3, 3, 3, 3, 3, 3, 3, 3, 3, 3, 3, 3, 3, 3, 3, 3, 3, 3, 3, 3, 3, 3, 3, 3, 3, 3, 3, 3, 3, 3, 3, 3, 3, 3, 3, 3, 3, 3, 3, 3, 3, 3, 3, 3, 3, 3, 3, 3, 3, 3, 3, 3, 3, 3, 3, 3, 3, 3, 3, 3, 3, 3, 3, 3, 3, 3, 3, 3, 3, 3, 3, 3, 3, 3, 3, 3, 3, 3, 3, 3, 3, 3, 3, 3, 3, 3, 3, 3, 3, 3, 3, 3, 3, 3, 3, 3, 3, 3, 3, 3, 3, 3, 3, 3, 3, 3, 3, 3, 3, 3, 3, 3, 3, 3, 3, 3, 3, 3, 3, 3, 3, 3, 3, 3, 3, 3, 3, 3, 3, 3, 3, 3, 3, 3, 3, 3, 3, 3, 3, 3, 3, 3, 3, 3, 3, 3, 3, 3, 3, 3, 3, 3, 3, 3, 3, 3, 3, 3, 3, 3, 3, 3, 3, 3, 3, 3, 3, 3, 3, 3, 3, 3, 3, 3, 3, 3, 3, 3, 3, 3, 3, 3, 3, 3, 3, 3, 3, 3, 3, 3, 3, 3, 3, 3, 3, 3, 3, 3, 3, 3, 3, 3, 3, 3, 3, 3, 3, 3, 3, 3, 3, 3, 3, 3, 3, 3, 3, 3, 3, 3, 3, 3, 3, 3, 3, 3, 3, 3, 3, 3, 3, 3, 3, 3, 3, 3, 3, 3, 3, 3, 3, 3, 3, 3, 3, 3, 3, 3, 3, 3, 3, 3, 3, 3, 3, 3, 3, 3, 3, 3, 3, 3, 3, 3, 3, 3, 3, 3, 3, 3, 3, 3, 3, 3, 3, 3, 3, 3]
    int[] faceVertexIndices = [739, 1249, 1122, 1148, 551, 1149, 1311, 1310, 1363, 84, 1327, 1401, 870, 1306, 1305, 1274, 1244, 1275, 304, 858, 303, 1283, 1116, 57, 23, 24, 823, 221, 1410, 222, 1138, 1204, 1137, 1217, 1197, 1291, 1319, 1333, 1321, 375, 1364, 1369, 637, 636, 111, 638, 639, 1400, 1210, 1236, 1208, 180, 1313, 181, 1410, 1389, 1409, 204, 896, 895, 1276, 147, 1312, 256, 801, 255, 1250, 1196, 1251, 1106, 1105, 515, 1207, 1261, 1206, 989, 988, 416, 387, 386, 1302, 443, 1022, 442, 1333, 1347, 1335, 357, 358, 918, 118, 117, 1393, 114, 641, 640, 653, 652, 127, 318, 1359, 319, 1300, 72, 1318, 1263, 1261, 1207, 1224, 729, 730, 178, 714, 177, 159, 1238, 160, 317, 1359, 318, 1427, 1431, 1409, 816, 817, 25, 1359, 1328, 1361, 1404, 1402, 1380, 1422, 1418, 1417, 1414, 279, 1438, 486, 1271, 487, 505, 1096, 504, 494, 492, 496, 1089, 1088, 497, 1257, 1241, 174, 716, 181, 717, 1216, 1264, 1252, 570, 571, 1171, 857, 1331, 856, 1242, 1244, 1273, 478, 1281, 479, 297, 296, 1329, 1032, 1033, 1371, 928, 17, 927, 931, 15, 16, 85, 606, 84, 628, 627, 101, 105, 104, 1398, 101, 624, 622, 881, 882, 1322, 146, 147, 676, 144, 143, 1312, 1223, 195, 1225, 597, 75, 598, 197, 1223, 198, 1127, 1128, 1227, 147, 1276, 148, 1276, 1312, 1287, 1144, 1201, 1143, 1001, 1003, 1002, 1395, 1396, 215, 662, 132, 663, 1357, 1309, 138, 218, 1396, 219, 232, 772, 231, 238, 779, 778, 1441, 787, 788, 786, 31, 785, 323, 324, 880, 159, 688, 158, 1166, 1167, 1228, 849, 1018, 848, 285, 837, 284, 1404, 1380, 1378, 260, 805, 259, 267, 266, 1414, 593, 592, 70, 1107, 59, 1106, 1263, 1205, 531, 1130, 1129, 531, 1086, 1087, 63, 495, 1081, 1080, 988, 987, 415, 493, 1078, 492, 174, 175, 710, 543, 1140, 542, 568, 1168, 567, 1166, 1228, 1165, 1282, 1281, 1291, 469, 1218, 470, 1197, 1250, 1291, 970, 971, 1233, 1273, 1317, 435, 439, 1018, 438, 1015, 1014, 436, 451, 450, 1354, 1179, 1229, 1178, 972, 971, 399, 977, 405, 978, 378, 943, 377, 840, 839, 288, 351, 1335, 352, 272, 817, 271, 453, 1032, 452, 349, 1346, 350, 917, 357, 918, 384, 383, 1337, 937, 936, 370, 609, 608, 86, 1398, 104, 1423, 641, 115, 642, 635, 636, 1399, 93, 94, 615, 620, 621, 49, 88, 609, 87, 50, 1407, 613, 42, 43, 650, 756, 215, 757, 770, 34, 769, 654, 42, 653, 643, 644, 44, 880, 324, 881, 143, 673, 142, 70, 71, 593, 603, 81, 604, 73, 1300, 74, 598, 76, 599, 528, 1248, 529, 1300, 1318, 1223, 1237, 1300, 1225, 197, 732, 196, 688, 159, 689, 1240, 1265, 1245, 1259, 152, 1260, 690, 161, 691, 1209, 1222, 190, 1210, 181, 1313, 555, 1155, 554, 867, 868, 1305, 138, 139, 668, 749, 209, 750, 335, 336, 891, 143, 142, 1312, 760, 219, 761, 216, 215, 1396, 887, 331, 888, 38, 754, 37, 770, 230, 771, 1429, 1428, 246, 1431, 224, 1410, 234, 235, 776, 31, 786, 1441, 1433, 1431, 1427, 800, 1444, 799, 871, 315, 872, 872, 316, 873, 875, 1306, 874, 1359, 314, 1328, 703, 169, 704, 1342, 1330, 854, 849, 297, 850, 852, 853, 1330, 814, 268, 815, 1415, 262, 1416, 283, 835, 282, 284, 1378, 285, 262, 807, 261, 808, 807, 262, 273, 818, 272, 899, 339, 900, 600, 53, 599, 1110, 58, 1109, 1284, 60, 1103, 1119, 1117, 1120, 1224, 1226, 728, 511, 1285, 512, 541, 1198, 1188, 1105, 1284, 1104, 1094, 1093, 503, 1090, 1091, 62, 1078, 493, 1079, 497, 496, 491, 1068, 1069, 1307, 399, 969, 398, 1075, 2, 1074, 178, 1313, 179, 1140, 543, 1141, 173, 708, 172, 713, 1149, 712, 1194, 1160, 1211, 548, 1190, 549, 1161, 1211, 1160, 998, 1202, 1194, 581, 1183, 1182, 571, 1213, 572, 1065, 1066, 4, 10, 960, 1298, 1170, 570, 1171, 1175, 1176, 1231, 1054, 1053, 468, 1056, 1057, 1247, 1242, 1273, 421, 1009, 1010, 1331, 989, 417, 990, 438, 1317, 439, 1021, 442, 1022, 1025, 447, 1026, 447, 1025, 446, 1324, 1325, 449, 1178, 1230, 1177, 1337, 1301, 1302, 1183, 971, 1182, 1180, 1229, 1179, 401, 400, 1296, 1303, 1302, 1299, 3, 4, 1307, 1031, 1371, 1373, 281, 833, 280, 278, 1438, 279, 339, 1042, 1041, 1348, 345, 1353, 1320, 1321, 1334, 351, 911, 350, 343, 904, 342, 364, 363, 372, 365, 369, 366, 914, 353, 915, 907, 908, 21, 943, 378, 944, 14, 939, 1419, 11, 12, 952, 101, 622, 99, 94, 95, 616, 625, 101, 626, 103, 629, 102, 110, 1397, 111, 635, 1399, 634, 641, 44, 640, 631, 630, 104, 93, 615, 92, 102, 96, 103, 82, 83, 604, 91, 613, 90, 1338, 1397, 1401, 104, 105, 631, 1340, 1338, 1266, 1375, 1406, 113, 116, 117, 642, 644, 645, 44, 1394, 1355, 122, 41, 42, 655, 139, 1309, 140, 657, 658, 41, 745, 204, 205, 660, 662, 661, 1394, 1363, 1310, 1310, 1311, 1287, 1386, 669, 890, 131, 133, 132, 671, 888, 670, 669, 670, 890, 144, 674, 143, 1239, 1260, 1240, 606, 605, 84, 594, 73, 595, 587, 65, 588, 71, 1318, 72, 604, 1374, 603, 77, 76, 1315, 1223, 1318, 199, 1268, 1315, 1237, 67, 202, 1318, 69, 70, 592, 201, 1318, 202, 200, 736, 199, 735, 199, 736, 1128, 733, 1227, 721, 1204, 720, 729, 193, 730, 687, 157, 688, 1220, 1219, 1245, 1276, 1260, 148, 1258, 156, 1259, 687, 688, 1306, 875, 320, 876, 174, 709, 173, 165, 695, 164, 1214, 1222, 1215, 194, 1225, 195, 715, 180, 716, 178, 179, 714, 165, 1257, 172, 176, 175, 1241, 693, 163, 694, 172, 707, 171, 1368, 1395, 1367, 38, 39, 749, 204, 897, 896, 894, 204, 895, 337, 892, 336, 672, 887, 671, 678, 677, 148, 878, 322, 879, 759, 760, 1443, 777, 778, 33, 221, 761, 220, 757, 37, 756, 213, 1395, 214, 759, 218, 760, 216, 217, 758, 1343, 326, 1345, 224, 225, 765, 772, 232, 773, 229, 228, 1432, 1433, 233, 1432, 247, 1420, 248, 245, 244, 1429, 772, 34, 771, 775, 234, 776, 786, 241, 787, 244, 790, 243, 791, 245, 792, 29, 30, 792, 792, 247, 793, 251, 250, 1420, 153, 1259, 154, 875, 684, 1306, 689, 1305, 1306, 871, 870, 315, 320, 1384, 321, 1384, 1345, 321, 702, 169, 703, 299, 1329, 300, 166, 165, 171, 168, 700, 699, 298, 1329, 299, 698, 1308, 697, 306, 861, 305, 855, 303, 856, 293, 844, 292, 297, 1329, 298, 1430, 1383, 1381, 1412, 1413, 1445, 1392, 1383, 1445, 1402, 1415, 1416, 286, 1372, 287, 1021, 1323, 1020, 1415, 1414, 266, 832, 280, 833, 800, 255, 801, 252, 253, 798, 805, 806, 27, 811, 266, 812, 811, 812, 1425, 811, 1425, 810, 1425, 812, 26, 819, 24, 818, 64, 740, 739, 741, 1249, 740, 1111, 521, 1112, 521, 520, 1248, 1102, 1103, 60, 1263, 520, 519, 1100, 1101, 60, 509, 1100, 508, 1128, 1127, 530, 734, 1227, 733, 1136, 538, 1137, 729, 1224, 728, 1255, 1261, 1285, 1133, 1224, 1132, 535, 1132, 534, 540, 1198, 541, 1269, 1270, 1256, 510, 509, 1285, 1286, 1269, 1254, 1095, 504, 1096, 498, 497, 1270, 1086, 1085, 495, 1079, 493, 1080, 56, 57, 1249, 485, 1070, 484, 499, 500, 1091, 1200, 1264, 1216, 1068, 482, 1069, 488, 1074, 487, 492, 491, 496, 1070, 3, 1069, 480, 479, 1281, 727, 191, 728, 539, 1137, 538, 543, 1188, 544, 548, 1146, 547, 1190, 554, 549, 1158, 557, 1159, 557, 1158, 556, 707, 708, 1235, 558, 1185, 559, 546, 547, 1145, 559, 1159, 558, 570, 1191, 571, 994, 1194, 1211, 1274, 1273, 1244, 561, 562, 1162, 1168, 568, 1169, 576, 1213, 577, 1057, 472, 1058, 465, 466, 1051, 1050, 464, 1051, 476, 475, 1291, 474, 473, 1291, 1054, 468, 1055, 469, 1055, 468, 1176, 575, 1177, 568, 569, 1169, 576, 1177, 575, 1180, 579, 1181, 1046, 582, 1047, 1050, 7, 1049, 1044, 1045, 8, 1044, 8, 1043, 1005, 1234, 1387, 1012, 433, 1013, 853, 854, 1330, 434, 1013, 433, 994, 993, 422, 990, 991, 1211, 413, 1243, 414, 1175, 1174, 573, 293, 294, 845, 846, 295, 847, 1323, 1023, 843, 289, 841, 288, 440, 1019, 439, 445, 1023, 444, 415, 416, 988, 980, 408, 981, 1301, 1294, 1292, 415, 1243, 416, 1296, 1299, 1297, 407, 406, 1297, 1279, 1299, 1293, 975, 404, 976, 1043, 1233, 1183, 963, 398, 964, 1303, 391, 390, 958, 393, 959, 389, 955, 388, 385, 950, 384, 390, 956, 389, 396, 400, 397, 12, 13, 947, 1025, 842, 1024, 1027, 449, 1028, 456, 1352, 457, 830, 829, 278, 1036, 1035, 457, 343, 1353, 344, 915, 916, 1350, 458, 457, 1353, 456, 1034, 455, 340, 461, 341, 459, 460, 1039, 903, 342, 904, 345, 905, 344, 1436, 904, 22, 909, 348, 910, 358, 1347, 359, 354, 915, 353, 361, 362, 923, 370, 371, 937, 911, 1351, 910, 915, 354, 916, 925, 1377, 924, 943, 13, 942, 14, 1419, 13, 939, 14, 938, 15, 937, 14, 364, 365, 925, 937, 938, 14, 15, 931, 932, 931, 16, 930, 632, 633, 46, 48, 49, 623, 611, 612, 1407, 100, 101, 99, 104, 630, 103, 633, 107, 634, 631, 632, 46, 631, 46, 630, 633, 634, 1399, 1423, 89, 1401, 110, 636, 109, 1400, 640, 44, 638, 1400, 637, 641, 642, 44, 45, 1400, 44, 99, 620, 98, 619, 49, 618, 615, 94, 616, 617, 50, 616, 612, 90, 613, 608, 1408, 607, 606, 607, 1408, 606, 1408, 605, 90, 89, 1423, 95, 1423, 104, 1339, 1401, 1327, 1423, 1401, 1397, 1340, 1311, 1363, 1398, 1397, 109, 1397, 1338, 1375, 85, 84, 1401, 645, 119, 646, 650, 43, 649, 124, 125, 650, 644, 643, 118, 650, 125, 651, 655, 42, 654, 646, 120, 647, 1394, 121, 1393, 655, 130, 656, 660, 41, 659, 652, 653, 42, 134, 130, 135, 41, 660, 40, 742, 743, 1385, 135, 665, 134, 134, 664, 133, 120, 1393, 121, 117, 118, 643, 1376, 1375, 1363, 1267, 1340, 1266, 129, 1357, 130, 1309, 1357, 1355, 142, 672, 141, 139, 140, 669, 1385, 1386, 895, 667, 138, 668, 673, 143, 674, 886, 330, 887, 330, 886, 329, 675, 146, 676, 683, 684, 876, 879, 1322, 878, 1349, 599, 53, 52, 605, 1408, 598, 599, 1349, 596, 597, 1349, 590, 68, 591, 73, 594, 72, 68, 589, 67, 70, 1318, 71, 79, 80, 602, 79, 600, 78, 1220, 1268, 1214, 1326, 1327, 1315, 75, 597, 74, 594, 593, 72, 189, 1209, 190, 1214, 1215, 1220, 589, 55, 588, 587, 56, 586, 1249, 57, 1118, 1117, 1119, 1118, 64, 741, 740, 1126, 1127, 1227, 737, 201, 738, 584, 64, 65, 735, 734, 198, 195, 1223, 196, 1224, 731, 732, 194, 730, 193, 721, 185, 722, 191, 1222, 192, 726, 727, 1226, 726, 725, 190, 1208, 1209, 185, 1219, 1221, 1240, 186, 1209, 187, 183, 719, 182, 150, 680, 149, 147, 148, 677, 1259, 1239, 1258, 1239, 1221, 1238, 155, 685, 154, 878, 1322, 681, 157, 687, 156, 685, 155, 686, 1238, 159, 1258, 1257, 161, 1238, 166, 170, 167, 162, 691, 161, 191, 726, 190, 723, 724, 1204, 1142, 1141, 544, 181, 1210, 182, 719, 183, 720, 1142, 1201, 1141, 715, 1147, 714, 1148, 713, 714, 709, 174, 710, 176, 1241, 177, 1203, 711, 1151, 1203, 708, 709, 707, 1235, 706, 701, 1308, 700, 705, 706, 1235, 1387, 704, 1235, 662, 663, 1385, 742, 204, 744, 38, 749, 750, 745, 1424, 744, 666, 1386, 665, 666, 667, 1386, 209, 208, 1367, 892, 337, 893, 890, 889, 334, 892, 891, 336, 335, 1367, 336, 1426, 1344, 1343, 674, 675, 1341, 677, 1322, 1341, 885, 329, 886, 882, 881, 326, 1424, 747, 39, 746, 205, 747, 1395, 211, 1367, 755, 754, 214, 759, 37, 758, 755, 37, 754, 1443, 763, 36, 760, 761, 1443, 338, 337, 206, 210, 1367, 211, 1389, 1410, 1396, 1410, 221, 220, 332, 1344, 333, 328, 1343, 329, 1390, 1389, 1381, 1390, 1381, 1392, 765, 766, 1434, 762, 763, 1443, 769, 228, 770, 35, 769, 34, 768, 227, 769, 1433, 1432, 1431, 776, 235, 777, 34, 774, 33, 766, 765, 225, 763, 762, 222, 234, 233, 1433, 234, 1433, 241, 1383, 1392, 1381, 258, 1421, 1416, 1389, 1390, 1409, 252, 251, 1440, 782, 238, 783, 776, 777, 33, 781, 780, 779, 236, 239, 238, 235, 234, 240, 239, 785, 238, 242, 787, 241, 1433, 1429, 242, 1420, 247, 1428, 796, 29, 795, 796, 250, 797, 249, 248, 1420, 1444, 29, 796, 880, 1322, 879, 681, 682, 878, 317, 873, 316, 878, 877, 322, 1288, 697, 1308, 870, 1305, 869, 690, 1305, 689, 864, 863, 307, 320, 875, 319, 1383, 1430, 1382, 1405, 1412, 1361, 1361, 1412, 1382, 868, 867, 312, 310, 1370, 311, 313, 1328, 314, 288, 1372, 289, 693, 1288, 1305, 693, 692, 162, 428, 429, 1007, 1308, 1331, 858, 861, 306, 862, 866, 1288, 865, 857, 856, 858, 857, 858, 1331, 861, 860, 304, 1370, 307, 301, 854, 853, 302, 303, 855, 854, 301, 306, 302, 301, 853, 300, 844, 843, 292, 295, 1358, 296, 253, 1440, 254, 1390, 1422, 1409, 1405, 1362, 1379, 1362, 1360, 1379, 1421, 254, 1440, 797, 251, 798, 1404, 1415, 1402, 267, 812, 266, 841, 289, 842, 1439, 289, 1372, 835, 836, 1371, 1380, 1372, 1378, 830, 279, 831, 281, 1378, 282, 267, 1414, 268, 275, 276, 827, 801, 256, 802, 805, 27, 804, 803, 257, 804, 806, 805, 260, 810, 809, 263, 807, 806, 261, 816, 25, 815, 25, 26, 812, 277, 1438, 278, 271, 817, 270, 807, 808, 26, 269, 270, 816, 826, 274, 827, 24, 25, 817, 1125, 1227, 1124, 1118, 1121, 1249, 1113, 522, 1114, 1115, 1116, 1283, 523, 1114, 522, 1115, 1283, 1114, 521, 1248, 522, 1110, 520, 1111, 1284, 1105, 1106, 520, 1110, 519, 1107, 516, 1108, 516, 1106, 515, 1101, 1102, 60, 1102, 1101, 511, 1261, 1262, 514, 510, 511, 1101, 1115, 524, 1116, 530, 529, 1263, 1126, 1125, 528, 527, 526, 1248, 1135, 537, 1136, 1131, 1224, 1130, 1136, 1137, 1226, 538, 1136, 537, 531, 1129, 530, 530, 1263, 531, 1103, 1102, 512, 1264, 1261, 1255, 1264, 1200, 1206, 1206, 1198, 1207, 559, 1185, 560, 1185, 1187, 1186, 1099, 1100, 60, 1098, 1099, 61, 508, 1099, 507, 1096, 505, 1097, 499, 1090, 498, 1091, 1092, 62, 502, 1269, 503, 501, 1091, 500, 1085, 1086, 1304, 1089, 498, 1090, 1087, 497, 1088, 494, 496, 495, 495, 1080, 493, 1079, 1, 1078, 1078, 1, 1077, 501, 1269, 502, 482, 1253, 483, 1271, 1256, 1270, 1271, 1270, 488, 1195, 1199, 1216, 1250, 1251, 1282, 1253, 1282, 1251, 1253, 482, 1281, 1077, 1, 1076, 489, 1075, 488, 1070, 485, 1071, 2, 3, 1071, 482, 1068, 481, 482, 481, 1281, 1064, 4, 1063, 475, 1061, 474, 1139, 1140, 1204, 1143, 545, 1144, 1140, 1139, 542, 1188, 1198, 1187, 546, 1144, 545, 1148, 1147, 550, 548, 549, 1146, 1145, 547, 1146, 1203, 1202, 1002, 1148, 1149, 713, 1149, 551, 1150, 1185, 555, 1190, 1203, 1235, 708, 1001, 1002, 1202, 428, 427, 426, 1004, 427, 1005, 553, 1154, 552, 557, 556, 1185, 1216, 1196, 1195, 566, 565, 1193, 1189, 560, 1186, 558, 1159, 557, 1168, 1167, 566, 565, 564, 1189, 1164, 1211, 1163, 1158, 1159, 1194, 421, 992, 420, 995, 994, 423, 565, 1166, 564, 1211, 1228, 990, 992, 1211, 991, 988, 989, 1228, 1192, 1212, 1191, 1218, 1217, 471, 475, 474, 1291, 472, 1057, 471, 1193, 1189, 1191, 569, 1191, 570, 1218, 466, 1213, 466, 1218, 467, 1064, 1065, 4, 1058, 1059, 5, 1059, 474, 1060, 1061, 1060, 474, 1052, 1053, 1246, 1057, 1056, 470, 1053, 1052, 467, 1052, 1246, 1051, 983, 982, 411, 1167, 1168, 1228, 1170, 985, 1169, 573, 1174, 572, 1175, 574, 1176, 466, 465, 1213, 462, 580, 463, 977, 976, 405, 463, 579, 464, 464, 578, 465, 463, 1049, 583, 465, 577, 1213, 1043, 582, 1046, 581, 1184, 1183, 582, 1184, 581, 1048, 1232, 1047, 701, 703, 1234, 1006, 427, 1007, 431, 1010, 430, 424, 425, 997, 434, 435, 1013, 433, 1012, 432, 433, 432, 1273, 422, 1273, 423, 424, 430, 425, 996, 424, 997, 422, 421, 1273, 418, 419, 990, 985, 1228, 1169, 986, 414, 987, 412, 1243, 413, 1274, 1275, 1289, 850, 298, 851, 296, 297, 848, 850, 1330, 849, 437, 1015, 436, 843, 1024, 842, 846, 1323, 845, 1027, 840, 1026, 837, 286, 838, 1020, 441, 1021, 1290, 440, 1317, 1023, 445, 1024, 447, 446, 1324, 1316, 1290, 1289, 1293, 1301, 1292, 1325, 1316, 1295, 1274, 1289, 1290, 1172, 1231, 1171, 406, 978, 405, 410, 1278, 411, 1243, 412, 1278, 407, 979, 406, 1231, 1230, 979, 405, 404, 1297, 404, 975, 403, 400, 972, 399, 973, 974, 1229, 969, 399, 970, 398, 963, 397, 966, 968, 967, 964, 398, 965, 7, 8, 1232, 8, 9, 1233, 407, 408, 980, 391, 1303, 1299, 393, 958, 392, 396, 1296, 400, 1279, 1293, 1277, 1293, 1299, 1302, 387, 1302, 388, 387, 953, 386, 9, 10, 1298, 963, 962, 397, 955, 1336, 954, 956, 1336, 955, 385, 386, 951, 11, 952, 953, 12, 949, 950, 380, 946, 379, 288, 287, 1372, 836, 1373, 1371, 1029, 1028, 449, 450, 1029, 449, 834, 835, 1371, 1036, 1435, 831, 1035, 831, 1371, 832, 1371, 831, 1040, 826, 1435, 277, 278, 829, 898, 1437, 1042, 1040, 1435, 1039, 824, 273, 274, 823, 822, 824, 900, 22, 899, 901, 1436, 900, 1031, 452, 1032, 454, 1354, 455, 1316, 1325, 1324, 1334, 1325, 1320, 901, 340, 902, 459, 1038, 458, 1353, 457, 1352, 1348, 1353, 1352, 900, 339, 901, 22, 900, 1436, 905, 345, 906, 22, 904, 21, 907, 906, 346, 1346, 346, 1348, 19, 20, 1350, 920, 18, 919, 1348, 1332, 1346, 1332, 1334, 1321, 1347, 355, 1335, 1347, 358, 357, 1364, 1365, 1366, 1366, 1319, 1369, 921, 360, 922, 361, 1365, 362, 912, 20, 911, 1351, 911, 20, 913, 914, 20, 19, 919, 18, 18, 920, 921, 1350, 917, 19, 923, 362, 924, 926, 925, 365, 375, 376, 941, 1337, 379, 1369, 380, 381, 947, 949, 12, 948, 375, 940, 374, 377, 942, 376, 942, 13, 1419, 370, 365, 371, 926, 365, 366, 932, 368, 933, 370, 936, 369, 366, 930, 929, 926, 1377, 925, 367, 369, 368, 937, 15, 936, 622, 624, 623, 47, 48, 624, 626, 101, 627, 626, 47, 625, 50, 617, 49, 621, 620, 99, 101, 98, 102, 99, 622, 621, 623, 624, 48, 43, 44, 645, 47, 630, 46, 47, 628, 629, 628, 102, 629, 103, 95, 104, 94, 1423, 95, 108, 1398, 109, 631, 105, 632, 633, 632, 107, 637, 45, 636, 1400, 45, 637, 107, 632, 106, 1397, 1398, 1423, 112, 637, 111, 635, 109, 636, 638, 637, 112, 1399, 636, 45, 1375, 111, 1397, 114, 113, 1406, 640, 1400, 639, 114, 640, 113, 112, 113, 638, 112, 1375, 113, 615, 50, 614, 618, 617, 96, 100, 98, 101, 98, 620, 97, 621, 622, 49, 612, 613, 1407, 92, 614, 91, 51, 609, 1407, 611, 610, 89, 608, 609, 51, 608, 51, 1408, 51, 52, 1408, 605, 52, 604, 602, 80, 603, 613, 91, 614, 93, 1423, 94, 612, 611, 90, 88, 89, 610, 88, 1401, 89, 85, 86, 608, 86, 85, 1401, 83, 84, 605, 107, 1398, 108, 105, 106, 632, 116, 1406, 117, 114, 115, 641, 1326, 1339, 1327, 1268, 1266, 1326, 1311, 1340, 1267, 1338, 1340, 1375, 119, 644, 118, 119, 645, 644, 124, 649, 123, 645, 646, 43, 1376, 1393, 1406, 119, 1393, 120, 124, 123, 1356, 119, 120, 646, 652, 42, 651, 126, 652, 125, 650, 649, 124, 649, 43, 648, 647, 121, 648, 120, 121, 647, 125, 1356, 126, 1357, 126, 1356, 657, 656, 130, 131, 657, 130, 129, 654, 128, 129, 655, 654, 126, 1357, 127, 1357, 129, 128, 129, 130, 655, 131, 130, 134, 133, 663, 132, 658, 659, 41, 897, 742, 1385, 660, 661, 40, 131, 134, 133, 663, 133, 664, 664, 1386, 1385, 663, 664, 1385, 117, 1406, 1393, 1406, 1375, 1376, 1356, 1355, 1357, 124, 1356, 125, 1268, 1220, 1266, 1245, 1265, 1267, 1312, 1309, 1287, 1276, 1240, 1260, 130, 1357, 135, 136, 1357, 137, 136, 137, 666, 139, 138, 1309, 142, 141, 1312, 141, 671, 140, 144, 1312, 145, 1309, 1312, 141, 135, 136, 665, 667, 666, 137, 669, 668, 139, 670, 669, 140, 673, 672, 142, 672, 1341, 887, 675, 674, 145, 885, 886, 1341, 1312, 147, 146, 146, 675, 145, 676, 677, 1341, 675, 676, 1341, 679, 149, 680, 149, 679, 148, 680, 681, 1322, 880, 881, 1322, 605, 604, 83, 1374, 604, 52, 602, 1374, 601, 600, 79, 601, 1374, 53, 601, 53, 54, 1349, 597, 598, 1349, 76, 598, 75, 592, 593, 54, 590, 589, 68, 596, 595, 74, 593, 594, 54, 69, 591, 68, 54, 55, 592, 589, 588, 67, 69, 68, 1318, 1315, 1327, 79, 82, 81, 1327, 77, 1315, 78, 80, 79, 1327, 1300, 1315, 76, 1326, 1315, 1268, 1219, 1220, 1215, 1339, 1326, 1266, 75, 74, 1300, 76, 75, 1300, 69, 1318, 70, 200, 1318, 201, 1300, 1237, 1315, 1222, 1237, 1225, 1237, 1214, 1268, 1237, 1222, 1214, 588, 55, 587, 56, 587, 55, 66, 588, 65, 586, 56, 585, 1283, 58, 1113, 52, 53, 1374, 737, 738, 1227, 203, 738, 202, 584, 65, 586, 203, 66, 64, 67, 66, 202, 200, 201, 737, 64, 739, 203, 1124, 1227, 1123, 200, 737, 736, 735, 1227, 734, 197, 198, 734, 198, 1223, 199, 732, 731, 196, 194, 195, 730, 732, 197, 733, 1128, 1224, 733, 731, 730, 195, 731, 1224, 730, 726, 191, 727, 192, 1222, 193, 724, 189, 725, 189, 724, 188, 192, 728, 191, 1133, 1226, 1224, 725, 1226, 724, 1226, 1204, 724, 1236, 1221, 1208, 1221, 1219, 1215, 1219, 1240, 1245, 1239, 1240, 1221, 1209, 1208, 1222, 1215, 1222, 1208, 1210, 1313, 1236, 1238, 1221, 1241, 150, 149, 1260, 151, 150, 1260, 682, 153, 683, 153, 682, 152, 153, 154, 683, 155, 154, 1259, 175, 174, 1241, 162, 1257, 163, 151, 681, 150, 682, 681, 152, 684, 683, 154, 685, 684, 154, 686, 687, 1306, 685, 1306, 684, 157, 156, 1258, 157, 1258, 158, 690, 689, 160, 688, 689, 1306, 159, 160, 689, 162, 161, 1257, 691, 162, 692, 165, 164, 1257, 166, 696, 165, 695, 165, 696, 1209, 189, 188, 186, 187, 722, 186, 722, 185, 722, 723, 1204, 183, 1210, 184, 184, 185, 721, 718, 719, 1201, 719, 720, 1201, 718, 182, 719, 180, 181, 716, 1144, 1145, 1201, 1147, 715, 1146, 711, 175, 712, 1236, 1313, 1241, 715, 714, 179, 1148, 714, 1147, 1313, 177, 1241, 713, 177, 714, 1203, 709, 710, 176, 712, 175, 174, 173, 1257, 708, 173, 709, 711, 710, 175, 711, 1203, 710, 707, 172, 708, 168, 170, 169, 1387, 1235, 1203, 705, 1235, 704, 705, 169, 706, 168, 698, 697, 702, 703, 701, 705, 704, 169, 40, 1385, 743, 742, 744, 743, 204, 742, 897, 896, 897, 1385, 746, 745, 205, 744, 1424, 743, 209, 749, 208, 746, 1424, 745, 892, 1386, 891, 894, 893, 338, 894, 1386, 893, 1386, 892, 893, 337, 338, 893, 205, 338, 206, 336, 1367, 337, 207, 337, 1367, 889, 890, 670, 335, 890, 334, 332, 889, 888, 886, 887, 1341, 335, 334, 1367, 332, 333, 889, 1344, 329, 1343, 330, 331, 887, 673, 1341, 672, 884, 1341, 883, 327, 882, 326, 884, 883, 328, 885, 884, 329, 327, 328, 883, 327, 326, 1343, 325, 326, 881, 213, 212, 1395, 754, 38, 753, 751, 210, 752, 751, 209, 210, 38, 751, 752, 754, 753, 213, 213, 753, 212, 212, 211, 1395, 216, 757, 215, 756, 37, 755, 757, 216, 758, 219, 760, 218, 35, 36, 1434, 35, 1434, 767, 761, 762, 1443, 761, 221, 762, 208, 748, 207, 748, 747, 207, 755, 215, 756, 213, 214, 754, 219, 1396, 220, 758, 217, 759, 219, 220, 761, 1410, 220, 1396, 334, 1344, 1367, 1368, 1344, 1426, 1368, 1426, 1391, 1430, 1426, 1343, 1368, 1396, 1395, 1389, 1391, 1381, 1426, 1381, 1391, 1426, 1430, 1381, 764, 763, 223, 224, 765, 764, 767, 766, 226, 766, 767, 1434, 35, 767, 768, 230, 770, 229, 224, 1431, 225, 228, 229, 770, 772, 771, 231, 771, 34, 770, 230, 231, 771, 232, 1432, 233, 234, 775, 233, 774, 34, 773, 236, 777, 235, 775, 33, 774, 1410, 224, 223, 221, 222, 762, 225, 1431, 226, 227, 768, 226, 774, 233, 775, 774, 232, 233, 239, 235, 240, 239, 236, 235, 1427, 1422, 1428, 242, 1429, 243, 1418, 1422, 1392, 1420, 1422, 1417, 1433, 1427, 1428, 1420, 1428, 1422, 253, 252, 1440, 251, 797, 250, 1442, 779, 780, 30, 31, 1441, 779, 1442, 778, 238, 781, 779, 33, 1442, 32, 782, 31, 781, 32, 781, 31, 784, 238, 785, 236, 238, 237, 242, 241, 1433, 241, 786, 240, 784, 31, 783, 791, 30, 790, 787, 1441, 786, 245, 791, 244, 244, 243, 1429, 791, 792, 30, 247, 792, 246, 790, 30, 789, 242, 788, 787, 790, 789, 243, 791, 790, 244, 250, 249, 1420, 250, 796, 249, 798, 799, 1444, 796, 797, 1444, 794, 29, 793, 794, 249, 795, 29, 794, 795, 796, 795, 249, 879, 323, 880, 325, 881, 324, 877, 878, 682, 323, 879, 322, 685, 686, 1306, 872, 1306, 871, 873, 874, 1306, 872, 873, 1306, 1306, 870, 871, 316, 872, 315, 164, 694, 163, 866, 1305, 1288, 313, 868, 312, 870, 869, 314, 309, 865, 308, 310, 867, 866, 320, 321, 876, 322, 321, 1345, 1384, 320, 319, 873, 317, 874, 1384, 1359, 1361, 316, 1359, 317, 1384, 1361, 1382, 1361, 1328, 1362, 313, 314, 869, 314, 1359, 315, 311, 312, 867, 310, 311, 867, 1370, 1328, 311, 1370, 1360, 1328, 1405, 1361, 1362, 1360, 1362, 1328, 695, 1288, 694, 863, 1288, 862, 168, 697, 167, 697, 1288, 696, 168, 699, 698, 704, 1387, 703, 168, 702, 700, 1308, 701, 1331, 310, 866, 309, 863, 864, 1288, 1308, 862, 1288, 1308, 860, 861, 858, 304, 859, 860, 1308, 859, 855, 856, 1342, 1011, 1342, 1010, 306, 307, 863, 864, 308, 865, 859, 304, 860, 306, 301, 307, 1342, 1013, 1330, 303, 854, 302, 298, 850, 297, 301, 302, 853, 1370, 300, 1329, 852, 300, 853, 1360, 1358, 1379, 294, 1358, 295, 846, 294, 295, 1329, 296, 1358, 1439, 1358, 292, 1358, 294, 293, 1413, 1412, 1403, 1405, 1403, 1412, 1418, 1413, 1417, 258, 259, 805, 1411, 1416, 1421, 1402, 1411, 1403, 1405, 1380, 1403, 1372, 1380, 1379, 1411, 1421, 1417, 256, 1421, 257, 1421, 258, 257, 256, 257, 803, 1402, 1416, 1411, 260, 1416, 261, 1404, 1414, 1415, 1378, 279, 1414, 1358, 1439, 1379, 291, 1439, 292, 291, 843, 290, 840, 288, 841, 285, 286, 837, 285, 1372, 286, 1372, 285, 1378, 835, 283, 836, 1404, 1378, 1414, 283, 1378, 284, 278, 279, 830, 279, 1378, 280, 817, 272, 818, 276, 275, 1438, 828, 277, 829, 828, 276, 277, 255, 800, 254, 256, 255, 1421, 801, 28, 800, 1444, 800, 28, 803, 27, 802, 258, 804, 257, 27, 28, 802, 27, 807, 26, 27, 806, 807, 263, 809, 262, 262, 1415, 263, 1425, 26, 808, 264, 810, 263, 264, 811, 810, 266, 811, 265, 264, 1415, 265, 816, 270, 817, 812, 267, 813, 25, 812, 813, 814, 815, 25, 269, 815, 268, 269, 816, 815, 277, 276, 1438, 275, 272, 1438, 272, 275, 273, 826, 825, 274, 273, 820, 819, 821, 24, 820, 24, 819, 820, 822, 273, 824, 1118, 57, 1117, 1117, 57, 1116, 527, 1124, 526, 1121, 1118, 1120, 1116, 1120, 1117, 1120, 524, 1121, 738, 739, 1227, 523, 524, 1114, 1083, 0, 1082, 1113, 58, 1112, 58, 1110, 1111, 520, 521, 1111, 526, 522, 1248, 1108, 517, 1109, 517, 1262, 518, 1109, 518, 1110, 1107, 1108, 59, 1107, 1106, 516, 1284, 1106, 59, 1263, 519, 518, 516, 517, 1108, 1261, 512, 1285, 515, 514, 1262, 1104, 1103, 513, 514, 1105, 1104, 510, 1100, 509, 510, 1101, 1100, 1261, 514, 513, 511, 512, 1102, 1099, 508, 1100, 1098, 507, 1099, 1121, 524, 1122, 1125, 1124, 527, 530, 1127, 529, 1125, 1126, 1227, 1123, 525, 1124, 524, 523, 525, 1126, 529, 1127, 529, 1126, 528, 532, 1130, 531, 532, 1131, 1130, 536, 1133, 535, 536, 1134, 1133, 726, 1226, 725, 1134, 1226, 1133, 1137, 539, 1138, 540, 1139, 1138, 1128, 530, 1129, 532, 531, 1205, 537, 536, 1198, 1132, 1131, 534, 1205, 1207, 535, 1205, 1263, 1207, 510, 1285, 511, 1286, 1254, 1285, 1205, 535, 534, 536, 535, 1198, 1135, 1134, 537, 539, 538, 1198, 1207, 1198, 535, 1264, 1206, 1261, 1216, 1251, 1196, 1200, 1216, 1199, 1096, 1097, 61, 506, 1097, 505, 1285, 508, 1286, 1285, 509, 508, 1095, 1096, 61, 1094, 1095, 61, 501, 502, 1092, 506, 505, 1286, 499, 1091, 1090, 1089, 1090, 62, 1091, 501, 1092, 1092, 502, 1093, 1269, 1286, 503, 504, 1095, 503, 1269, 500, 1270, 1269, 501, 500, 496, 1087, 495, 1084, 1085, 1304, 1086, 495, 1087, 494, 495, 493, 496, 497, 1087, 490, 1270, 491, 1075, 490, 1076, 493, 492, 494, 1084, 495, 1085, 1083, 1084, 1304, 495, 1083, 1081, 1, 1082, 0, 1080, 1081, 1, 1080, 1, 1079, 1082, 1, 1081, 1255, 1285, 1254, 506, 1286, 507, 489, 488, 1270, 485, 1271, 486, 497, 491, 1270, 489, 490, 1075, 1073, 487, 1074, 485, 486, 1071, 1251, 1252, 1254, 1253, 1256, 1271, 1281, 1282, 1253, 476, 1291, 477, 1271, 483, 1253, 1271, 485, 484, 1066, 1065, 480, 1061, 1062, 1314, 1078, 1077, 492, 2, 1076, 1, 1073, 2, 1072, 1070, 1071, 3, 1071, 486, 1072, 483, 1069, 482, 1070, 1069, 484, 480, 1281, 481, 1066, 480, 1067, 3, 1307, 1069, 1066, 1307, 4, 477, 478, 1063, 1065, 1064, 479, 4, 5, 1314, 1226, 1137, 1204, 540, 1138, 539, 720, 1141, 1201, 545, 1143, 544, 1188, 543, 542, 540, 541, 1139, 545, 544, 1188, 546, 545, 1188, 546, 1145, 1144, 1143, 1201, 1142, 551, 1148, 550, 1201, 1146, 715, 1188, 1190, 546, 1185, 1190, 1187, 553, 549, 554, 551, 550, 552, 1151, 711, 1150, 1149, 1150, 712, 1153, 1203, 1152, 1153, 552, 1154, 549, 550, 1147, 549, 553, 550, 1000, 1001, 1202, 1155, 555, 1156, 1387, 1234, 703, 1387, 1203, 1003, 1003, 1004, 1387, 427, 1003, 1001, 1000, 1202, 999, 999, 1202, 998, 999, 998, 427, 1157, 1194, 1156, 553, 554, 1154, 555, 554, 1190, 555, 1185, 556, 1185, 558, 557, 1192, 1195, 1196, 1195, 1186, 1199, 1195, 1192, 1186, 562, 1189, 563, 1156, 1194, 1202, 1155, 1156, 1202, 1159, 559, 1160, 562, 561, 1189, 564, 1165, 563, 562, 563, 1163, 569, 568, 1191, 565, 566, 1167, 998, 997, 425, 996, 997, 1194, 561, 1161, 560, 1161, 561, 1162, 993, 994, 1211, 424, 423, 1273, 993, 992, 421, 993, 1211, 992, 1211, 1161, 1162, 1164, 1163, 563, 1164, 1228, 1211, 1167, 1166, 565, 989, 990, 1228, 418, 990, 417, 987, 1228, 986, 987, 988, 1228, 1218, 1212, 1217, 1212, 1192, 1197, 1197, 1217, 1212, 472, 1291, 473, 1291, 1281, 477, 1061, 475, 1062, 472, 471, 1217, 469, 470, 1056, 566, 567, 1168, 567, 566, 1193, 1212, 1213, 1191, 1212, 1218, 1213, 466, 467, 1052, 467, 1218, 468, 464, 1050, 463, 582, 462, 583, 476, 1062, 475, 1062, 1063, 1314, 5, 1060, 1314, 1059, 1060, 5, 1059, 1058, 473, 1057, 1058, 5, 5, 6, 1247, 1056, 1055, 469, 1053, 1054, 6, 6, 7, 1246, 1050, 1051, 1246, 1050, 1049, 463, 6, 1246, 1053, 1246, 7, 1050, 1170, 569, 570, 571, 1191, 1213, 985, 1170, 984, 1173, 1172, 571, 575, 1176, 574, 573, 572, 1213, 982, 1231, 981, 1173, 1231, 1172, 573, 1213, 574, 1213, 576, 575, 1180, 1179, 579, 578, 1178, 577, 1179, 1178, 578, 1177, 1230, 1176, 972, 1182, 971, 1229, 974, 1230, 463, 583, 462, 578, 464, 579, 1048, 583, 1049, 1048, 582, 583, 1232, 1049, 7, 1232, 1048, 1049, 1046, 1232, 8, 1229, 1182, 972, 1229, 1180, 1181, 971, 1183, 1233, 1044, 1043, 1045, 1045, 1046, 8, 1047, 582, 1048, 962, 963, 1298, 1006, 1234, 1005, 1009, 1008, 430, 1009, 1234, 1008, 1234, 1006, 1007, 429, 425, 430, 428, 1007, 427, 1010, 431, 1011, 431, 430, 424, 1331, 1342, 856, 1331, 1010, 1342, 1014, 1013, 435, 1012, 1013, 1342, 431, 1273, 432, 434, 433, 1273, 1015, 437, 1016, 1014, 1015, 1330, 428, 425, 429, 427, 998, 426, 421, 422, 993, 431, 424, 1273, 418, 1242, 419, 1242, 421, 420, 436, 435, 1317, 435, 434, 1273, 416, 1244, 417, 1244, 1242, 417, 1231, 983, 1171, 412, 983, 411, 986, 985, 414, 412, 413, 984, 1243, 1244, 416, 1280, 1289, 1275, 1018, 849, 1017, 299, 851, 298, 1323, 848, 1019, 1323, 846, 847, 1017, 849, 1330, 1017, 1016, 438, 442, 1021, 441, 1020, 1323, 1019, 846, 845, 294, 843, 844, 1323, 1023, 1024, 843, 1023, 1323, 1022, 840, 841, 1026, 841, 842, 1025, 446, 1024, 445, 446, 1025, 1024, 1018, 439, 1019, 439, 1317, 440, 1316, 442, 1290, 1316, 443, 442, 443, 1316, 444, 446, 445, 1324, 1027, 1026, 448, 1025, 1026, 841, 440, 1290, 441, 1274, 1290, 1317, 447, 1324, 448, 1316, 1324, 445, 1289, 1280, 1295, 1280, 1277, 1292, 1289, 1295, 1316, 1294, 1295, 1280, 985, 984, 413, 982, 983, 1231, 978, 406, 979, 981, 409, 982, 408, 1297, 409, 1243, 1278, 1272, 1278, 1297, 1272, 1278, 410, 409, 980, 1231, 979, 977, 978, 1230, 1178, 1229, 1230, 975, 1230, 974, 404, 405, 976, 406, 405, 1297, 404, 1296, 1297, 973, 401, 974, 972, 973, 1229, 972, 400, 973, 403, 1296, 404, 400, 401, 973, 961, 396, 962, 393, 394, 959, 396, 397, 962, 398, 397, 399, 970, 1233, 969, 968, 966, 969, 967, 1233, 9, 966, 967, 9, 966, 965, 969, 963, 964, 9, 961, 1298, 960, 1275, 1244, 1272, 1279, 1272, 1297, 401, 402, 974, 393, 1296, 394, 394, 1296, 395, 396, 961, 395, 955, 389, 956, 389, 1303, 390, 1301, 1337, 1319, 1294, 1301, 1319, 384, 1337, 385, 381, 1337, 382, 952, 386, 953, 1302, 1303, 388, 384, 950, 383, 386, 385, 1302, 959, 960, 10, 1336, 957, 10, 959, 10, 958, 956, 390, 957, 958, 957, 392, 958, 10, 957, 10, 11, 1336, 388, 954, 387, 11, 954, 1336, 950, 385, 951, 952, 12, 951, 949, 383, 950, 383, 382, 1337, 947, 946, 380, 949, 948, 383, 287, 288, 839, 837, 1373, 836, 838, 1373, 837, 1027, 1373, 840, 447, 448, 1026, 450, 449, 1325, 1031, 1373, 1030, 1029, 450, 1030, 1034, 1035, 1371, 282, 834, 281, 830, 831, 1435, 832, 831, 279, 456, 1035, 1034, 1034, 1371, 1033, 1035, 1036, 831, 458, 1037, 457, 828, 827, 276, 825, 826, 1437, 828, 1435, 827, 1037, 1435, 1036, 1041, 1040, 339, 1039, 1038, 459, 1041, 1437, 1040, 826, 1040, 1437, 23, 1437, 898, 273, 822, 821, 1437, 823, 824, 1437, 23, 823, 339, 898, 1042, 899, 23, 898, 340, 901, 339, 23, 899, 22, 453, 1354, 454, 1030, 451, 1031, 1033, 1032, 454, 455, 1352, 456, 1352, 1354, 1334, 1332, 1348, 1334, 1352, 1334, 1348, 1325, 1334, 1354, 459, 458, 1353, 1037, 458, 1038, 461, 1040, 460, 1039, 460, 1040, 459, 1353, 460, 1353, 343, 342, 347, 1346, 348, 345, 1348, 346, 341, 902, 340, 341, 903, 902, 906, 21, 905, 1353, 345, 344, 343, 344, 904, 905, 21, 904, 347, 907, 346, 906, 907, 21, 908, 907, 347, 912, 911, 351, 908, 347, 909, 1351, 908, 909, 909, 910, 1351, 349, 910, 348, 349, 911, 910, 1337, 1369, 1319, 1294, 1319, 1321, 1347, 1333, 1365, 1333, 1335, 1321, 1346, 1335, 351, 353, 913, 352, 357, 917, 356, 355, 1347, 356, 1333, 1366, 1365, 1333, 1319, 1366, 369, 365, 370, 363, 364, 924, 360, 921, 359, 358, 359, 919, 362, 1365, 363, 1364, 363, 1365, 913, 912, 352, 354, 1335, 355, 912, 913, 20, 914, 913, 353, 917, 1350, 916, 1350, 914, 915, 1350, 20, 914, 918, 358, 919, 917, 918, 19, 921, 922, 18, 923, 18, 922, 1377, 18, 924, 363, 924, 362, 929, 930, 17, 16, 17, 930, 378, 379, 944, 381, 380, 1337, 378, 1369, 379, 942, 377, 943, 948, 947, 382, 948, 12, 947, 945, 13, 944, 940, 375, 941, 1364, 375, 374, 1364, 372, 363, 374, 940, 373, 940, 1419, 939, 942, 1419, 941, 372, 938, 371, 372, 939, 938, 937, 371, 938, 935, 369, 936, 366, 929, 928, 1377, 927, 17, 935, 368, 369, 366, 928, 927, 1388, 15, 933, 935, 934, 368, 367, 368, 366, 930, 366, 368, 928, 929, 17, 931, 930, 932, 935, 1388, 934, 932, 933, 15, 622, 623, 49, 624, 101, 625, 624, 625, 47, 620, 49, 619, 95, 96, 617, 99, 98, 100, 628, 47, 627, 47, 626, 627, 630, 629, 103, 630, 47, 629, 95, 103, 96, 101, 102, 628, 1399, 46, 633, 108, 634, 107, 108, 635, 634, 105, 1398, 106, 1398, 107, 106, 110, 109, 1397, 108, 109, 635, 45, 46, 1399, 1375, 112, 111, 110, 111, 636, 638, 113, 639, 113, 640, 639, 49, 617, 618, 619, 618, 96, 96, 102, 97, 619, 97, 620, 50, 615, 616, 617, 616, 95, 50, 613, 614, 615, 614, 92, 51, 1407, 50, 611, 1407, 610, 609, 610, 1407, 609, 88, 610, 606, 85, 607, 85, 608, 607, 619, 96, 97, 98, 97, 102, 89, 90, 611, 91, 90, 1423, 86, 87, 609, 1338, 1401, 1339, 92, 1423, 93, 92, 91, 1423, 114, 1406, 115, 1406, 116, 115, 87, 1401, 88, 87, 86, 1401, 643, 44, 642, 123, 648, 122, 646, 647, 43, 116, 642, 115, 643, 642, 117, 121, 1394, 122, 1356, 123, 122, 125, 652, 651, 650, 651, 42, 649, 648, 123, 647, 648, 43, 121, 122, 648, 1356, 122, 1355, 657, 41, 656, 41, 655, 656, 128, 653, 127, 128, 654, 653, 1357, 128, 127, 126, 127, 652, 132, 659, 658, 132, 660, 659, 660, 132, 662, 661, 1385, 40, 657, 132, 658, 657, 131, 132, 119, 118, 1393, 1394, 1393, 1376, 1310, 1355, 1394, 1309, 1355, 1287, 1376, 1363, 1394, 1340, 1363, 1375, 1310, 1287, 1355, 1240, 1276, 1265, 136, 135, 1357, 664, 134, 665, 138, 137, 1357, 138, 667, 137, 141, 140, 1309, 670, 140, 671, 666, 665, 136, 664, 665, 1386, 669, 1386, 668, 1386, 667, 668, 889, 670, 888, 672, 671, 141, 1312, 146, 145, 144, 145, 674, 677, 676, 147, 882, 1341, 1322, 149, 148, 1260, 678, 148, 679, 82, 604, 81, 602, 603, 1374, 79, 602, 601, 600, 601, 53, 1349, 54, 596, 77, 599, 76, 600, 599, 78, 591, 592, 55, 596, 54, 595, 54, 594, 595, 590, 591, 55, 592, 591, 69, 80, 81, 603, 81, 80, 1327, 1315, 79, 78, 77, 78, 599, 83, 1327, 84, 83, 82, 1327, 1267, 1266, 1245, 1339, 1266, 1338, 596, 74, 597, 73, 74, 595, 71, 72, 593, 73, 72, 1300, 1223, 1225, 1300, 1222, 1225, 193, 590, 55, 589, 66, 67, 588, 68, 67, 1318, 584, 585, 741, 584, 586, 585, 740, 1249, 739, 64, 584, 741, 66, 65, 64, 586, 65, 587, 203, 202, 66, 201, 202, 738, 1123, 1227, 1122, 738, 203, 739, 735, 198, 199, 200, 199, 1318, 195, 196, 731, 197, 196, 1223, 732, 733, 1224, 734, 733, 197, 729, 192, 193, 194, 193, 1225, 189, 190, 725, 191, 190, 1222, 727, 728, 1226, 729, 728, 192, 1311, 1267, 1265, 1220, 1245, 1266, 1287, 1265, 1276, 1287, 1311, 1265, 184, 1210, 185, 1215, 1208, 1221, 1238, 1241, 1257, 1236, 1241, 1221, 1259, 1260, 1239, 151, 1260, 152, 1259, 153, 152, 151, 152, 681, 155, 1259, 156, 1238, 1258, 1239, 150, 681, 680, 679, 680, 1322, 877, 683, 876, 877, 682, 683, 686, 156, 687, 686, 155, 156, 1258, 159, 158, 157, 158, 688, 161, 160, 1238, 161, 690, 160, 693, 162, 163, 164, 163, 1257, 187, 188, 723, 187, 1209, 188, 722, 187, 723, 724, 723, 188, 1208, 185, 1210, 186, 185, 1209, 184, 720, 183, 184, 721, 720, 718, 181, 182, 183, 182, 1210, 716, 1201, 715, 718, 717, 181, 180, 179, 1313, 180, 715, 179, 713, 176, 177, 178, 177, 1313, 711, 712, 1150, 713, 712, 176, 170, 166, 171, 173, 172, 1257, 172, 171, 165, 170, 171, 706, 170, 706, 169, 707, 706, 171, 166, 167, 697, 168, 167, 170, 40, 743, 1424, 662, 1385, 661, 896, 1385, 895, 747, 1424, 746, 749, 39, 748, 39, 40, 1424, 894, 895, 1386, 744, 204, 745, 894, 338, 204, 338, 205, 204, 206, 207, 747, 205, 206, 747, 890, 891, 1386, 890, 335, 891, 887, 888, 671, 332, 888, 331, 333, 334, 889, 333, 1344, 334, 330, 1344, 331, 1344, 332, 331, 885, 1341, 884, 674, 1341, 673, 882, 883, 1341, 882, 327, 883, 328, 329, 884, 330, 329, 1344, 751, 750, 209, 751, 38, 750, 208, 749, 748, 747, 748, 39, 212, 753, 211, 753, 38, 752, 752, 211, 753, 752, 210, 211, 37, 759, 36, 218, 759, 217, 757, 758, 37, 1443, 36, 759, 206, 337, 207, 208, 207, 1367, 215, 214, 1395, 215, 755, 214, 216, 1396, 217, 1396, 218, 217, 1368, 1367, 1344, 209, 1367, 210, 327, 1343, 328, 1430, 1345, 1382, 1396, 1391, 1389, 1396, 1368, 1391, 763, 764, 36, 224, 764, 223, 764, 1434, 36, 764, 765, 1434, 228, 769, 227, 769, 35, 768, 227, 226, 1431, 228, 227, 1431, 776, 33, 775, 1431, 1432, 228, 230, 229, 1432, 34, 772, 773, 774, 773, 232, 222, 223, 763, 222, 1410, 223, 767, 226, 768, 225, 226, 766, 231, 1432, 232, 231, 230, 1432, 1427, 1409, 1422, 1410, 1409, 1431, 1413, 1418, 1445, 1390, 1392, 1422, 1428, 1429, 1433, 245, 1429, 246, 1442, 33, 778, 238, 778, 237, 781, 238, 782, 781, 32, 780, 32, 1442, 780, 31, 782, 783, 784, 783, 238, 777, 237, 778, 777, 236, 237, 241, 240, 234, 239, 240, 786, 239, 786, 785, 784, 785, 31, 788, 243, 789, 788, 242, 243, 247, 246, 1428, 245, 246, 792, 1441, 789, 30, 1441, 788, 789, 249, 794, 248, 247, 248, 793, 797, 798, 1444, 252, 798, 251, 794, 793, 248, 792, 793, 29, 678, 1322, 677, 678, 679, 1322, 1430, 1343, 1345, 325, 1345, 326, 877, 876, 321, 875, 876, 684, 318, 874, 317, 318, 875, 874, 691, 1305, 690, 867, 1305, 866, 693, 1305, 692, 1305, 691, 692, 868, 869, 1305, 868, 313, 869, 321, 322, 877, 323, 322, 1345, 318, 319, 875, 1384, 319, 1359, 324, 1345, 325, 324, 323, 1345, 1384, 1382, 1345, 1383, 1382, 1412, 314, 315, 870, 316, 315, 1359, 311, 1328, 312, 1328, 313, 312, 307, 1370, 308, 1370, 310, 309, 1288, 693, 694, 695, 694, 164, 166, 697, 696, 695, 696, 1288, 698, 699, 1308, 702, 168, 169, 1308, 699, 700, 701, 700, 702, 309, 866, 865, 864, 865, 1288, 1308, 861, 862, 863, 862, 306, 303, 858, 856, 858, 859, 1308, 1370, 309, 308, 307, 308, 864, 305, 302, 306, 305, 861, 304, 304, 302, 305, 304, 303, 302, 852, 299, 300, 301, 300, 1370, 1360, 1329, 1358, 1360, 1370, 1329, 847, 296, 848, 847, 295, 296, 1392, 1445, 1418, 1412, 1445, 1383, 1411, 1417, 1413, 1420, 1417, 1440, 1402, 1403, 1380, 1413, 1403, 1411, 1372, 1379, 1439, 1405, 1379, 1380, 1417, 1421, 1440, 1420, 1440, 251, 1421, 255, 254, 253, 254, 799, 258, 1416, 259, 1416, 260, 259, 293, 292, 1358, 291, 292, 843, 289, 1439, 290, 1439, 291, 290, 838, 287, 839, 838, 286, 287, 833, 281, 834, 283, 282, 1378, 832, 279, 280, 281, 280, 1378, 271, 1438, 272, 269, 1414, 270, 798, 253, 799, 800, 799, 254, 28, 29, 1444, 258, 805, 804, 803, 804, 27, 801, 802, 28, 803, 802, 256, 260, 261, 806, 262, 261, 1416, 808, 262, 809, 264, 263, 1415, 810, 1425, 809, 1425, 808, 809, 1415, 266, 265, 264, 265, 811, 267, 268, 813, 269, 268, 1414, 814, 813, 268, 814, 25, 813, 1438, 270, 1414, 1438, 271, 270, 824, 274, 825, 273, 275, 274, 273, 819, 818, 817, 818, 24, 585, 1249, 741, 585, 56, 1249, 524, 1120, 1116, 1119, 1120, 1118, 57, 58, 1283, 526, 1124, 525, 1121, 1122, 1249, 1283, 1113, 1114, 1115, 1114, 524, 58, 1111, 1112, 1113, 1112, 522, 521, 522, 1112, 523, 522, 526, 519, 1110, 518, 1108, 1109, 59, 58, 59, 1109, 517, 518, 1109, 1263, 518, 1262, 514, 515, 1105, 516, 515, 1262, 1103, 1104, 1284, 514, 1104, 513, 59, 60, 1284, 512, 513, 1103, 512, 1261, 513, 739, 1122, 1227, 1122, 524, 1123, 736, 1227, 735, 736, 737, 1227, 523, 526, 525, 524, 525, 1123, 1263, 529, 1248, 527, 528, 1125, 1130, 1224, 1129, 1224, 1128, 1129, 535, 1133, 1132, 1131, 1132, 1224, 1136, 1226, 1135, 1226, 1134, 1135, 1263, 1248, 520, 527, 1248, 528, 532, 533, 1131, 532, 1205, 533, 1261, 1263, 1262, 516, 1262, 517, 533, 534, 1131, 533, 1205, 534, 536, 537, 1134, 538, 537, 1198, 1200, 1198, 1206, 539, 1198, 540, 1097, 1098, 61, 1097, 506, 1098, 1286, 508, 507, 506, 507, 1098, 60, 61, 1099, 502, 503, 1093, 505, 504, 1286, 61, 62, 1094, 1094, 62, 1093, 62, 1092, 1093, 504, 503, 1286, 1094, 503, 1095, 62, 63, 1089, 1089, 63, 1088, 63, 1087, 1088, 1089, 497, 498, 499, 498, 1270, 63, 1304, 1086, 1304, 63, 0, 1304, 0, 1083, 1081, 1083, 1082, 1083, 495, 1084, 1253, 1251, 1256, 1255, 1254, 1252, 499, 1270, 500, 489, 1270, 490, 492, 1077, 491, 490, 491, 1076, 1073, 486, 487, 488, 487, 1271, 1251, 1216, 1252, 1255, 1252, 1264, 1254, 1256, 1251, 1254, 1269, 1256, 483, 484, 1069, 483, 1271, 484, 1077, 1076, 491, 1075, 1076, 2, 488, 1075, 1074, 1073, 1074, 2, 2, 1071, 1072, 1073, 1072, 486, 1067, 481, 1068, 1067, 480, 481, 1067, 1307, 1066, 1067, 1068, 1307, 480, 1065, 479, 478, 479, 1064, 1139, 1204, 1138, 722, 1204, 721, 1204, 1141, 720, 1204, 1140, 1141, 541, 542, 1139, 541, 1188, 542, 1142, 544, 1143, 543, 544, 1141, 717, 1201, 716, 717, 718, 1201, 1147, 1146, 549, 1145, 1146, 1201, 546, 1190, 547, 1190, 548, 547, 1151, 551, 1152, 1151, 1152, 1203, 551, 1151, 1150, 1153, 1152, 551, 1153, 551, 552, 553, 552, 550, 1155, 1154, 554, 1153, 1202, 1203, 1005, 1387, 1004, 1002, 1003, 1203, 1003, 427, 1004, 427, 1001, 1000, 1154, 1202, 1153, 1154, 1155, 1202, 1188, 1187, 1190, 1200, 1187, 1198, 1157, 556, 1158, 1157, 555, 556, 1187, 1199, 1186, 1187, 1200, 1199, 1189, 1186, 1192, 1185, 1186, 560, 1157, 1156, 555, 997, 998, 1194, 561, 560, 1189, 559, 560, 1160, 564, 563, 1189, 1164, 563, 1165, 996, 1194, 995, 1158, 1194, 1157, 1161, 1160, 560, 1159, 1160, 1194, 1194, 994, 995, 424, 996, 423, 1163, 1162, 562, 1163, 1211, 1162, 1228, 1164, 1165, 1166, 1165, 564, 990, 419, 991, 992, 991, 420, 1197, 1196, 1250, 1197, 1192, 1196, 1217, 1291, 472, 1282, 1291, 1250, 478, 477, 1281, 1062, 476, 1063, 470, 471, 1057, 470, 1218, 471, 567, 1193, 568, 1189, 1193, 565, 1193, 1191, 568, 1192, 1191, 1189, 467, 468, 1053, 469, 468, 1218, 477, 1063, 476, 1064, 1063, 478, 1061, 1314, 1060, 4, 1314, 1063, 474, 1059, 473, 472, 473, 1058, 6, 1055, 1247, 6, 1054, 1055, 1056, 1247, 1055, 5, 1247, 1057, 465, 1051, 464, 1052, 1051, 466, 1170, 1169, 569, 1168, 1169, 1228, 1170, 1171, 984, 1172, 1171, 571, 1173, 572, 1174, 1173, 571, 572, 1175, 1231, 1174, 1231, 1173, 1174, 1213, 575, 574, 573, 574, 1175, 465, 578, 577, 576, 577, 1177, 1178, 1177, 577, 1176, 1230, 1231, 578, 579, 1179, 579, 463, 580, 580, 462, 581, 580, 1181, 579, 580, 581, 1181, 582, 581, 462, 1182, 1181, 581, 1182, 1229, 1181, 582, 1043, 1184, 1043, 1183, 1184, 1232, 1046, 1047, 1043, 1046, 1045, 1234, 1331, 701, 1234, 1009, 1331, 1008, 1007, 429, 1008, 1234, 1007, 1005, 427, 1006, 999, 427, 1000, 1009, 430, 1010, 429, 430, 1008, 1012, 1342, 1011, 855, 1342, 854, 852, 1330, 851, 1014, 1330, 1013, 1011, 432, 1012, 1011, 431, 432, 425, 426, 998, 425, 428, 426, 995, 423, 996, 422, 423, 994, 419, 420, 991, 419, 1242, 420, 437, 436, 1317, 435, 436, 1014, 418, 417, 1242, 416, 417, 989, 1228, 985, 986, 415, 987, 414, 413, 414, 985, 415, 414, 1243, 1330, 850, 851, 852, 851, 299, 1323, 847, 848, 849, 848, 297, 1017, 1330, 1016, 1330, 1015, 1016, 440, 1020, 1019, 1018, 1019, 848, 844, 845, 1323, 844, 293, 845, 443, 1023, 1022, 1021, 1022, 1323, 290, 842, 289, 290, 843, 842, 1017, 438, 1018, 437, 438, 1016, 1290, 442, 441, 440, 441, 1020, 1316, 445, 444, 443, 444, 1023, 437, 1317, 438, 1274, 1317, 1273, 449, 448, 1324, 449, 1027, 448, 1277, 1275, 1272, 1277, 1280, 1275, 983, 984, 1171, 983, 412, 984, 410, 982, 409, 980, 981, 1231, 1278, 412, 411, 410, 411, 982, 408, 409, 981, 1278, 409, 1297, 978, 979, 1230, 980, 979, 407, 976, 1230, 975, 976, 977, 1230, 1279, 1297, 1299, 407, 1297, 408, 403, 974, 402, 403, 975, 974, 401, 1296, 402, 1296, 403, 402, 970, 399, 971, 400, 399, 397, 968, 969, 1233, 398, 969, 965, 1043, 8, 1233, 968, 1233, 967, 966, 9, 965, 9, 964, 965, 1277, 1272, 1279, 1243, 1272, 1244, 393, 1299, 1296, 391, 392, 957, 394, 395, 960, 396, 395, 1296, 391, 1299, 392, 1299, 393, 392, 1280, 1292, 1294, 1293, 1292, 1277, 1337, 1302, 385, 1293, 1302, 1301, 953, 387, 954, 389, 388, 1303, 959, 394, 960, 961, 960, 395, 962, 1298, 961, 9, 1298, 963, 956, 957, 1336, 391, 957, 390, 11, 953, 954, 955, 954, 388, 12, 950, 951, 952, 951, 386, 383, 948, 382, 381, 382, 947, 840, 1373, 839, 1373, 838, 839, 284, 836, 283, 284, 837, 836, 1029, 1373, 1028, 1373, 1027, 1028, 452, 1031, 451, 1029, 1030, 1373, 833, 1371, 832, 835, 834, 282, 833, 834, 1371, 1032, 1371, 1031, 455, 1033, 454, 455, 1034, 1033, 826, 827, 1435, 275, 827, 274, 830, 1435, 829, 1435, 828, 829, 1039, 1435, 1038, 1435, 1037, 1038, 273, 821, 820, 825, 1437, 824, 823, 24, 822, 24, 821, 822, 1041, 1042, 1437, 898, 339, 899, 452, 1354, 453, 450, 451, 1030, 1352, 455, 1354, 453, 454, 1032, 451, 1354, 452, 1325, 1354, 450, 1295, 1320, 1325, 1295, 1294, 1320, 1036, 457, 1037, 456, 457, 1035, 341, 460, 1353, 341, 461, 460, 341, 342, 903, 341, 1353, 342, 461, 339, 1040, 461, 340, 339, 902, 1436, 901, 902, 903, 1436, 905, 904, 344, 903, 904, 1436, 345, 346, 906, 347, 346, 1346, 909, 347, 348, 349, 348, 1346, 1351, 21, 908, 1332, 1321, 1335, 1294, 1321, 1320, 353, 1335, 354, 1332, 1335, 1346, 1346, 351, 350, 349, 350, 911, 1347, 357, 356, 355, 356, 917, 377, 1369, 378, 1366, 1369, 1364, 360, 1365, 361, 1347, 1365, 359, 360, 359, 1365, 920, 359, 921, 351, 352, 912, 353, 352, 1335, 20, 21, 1351, 355, 916, 354, 355, 917, 916, 19, 918, 919, 920, 919, 359, 361, 922, 360, 361, 923, 922, 925, 924, 364, 923, 924, 18, 380, 379, 1337, 945, 379, 946, 375, 1369, 376, 1369, 377, 376, 947, 13, 946, 13, 945, 946, 13, 943, 944, 945, 944, 379, 939, 373, 940, 372, 1364, 373, 1364, 374, 373, 372, 373, 939, 942, 941, 376, 940, 941, 1419, 364, 371, 365, 364, 372, 371, 367, 366, 369, 926, 366, 927, 1388, 936, 15, 1388, 935, 936, 930, 368, 932, 926, 927, 1377, 17, 18, 1377, 934, 933, 368, 934, 1388, 933]
    normal3f[] normals = [
        (0, 0, 1),
        (0, 0, 1),
        (0, 0, 1),
        (-0.869953703, -0.00942655463, 0.493043299),
        (-0.869953703, -0.00942655463, 0.493043299),
        (-0.869953703, -0.00942655463, 0.493043299),
        (0, 0, 1),
        (0, 0, 1),
        (0, 0, 1),
        (0, -0, 1),
        (0, -0, 1),
        (0, -0, 1),
        (0, 0, 1),
        (0, 0, 1),
        (0, 0, 1),
        (-0, 0, 1),
        (-0, 0, 1),
        (-0, 0, 1),
        (0.191346719, -0.794707704, 0.576043487),
        (0.191346719, -0.794707704, 0.576043487),
        (0.191346719, -0.794707704, 0.576043487),
        (0, 0, 1),
        (0, 0, 1),
        (0, 0, 1),
        (0, 0, 1),
        (0, 0, 1),
        (0, 0, 1),
        (0, -0, 1),
        (0, -0, 1),
        (0, -0, 1),
        (0, 0, 1),
        (0, 0, 1),
        (0, 0, 1),
        (0, 0, 1),
        (0, 0, 1),
        (0, 0, 1),
        (0, 0, 1),
        (0, 0, 1),
        (0, 0, 1),
        (0, 0, 1),
        (0, 0, 1),
        (0, 0, 1),
        (-0.847848713, 0.01592954, 0.529998877),
        (-0.847848713, 0.01592954, 0.529998877),
        (-0.847848713, 0.01592954, 0.529998877),
        (0, -0, 1),
        (0, -0, 1),
        (0, -0, 1),
        (0, 0, 1),
        (0, 0, 1),
        (0, 0, 1),
        (0, 0, 1),
        (0, 0, 1),
        (0, 0, 1),
        (-0, 0, 1),
        (-0, 0, 1),
        (-0, 0, 1),
        (0.0757632378, -0.849003171, 0.522927861),
        (0.0757632378, -0.849003171, 0.522927861),
        (0.0757632378, -0.849003171, 0.522927861),
        (0, 0, 1),
        (0, 0, 1),
        (0, 0, 1),
        (0, 0.847998304, 0.52999894),
        (0, 0.847998304, 0.52999894),
        (0, 0.847998304, 0.52999894),
        (0, 0, 1),
        (0, 0, 1),
        (0, 0, 1),
        (0.0231824957, -0.847681747, 0.529998328),
        (0.0231824957, -0.847681747, 0.529998328),
        (0.0231824957, -0.847681747, 0.529998328),
        (-0, 0, 1),
        (-0, 0, 1),
        (-0, 0, 1),
        (0.143349567, -0.835794417, 0.529998674),
        (0.143349567, -0.835794417, 0.529998674),
        (0.143349567, -0.835794417, 0.529998674),
        (0, -0, 1),
        (0, -0, 1),
        (0, -0, 1),
        (-0.847020134, 0.040715212, 0.529999212),
        (-0.847020134, 0.040715212, 0.529999212),
        (-0.847020134, 0.040715212, 0.529999212),
        (0, -0, 1),
        (0, -0, 1),
        (0, -0, 1),
        (0.0106011721, 0.847932372, 0.529998404),
        (0.0106011721, 0.847932372, 0.529998404),
        (0.0106011721, 0.847932372, 0.529998404),
        (-0, 0, 1),
        (-0, 0, 1),
        (-0, 0, 1),
        (-0.847956443, 0.00844616867, 0.529998615),
        (-0.847956443, 0.00844616867, 0.529998615),
        (-0.847956443, 0.00844616867, 0.529998615),
        (-0.847498465, -0.0291145073, 0.529998771),
        (-0.847498465, -0.0291145073, 0.529998771),
        (-0.847498465, -0.0291145073, 0.529998771),
        (0, -0, 1),
        (0, -0, 1),
        (0, -0, 1),
        (0, 0, 1),
        (0, 0, 1),
        (0, 0, 1),
        (0, 0, 1),
        (0, 0, 1),
        (0, 0, 1),
        (0, 0, 1),
        (0, 0, 1),
        (0, 0, 1),
        (0.847903653, -0.0126701051, 0.529998928),
        (0.847903653, -0.0126701051, 0.529998928),
        (0.847903653, -0.0126701051, 0.529998928),
        (-0, 0, 1),
        (-0, 0, 1),
        (-0, 0, 1),
        (0, -0, 1),
        (0, -0, 1),
        (0, -0, 1),
        (0, 0, 1),
        (0, 0, 1),
        (0, 0, 1),
        (0, -0, 1),
        (0, -0, 1),
        (0, -0, 1),
        (0, -0, 1),
        (0, -0, 1),
        (0, -0, 1),
        (0, 0, 1),
        (0, 0, 1),
        (0, 0, 1),
        (-0, 0, 1),
        (-0, 0, 1),
        (-0, 0, 1),
        (-0, 0, 1),
        (-0, 0, 1),
        (-0, 0, 1),
        (0, 0, 1),
        (0, 0, 1),
        (0, 0, 1),
        (-0.0231863728, -0.84768121, 0.529999017),
        (-0.0231863728, -0.84768121, 0.529999017),
        (-0.0231863728, -0.84768121, 0.529999017),
        (0, -0, 1),
        (0, -0, 1),
        (0, -0, 1),
        (-0.0172121583, -0.84782398, 0.529998341),
        (-0.0172121583, -0.84782398, 0.529998341),
        (-0.0172121583, -0.84782398, 0.529998341),
        (0, 0, 1),
        (0, 0, 1),
        (0, 0, 1),
        (0.847740148, -0.0209135929, 0.529999304),
        (0.847740148, -0.0209135929, 0.529999304),
        (0.847740148, -0.0209135929, 0.529999304),
        (0, 0, 1),
        (0, 0, 1),
        (0, 0, 1),
        (-0.125732736, 0.838625364, 0.529998847),
        (-0.125732736, 0.838625364, 0.529998847),
        (-0.125732736, 0.838625364, 0.529998847),
        (-0, 0, 1),
        (-0, 0, 1),
        (-0, 0, 1),
        (0, -0, 1),
        (0, -0, 1),
        (0, -0, 1),
        (0, 0, 1),
        (0, 0, 1),
        (0, 0, 1),
        (0, -0, 1),
        (0, -0, 1),
        (0, -0, 1),
        (0, -0, 1),
        (0, -0, 1),
        (0, -0, 1),
        (0, 0, 1),
        (0, 0, 1),
        (0, 0, 1),
        (-0, 0, 1),
        (-0, 0, 1),
        (-0, 0, 1),
        (0.0373068272, -0.847177234, 0.529998994),
        (0.0373068272, -0.847177234, 0.529998994),
        (0.0373068272, -0.847177234, 0.529998994),
        (-0.857299813, 0.0240436946, 0.514255706),
        (-0.857299813, 0.0240436946, 0.514255706),
        (-0.857299813, 0.0240436946, 0.514255706),
        (-0, 0, 1),
        (-0, 0, 1),
        (-0, 0, 1),
        (-0.120785536, -0.806109051, 0.579309117),
        (-0.120785536, -0.806109051, 0.579309117),
        (-0.120785536, -0.806109051, 0.579309117),
        (0, 0, 1),
        (0, 0, 1),
        (0, 0, 1),
        (-0.0939874826, 0.842773802, 0.529998747),
        (-0.0939874826, 0.842773802, 0.529998747),
        (-0.0939874826, 0.842773802, 0.529998747),
        (0, 0, 1),
        (0, 0, 1),
        (0, 0, 1),
        (0, -0, 1),
        (0, -0, 1),
        (0, -0, 1),
        (-0.0927332454, -0.842912601, 0.529998955),
        (-0.0927332454, -0.842912601, 0.529998955),
        (-0.0927332454, -0.842912601, 0.529998955),
        (0, 0, 1),
        (0, 0, 1),
        (0, 0, 1),
        (0, -0, 1),
        (0, -0, 1),
        (0, -0, 1),
        (-0, 0, 1),
        (-0, 0, 1),
        (-0, 0, 1),
        (0, 0, 1),
        (0, 0, 1),
        (0, 0, 1),
        (0, 0, 1),
        (0, 0, 1),
        (0, 0, 1),
        (0, 0, 1),
        (0, 0, 1),
        (0, 0, 1),
        (0, -0, 1),
        (0, -0, 1),
        (0, -0, 1),
        (-0.0722935933, 0.841603463, 0.535235694),
        (-0.0722935933, 0.841603463, 0.535235694),
        (-0.0722935933, 0.841603463, 0.535235694),
        (-0, 0, 1),
        (-0, 0, 1),
        (-0, 0, 1),
        (-0, 0, 1),
        (-0, 0, 1),
        (-0, 0, 1),
        (-0.847512154, 0.0287083485, 0.529999038),
        (-0.847512154, 0.0287083485, 0.529999038),
        (-0.847512154, 0.0287083485, 0.529999038),
        (-0.845004577, -0.000376895782, 0.534758938),
        (-0.845004577, -0.000376895782, 0.534758938),
        (-0.845004577, -0.000376895782, 0.534758938),
        (0, 0, 1),
        (0, 0, 1),
        (0, 0, 1),
        (0, 0, 1),
        (0, 0, 1),
        (0, 0, 1),
        (0.0572409458, -0.846064307, 0.529998738),
        (0.0572409458, -0.846064307, 0.529998738),
        (0.0572409458, -0.846064307, 0.529998738),
        (-0.0546497402, 0.846235242, 0.529999359),
        (-0.0546497402, 0.846235242, 0.529999359),
        (-0.0546497402, 0.846235242, 0.529999359),
        (0, -0, 1),
        (0, -0, 1),
        (0, -0, 1),
        (0, 0, 1),
        (0, 0, 1),
        (0, 0, 1),
        (0.847182379, -0.0371962562, 0.529998542),
        (0.847182379, -0.0371962562, 0.529998542),
        (0.847182379, -0.0371962562, 0.529998542),
        (0, 0, 1),
        (0, 0, 1),
        (0, 0, 1),
        (-0.0298632027, 0.847472218, 0.529999083),
        (-0.0298632027, 0.847472218, 0.529999083),
        (-0.0298632027, 0.847472218, 0.529999083),
        (0, 0, 1),
        (0, 0, 1),
        (0, 0, 1),
        (-0.0252640172, -0.847622069, 0.52999864),
        (-0.0252640172, -0.847622069, 0.52999864),
        (-0.0252640172, -0.847622069, 0.52999864),
        (-0, 0, 1),
        (-0, 0, 1),
        (-0, 0, 1),
        (0, 0, 1),
        (0, 0, 1),
        (0, 0, 1),
        (-0.84404312, 0.0818053805, 0.529999143),
        (-0.84404312, 0.0818053805, 0.529999143),
        (-0.84404312, 0.0818053805, 0.529999143),
        (0, 0, 1),
        (0, 0, 1),
        (0, 0, 1),
        (0.842880523, -0.0123852812, 0.537958203),
        (0.842880523, -0.0123852812, 0.537958203),
        (0.842880523, -0.0123852812, 0.537958203),
        (0.136970403, -0.836863267, 0.529999038),
        (0.136970403, -0.836863267, 0.529999038),
        (0.136970403, -0.836863267, 0.529999038),
        (0.847997544, 0.00113578514, 0.529998938),
        (0.847997544, 0.00113578514, 0.529998938),
        (0.847997544, 0.00113578514, 0.529998938),
        (0.847997734, 0.000956920439, 0.529998988),
        (0.847997734, 0.000956920439, 0.529998988),
        (0.847997734, 0.000956920439, 0.529998988),
        (-0.847897629, -0.0130860983, 0.529998458),
        (-0.847897629, -0.0130860983, 0.529998458),
        (-0.847897629, -0.0130860983, 0.529998458),
        (-0.143091698, 0.835838147, 0.529999394),
        (-0.143091698, 0.835838147, 0.529999394),
        (-0.143091698, 0.835838147, 0.529999394),
        (0, 0, 1),
        (0, 0, 1),
        (0, 0, 1),
        (-0, 0, 1),
        (-0, 0, 1),
        (-0, 0, 1),
        (0, 0, 1),
        (0, 0, 1),
        (0, 0, 1),
        (0, 0, 1),
        (0, 0, 1),
        (0, 0, 1),
        (0, 0, 1),
        (0, 0, 1),
        (0, 0, 1),
        (0, 0, 1),
        (0, 0, 1),
        (0, 0, 1),
        (-0.846545479, 0.0496183609, 0.529998839),
        (-0.846545479, 0.0496183609, 0.529998839),
        (-0.846545479, 0.0496183609, 0.529998839),
        (-0.846501709, 0.0503556271, 0.529999215),
        (-0.846501709, 0.0503556271, 0.529999215),
        (-0.846501709, 0.0503556271, 0.529999215),
        (-0, 0, 1),
        (-0, 0, 1),
        (-0, 0, 1),
        (0, -0, 1),
        (0, -0, 1),
        (0, -0, 1),
        (0.10474197, -0.843296642, 0.527143144),
        (0.10474197, -0.843296642, 0.527143144),
        (0.10474197, -0.843296642, 0.527143144),
        (0.115665325, -0.840073185, 0.529998657),
        (0.115665325, -0.840073185, 0.529998657),
        (0.115665325, -0.840073185, 0.529998657),
        (0.837691129, 0.131814324, 0.529998639),
        (0.837691129, 0.131814324, 0.529998639),
        (0.837691129, 0.131814324, 0.529998639),
        (0.847581925, -0.0265781363, 0.529998569),
        (0.847581925, -0.0265781363, 0.529998569),
        (0.847581925, -0.0265781363, 0.529998569),
        (-0, 0, 1),
        (-0, 0, 1),
        (-0, 0, 1),
        (-0.0398206052, 0.847062994, 0.529998682),
        (-0.0398206052, 0.847062994, 0.529998682),
        (-0.0398206052, 0.847062994, 0.529998682),
        (-0.84785324, 0.0156665543, 0.529999475),
        (-0.84785324, 0.0156665543, 0.529999475),
        (-0.84785324, 0.0156665543, 0.529999475),
        (-0, 0, 1),
        (-0, 0, 1),
        (-0, 0, 1),
        (0.0207026314, 0.847745896, 0.529998394),
        (0.0207026314, 0.847745896, 0.529998394),
        (0.0207026314, 0.847745896, 0.529998394),
        (0, -0, 1),
        (0, -0, 1),
        (0, -0, 1),
        (0.836446018, -0.139495109, 0.529999221),
        (0.836446018, -0.139495109, 0.529999221),
        (0.836446018, -0.139495109, 0.529999221),
        (0.062602599, -0.845684591, 0.529998573),
        (0.062602599, -0.845684591, 0.529998573),
        (0.062602599, -0.845684591, 0.529998573),
        (0, 0, 1),
        (0, 0, 1),
        (0, 0, 1),
        (-0.847992151, 0.00327697209, 0.529998655),
        (-0.847992151, 0.00327697209, 0.529998655),
        (-0.847992151, 0.00327697209, 0.529998655),
        (0, -0, 1),
        (0, -0, 1),
        (0, -0, 1),
        (0.0252648667, -0.847621952, 0.529998786),
        (0.0252648667, -0.847621952, 0.529998786),
        (0.0252648667, -0.847621952, 0.529998786),
        (0, 0, 1),
        (0, 0, 1),
        (0, 0, 1),
        (0.0828987203, -0.84393667, 0.529998773),
        (0.0828987203, -0.84393667, 0.529998773),
        (0.0828987203, -0.84393667, 0.529998773),
        (0, 0, 1),
        (0, 0, 1),
        (0, 0, 1),
        (0, 0, 1),
        (0, 0, 1),
        (0, 0, 1),
        (-0.846932311, 0.0425087707, 0.529998741),
        (-0.846932311, 0.0425087707, 0.529998741),
        (-0.846932311, 0.0425087707, 0.529998741),
        (0, 0, 1),
        (0, 0, 1),
        (0, 0, 1),
        (0, 0, 1),
        (0, 0, 1),
        (0, 0, 1),
        (0, 0, 1),
        (0, 0, 1),
        (0, 0, 1),
        (0.0658343275, -0.845439055, 0.529998723),
        (0.0658343275, -0.845439055, 0.529998723),
        (0.0658343275, -0.845439055, 0.529998723),
        (-0.0736030101, 0.84479818, 0.52999871),
        (-0.0736030101, 0.84479818, 0.52999871),
        (-0.0736030101, 0.84479818, 0.52999871),
        (-0.0252648667, -0.847621952, 0.529998786),
        (-0.0252648667, -0.847621952, 0.529998786),
        (-0.0252648667, -0.847621952, 0.529998786),
        (-0.0109829871, -0.847927437, 0.529998525),
        (-0.0109829871, -0.847927437, 0.529998525),
        (-0.0109829871, -0.847927437, 0.529998525),
        (0, -0, 1),
        (0, -0, 1),
        (0, -0, 1),
        (-0.0828986208, -0.843936692, 0.529998754),
        (-0.0828986208, -0.843936692, 0.529998754),
        (-0.0828986208, -0.843936692, 0.529998754),
        (-0, 0, 1),
        (-0, 0, 1),
        (-0, 0, 1),
        (-0, 0, 1),
        (-0, 0, 1),
        (-0, 0, 1),
        (0, 0, 1),
        (0, 0, 1),
        (0, 0, 1),
        (0.845666672, -0.0628423781, 0.529998788),
        (0.845666672, -0.0628423781, 0.529998788),
        (0.845666672, -0.0628423781, 0.529998788),
        (-0.054644802, 0.846236124, 0.52999846),
        (-0.054644802, 0.846236124, 0.52999846),
        (-0.054644802, 0.846236124, 0.52999846),
        (0, 0, 1),
        (0, 0, 1),
        (0, 0, 1),
        (0, 0, 1),
        (0, 0, 1),
        (0, 0, 1),
        (-0.0561414258, 0.846137746, 0.529999108),
        (-0.0561414258, 0.846137746, 0.529999108),
        (-0.0561414258, 0.846137746, 0.529999108),
        (0, 0, 1),
        (0, 0, 1),
        (0, 0, 1),
        (0, 0, 1),
        (0, 0, 1),
        (0, 0, 1),
        (-0.16537419, 0.831716709, 0.529998767),
        (-0.16537419, 0.831716709, 0.529998767),
        (-0.16537419, 0.831716709, 0.529998767),
        (0, 0, 1),
        (0, 0, 1),
        (0, 0, 1),
        (-0.0920410781, 0.842988753, 0.529998493),
        (-0.0920410781, 0.842988753, 0.529998493),
        (-0.0920410781, 0.842988753, 0.529998493),
        (-0.845227003, -0.0685040427, 0.529998593),
        (-0.845227003, -0.0685040427, 0.529998593),
        (-0.845227003, -0.0685040427, 0.529998593),
        (0.096532157, -0.842485757, 0.529999333),
        (0.096532157, -0.842485757, 0.529999333),
        (0.096532157, -0.842485757, 0.529999333),
        (0, 0, 1),
        (0, 0, 1),
        (0, 0, 1),
        (-0.847811104, 0.0177974831, 0.529999605),
        (-0.847811104, 0.0177974831, 0.529999605),
        (-0.847811104, 0.0177974831, 0.529999605),
        (-0, 0, 1),
        (-0, 0, 1),
        (-0, 0, 1),
        (0.0758389602, -0.844600031, 0.529999283),
        (0.0758389602, -0.844600031, 0.529999283),
        (0.0758389602, -0.844600031, 0.529999283),
        (0, 0, 1),
        (0, 0, 1),
        (0, 0, 1),
        (-0.847970159, -0.00687572794, 0.529999372),
        (-0.847970159, -0.00687572794, 0.529999372),
        (-0.847970159, -0.00687572794, 0.529999372),
        (-0, 0, 1),
        (-0, 0, 1),
        (-0, 0, 1),
        (0, 0, 1),
        (0, 0, 1),
        (0, 0, 1),
        (-0.843276291, 0.0893667065, 0.529998764),
        (-0.843276291, 0.0893667065, 0.529998764),
        (-0.843276291, 0.0893667065, 0.529998764),
        (0, 0, 1),
        (0, 0, 1),
        (0, 0, 1),
        (0, 0, 1),
        (0, 0, 1),
        (0, 0, 1),
        (0, 0, 1),
        (0, 0, 1),
        (0, 0, 1),
        (0.045415376, -0.846781029, 0.52999937),
        (0.045415376, -0.846781029, 0.52999937),
        (0.045415376, -0.846781029, 0.52999937),
        (0.0370940058, -0.847186584, 0.529998987),
        (0.0370940058, -0.847186584, 0.529998987),
        (0.0370940058, -0.847186584, 0.529998987),
        (-0, 0, 1),
        (-0, 0, 1),
        (-0, 0, 1),
        (-0, 0, 1),
        (-0, 0, 1),
        (-0, 0, 1),
        (0.848772958, -0.0236766868, 0.52822711),
        (0.848772958, -0.0236766868, 0.52822711),
        (0.848772958, -0.0236766868, 0.52822711),
        (0, 0, 1),
        (0, 0, 1),
        (0, 0, 1),
        (0.846116129, -0.0564675347, 0.529998975),
        (0.846116129, -0.0564675347, 0.529998975),
        (0.846116129, -0.0564675347, 0.529998975),
        (0, 0, 1),
        (0, 0, 1),
        (0, 0, 1),
        (-0.00526254916, 0.847982278, 0.529998454),
        (-0.00526254916, 0.847982278, 0.529998454),
        (-0.00526254916, 0.847982278, 0.529998454),
        (0, 0, 1),
        (0, 0, 1),
        (0, 0, 1),
        (0.846016206, -0.0579459007, 0.529998917),
        (0.846016206, -0.0579459007, 0.529998917),
        (0.846016206, -0.0579459007, 0.529998917),
        (0, 0, 1),
        (0, 0, 1),
        (0, 0, 1),
        (-0.0239719493, 0.847659552, 0.529998707),
        (-0.0239719493, 0.847659552, 0.529998707),
        (-0.0239719493, 0.847659552, 0.529998707),
        (-0.0239751916, 0.847659127, 0.52999924),
        (-0.0239751916, 0.847659127, 0.52999924),
        (-0.0239751916, 0.847659127, 0.52999924),
        (-0.244557229, 0.818952952, 0.51914143),
        (-0.244557229, 0.818952952, 0.51914143),
        (-0.244557229, 0.818952952, 0.51914143),
        (0.00479442097, 0.850270796, 0.526323652),
        (0.00479442097, 0.850270796, 0.526323652),
        (0.00479442097, 0.850270796, 0.526323652),
        (0, 0, 1),
        (0, 0, 1),
        (0, 0, 1),
        (-0, 0, 1),
        (-0, 0, 1),
        (-0, 0, 1),
        (-0, 0, 1),
        (-0, 0, 1),
        (-0, 0, 1),
        (-0, 0, 1),
        (-0, 0, 1),
        (-0, 0, 1),
        (0, -0, 1),
        (0, -0, 1),
        (0, -0, 1),
        (0, -0, 1),
        (0, -0, 1),
        (0, -0, 1),
        (-0, 0, 1),
        (-0, 0, 1),
        (-0, 0, 1),
        (-0, 0, 1),
        (-0, 0, 1),
        (-0, 0, 1),
        (-0.0167667025, -0.84783226, 0.529999374),
        (-0.0167667025, -0.84783226, 0.529999374),
        (-0.0167667025, -0.84783226, 0.529999374),
        (0, 0, 1),
        (0, 0, 1),
        (0, 0, 1),
        (0.847997587, 0.00113532394, 0.529998871),
        (0.847997587, 0.00113532394, 0.529998871),
        (0.847997587, 0.00113532394, 0.529998871),
        (-0, 0, 1),
        (-0, 0, 1),
        (-0, 0, 1),
        (0, 0, 1),
        (0, 0, 1),
        (0, 0, 1),
        (0.165169988, -0.825533776, 0.539641418),
        (0.165169988, -0.825533776, 0.539641418),
        (0.165169988, -0.825533776, 0.539641418),
        (0, 0, 1),
        (0, 0, 1),
        (0, 0, 1),
        (0, 0, 1),
        (0, 0, 1),
        (0, 0, 1),
        (-0.84789755, -0.0130867473, 0.529998568),
        (-0.84789755, -0.0130867473, 0.529998568),
        (-0.84789755, -0.0130867473, 0.529998568),
        (0.847972023, 0.0066996545, 0.529998645),
        (0.847972023, 0.0066996545, 0.529998645),
        (0.847972023, 0.0066996545, 0.529998645),
        (0, 0, 1),
        (0, 0, 1),
        (0, 0, 1),
        (-0, 0, 1),
        (-0, 0, 1),
        (-0, 0, 1),
        (-0, 0, 1),
        (-0, 0, 1),
        (-0, 0, 1),
        (0, -0, 1),
        (0, -0, 1),
        (0, -0, 1),
        (0, 0, 1),
        (0, 0, 1),
        (0, 0, 1),
        (-0.104529047, 0.84156308, 0.529948357),
        (-0.104529047, 0.84156308, 0.529948357),
        (-0.104529047, 0.84156308, 0.529948357),
        (-0, 0, 1),
        (-0, 0, 1),
        (-0, 0, 1),
        (-0, 0, 1),
        (-0, 0, 1),
        (-0, 0, 1),
        (0, 0, 1),
        (0, 0, 1),
        (0, 0, 1),
        (-0.138008921, 0.836692746, 0.529998855),
        (-0.138008921, 0.836692746, 0.529998855),
        (-0.138008921, 0.836692746, 0.529998855),
        (0, -0, 1),
        (0, -0, 1),
        (0, -0, 1),
        (0.84664061, 0.0479667522, 0.529998933),
        (0.84664061, 0.0479667522, 0.529998933),
        (0.84664061, 0.0479667522, 0.529998933),
        (0, 0, 1),
        (0, 0, 1),
        (0, 0, 1),
        (0, 0, 1),
        (0, 0, 1),
        (0, 0, 1),
        (0, -0, 1),
        (0, -0, 1),
        (0, -0, 1),
        (0.155587518, -0.833603175, 0.529998369),
        (0.155587518, -0.833603175, 0.529998369),
        (0.155587518, -0.833603175, 0.529998369),
        (-0, 0, 1),
        (-0, 0, 1),
        (-0, 0, 1),
        (-0.847020374, 0.0407137451, 0.52999894),
        (-0.847020374, 0.0407137451, 0.52999894),
        (-0.847020374, 0.0407137451, 0.52999894),
        (-0.847761718, 0.0200301515, 0.529998926),
        (-0.847761718, 0.0200301515, 0.529998926),
        (-0.847761718, 0.0200301515, 0.529998926),
        (-0.847761828, 0.0200313828, 0.529998704),
        (-0.847761828, 0.0200313828, 0.529998704),
        (-0.847761828, 0.0200313828, 0.529998704),
        (0, -0, 1),
        (0, -0, 1),
        (0, -0, 1),
        (0, 0, 1),
        (0, 0, 1),
        (0, 0, 1),
        (0, 0, 1),
        (0, 0, 1),
        (0, 0, 1),
        (0, 0, 1),
        (0, 0, 1),
        (0, 0, 1),
        (0, 0, 1),
        (0, 0, 1),
        (0, 0, 1),
        (0, -0, 1),
        (0, -0, 1),
        (0, -0, 1),
        (0, 0, 1),
        (0, 0, 1),
        (0, 0, 1),
        (0, -0, 1),
        (0, -0, 1),
        (0, -0, 1),
        (0, 0, 1),
        (0, 0, 1),
        (0, 0, 1),
        (0.846893637, -0.0432718689, 0.529998785),
        (0.846893637, -0.0432718689, 0.529998785),
        (0.846893637, -0.0432718689, 0.529998785),
        (0, 0, 1),
        (0, 0, 1),
        (0, 0, 1),
        (-0.853250117, 0.0208378596, 0.521085426),
        (-0.853250117, 0.0208378596, 0.521085426),
        (-0.853250117, 0.0208378596, 0.521085426),
        (0, 0, 1),
        (0, 0, 1),
        (0, 0, 1),
        (0, -0, 1),
        (0, -0, 1),
        (0, -0, 1),
        (-0.0363581264, 0.847218178, 0.529999477),
        (-0.0363581264, 0.847218178, 0.529999477),
        (-0.0363581264, 0.847218178, 0.529999477),
        (-0.00841975033, 0.847956647, 0.52999871),
        (-0.00841975033, 0.847956647, 0.52999871),
        (-0.00841975033, 0.847956647, 0.52999871),
        (0, 0, 1),
        (0, 0, 1),
        (0, 0, 1),
        (-0, 0, 1),
        (-0, 0, 1),
        (-0, 0, 1),
        (0.0163673952, 0.84784041, 0.529998818),
        (0.0163673952, 0.84784041, 0.529998818),
        (0.0163673952, 0.84784041, 0.529998818),
        (0, -0, 1),
        (0, -0, 1),
        (0, -0, 1),
        (0.837690473, 0.131816796, 0.529999061),
        (0.837690473, 0.131816796, 0.529999061),
        (0.837690473, 0.131816796, 0.529999061),
        (0, 0, 1),
        (0, 0, 1),
        (0, 0, 1),
        (0, -0, 1),
        (0, -0, 1),
        (0, -0, 1),
        (-0.763620764, -0.311190135, 0.56572434),
        (-0.763620764, -0.311190135, 0.56572434),
        (-0.763620764, -0.311190135, 0.56572434),
        (0.0155468087, -0.847855972, 0.52999863),
        (0.0155468087, -0.847855972, 0.52999863),
        (0.0155468087, -0.847855972, 0.52999863),
        (-0.857272934, 0.0213336418, 0.514420055),
        (-0.857272934, 0.0213336418, 0.514420055),
        (-0.857272934, 0.0213336418, 0.514420055),
        (-0.847558024, 0.0273224682, 0.529998942),
        (-0.847558024, 0.0273224682, 0.529998942),
        (-0.847558024, 0.0273224682, 0.529998942),
        (-0, 0, 1),
        (-0, 0, 1),
        (-0, 0, 1),
        (0, 0, 1),
        (0, 0, 1),
        (0, 0, 1),
        (0, 0, 1),
        (0, 0, 1),
        (0, 0, 1),
        (-0.84745313, 0.0304007199, 0.529999047),
        (-0.84745313, 0.0304007199, 0.529999047),
        (-0.84745313, 0.0304007199, 0.529999047),
        (0.0270711186, -0.847566189, 0.529998783),
        (0.0270711186, -0.847566189, 0.529998783),
        (0.0270711186, -0.847566189, 0.529998783),
        (-0, 0, 1),
        (-0, 0, 1),
        (-0, 0, 1),
        (0.0109814543, -0.84792764, 0.529998231),
        (0.0109814543, -0.84792764, 0.529998231),
        (0.0109814543, -0.84792764, 0.529998231),
        (0.0578724367, -0.846021525, 0.529998454),
        (0.0578724367, -0.846021525, 0.529998454),
        (0.0578724367, -0.846021525, 0.529998454),
        (0, 0, 1),
        (0, 0, 1),
        (0, 0, 1),
        (-0.847453357, 0.030399182, 0.529998771),
        (-0.847453357, 0.030399182, 0.529998771),
        (-0.847453357, 0.030399182, 0.529998771),
        (0, 0, 1),
        (0, 0, 1),
        (0, 0, 1),
        (0, 0, 1),
        (0, 0, 1),
        (0, 0, 1),
        (-0.847991838, -0.0032796337, 0.529999139),
        (-0.847991838, -0.0032796337, 0.529999139),
        (-0.847991838, -0.0032796337, 0.529999139),
        (0, 0, 1),
        (0, 0, 1),
        (0, 0, 1),
        (0, 0, 1),
        (0, 0, 1),
        (0, 0, 1),
        (0, 0, 1),
        (0, 0, 1),
        (0, 0, 1),
        (-0, 0, 1),
        (-0, 0, 1),
        (-0, 0, 1),
        (0, 0, 1),
        (0, 0, 1),
        (0, 0, 1),
        (-0.435359, -0.722369102, 0.537257314),
        (-0.435359, -0.722369102, 0.537257314),
        (-0.435359, -0.722369102, 0.537257314),
        (0, 0, 1),
        (0, 0, 1),
        (0, 0, 1),
        (-0, 0, 1),
        (-0, 0, 1),
        (-0, 0, 1),
        (-0, 0, 1),
        (-0, 0, 1),
        (-0, 0, 1),
        (-0, 0, 1),
        (-0, 0, 1),
        (-0, 0, 1),
        (0, 0, 1),
        (0, 0, 1),
        (0, 0, 1),
        (0, 0, 1),
        (0, 0, 1),
        (0, 0, 1),
        (0, -0, 1),
        (0, -0, 1),
        (0, -0, 1),
        (-0.0773288598, 0.844465162, 0.529998903),
        (-0.0773288598, 0.844465162, 0.529998903),
        (-0.0773288598, 0.844465162, 0.529998903),
        (0, 0, 1),
        (0, 0, 1),
        (0, 0, 1),
        (0.0281396469, -0.847531249, 0.529999002),
        (0.0281396469, -0.847531249, 0.529999002),
        (0.0281396469, -0.847531249, 0.529999002),
        (-0.0359258302, -0.847237242, 0.529998482),
        (-0.0359258302, -0.847237242, 0.529998482),
        (-0.0359258302, -0.847237242, 0.529998482),
        (0.0701585118, -0.845091359, 0.529998469),
        (0.0701585118, -0.845091359, 0.529998469),
        (0.0701585118, -0.845091359, 0.529998469),
        (0, -0, 1),
        (0, -0, 1),
        (0, -0, 1),
        (0, 0, 1),
        (0, 0, 1),
        (0, 0, 1),
        (-0, -0, 1),
        (-0, -0, 1),
        (-0, -0, 1),
        (0, 0, 1),
        (0, 0, 1),
        (0, 0, 1),
        (0, 0, 1),
        (0, 0, 1),
        (0, 0, 1),
        (0, -0, 1),
        (0, -0, 1),
        (0, -0, 1),
        (-0.0155468087, -0.847855972, 0.52999863),
        (-0.0155468087, -0.847855972, 0.52999863),
        (-0.0155468087, -0.847855972, 0.52999863),
        (0, 0, 1),
        (0, 0, 1),
        (0, 0, 1),
        (0.844635655, -0.0754438069, 0.529998908),
        (0.844635655, -0.0754438069, 0.529998908),
        (0.844635655, -0.0754438069, 0.529998908),
        (0.844635008, -0.0754470092, 0.529999484),
        (0.844635008, -0.0754470092, 0.529999484),
        (0.844635008, -0.0754470092, 0.529999484),
        (0, 0, 1),
        (0, 0, 1),
        (0, 0, 1),
        (-0, 0, 1),
        (-0, 0, 1),
        (-0, 0, 1),
        (0.846155839, -0.0558656693, 0.529999361),
        (0.846155839, -0.0558656693, 0.529999361),
        (0.846155839, -0.0558656693, 0.529999361),
        (-0.0454151887, 0.846781276, 0.529998992),
        (-0.0454151887, 0.846781276, 0.529998992),
        (-0.0454151887, 0.846781276, 0.529998992),
        (0, -0, 1),
        (0, -0, 1),
        (0, -0, 1),
        (0, -0, 1),
        (0, -0, 1),
        (0, -0, 1),
        (0, 0, 1),
        (0, 0, 1),
        (0, 0, 1),
        (0, -0, 1),
        (0, -0, 1),
        (0, -0, 1),
        (0.0661558783, -0.845413741, 0.529999062),
        (0.0661558783, -0.845413741, 0.529999062),
        (0.0661558783, -0.845413741, 0.529999062),
        (0.847975903, 0.0061997937, 0.52999852),
        (0.847975903, 0.0061997937, 0.52999852),
        (0.847975903, 0.0061997937, 0.52999852),
        (-0.0353705148, 0.84726041, 0.529998796),
        (-0.0353705148, 0.84726041, 0.529998796),
        (-0.0353705148, 0.84726041, 0.529998796),
        (-0, 0, 1),
        (-0, 0, 1),
        (-0, 0, 1),
        (0, 0, 1),
        (0, 0, 1),
        (0, 0, 1),
        (0.847865011, -0.0150270207, 0.529999162),
        (0.847865011, -0.0150270207, 0.529999162),
        (0.847865011, -0.0150270207, 0.529999162),
        (0.847899623, -0.0129369748, 0.529998928),
        (0.847899623, -0.0129369748, 0.529998928),
        (0.847899623, -0.0129369748, 0.529998928),
        (0, 0, 1),
        (0, 0, 1),
        (0, 0, 1),
        (0, -0, 1),
        (0, -0, 1),
        (0, -0, 1),
        (-0.0398839711, 0.847059578, 0.529999378),
        (-0.0398839711, 0.847059578, 0.529999378),
        (-0.0398839711, 0.847059578, 0.529999378),
        (0.847995983, 0.00198139649, 0.52999895),
        (0.847995983, 0.00198139649, 0.52999895),
        (0.847995983, 0.00198139649, 0.52999895),
        (0, 0, 1),
        (0, 0, 1),
        (0, 0, 1),
        (0, 0, 1),
        (0, 0, 1),
        (0, 0, 1),
        (0.0729084396, -0.848767498, 0.523715661),
        (0.0729084396, -0.848767498, 0.523715661),
        (0.0729084396, -0.848767498, 0.523715661),
        (0.0837242145, -0.848779369, 0.522076468),
        (0.0837242145, -0.848779369, 0.522076468),
        (0.0837242145, -0.848779369, 0.522076468),
        (0.0972872423, -0.842399188, 0.529998868),
        (0.0972872423, -0.842399188, 0.529998868),
        (0.0972872423, -0.842399188, 0.529998868),
        (0, 0, 1),
        (0, 0, 1),
        (0, 0, 1),
        (-0.0818723031, 0.844036994, 0.529998565),
        (-0.0818723031, 0.844036994, 0.529998565),
        (-0.0818723031, 0.844036994, 0.529998565),
        (0.0610764895, -0.845795931, 0.529998968),
        (0.0610764895, -0.845795931, 0.529998968),
        (0.0610764895, -0.845795931, 0.529998968),
        (0, -0, 1),
        (0, -0, 1),
        (0, -0, 1),
        (0, -0, 1),
        (0, -0, 1),
        (0, -0, 1),
        (-0.847998304, 0, 0.52999894),
        (-0.847998304, 0, 0.52999894),
        (-0.847998304, 0, 0.52999894),
        (0, 0, 1),
        (0, 0, 1),
        (0, 0, 1),
        (-0, 0, 1),
        (-0, 0, 1),
        (-0, 0, 1),
        (-0.847300387, 0.0343956484, 0.52999905),
        (-0.847300387, 0.0343956484, 0.52999905),
        (-0.847300387, 0.0343956484, 0.52999905),
        (-0.846495266, 0.0504601164, 0.529999568),
        (-0.846495266, 0.0504601164, 0.529999568),
        (-0.846495266, 0.0504601164, 0.529999568),
        (0, 0, 1),
        (0, 0, 1),
        (0, 0, 1),
        (-0.846495266, -0.0504601164, 0.529999568),
        (-0.846495266, -0.0504601164, 0.529999568),
        (-0.846495266, -0.0504601164, 0.529999568),
        (-0.847512316, 0.0287111114, 0.529998629),
        (-0.847512316, 0.0287111114, 0.529998629),
        (-0.847512316, 0.0287111114, 0.529998629),
        (-0, 0, 1),
        (-0, 0, 1),
        (-0, 0, 1),
        (0, 0, 1),
        (0, 0, 1),
        (0, 0, 1),
        (-0, 0, 1),
        (-0, 0, 1),
        (-0, 0, 1),
        (0, 0, 1),
        (0, 0, 1),
        (0, 0, 1),
        (0, 0, 1),
        (0, 0, 1),
        (0, 0, 1),
        (-0.843275878, 0.0893685162, 0.529999115),
        (-0.843275878, 0.0893685162, 0.529999115),
        (-0.843275878, 0.0893685162, 0.529999115),
        (0.0209831609, 0.847738495, 0.529999199),
        (0.0209831609, 0.847738495, 0.529999199),
        (0.0209831609, 0.847738495, 0.529999199),
        (0.0165928039, 0.847836391, 0.529998239),
        (0.0165928039, 0.847836391, 0.529998239),
        (0.0165928039, 0.847836391, 0.529998239),
        (0.0228393952, 0.847691009, 0.529998411),
        (0.0228393952, 0.847691009, 0.529998411),
        (0.0228393952, 0.847691009, 0.529998411),
        (0, 0, 1),
        (0, 0, 1),
        (0, 0, 1),
        (0.0084092998, 0.847956362, 0.529999331),
        (0.0084092998, 0.847956362, 0.529999331),
        (0.0084092998, 0.847956362, 0.529999331),
        (0, 0, 1),
        (0, 0, 1),
        (0, 0, 1),
        (-0, 0, 1),
        (-0, 0, 1),
        (-0, 0, 1),
        (0, 0, 1),
        (0, 0, 1),
        (0, 0, 1),
        (0, -0, 1),
        (0, -0, 1),
        (0, -0, 1),
        (0.0546471352, -0.846235406, 0.529999366),
        (0.0546471352, -0.846235406, 0.529999366),
        (0.0546471352, -0.846235406, 0.529999366),
        (0, -0, 1),
        (0, -0, 1),
        (0, -0, 1),
        (0, 0, 1),
        (0, 0, 1),
        (0, 0, 1),
        (0.823940232, 0.0582911268, 0.563670683),
        (0.823940232, 0.0582911268, 0.563670683),
        (0.823940232, 0.0582911268, 0.563670683),
        (0, 0, 1),
        (0, 0, 1),
        (0, 0, 1),
        (0, 0, 1),
        (0, 0, 1),
        (0, 0, 1),
        (-0.0591242293, 0.841880697, 0.536415154),
        (-0.0591242293, 0.841880697, 0.536415154),
        (-0.0591242293, 0.841880697, 0.536415154),
        (0, 0, 1),
        (0, 0, 1),
        (0, 0, 1),
        (0, -0, 1),
        (0, -0, 1),
        (0, -0, 1),
        (0.0487213722, -0.846597169, 0.529999492),
        (0.0487213722, -0.846597169, 0.529999492),
        (0.0487213722, -0.846597169, 0.529999492),
        (0.843833112, -0.0831396648, 0.530125905),
        (0.843833112, -0.0831396648, 0.530125905),
        (0.843833112, -0.0831396648, 0.530125905),
        (0.847830151, -0.0168910702, 0.529998799),
        (0.847830151, -0.0168910702, 0.529998799),
        (0.847830151, -0.0168910702, 0.529998799),
        (0, 0, 1),
        (0, 0, 1),
        (0, 0, 1),
        (0, -0, 1),
        (0, -0, 1),
        (0, -0, 1),
        (0, 0, 1),
        (0, 0, 1),
        (0, 0, 1),
        (-0, 0, 1),
        (-0, 0, 1),
        (-0, 0, 1),
        (0, -0, 1),
        (0, -0, 1),
        (0, -0, 1),
        (0, 0, 1),
        (0, 0, 1),
        (0, 0, 1),
        (0, 0, 1),
        (0, 0, 1),
        (0, 0, 1),
        (-0, 0, 1),
        (-0, 0, 1),
        (-0, 0, 1),
        (0.846892921, -0.043276494, 0.529999552),
        (0.846892921, -0.043276494, 0.529999552),
        (0.846892921, -0.043276494, 0.529999552),
        (-0.0198311539, 0.847766369, 0.529998971),
        (-0.0198311539, 0.847766369, 0.529998971),
        (-0.0198311539, 0.847766369, 0.529998971),
        (0.00405906494, 0.847988514, 0.52999906),
        (0.00405906494, 0.847988514, 0.52999906),
        (0.00405906494, 0.847988514, 0.52999906),
        (0, -0, 1),
        (0, -0, 1),
        (0, -0, 1),
        (-0.0228393952, 0.847691009, 0.529998411),
        (-0.0228393952, 0.847691009, 0.529998411),
        (-0.0228393952, 0.847691009, 0.529998411),
        (0, -0, 1),
        (0, -0, 1),
        (0, -0, 1),
        (0, 0, 1),
        (0, 0, 1),
        (0, 0, 1),
        (-0, -0, 1),
        (-0, -0, 1),
        (-0, -0, 1),
        (0, -0, 1),
        (0, -0, 1),
        (0, -0, 1),
        (0.842418939, -0.0489815976, 0.536592149),
        (0.842418939, -0.0489815976, 0.536592149),
        (0.842418939, -0.0489815976, 0.536592149),
        (-0, 0, 1),
        (-0, 0, 1),
        (-0, 0, 1),
        (0.022843251, -0.847690247, 0.529999463),
        (0.022843251, -0.847690247, 0.529999463),
        (0.022843251, -0.847690247, 0.529999463),
        (0, -0, 1),
        (0, -0, 1),
        (0, -0, 1),
        (0, 0, 1),
        (0, 0, 1),
        (0, 0, 1),
        (0, 0, 1),
        (0, 0, 1),
        (0, 0, 1),
        (0, 0, 1),
        (0, 0, 1),
        (0, 0, 1),
        (-0.00801192956, -0.847960455, 0.52999894),
        (-0.00801192956, -0.847960455, 0.52999894),
        (-0.00801192956, -0.847960455, 0.52999894),
        (-0.847139862, 0.0381529936, 0.529998494),
        (-0.847139862, 0.0381529936, 0.529998494),
        (-0.847139862, 0.0381529936, 0.529998494),
        (-0, 0, 1),
        (-0, 0, 1),
        (-0, 0, 1),
        (-0.8471165, 0.0386686854, 0.52999846),
        (-0.8471165, 0.0386686854, 0.52999846),
        (-0.8471165, 0.0386686854, 0.52999846),
        (-0, 0, 1),
        (-0, 0, 1),
        (-0, 0, 1),
        (0, 0, 1),
        (0, 0, 1),
        (0, 0, 1),
        (0, 0, 1),
        (0, 0, 1),
        (0, 0, 1),
        (-0.847192621, 0.0369474304, 0.529999576),
        (-0.847192621, 0.0369474304, 0.529999576),
        (-0.847192621, 0.0369474304, 0.529999576),
        (-0, 0, 1),
        (-0, 0, 1),
        (-0, 0, 1),
        (-0, -0, 1),
        (-0, -0, 1),
        (-0, -0, 1),
        (0, 0, 1),
        (0, 0, 1),
        (0, 0, 1),
        (0, -0, 1),
        (0, -0, 1),
        (0, -0, 1),
        (-0.023182379, -0.847681763, 0.529998307),
        (-0.023182379, -0.847681763, 0.529998307),
        (-0.023182379, -0.847681763, 0.529998307),
        (-0, -0, 1),
        (-0, -0, 1),
        (-0, -0, 1),
        (-0.00329526074, -0.854696606, 0.519117379),
        (-0.00329526074, -0.854696606, 0.519117379),
        (-0.00329526074, -0.854696606, 0.519117379),
        (0.847800925, -0.00949322658, 0.53022964),
        (0.847800925, -0.00949322658, 0.53022964),
        (0.847800925, -0.00949322658, 0.53022964),
        (0, 0, 1),
        (0, 0, 1),
        (0, 0, 1),
        (0.847989039, -0.00402358391, 0.529998491),
        (0.847989039, -0.00402358391, 0.529998491),
        (0.847989039, -0.00402358391, 0.529998491),
        (-0.0226847921, -0.847694641, 0.529999242),
        (-0.0226847921, -0.847694641, 0.529999242),
        (-0.0226847921, -0.847694641, 0.529999242),
        (-0, 0, 1),
        (-0, 0, 1),
        (-0, 0, 1),
        (0.846963878, -0.041875153, 0.529998737),
        (0.846963878, -0.041875153, 0.529998737),
        (0.846963878, -0.041875153, 0.529998737),
        (0.84640217, -0.0520014763, 0.529999257),
        (0.84640217, -0.0520014763, 0.529999257),
        (0.84640217, -0.0520014763, 0.529999257),
        (0, 0, 1),
        (0, 0, 1),
        (0, 0, 1),
        (0, 0, 1),
        (0, 0, 1),
        (0, 0, 1),
        (0, 0, 1),
        (0, 0, 1),
        (0, 0, 1),
        (0.846644097, -0.0479036129, 0.529999073),
        (0.846644097, -0.0479036129, 0.529999073),
        (0.846644097, -0.0479036129, 0.529999073),
        (-0.847116264, 0.0386701942, 0.529998727),
        (-0.847116264, 0.0386701942, 0.529998727),
        (-0.847116264, 0.0386701942, 0.529998727),
        (0, 0, 1),
        (0, 0, 1),
        (0, 0, 1),
        (-0.847354912, 0.0330239987, 0.529999121),
        (-0.847354912, 0.0330239987, 0.529999121),
        (-0.847354912, 0.0330239987, 0.529999121),
        (0, -0, 1),
        (0, -0, 1),
        (0, -0, 1),
        (-0.155145477, 0.833685078, 0.529999124),
        (-0.155145477, 0.833685078, 0.529999124),
        (-0.155145477, 0.833685078, 0.529999124),
        (-0.149141886, 0.834779988, 0.529999122),
        (-0.149141886, 0.834779988, 0.529999122),
        (-0.149141886, 0.834779988, 0.529999122),
        (-0, 0, 1),
        (-0, 0, 1),
        (-0, 0, 1),
        (-0, 0, 1),
        (-0, 0, 1),
        (-0, 0, 1),
        (-0.846349329, 0.0528559166, 0.529999119),
        (-0.846349329, 0.0528559166, 0.529999119),
        (-0.846349329, 0.0528559166, 0.529999119),
        (-0.165573312, 0.831676858, 0.529999134),
        (-0.165573312, 0.831676858, 0.529999134),
        (-0.165573312, 0.831676858, 0.529999134),
        (-0, 0, 1),
        (-0, 0, 1),
        (-0, 0, 1),
        (0, 0, 1),
        (0, 0, 1),
        (0, 0, 1),
        (0, 0, 1),
        (0, 0, 1),
        (0, 0, 1),
        (-0.176355645, 0.829457353, 0.529999232),
        (-0.176355645, 0.829457353, 0.529999232),
        (-0.176355645, 0.829457353, 0.529999232),
        (-0.143090356, 0.835838537, 0.529999142),
        (-0.143090356, 0.835838537, 0.529999142),
        (-0.143090356, 0.835838537, 0.529999142),
        (-0, 0, 1),
        (-0, 0, 1),
        (-0, 0, 1),
        (0.846963878, 0.041875153, 0.529998737),
        (0.846963878, 0.041875153, 0.529998737),
        (0.846963878, 0.041875153, 0.529998737),
        (0.847521386, 0.0284373162, 0.529998886),
        (0.847521386, 0.0284373162, 0.529998886),
        (0.847521386, 0.0284373162, 0.529998886),
        (0.84799275, -0.00314444718, 0.529998499),
        (0.84799275, -0.00314444718, 0.529998499),
        (0.84799275, -0.00314444718, 0.529998499),
        (0, -0, 1),
        (0, -0, 1),
        (0, -0, 1),
        (0, 0, 1),
        (0, 0, 1),
        (0, 0, 1),
        (0.847703633, 0.0223535668, 0.529998933),
        (0.847703633, 0.0223535668, 0.529998933),
        (0.847703633, 0.0223535668, 0.529998933),
        (0.847703533, 0.0223521919, 0.529999151),
        (0.847703533, 0.0223521919, 0.529999151),
        (0.847703533, 0.0223521919, 0.529999151),
        (-0.115663375, 0.840073533, 0.529998531),
        (-0.115663375, 0.840073533, 0.529998531),
        (-0.115663375, 0.840073533, 0.529998531),
        (-0.144386988, 0.835615525, 0.529999143),
        (-0.144386988, 0.835615525, 0.529999143),
        (-0.144386988, 0.835615525, 0.529999143),
        (-0.115662185, 0.840073557, 0.529998752),
        (-0.115662185, 0.840073557, 0.529998752),
        (-0.115662185, 0.840073557, 0.529998752),
        (-0.115865644, 0.840045755, 0.52999838),
        (-0.115865644, 0.840045755, 0.52999838),
        (-0.115865644, 0.840045755, 0.52999838),
        (0.84686312, 0.00948272554, 0.531726371),
        (0.84686312, 0.00948272554, 0.531726371),
        (0.84686312, 0.00948272554, 0.531726371),
        (0, 0, 1),
        (0, 0, 1),
        (0, 0, 1),
        (-0, 0, 1),
        (-0, 0, 1),
        (-0, 0, 1),
        (0, -0, 1),
        (0, -0, 1),
        (0, -0, 1),
        (0, 0, 1),
        (0, 0, 1),
        (0, 0, 1),
        (-0.846122301, 0.0563722225, 0.529999268),
        (-0.846122301, 0.0563722225, 0.529999268),
        (-0.846122301, 0.0563722225, 0.529999268),
        (-0, 0, 1),
        (-0, 0, 1),
        (-0, 0, 1),
        (-0.846122953, 0.056368634, 0.52999861),
        (-0.846122953, 0.056368634, 0.52999861),
        (-0.846122953, 0.056368634, 0.52999861),
        (0.174419977, -0.829866512, 0.529999287),
        (0.174419977, -0.829866512, 0.529999287),
        (0.174419977, -0.829866512, 0.529999287),
        (0, 0, 1),
        (0, 0, 1),
        (0, 0, 1),
        (0, 0, 1),
        (0, 0, 1),
        (0, 0, 1),
        (-0.102670996, 0.841759924, 0.52999896),
        (-0.102670996, 0.841759924, 0.52999896),
        (-0.102670996, 0.841759924, 0.52999896),
        (0.847928912, -0.010857352, 0.529998752),
        (0.847928912, -0.010857352, 0.529998752),
        (0.847928912, -0.010857352, 0.529998752),
        (0.847868437, -0.0148216916, 0.529999463),
        (0.847868437, -0.0148216916, 0.529999463),
        (0.847868437, -0.0148216916, 0.529999463),
        (0, -0, 1),
        (0, -0, 1),
        (0, -0, 1),
        (0.846945348, -0.0422450806, 0.529998991),
        (0.846945348, -0.0422450806, 0.529998991),
        (0.846945348, -0.0422450806, 0.529998991),
        (-0.846530781, 0.0498639042, 0.529999272),
        (-0.846530781, 0.0498639042, 0.529999272),
        (-0.846530781, 0.0498639042, 0.529999272),
        (-0.847532607, 0.0281085934, 0.529998478),
        (-0.847532607, 0.0281085934, 0.529998478),
        (-0.847532607, 0.0281085934, 0.529998478),
        (0.136972451, -0.836863165, 0.52999867),
        (0.136972451, -0.836863165, 0.52999867),
        (0.136972451, -0.836863165, 0.52999867),
        (0.104749959, -0.841503743, 0.52999896),
        (0.104749959, -0.841503743, 0.52999896),
        (0.104749959, -0.841503743, 0.52999896),
        (0, 0, 1),
        (0, 0, 1),
        (0, 0, 1),
        (0, -0, 1),
        (0, -0, 1),
        (0, -0, 1),
        (0, 0, 1),
        (0, 0, 1),
        (0, 0, 1),
        (0, 0, 1),
        (0, 0, 1),
        (0, 0, 1),
        (-0, 0, 1),
        (-0, 0, 1),
        (-0, 0, 1),
        (0.132208245, -0.837628734, 0.529999137),
        (0.132208245, -0.837628734, 0.529999137),
        (0.132208245, -0.837628734, 0.529999137),
        (0, -0, 1),
        (0, -0, 1),
        (0, -0, 1),
        (0.847910982, -0.0121519766, 0.529999335),
        (0.847910982, -0.0121519766, 0.529999335),
        (0.847910982, -0.0121519766, 0.529999335),
        (0, 0, 1),
        (0, 0, 1),
        (0, 0, 1),
        (0.842600086, 0.0955291804, 0.529999312),
        (0.842600086, 0.0955291804, 0.529999312),
        (0.842600086, 0.0955291804, 0.529999312),
        (0.836629963, -0.138388165, 0.529999076),
        (0.836629963, -0.138388165, 0.529999076),
        (0.836629963, -0.138388165, 0.529999076),
        (0.84633473, -0.0530930577, 0.529998729),
        (0.84633473, -0.0530930577, 0.529998729),
        (0.84633473, -0.0530930577, 0.529998729),
        (0.840179999, -0.114884028, 0.529999272),
        (0.840179999, -0.114884028, 0.529999272),
        (0.840179999, -0.114884028, 0.529999272),
        (0, 0, 1),
        (0, 0, 1),
        (0, 0, 1),
        (0, -0, 1),
        (0, -0, 1),
        (0, -0, 1),
        (0, 0, 1),
        (0, 0, 1),
        (0, 0, 1),
        (-0.847780836, 0.0191962884, 0.529999205),
        (-0.847780836, 0.0191962884, 0.529999205),
        (-0.847780836, 0.0191962884, 0.529999205),
        (-0, 0, 1),
        (-0, 0, 1),
        (-0, 0, 1),
        (0.847991321, 0.00338337775, 0.529999314),
        (0.847991321, 0.00338337775, 0.529999314),
        (0.847991321, 0.00338337775, 0.529999314),
        (-0.847857228, 0.0154488294, 0.529999485),
        (-0.847857228, 0.0154488294, 0.529999485),
        (-0.847857228, 0.0154488294, 0.529999485),
        (-0, 0, 1),
        (-0, 0, 1),
        (-0, 0, 1),
        (-0, 0, 1),
        (-0, 0, 1),
        (-0, 0, 1),
        (-0, 0, 1),
        (-0, 0, 1),
        (-0, 0, 1),
        (-0.847920639, 0.0114774692, 0.529998923),
        (-0.847920639, 0.0114774692, 0.529998923),
        (-0.847920639, 0.0114774692, 0.529998923),
        (0, 0, 1),
        (0, 0, 1),
        (0, 0, 1),
        (-0.847595186, 0.0261335809, 0.529999469),
        (-0.847595186, 0.0261335809, 0.529999469),
        (-0.847595186, 0.0261335809, 0.529999469),
        (-0.00841632664, 0.847956282, 0.529999348),
        (-0.00841632664, 0.847956282, 0.529999348),
        (-0.00841632664, 0.847956282, 0.529999348),
        (-0.0400969475, 0.847049533, 0.529999361),
        (-0.0400969475, 0.847049533, 0.529999361),
        (-0.0400969475, 0.847049533, 0.529999361),
        (-0, -0, 1),
        (-0, -0, 1),
        (-0, -0, 1),
        (-0.0105970148, 0.847931965, 0.529999138),
        (-0.0105970148, 0.847931965, 0.529999138),
        (-0.0105970148, 0.847931965, 0.529999138),
        (0, 0, 1),
        (0, 0, 1),
        (0, 0, 1),
        (0.016366569, 0.847840506, 0.52999869),
        (0.016366569, 0.847840506, 0.52999869),
        (0.016366569, 0.847840506, 0.52999869),
        (0.0400969475, 0.847049533, 0.529999361),
        (0.0400969475, 0.847049533, 0.529999361),
        (0.0400969475, 0.847049533, 0.529999361),
        (0.836446782, -0.139492306, 0.529998753),
        (0.836446782, -0.139492306, 0.529998753),
        (0.836446782, -0.139492306, 0.529998753),
        (0, 0, 1),
        (0, 0, 1),
        (0, 0, 1),
        (0.037887305, 0.847151654, 0.529998704),
        (0.037887305, 0.847151654, 0.529998704),
        (0.037887305, 0.847151654, 0.529998704),
        (0, -0, 1),
        (0, -0, 1),
        (0, -0, 1),
        (-0, -0, 1),
        (-0, -0, 1),
        (-0, -0, 1),
        (0, 0, 1),
        (0, 0, 1),
        (0, 0, 1),
        (-0, 0, 1),
        (-0, 0, 1),
        (-0, 0, 1),
        (0, 0, 1),
        (0, 0, 1),
        (0, 0, 1),
        (-0.000845271218, 0.847997632, 0.529999341),
        (-0.000845271218, 0.847997632, 0.529999341),
        (-0.000845271218, 0.847997632, 0.529999341),
        (0, 0, 1),
        (0, 0, 1),
        (0, 0, 1),
        (0, 0, 1),
        (0, 0, 1),
        (0, 0, 1),
        (0, -0, 1),
        (0, -0, 1),
        (0, -0, 1),
        (0, -0, 1),
        (0, -0, 1),
        (0, -0, 1),
        (0, 0, 1),
        (0, 0, 1),
        (0, 0, 1),
        (0, 0, 1),
        (0, 0, 1),
        (0, 0, 1),
        (0, 0, 1),
        (0, 0, 1),
        (0, 0, 1),
        (-0.847467496, 0.0299975522, 0.529999047),
        (-0.847467496, 0.0299975522, 0.529999047),
        (-0.847467496, 0.0299975522, 0.529999047),
        (-0.847594885, 0.0261586307, 0.529998713),
        (-0.847594885, 0.0261586307, 0.529998713),
        (-0.847594885, 0.0261586307, 0.529998713),
        (0, -0, 1),
        (0, -0, 1),
        (0, -0, 1),
        (0, 0, 1),
        (0, 0, 1),
        (0, 0, 1),
        (0, -0, 1),
        (0, -0, 1),
        (0, -0, 1),
        (0, 0, 1),
        (0, 0, 1),
        (0, 0, 1),
        (-0.847754148, 0.0203353497, 0.529999413),
        (-0.847754148, 0.0203353497, 0.529999413),
        (-0.847754148, 0.0203353497, 0.529999413),
        (0, -0, 1),
        (0, -0, 1),
        (0, -0, 1),
        (0, 0, 1),
        (0, 0, 1),
        (0, 0, 1),
        (0, -0, 1),
        (0, -0, 1),
        (0, -0, 1),
        (0, 0, 1),
        (0, 0, 1),
        (0, 0, 1),
        (-0.0701563415, -0.845091086, 0.529999193),
        (-0.0701563415, -0.845091086, 0.529999193),
        (-0.0701563415, -0.845091086, 0.529999193),
        (0, 0, 1),
        (0, 0, 1),
        (0, 0, 1),
        (0.0252640172, -0.847622069, 0.52999864),
        (0.0252640172, -0.847622069, 0.52999864),
        (0.0252640172, -0.847622069, 0.52999864),
        (-0, 0, 1),
        (-0, 0, 1),
        (-0, 0, 1),
        (0.0578670748, -0.846021364, 0.529999296),
        (0.0578670748, -0.846021364, 0.529999296),
        (0.0578670748, -0.846021364, 0.529999296),
        (-0, 0, 1),
        (-0, 0, 1),
        (-0, 0, 1),
        (0, 0, 1),
        (0, 0, 1),
        (0, 0, 1),
        (-0, 0, 1),
        (-0, 0, 1),
        (-0, 0, 1),
        (0, -0, 1),
        (0, -0, 1),
        (0, -0, 1),
        (0, -0, 1),
        (0, -0, 1),
        (0, -0, 1),
        (0, 0, 1),
        (0, 0, 1),
        (0, 0, 1),
        (-0, 0, 1),
        (-0, 0, 1),
        (-0, 0, 1),
        (0, -0, 1),
        (0, -0, 1),
        (0, -0, 1),
        (0, -0, 1),
        (0, -0, 1),
        (0, -0, 1),
        (0, 0, 1),
        (0, 0, 1),
        (0, 0, 1),
        (0, -0, 1),
        (0, -0, 1),
        (0, -0, 1),
        (-0.847922545, -0.0113320939, 0.529999001),
        (-0.847922545, -0.0113320939, 0.529999001),
        (-0.847922545, -0.0113320939, 0.529999001),
        (0, 0, 1),
        (0, 0, 1),
        (0, 0, 1),
        (-0.847594492, -0.0261612633, 0.529999212),
        (-0.847594492, -0.0261612633, 0.529999212),
        (-0.847594492, -0.0261612633, 0.529999212),
        (-0.847956443, -0.00844616867, 0.529998615),
        (-0.847956443, -0.00844616867, 0.529998615),
        (-0.847956443, -0.00844616867, 0.529998615),
        (-0.847594871, -0.0261586303, 0.529998737),
        (-0.847594871, -0.0261586303, 0.529998737),
        (-0.847594871, -0.0261586303, 0.529998737),
        (0, 0, 1),
        (0, 0, 1),
        (0, 0, 1),
        (-0.847904438, -0.012624688, 0.529998756),
        (-0.847904438, -0.012624688, 0.529998756),
        (-0.847904438, -0.012624688, 0.529998756),
        (0, 0, 1),
        (0, 0, 1),
        (0, 0, 1),
        (-0.847558119, -0.0273218057, 0.529998825),
        (-0.847558119, -0.0273218057, 0.529998825),
        (-0.847558119, -0.0273218057, 0.529998825),
        (0, 0, 1),
        (0, 0, 1),
        (0, 0, 1),
        (0, 0, 1),
        (0, 0, 1),
        (0, 0, 1),
        (-0, 0, 1),
        (-0, 0, 1),
        (-0, 0, 1),
        (0, 0, 1),
        (0, 0, 1),
        (0, 0, 1),
        (0, 0, 1),
        (0, 0, 1),
        (0, 0, 1),
        (-0.0832403305, 0.843902773, 0.529999204),
        (-0.0832403305, 0.843902773, 0.529999204),
        (-0.0832403305, 0.843902773, 0.529999204),
        (-0.0753854842, 0.844640766, 0.529999062),
        (-0.0753854842, 0.844640766, 0.529999062),
        (-0.0753854842, 0.844640766, 0.529999062),
        (-0, -0, 1),
        (-0, -0, 1),
        (-0, -0, 1),
        (-0.847956414, -0.00844640573, 0.529998658),
        (-0.847956414, -0.00844640573, 0.529998658),
        (-0.847956414, -0.00844640573, 0.529998658),
        (-0, 0, 1),
        (-0, 0, 1),
        (-0, 0, 1),
        (0, 0, 1),
        (0, 0, 1),
        (0, 0, 1),
        (-0, -0, 1),
        (-0, -0, 1),
        (-0, -0, 1),
        (0, 0, 1),
        (0, 0, 1),
        (0, 0, 1),
        (-0.0758415848, 0.844600273, 0.529998522),
        (-0.0758415848, 0.844600273, 0.529998522),
        (-0.0758415848, 0.844600273, 0.529998522),
        (-0.0865043973, 0.843574714, 0.529998765),
        (-0.0865043973, 0.843574714, 0.529998765),
        (-0.0865043973, 0.843574714, 0.529998765),
        (0, 0, 1),
        (0, 0, 1),
        (0, 0, 1),
        (-0.0965302754, 0.842486502, 0.529998491),
        (-0.0965302754, 0.842486502, 0.529998491),
        (-0.0965302754, 0.842486502, 0.529998491),
        (-0.0773299381, 0.844465185, 0.52999871),
        (-0.0773299381, 0.844465185, 0.52999871),
        (-0.0773299381, 0.844465185, 0.52999871),
        (0.0736069645, -0.844797833, 0.529998714),
        (0.0736069645, -0.844797833, 0.529998714),
        (0.0736069645, -0.844797833, 0.529998714),
        (0.0773289304, -0.844465276, 0.529998711),
        (0.0773289304, -0.844465276, 0.529998711),
        (0.0773289304, -0.844465276, 0.529998711),
        (-0.09481701, 0.842680879, 0.529998746),
        (-0.09481701, 0.842680879, 0.529998746),
        (-0.09481701, 0.842680879, 0.529998746),
        (0, -0, 1),
        (0, -0, 1),
        (0, -0, 1),
        (-0, 0, 1),
        (-0, 0, 1),
        (-0, 0, 1),
        (0, 0, 1),
        (0, 0, 1),
        (0, 0, 1),
        (0, 0, 1),
        (0, 0, 1),
        (0, 0, 1),
        (0, 0, 1),
        (0, 0, 1),
        (0, 0, 1),
        (0, 0, 1),
        (0, 0, 1),
        (0, 0, 1),
        (0.00938501, -0.847946292, 0.529999064),
        (0.00938501, -0.847946292, 0.529999064),
        (0.00938501, -0.847946292, 0.529999064),
        (-0.0359219811, -0.847237015, 0.529999105),
        (-0.0359219811, -0.847237015, 0.529999105),
        (-0.0359219811, -0.847237015, 0.529999105),
        (0.0414060321, -0.846986788, 0.529998983),
        (0.0414060321, -0.846986788, 0.529998983),
        (0.0414060321, -0.846986788, 0.529998983),
        (0, -0, 1),
        (0, -0, 1),
        (0, -0, 1),
        (-0.0373066471, -0.847177242, 0.529998995),
        (-0.0373066471, -0.847177242, 0.529998995),
        (-0.0373066471, -0.847177242, 0.529998995),
        (-0.0461034852, -0.846744344, 0.529998571),
        (-0.0461034852, -0.846744344, 0.529998571),
        (-0.0461034852, -0.846744344, 0.529998571),
        (0, 0, 1),
        (0, 0, 1),
        (0, 0, 1),
        (0, 0, 1),
        (0, 0, 1),
        (0, 0, 1),
        (-0.0823786913, -0.843987476, 0.529998955),
        (-0.0823786913, -0.843987476, 0.529998955),
        (-0.0823786913, -0.843987476, 0.529998955),
        (-0.027069275, -0.847566051, 0.529999098),
        (-0.027069275, -0.847566051, 0.529999098),
        (-0.027069275, -0.847566051, 0.529999098),
        (0, 0, 1),
        (0, 0, 1),
        (0, 0, 1),
        (0, -0, 1),
        (0, -0, 1),
        (0, -0, 1),
        (-0, 0, 1),
        (-0, 0, 1),
        (-0, 0, 1),
        (-0, 0, 1),
        (-0, 0, 1),
        (-0, 0, 1),
        (-0, 0, 1),
        (-0, 0, 1),
        (-0, 0, 1),
        (0, 0, 1),
        (0, 0, 1),
        (0, 0, 1),
        (0.843012945, -0.0449727514, 0.536009913),
        (0.843012945, -0.0449727514, 0.536009913),
        (0.843012945, -0.0449727514, 0.536009913),
        (0, -0, 1),
        (0, -0, 1),
        (0, -0, 1),
        (0.845654956, -0.0629992827, 0.529998854),
        (0.845654956, -0.0629992827, 0.529998854),
        (0.845654956, -0.0629992827, 0.529998854),
        (0.884619995, 0.135523638, 0.446184724),
        (0.884619995, 0.135523638, 0.446184724),
        (0.884619995, 0.135523638, 0.446184724),
        (0.844679235, -0.0749490339, 0.529999653),
        (0.844679235, -0.0749490339, 0.529999653),
        (0.844679235, -0.0749490339, 0.529999653),
        (0, 0, 1),
        (0, 0, 1),
        (0, 0, 1),
        (0, 0, 1),
        (0, 0, 1),
        (0, 0, 1),
        (0.846155876, -0.0558654621, 0.529999324),
        (0.846155876, -0.0558654621, 0.529999324),
        (0.846155876, -0.0558654621, 0.529999324),
        (0.847166324, -0.0375505955, 0.529999219),
        (0.847166324, -0.0375505955, 0.529999219),
        (0.847166324, -0.0375505955, 0.529999219),
        (0, 0, 1),
        (0, 0, 1),
        (0, 0, 1),
        (-0, 0, 1),
        (-0, 0, 1),
        (-0, 0, 1),
        (0.847437061, -0.0308522078, 0.529998649),
        (0.847437061, -0.0308522078, 0.529998649),
        (0.847437061, -0.0308522078, 0.529998649),
        (0, 0, 1),
        (0, 0, 1),
        (0, 0, 1),
        (0, -0, 1),
        (0, -0, 1),
        (0, -0, 1),
        (0, 0, 1),
        (0, 0, 1),
        (0, 0, 1),
        (0.847148029, -0.0379711699, 0.529998497),
        (0.847148029, -0.0379711699, 0.529998497),
        (0.847148029, -0.0379711699, 0.529998497),
        (-0.0572398523, 0.846064344, 0.529998797),
        (-0.0572398523, 0.846064344, 0.529998797),
        (-0.0572398523, 0.846064344, 0.529998797),
        (-0.0818723497, 0.844036984, 0.529998573),
        (-0.0818723497, 0.844036984, 0.529998573),
        (-0.0818723497, 0.844036984, 0.529998573),
        (-0, 0, 1),
        (-0, 0, 1),
        (-0, 0, 1),
        (-0, 0, 1),
        (-0, 0, 1),
        (-0, 0, 1),
        (-0.0500967238, 0.846517225, 0.529998968),
        (-0.0500967238, 0.846517225, 0.529998968),
        (-0.0500967238, 0.846517225, 0.529998968),
        (0, 0, 1),
        (0, 0, 1),
        (0, 0, 1),
        (-0.0370994357, 0.847186339, 0.529998999),
        (-0.0370994357, 0.847186339, 0.529998999),
        (-0.0370994357, 0.847186339, 0.529998999),
        (-0.037927528, 0.84714969, 0.529998968),
        (-0.037927528, 0.84714969, 0.529998968),
        (-0.037927528, 0.84714969, 0.529998968),
        (0, 0, 1),
        (0, 0, 1),
        (0, 0, 1),
        (0, 0, 1),
        (0, 0, 1),
        (0, 0, 1),
        (-0, 0, 1),
        (-0, 0, 1),
        (-0, 0, 1),
        (-0.0510422909, 0.846460648, 0.52999911),
        (-0.0510422909, 0.846460648, 0.52999911),
        (-0.0510422909, 0.846460648, 0.52999911),
        (0.847092095, -0.0391970988, 0.52999865),
        (0.847092095, -0.0391970988, 0.52999865),
        (0.847092095, -0.0391970988, 0.52999865),
        (-0, 0, 1),
        (-0, 0, 1),
        (-0, 0, 1),
        (-0.847997497, 0.00142346242, 0.529998319),
        (-0.847997497, 0.00142346242, 0.529998319),
        (-0.847997497, 0.00142346242, 0.529998319),
        (0, 0, 1),
        (0, 0, 1),
        (0, 0, 1),
        (0.846925158, -0.0426540458, 0.5299985),
        (0.846925158, -0.0426540458, 0.5299985),
        (0.846925158, -0.0426540458, 0.5299985),
        (0, 0, 1),
        (0, 0, 1),
        (0, 0, 1),
        (0, 0, 1),
        (0, 0, 1),
        (0, 0, 1),
        (0, 0, 1),
        (0, 0, 1),
        (0, 0, 1),
        (0.847975593, 0.00620247444, 0.529998984),
        (0.847975593, 0.00620247444, 0.529998984),
        (0.847975593, 0.00620247444, 0.529998984),
        (0, 0, 1),
        (0, 0, 1),
        (0, 0, 1),
        (0, 0, 1),
        (0, 0, 1),
        (0, 0, 1),
        (0, 0, 1),
        (0, 0, 1),
        (0, 0, 1),
        (0, 0, 1),
        (0, 0, 1),
        (0, 0, 1),
        (0, 0, 1),
        (0, 0, 1),
        (0, 0, 1),
        (0, 0, 1),
        (0, 0, 1),
        (0, 0, 1),
        (0, 0, 1),
        (0, 0, 1),
        (0, 0, 1),
        (0, -0, 1),
        (0, -0, 1),
        (0, -0, 1),
        (-0.81100453, -0.102329959, 0.576021034),
        (-0.81100453, -0.102329959, 0.576021034),
        (-0.81100453, -0.102329959, 0.576021034),
        (0, 0, 1),
        (0, 0, 1),
        (0, 0, 1),
        (0, 0, 1),
        (0, 0, 1),
        (0, 0, 1),
        (0, -0, 1),
        (0, -0, 1),
        (0, -0, 1),
        (0, 0, 1),
        (0, 0, 1),
        (0, 0, 1),
        (0, 0, 1),
        (0, 0, 1),
        (0, 0, 1),
        (0.0972902133, -0.842398514, 0.529999395),
        (0.0972902133, -0.842398514, 0.529999395),
        (0.0972902133, -0.842398514, 0.529999395),
        (0.0865085319, -0.843574237, 0.529998849),
        (0.0865085319, -0.843574237, 0.529998849),
        (0.0865085319, -0.843574237, 0.529998849),
        (0.0965304373, -0.842486149, 0.529999022),
        (0.0965304373, -0.842486149, 0.529999022),
        (0.0965304373, -0.842486149, 0.529999022),
        (0, 0, 1),
        (0, 0, 1),
        (0, 0, 1),
        (0, 0, 1),
        (0, 0, 1),
        (0, 0, 1),
        (0, 0, 1),
        (0, 0, 1),
        (0, 0, 1),
        (0, -0, 1),
        (0, -0, 1),
        (0, -0, 1),
        (0.0773278085, -0.84446526, 0.529998901),
        (0.0773278085, -0.84446526, 0.529998901),
        (0.0773278085, -0.84446526, 0.529998901),
        (0.0818713761, -0.844036604, 0.529999329),
        (0.0818713761, -0.844036604, 0.529999329),
        (0.0818713761, -0.844036604, 0.529999329),
        (0, -0, 1),
        (0, -0, 1),
        (0, -0, 1),
        (-0.846282745, -0.0539186346, 0.529998393),
        (-0.846282745, -0.0539186346, 0.529998393),
        (-0.846282745, -0.0539186346, 0.529998393),
        (0, 0, 1),
        (0, 0, 1),
        (0, 0, 1),
        (-0.847918553, 0.011614044, 0.529999285),
        (-0.847918553, 0.011614044, 0.529999285),
        (-0.847918553, 0.011614044, 0.529999285),
        (0, 0, 1),
        (0, 0, 1),
        (0, 0, 1),
        (0, 0, 1),
        (0, 0, 1),
        (0, 0, 1),
        (0, -0, 1),
        (0, -0, 1),
        (0, -0, 1),
        (0, -0, 1),
        (0, -0, 1),
        (0, -0, 1),
        (0, -0, 1),
        (0, -0, 1),
        (0, -0, 1),
        (-0, -0, 1),
        (-0, -0, 1),
        (-0, -0, 1),
        (0, 0, 1),
        (0, 0, 1),
        (0, 0, 1),
        (0, 0, 1),
        (0, 0, 1),
        (0, 0, 1),
        (0, -0, 1),
        (0, -0, 1),
        (0, -0, 1),
        (0, -0, 1),
        (0, -0, 1),
        (0, -0, 1),
        (0, 0, 1),
        (0, 0, 1),
        (0, 0, 1),
        (-0, 0, 1),
        (-0, 0, 1),
        (-0, 0, 1),
        (0, 0, 1),
        (0, 0, 1),
        (0, 0, 1),
        (0, 0, 1),
        (0, 0, 1),
        (0, 0, 1),
        (-0.847975086, -0.00625821494, 0.52999914),
        (-0.847975086, -0.00625821494, 0.52999914),
        (-0.847975086, -0.00625821494, 0.52999914),
        (0, 0, 1),
        (0, 0, 1),
        (0, 0, 1),
        (-0.847918553, -0.011614044, 0.529999285),
        (-0.847918553, -0.011614044, 0.529999285),
        (-0.847918553, -0.011614044, 0.529999285),
        (0, 0, 1),
        (0, 0, 1),
        (0, 0, 1),
        (-0.846282518, 0.0539186202, 0.529998757),
        (-0.846282518, 0.0539186202, 0.529998757),
        (-0.846282518, 0.0539186202, 0.529998757),
        (0, 0, 1),
        (0, 0, 1),
        (0, 0, 1),
        (-0.846496461, -0.0504530585, 0.529998331),
        (-0.846496461, -0.0504530585, 0.529998331),
        (-0.846496461, -0.0504530585, 0.529998331),
        (-0.847811104, -0.0177974831, 0.529999605),
        (-0.847811104, -0.0177974831, 0.529999605),
        (-0.847811104, -0.0177974831, 0.529999605),
        (0, 0, 1),
        (0, 0, 1),
        (0, 0, 1),
        (-0, 0, 1),
        (-0, 0, 1),
        (-0, 0, 1),
        (0, 0, 1),
        (0, 0, 1),
        (0, 0, 1),
        (0, 0, 1),
        (0, 0, 1),
        (0, 0, 1),
        (0, 0, 1),
        (0, 0, 1),
        (0, 0, 1),
        (0, 0, 1),
        (0, 0, 1),
        (0, 0, 1),
        (0.0255868522, 0.854323905, 0.519110758),
        (0.0255868522, 0.854323905, 0.519110758),
        (0.0255868522, 0.854323905, 0.519110758),
        (0, -0, 1),
        (0, -0, 1),
        (0, -0, 1),
        (0, 0, 1),
        (0, 0, 1),
        (0, 0, 1),
        (-0, 0, 1),
        (-0, 0, 1),
        (-0, 0, 1),
        (-0, 0, 1),
        (-0, 0, 1),
        (-0, 0, 1),
        (0.171183534, 0.833277266, 0.525685454),
        (0.171183534, 0.833277266, 0.525685454),
        (0.171183534, 0.833277266, 0.525685454),
        (0.00594134709, 0.847977326, 0.529999203),
        (0.00594134709, 0.847977326, 0.529999203),
        (0.00594134709, 0.847977326, 0.529999203),
        (0, -0, 1),
        (0, -0, 1),
        (0, -0, 1),
        (0, 0, 1),
        (0, 0, 1),
        (0, 0, 1),
        (0, 0, 1),
        (0, 0, 1),
        (0, 0, 1),
        (0.0376254512, 0.847163322, 0.529998709),
        (0.0376254512, 0.847163322, 0.529998709),
        (0.0376254512, 0.847163322, 0.529998709),
        (0, 0, 1),
        (0, 0, 1),
        (0, 0, 1),
        (0, 0, 1),
        (0, 0, 1),
        (0, 0, 1),
        (-0, 0, 1),
        (-0, 0, 1),
        (-0, 0, 1),
        (0, -0, 1),
        (0, -0, 1),
        (0, -0, 1),
        (0.0370958067, -0.847186698, 0.529998679),
        (0.0370958067, -0.847186698, 0.529998679),
        (0.0370958067, -0.847186698, 0.529998679),
        (0.0709132697, -0.845028051, 0.529998964),
        (0.0709132697, -0.845028051, 0.529998964),
        (0.0709132697, -0.845028051, 0.529998964),
        (-0, 0, 1),
        (-0, 0, 1),
        (-0, 0, 1),
        (-0, 0, 1),
        (-0, 0, 1),
        (-0, 0, 1),
        (0, -0, 1),
        (0, -0, 1),
        (0, -0, 1),
        (0.0346117406, -0.847291921, 0.529998517),
        (0.0346117406, -0.847291921, 0.529998517),
        (0.0346117406, -0.847291921, 0.529998517),
        (0.0661578415, -0.845413358, 0.529999429),
        (0.0661578415, -0.845413358, 0.529999429),
        (0.0661578415, -0.845413358, 0.529999429),
        (0, 0, 1),
        (0, 0, 1),
        (0, 0, 1),
        (0, 0, 1),
        (0, 0, 1),
        (0, 0, 1),
        (0, 0, 1),
        (0, 0, 1),
        (0, 0, 1),
        (0.0510446419, -0.846460475, 0.529999159),
        (0.0510446419, -0.846460475, 0.529999159),
        (0.0510446419, -0.846460475, 0.529999159),
        (0, -0, 1),
        (0, -0, 1),
        (0, -0, 1),
        (0, -0, 1),
        (0, -0, 1),
        (0, -0, 1),
        (0, 0, 1),
        (0, 0, 1),
        (0, 0, 1),
        (0, -0, 1),
        (0, -0, 1),
        (0, -0, 1),
        (-0.0454457001, 0.846779626, 0.529999013),
        (-0.0454457001, 0.846779626, 0.529999013),
        (-0.0454457001, 0.846779626, 0.529999013),
        (-0.846862616, 0.0438763898, 0.529998653),
        (-0.846862616, 0.0438763898, 0.529998653),
        (-0.846862616, 0.0438763898, 0.529998653),
        (0, 0, 1),
        (0, 0, 1),
        (0, 0, 1),
        (0.0487193447, -0.846597502, 0.529999147),
        (0.0487193447, -0.846597502, 0.529999147),
        (0.0487193447, -0.846597502, 0.529999147),
        (-0, 0, 1),
        (-0, 0, 1),
        (-0, 0, 1),
        (0, -0, 1),
        (0, -0, 1),
        (0, -0, 1),
        (0, 0, 1),
        (0, 0, 1),
        (0, 0, 1),
        (0.056831031, -0.849459935, 0.524583694),
        (0.056831031, -0.849459935, 0.524583694),
        (0.056831031, -0.849459935, 0.524583694),
        (0, 0, 1),
        (0, 0, 1),
        (0, 0, 1),
        (0.843978739, -0.0824661601, 0.529999265),
        (0.843978739, -0.0824661601, 0.529999265),
        (0.843978739, -0.0824661601, 0.529999265),
        (0.844124559, -0.0809615159, 0.529999021),
        (0.844124559, -0.0809615159, 0.529999021),
        (0.844124559, -0.0809615159, 0.529999021),
        (0, 0, 1),
        (0, 0, 1),
        (0, 0, 1),
        (0.843721939, -0.0850531581, 0.529999292),
        (0.843721939, -0.0850531581, 0.529999292),
        (0.843721939, -0.0850531581, 0.529999292),
        (0.847408231, -0.0316314632, 0.529998811),
        (0.847408231, -0.0316314632, 0.529998811),
        (0.847408231, -0.0316314632, 0.529998811),
        (0, 0, 1),
        (0, 0, 1),
        (0, 0, 1),
        (-0, 0, 1),
        (-0, 0, 1),
        (-0, 0, 1),
        (0, -0, 1),
        (0, -0, 1),
        (0, -0, 1),
        (0, 0, 1),
        (0, 0, 1),
        (0, 0, 1),
        (-0, 0, 1),
        (-0, 0, 1),
        (-0, 0, 1),
        (0, 0, 1),
        (0, 0, 1),
        (0, 0, 1),
        (0.0298614715, 0.847472484, 0.529998755),
        (0.0298614715, 0.847472484, 0.529998755),
        (0.0298614715, 0.847472484, 0.529998755),
        (0, 0, 1),
        (0, 0, 1),
        (0, 0, 1),
        (-0.026355558, 0.847588974, 0.52999841),
        (-0.026355558, 0.847588974, 0.52999841),
        (-0.026355558, 0.847588974, 0.52999841),
        (0.846436759, -0.0514381233, 0.529998993),
        (0.846436759, -0.0514381233, 0.529998993),
        (0.846436759, -0.0514381233, 0.529998993),
        (0, -0, 1),
        (0, -0, 1),
        (0, -0, 1),
        (-0, 0, 1),
        (-0, 0, 1),
        (-0, 0, 1),
        (-0, 0, 1),
        (-0, 0, 1),
        (-0, 0, 1),
        (0.847908732, -0.0123368121, 0.529998666),
        (0.847908732, -0.0123368121, 0.529998666),
        (0.847908732, -0.0123368121, 0.529998666),
        (0, 0, 1),
        (0, 0, 1),
        (0, 0, 1),
        (-0, 0, 1),
        (-0, 0, 1),
        (-0, 0, 1),
        (0.847841098, 0.0163483437, 0.529998306),
        (0.847841098, 0.0163483437, 0.529998306),
        (0.847841098, 0.0163483437, 0.529998306),
        (-0, 0.847998304, 0.52999894),
        (-0, 0.847998304, 0.52999894),
        (-0, 0.847998304, 0.52999894),
        (0, 0, 1),
        (0, 0, 1),
        (0, 0, 1),
        (0.0188786015, 0.847788053, 0.529999071),
        (0.0188786015, 0.847788053, 0.529999071),
        (0.0188786015, 0.847788053, 0.529999071),
        (-0.0298614715, 0.847472484, 0.529998755),
        (-0.0298614715, 0.847472484, 0.529998755),
        (-0.0298614715, 0.847472484, 0.529998755),
        (0.00187844969, 0.847996227, 0.529998934),
        (0.00187844969, 0.847996227, 0.529998934),
        (0.00187844969, 0.847996227, 0.529998934),
        (-0.0376254512, 0.847163322, 0.529998709),
        (-0.0376254512, 0.847163322, 0.529998709),
        (-0.0376254512, 0.847163322, 0.529998709),
        (0, 0, 1),
        (0, 0, 1),
        (0, 0, 1),
        (0, 0, 1),
        (0, 0, 1),
        (0, 0, 1),
        (0, 0, 1),
        (0, 0, 1),
        (0, 0, 1),
        (-0.0209859095, 0.847738754, 0.529998677),
        (-0.0209859095, 0.847738754, 0.529998677),
        (-0.0209859095, 0.847738754, 0.529998677),
        (0, 0, 1),
        (0, 0, 1),
        (0, 0, 1),
        (-0.00593889889, 0.847977349, 0.529999193),
        (-0.00593889889, 0.847977349, 0.529999193),
        (-0.00593889889, 0.847977349, 0.529999193),
        (0.847886549, 0.0137479235, 0.529999429),
        (0.847886549, 0.0137479235, 0.529999429),
        (0.847886549, 0.0137479235, 0.529999429),
        (0, 0, 1),
        (0, 0, 1),
        (0, 0, 1),
        (0, 0, 1),
        (0, 0, 1),
        (0, 0, 1),
        (0, -0, 1),
        (0, -0, 1),
        (0, -0, 1),
        (0.0082216482, -0.847958825, 0.529998336),
        (0.0082216482, -0.847958825, 0.529998336),
        (0.0082216482, -0.847958825, 0.529998336),
        (0, 0, 1),
        (0, 0, 1),
        (0, 0, 1),
        (0.00822026043, -0.847958689, 0.529998575),
        (0.00822026043, -0.847958689, 0.529998575),
        (0.00822026043, -0.847958689, 0.529998575),
        (-0, 0, 1),
        (-0, 0, 1),
        (-0, 0, 1),
        (0, 0, 1),
        (0, 0, 1),
        (0, 0, 1),
        (0.0226823591, -0.847694919, 0.529998901),
        (0.0226823591, -0.847694919, 0.529998901),
        (0.0226823591, -0.847694919, 0.529998901),
        (0, 0, 1),
        (0, 0, 1),
        (0, 0, 1),
        (0.0226842464, -0.847694655, 0.529999242),
        (0.0226842464, -0.847694655, 0.529999242),
        (0.0226842464, -0.847694655, 0.529999242),
        (0.0167667025, -0.84783226, 0.529999374),
        (0.0167667025, -0.84783226, 0.529999374),
        (0.0167667025, -0.84783226, 0.529999374),
        (0.0199910928, -0.847763018, 0.529998322),
        (0.0199910928, -0.847763018, 0.529998322),
        (0.0199910928, -0.847763018, 0.529998322),
        (0, 0, 1),
        (0, 0, 1),
        (0, 0, 1),
        (0.00801510763, -0.847960062, 0.529999521),
        (0.00801510763, -0.847960062, 0.529999521),
        (0.00801510763, -0.847960062, 0.529999521),
        (0, 0, 1),
        (0, 0, 1),
        (0, 0, 1),
        (0.00801196806, -0.847960455, 0.529998939),
        (0.00801196806, -0.847960455, 0.529998939),
        (0.00801196806, -0.847960455, 0.529998939),
        (0.00329556905, -0.854772339, 0.518992667),
        (0.00329556905, -0.854772339, 0.518992667),
        (0.00329556905, -0.854772339, 0.518992667),
        (0, 0, 1),
        (0, 0, 1),
        (0, 0, 1),
        (-0.847847936, 0.0159556479, 0.529999335),
        (-0.847847936, 0.0159556479, 0.529999335),
        (-0.847847936, 0.0159556479, 0.529999335),
        (-0, 0, 1),
        (-0, 0, 1),
        (-0, 0, 1),
        (-0.84719817, 0.036830693, 0.529998831),
        (-0.84719817, 0.036830693, 0.529998831),
        (-0.84719817, 0.036830693, 0.529998831),
        (0, 0, 1),
        (0, 0, 1),
        (0, 0, 1),
        (0, -0, 1),
        (0, -0, 1),
        (0, -0, 1),
        (-0.847198496, 0.0368285438, 0.529998459),
        (-0.847198496, 0.0368285438, 0.529998459),
        (-0.847198496, 0.0368285438, 0.529998459),
        (-0.845319104, 0.0673535908, 0.529999157),
        (-0.845319104, 0.0673535908, 0.529999157),
        (-0.845319104, 0.0673535908, 0.529999157),
        (-0, 0, 1),
        (-0, 0, 1),
        (-0, 0, 1),
        (0.0153515611, -0.84785924, 0.529999093),
        (0.0153515611, -0.84785924, 0.529999093),
        (0.0153515611, -0.84785924, 0.529999093),
        (0, 0, 1),
        (0, 0, 1),
        (0, 0, 1),
        (0, 0, 1),
        (0, 0, 1),
        (0, 0, 1),
        (0, 0, 1),
        (0, 0, 1),
        (0, 0, 1),
        (-0, 0, 1),
        (-0, 0, 1),
        (-0, 0, 1),
        (0, 0, 1),
        (0, 0, 1),
        (0, 0, 1),
        (0, 0, 1),
        (0, 0, 1),
        (0, 0, 1),
        (0, 0, 1),
        (0, 0, 1),
        (0, 0, 1),
        (-0.0153538629, -0.847858933, 0.529999517),
        (-0.0153538629, -0.847858933, 0.529999517),
        (-0.0153538629, -0.847858933, 0.529999517),
        (-0.0238298256, -0.847663366, 0.529999016),
        (-0.0238298256, -0.847663366, 0.529999016),
        (-0.0238298256, -0.847663366, 0.529999016),
        (-0.0228394953, -0.847690488, 0.529999239),
        (-0.0228394953, -0.847690488, 0.529999239),
        (-0.0228394953, -0.847690488, 0.529999239),
        (0, 0, 1),
        (0, 0, 1),
        (0, 0, 1),
        (0, -0, 1),
        (0, -0, 1),
        (0, -0, 1),
        (-0.0190642364, -0.847783794, 0.529999239),
        (-0.0190642364, -0.847783794, 0.529999239),
        (-0.0190642364, -0.847783794, 0.529999239),
        (0, 0, 1),
        (0, 0, 1),
        (0, 0, 1),
        (-0.0228408996, -0.847690295, 0.529999487),
        (-0.0228408996, -0.847690295, 0.529999487),
        (-0.0228408996, -0.847690295, 0.529999487),
        (-0.00822160594, -0.847958825, 0.529998336),
        (-0.00822160594, -0.847958825, 0.529998336),
        (-0.00822160594, -0.847958825, 0.529998336),
        (0, 0, 1),
        (0, 0, 1),
        (0, 0, 1),
        (0.684654048, -0.471764108, 0.555596492),
        (0.684654048, -0.471764108, 0.555596492),
        (0.684654048, -0.471764108, 0.555596492),
        (0, -0, 1),
        (0, -0, 1),
        (0, -0, 1),
        (-0, -0, 1),
        (-0, -0, 1),
        (-0, -0, 1),
        (0, 0, 1),
        (0, 0, 1),
        (0, 0, 1),
        (0, 0, 1),
        (0, 0, 1),
        (0, 0, 1),
        (0, 0, 1),
        (0, 0, 1),
        (0, 0, 1),
        (0, 0, 1),
        (0, 0, 1),
        (0, 0, 1),
        (0, 0, 1),
        (0, 0, 1),
        (0, 0, 1),
        (0, 0, 1),
        (0, 0, 1),
        (0, 0, 1),
        (0, 0, 1),
        (0, 0, 1),
        (0, 0, 1),
        (0, 0, 1),
        (0, 0, 1),
        (0, 0, 1),
        (-0, -0, 1),
        (-0, -0, 1),
        (-0, -0, 1),
        (0.847521386, -0.0284373162, 0.529998886),
        (0.847521386, -0.0284373162, 0.529998886),
        (0.847521386, -0.0284373162, 0.529998886),
        (0.847988658, -0.00401983242, 0.529999129),
        (0.847988658, -0.00401983242, 0.529999129),
        (0.847988658, -0.00401983242, 0.529999129),
        (0, -0, 1),
        (0, -0, 1),
        (0, -0, 1),
        (0.846542287, -0.0496738324, 0.529998742),
        (0.846542287, -0.0496738324, 0.529998742),
        (0.846542287, -0.0496738324, 0.529998742),
        (0, -0, 1),
        (0, -0, 1),
        (0, -0, 1),
        (0, -0, 1),
        (0, -0, 1),
        (0, -0, 1),
        (0.847333991, -0.0335536319, 0.529999304),
        (0.847333991, -0.0335536319, 0.529999304),
        (0.847333991, -0.0335536319, 0.529999304),
        (0, 0, 1),
        (0, 0, 1),
        (0, 0, 1),
        (-0.846325821, 0.0532320298, 0.529999014),
        (-0.846325821, 0.0532320298, 0.529999014),
        (-0.846325821, 0.0532320298, 0.529999014),
        (-0.847981691, -0.00535597218, 0.529998458),
        (-0.847981691, -0.00535597218, 0.529998458),
        (-0.847981691, -0.00535597218, 0.529998458),
        (0, 0, 1),
        (0, 0, 1),
        (0, 0, 1),
        (-0.846325807, 0.0532321164, 0.529999028),
        (-0.846325807, 0.0532321164, 0.529999028),
        (-0.846325807, 0.0532321164, 0.529999028),
        (-0.847995979, -0.00194343654, 0.529999097),
        (-0.847995979, -0.00194343654, 0.529999097),
        (-0.847995979, -0.00194343654, 0.529999097),
        (-0.8479281, 0.0109032242, 0.52999911),
        (-0.8479281, 0.0109032242, 0.52999911),
        (-0.8479281, 0.0109032242, 0.52999911),
        (-0.8473549, 0.0330240742, 0.529999135),
        (-0.8473549, 0.0330240742, 0.529999135),
        (-0.8473549, 0.0330240742, 0.529999135),
        (0, 0, 1),
        (0, 0, 1),
        (0, 0, 1),
        (0, 0, 1),
        (0, 0, 1),
        (0, 0, 1),
        (-0.870244731, -0.0192879772, 0.492241893),
        (-0.870244731, -0.0192879772, 0.492241893),
        (-0.870244731, -0.0192879772, 0.492241893),
        (0, 0, 1),
        (0, 0, 1),
        (0, 0, 1),
        (0, 0, 1),
        (0, 0, 1),
        (0, 0, 1),
        (0, 0, 1),
        (0, 0, 1),
        (0, 0, 1),
        (0, 0, 1),
        (0, 0, 1),
        (0, 0, 1),
        (-0.85397046, 0.0472727947, 0.518169602),
        (-0.85397046, 0.0472727947, 0.518169602),
        (-0.85397046, 0.0472727947, 0.518169602),
        (-0.176575561, 0.829410928, 0.529998664),
        (-0.176575561, 0.829410928, 0.529998664),
        (-0.176575561, 0.829410928, 0.529998664),
        (0, 0, 1),
        (0, 0, 1),
        (0, 0, 1),
        (0, -0, 1),
        (0, -0, 1),
        (0, -0, 1),
        (0, 0, 1),
        (0, 0, 1),
        (0, 0, 1),
        (0, 0, 1),
        (0, 0, 1),
        (0, 0, 1),
        (-0.155145448, 0.83368508, 0.529999129),
        (-0.155145448, 0.83368508, 0.529999129),
        (-0.155145448, 0.83368508, 0.529999129),
        (-0.138268747, 0.836649732, 0.529999038),
        (-0.138268747, 0.836649732, 0.529999038),
        (-0.138268747, 0.836649732, 0.529999038),
        (0, 0, 1),
        (0, 0, 1),
        (0, 0, 1),
        (0, 0, 1),
        (0, 0, 1),
        (0, 0, 1),
        (0, -0, 1),
        (0, -0, 1),
        (0, -0, 1),
        (0.178402911, -0.82901943, 0.529999232),
        (0.178402911, -0.82901943, 0.529999232),
        (0.178402911, -0.82901943, 0.529999232),
        (0.165576595, -0.83167621, 0.529999125),
        (0.165576595, -0.83167621, 0.529999125),
        (0.165576595, -0.83167621, 0.529999125),
        (-0.143350272, 0.835794297, 0.529998673),
        (-0.143350272, 0.835794297, 0.529998673),
        (-0.143350272, 0.835794297, 0.529998673),
        (-0, 0, 1),
        (-0, 0, 1),
        (-0, 0, 1),
        (-0, 0, 1),
        (-0, 0, 1),
        (-0, 0, 1),
        (0, 0, 1),
        (0, 0, 1),
        (0, 0, 1),
        (0, 0, 1),
        (0, 0, 1),
        (0, 0, 1),
        (0, 0, 1),
        (0, 0, 1),
        (0, 0, 1),
        (0, -0, 1),
        (0, -0, 1),
        (0, -0, 1),
        (0.846963992, 0.0418744756, 0.529998608),
        (0.846963992, 0.0418744756, 0.529998608),
        (0.846963992, 0.0418744756, 0.529998608),
        (0, 0, 1),
        (0, 0, 1),
        (0, 0, 1),
        (-0, 0, 1),
        (-0, 0, 1),
        (-0, 0, 1),
        (0, -0, 1),
        (0, -0, 1),
        (0, -0, 1),
        (0, 0, 1),
        (0, 0, 1),
        (0, 0, 1),
        (-0, 0, 1),
        (-0, 0, 1),
        (-0, 0, 1),
        (0, 0, 1),
        (0, 0, 1),
        (0, 0, 1),
        (0.847821771, 0.0173008798, 0.529998985),
        (0.847821771, 0.0173008798, 0.529998985),
        (0.847821771, 0.0173008798, 0.529998985),
        (0.847334284, -0.0335513812, 0.529998978),
        (0.847334284, -0.0335513812, 0.529998978),
        (0.847334284, -0.0335513812, 0.529998978),
        (-0, 0, 1),
        (-0, 0, 1),
        (-0, 0, 1),
        (0.847872995, 0.0145942714, 0.529998482),
        (0.847872995, 0.0145942714, 0.529998482),
        (0.847872995, 0.0145942714, 0.529998482),
        (0.846402567, 0.0519992226, 0.529998844),
        (0.846402567, 0.0519992226, 0.529998844),
        (0.846402567, 0.0519992226, 0.529998844),
        (0, -0, 1),
        (0, -0, 1),
        (0, -0, 1),
        (0.125734366, -0.838625116, 0.529998853),
        (0.125734366, -0.838625116, 0.529998853),
        (0.125734366, -0.838625116, 0.529998853),
        (0, -0, 1),
        (0, -0, 1),
        (0, -0, 1),
        (0, 0, 1),
        (0, 0, 1),
        (0, 0, 1),
        (-0.104750889, 0.841503627, 0.529998959),
        (-0.104750889, 0.841503627, 0.529998959),
        (-0.104750889, 0.841503627, 0.529998959),
        (-0.106706936, 0.841257588, 0.52999934),
        (-0.106706936, 0.841257588, 0.52999934),
        (-0.106706936, 0.841257588, 0.52999934),
        (0, 0, 1),
        (0, 0, 1),
        (0, 0, 1),
        (0, 0, 1),
        (0, 0, 1),
        (0, 0, 1),
        (0.126171071, -0.838559655, 0.529998648),
        (0.126171071, -0.838559655, 0.529998648),
        (0.126171071, -0.838559655, 0.529998648),
        (0, 0, 1),
        (0, 0, 1),
        (0, 0, 1),
        (0, 0, 1),
        (0, 0, 1),
        (0, 0, 1),
        (0.847862516, -0.0151885619, 0.529998549),
        (0.847862516, -0.0151885619, 0.529998549),
        (0.847862516, -0.0151885619, 0.529998549),
        (0, 0, 1),
        (0, 0, 1),
        (0, 0, 1),
        (0.841806462, 0.0313424041, 0.538868754),
        (0.841806462, 0.0313424041, 0.538868754),
        (0.841806462, 0.0313424041, 0.538868754),
        (-0.120452555, 0.842431668, 0.525166704),
        (-0.120452555, 0.842431668, 0.525166704),
        (-0.120452555, 0.842431668, 0.525166704),
        (0.858904092, -0.00118360692, 0.5121351),
        (0.858904092, -0.00118360692, 0.5121351),
        (0.858904092, -0.00118360692, 0.5121351),
        (0, 0, 1),
        (0, 0, 1),
        (0, 0, 1),
        (-0, 0, 1),
        (-0, 0, 1),
        (-0, 0, 1),
        (-0.853802069, 0.0430374903, 0.518815768),
        (-0.853802069, 0.0430374903, 0.518815768),
        (-0.853802069, 0.0430374903, 0.518815768),
        (-0.846317651, 0.0533584126, 0.529999352),
        (-0.846317651, 0.0533584126, 0.529999352),
        (-0.846317651, 0.0533584126, 0.529999352),
        (0.149143182, -0.834779987, 0.529998759),
        (0.149143182, -0.834779987, 0.529998759),
        (0.149143182, -0.834779987, 0.529998759),
        (-0.846331556, 0.0531448125, 0.52999861),
        (-0.846331556, 0.0531448125, 0.52999861),
        (-0.846331556, 0.0531448125, 0.52999861),
        (-0.845993126, 0.0582787086, 0.529999267),
        (-0.845993126, 0.0582787086, 0.529999267),
        (-0.845993126, 0.0582787086, 0.529999267),
        (0, 0, 1),
        (0, 0, 1),
        (0, 0, 1),
        (0, 0, 1),
        (0, 0, 1),
        (0, 0, 1),
        (0, 0, 1),
        (0, 0, 1),
        (0, 0, 1),
        (0.149141128, -0.834780124, 0.529999121),
        (0.149141128, -0.834780124, 0.529999121),
        (0.149141128, -0.834780124, 0.529999121),
        (0, -0, 1),
        (0, -0, 1),
        (0, -0, 1),
        (0.168147723, -0.831160325, 0.529998923),
        (0.168147723, -0.831160325, 0.529998923),
        (0.168147723, -0.831160325, 0.529998923),
        (0, 0, 1),
        (0, 0, 1),
        (0, 0, 1),
        (0.138271329, -0.836649635, 0.529998517),
        (0.138271329, -0.836649635, 0.529998517),
        (0.138271329, -0.836649635, 0.529998517),
        (0, 0, 1),
        (0, 0, 1),
        (0, 0, 1),
        (0, 0, 1),
        (0, 0, 1),
        (0, 0, 1),
        (0.844923806, -0.0721427765, 0.529999229),
        (0.844923806, -0.0721427765, 0.529999229),
        (0.844923806, -0.0721427765, 0.529999229),
        (0.847053992, -0.0400034688, 0.529999299),
        (0.847053992, -0.0400034688, 0.529999299),
        (0.847053992, -0.0400034688, 0.529999299),
        (-0, 0, 1),
        (-0, 0, 1),
        (-0, 0, 1),
        (-0.846581972, 0.0489877272, 0.529999214),
        (-0.846581972, 0.0489877272, 0.529999214),
        (-0.846581972, 0.0489877272, 0.529999214),
        (0, 0, 1),
        (0, 0, 1),
        (0, 0, 1),
        (0, 0, 1),
        (0, 0, 1),
        (0, 0, 1),
        (0, 0, 1),
        (0, 0, 1),
        (0, 0, 1),
        (0.847709189, -0.0221456169, 0.529998775),
        (0.847709189, -0.0221456169, 0.529998775),
        (0.847709189, -0.0221456169, 0.529998775),
        (-0.846763604, 0.0457486772, 0.529998545),
        (-0.846763604, 0.0457486772, 0.529998545),
        (-0.846763604, 0.0457486772, 0.529998545),
        (0, 0, 1),
        (0, 0, 1),
        (0, 0, 1),
        (-0.847532563, 0.0281080546, 0.529998577),
        (-0.847532563, 0.0281080546, 0.529998577),
        (-0.847532563, 0.0281080546, 0.529998577),
        (0, 0, 1),
        (0, 0, 1),
        (0, 0, 1),
        (0, 0, 1),
        (0, 0, 1),
        (0, 0, 1),
        (0, 0, 1),
        (0, 0, 1),
        (0, 0, 1),
        (0, 0, 1),
        (0, 0, 1),
        (0, 0, 1),
        (0, -0, 1),
        (0, -0, 1),
        (0, -0, 1),
        (0, -0, 1),
        (0, -0, 1),
        (0, -0, 1),
        (0.115660994, -0.840073315, 0.529999396),
        (0.115660994, -0.840073315, 0.529999396),
        (0.115660994, -0.840073315, 0.529999396),
        (0, 0, 1),
        (0, 0, 1),
        (0, 0, 1),
        (-0, 0, 1),
        (-0, 0, 1),
        (-0, 0, 1),
        (0.106711564, -0.841257481, 0.529998579),
        (0.106711564, -0.841257481, 0.529998579),
        (0.106711564, -0.841257481, 0.529998579),
        (0, 0, 1),
        (0, 0, 1),
        (0, 0, 1),
        (0, -0, 1),
        (0, -0, 1),
        (0, -0, 1),
        (0.132205714, -0.837629425, 0.529998674),
        (0.132205714, -0.837629425, 0.529998674),
        (0.132205714, -0.837629425, 0.529998674),
        (0.0755868896, -0.844761635, 0.529777692),
        (0.0755868896, -0.844761635, 0.529777692),
        (0.0755868896, -0.844761635, 0.529777692),
        (0, 0, 1),
        (0, 0, 1),
        (0, 0, 1),
        (0.160255303, -0.827742106, 0.537737151),
        (0.160255303, -0.827742106, 0.537737151),
        (0.160255303, -0.827742106, 0.537737151),
        (0.847911157, -0.0121549154, 0.529998988),
        (0.847911157, -0.0121549154, 0.529998988),
        (0.847911157, -0.0121549154, 0.529998988),
        (0, 0, 1),
        (0, 0, 1),
        (0, 0, 1),
        (0.845616316, -0.0553749278, 0.530911163),
        (0.845616316, -0.0553749278, 0.530911163),
        (0.845616316, -0.0553749278, 0.530911163),
        (0, -0, 1),
        (0, -0, 1),
        (0, -0, 1),
        (0, -0, 1),
        (0, -0, 1),
        (0, -0, 1),
        (0.102668888, -0.841760181, 0.529998959),
        (0.102668888, -0.841760181, 0.529998959),
        (0.102668888, -0.841760181, 0.529998959),
        (0, 0, 1),
        (0, 0, 1),
        (0, 0, 1),
        (0.842600773, 0.0955264943, 0.529998703),
        (0.842600773, 0.0955264943, 0.529998703),
        (0.842600773, 0.0955264943, 0.529998703),
        (0, 0, 1),
        (0, 0, 1),
        (0, 0, 1),
        (0, -0, 1),
        (0, -0, 1),
        (0, -0, 1),
        (-0, 0, 1),
        (-0, 0, 1),
        (-0, 0, 1),
        (0, 0, 1),
        (0, 0, 1),
        (0, 0, 1),
        (0.841058455, -0.108266523, 0.529999091),
        (0.841058455, -0.108266523, 0.529999091),
        (0.841058455, -0.108266523, 0.529999091),
        (0, -0, 1),
        (0, -0, 1),
        (0, -0, 1),
        (0.846693281, 0.0470267394, 0.529999032),
        (0.846693281, 0.0470267394, 0.529999032),
        (0.846693281, 0.0470267394, 0.529999032),
        (-0, 0, 1),
        (-0, 0, 1),
        (-0, 0, 1),
        (0, 0, 1),
        (0, 0, 1),
        (0, 0, 1),
        (0.844201548, -0.0801544299, 0.529999069),
        (0.844201548, -0.0801544299, 0.529999069),
        (0.844201548, -0.0801544299, 0.529999069),
        (0, 0, 1),
        (0, 0, 1),
        (0, 0, 1),
        (0, 0, 1),
        (0, 0, 1),
        (0, 0, 1),
        (0.844201548, 0.0801544299, 0.529999069),
        (0.844201548, 0.0801544299, 0.529999069),
        (0.844201548, 0.0801544299, 0.529999069),
        (0, -0, 1),
        (0, -0, 1),
        (0, -0, 1),
        (-0, 0, 1),
        (-0, 0, 1),
        (-0, 0, 1),
        (-0.847766324, 0.019826817, 0.529999205),
        (-0.847766324, 0.019826817, 0.529999205),
        (-0.847766324, 0.019826817, 0.529999205),
        (-0.847766136, 0.0198282012, 0.529999454),
        (-0.847766136, 0.0198282012, 0.529999454),
        (-0.847766136, 0.0198282012, 0.529999454),
        (-0, 0, 1),
        (-0, 0, 1),
        (-0, 0, 1),
        (0, 0, 1),
        (0, 0, 1),
        (0, 0, 1),
        (0, 0, 1),
        (0, 0, 1),
        (0, 0, 1),
        (-0, 0, 1),
        (-0, 0, 1),
        (-0, 0, 1),
        (0, 0, 1),
        (0, 0, 1),
        (0, 0, 1),
        (0.847991434, 0.00338231009, 0.529999139),
        (0.847991434, 0.00338231009, 0.529999139),
        (0.847991434, 0.00338231009, 0.529999139),
        (0, 0, 1),
        (0, 0, 1),
        (0, 0, 1),
        (0, 0, 1),
        (0, 0, 1),
        (0, 0, 1),
        (0.299449645, 0.753257988, 0.58560423),
        (0.299449645, 0.753257988, 0.58560423),
        (0.299449645, 0.753257988, 0.58560423),
        (0, 0, 1),
        (0, 0, 1),
        (0, 0, 1),
        (0, -0, 1),
        (0, -0, 1),
        (0, -0, 1),
        (0, -0, 1),
        (0, -0, 1),
        (0, -0, 1),
        (-0.847853321, 0.0156659406, 0.529999363),
        (-0.847853321, 0.0156659406, 0.529999363),
        (-0.847853321, 0.0156659406, 0.529999363),
        (-0, 0, 1),
        (-0, 0, 1),
        (-0, 0, 1),
        (0, -0, 1),
        (0, -0, 1),
        (0, -0, 1),
        (0, 0, 1),
        (0, 0, 1),
        (0, 0, 1),
        (0.00362013383, 0.847990735, 0.529998687),
        (0.00362013383, 0.847990735, 0.529998687),
        (0.00362013383, 0.847990735, 0.529998687),
        (-0.847631402, 0.024947836, 0.529998691),
        (-0.847631402, 0.024947836, 0.529998691),
        (-0.847631402, 0.024947836, 0.529998691),
        (0, 0, 1),
        (0, 0, 1),
        (0, 0, 1),
        (0, 0, 1),
        (0, 0, 1),
        (0, 0, 1),
        (0.00407535887, 0.850204031, 0.526437553),
        (0.00407535887, 0.850204031, 0.526437553),
        (0.00407535887, 0.850204031, 0.526437553),
        (0, 0, 1),
        (0, 0, 1),
        (0, 0, 1),
        (-0.0400952097, 0.847049817, 0.529999039),
        (-0.0400952097, 0.847049817, 0.529999039),
        (-0.0400952097, 0.847049817, 0.529999039),
        (-0, 0, 1),
        (-0, 0, 1),
        (-0, 0, 1),
        (-0.0444580348, 0.846831869, 0.52999931),
        (-0.0444580348, 0.846831869, 0.52999931),
        (-0.0444580348, 0.846831869, 0.52999931),
        (0, 0, 1),
        (0, 0, 1),
        (0, 0, 1),
        (0, 0, 1),
        (0, 0, 1),
        (0, 0, 1),
        (0, -0, 1),
        (0, -0, 1),
        (0, -0, 1),
        (-0, 0, 1),
        (-0, 0, 1),
        (-0, 0, 1),
        (0, 0, 1),
        (0, 0, 1),
        (0, 0, 1),
        (0, 0, 1),
        (0, 0, 1),
        (0, 0, 1),
        (0, -0, 1),
        (0, -0, 1),
        (0, -0, 1),
        (0, 0, 1),
        (0, 0, 1),
        (0, 0, 1),
        (0, 0, 1),
        (0, 0, 1),
        (0, 0, 1),
        (0.0444580348, 0.846831869, 0.52999931),
        (0.0444580348, 0.846831869, 0.52999931),
        (0.0444580348, 0.846831869, 0.52999931),
        (0, 0, 1),
        (0, 0, 1),
        (0, 0, 1),
        (0, 0, 1),
        (0, 0, 1),
        (0, 0, 1),
        (-0, 0, 1),
        (-0, 0, 1),
        (-0, 0, 1),
        (0, -0, 1),
        (0, -0, 1),
        (0, -0, 1),
        (-0, 0, 1),
        (-0, 0, 1),
        (-0, 0, 1),
        (0, 0, 1),
        (0, 0, 1),
        (0, 0, 1),
        (-0, 0, 1),
        (-0, 0, 1),
        (-0, 0, 1),
        (0.0244954734, 0.847644165, 0.529999379),
        (0.0244954734, 0.847644165, 0.529999379),
        (0.0244954734, 0.847644165, 0.529999379),
        (-0.00084332583, 0.847997855, 0.529998988),
        (-0.00084332583, 0.847997855, 0.529998988),
        (-0.00084332583, 0.847997855, 0.529998988),
        (0.840179999, 0.114884028, 0.529999272),
        (0.840179999, 0.114884028, 0.529999272),
        (0.840179999, 0.114884028, 0.529999272),
        (0, -0, 1),
        (0, -0, 1),
        (0, -0, 1),
        (0.84633473, 0.0530930577, 0.529998729),
        (0.84633473, 0.0530930577, 0.529998729),
        (0.84633473, 0.0530930577, 0.529998729),
        (-0, 0, 1),
        (-0, 0, 1),
        (-0, 0, 1),
        (0.846068209, 0.0571757079, 0.529999551),
        (0.846068209, 0.0571757079, 0.529999551),
        (0.846068209, 0.0571757079, 0.529999551),
        (0.836629963, 0.138388165, 0.529999076),
        (0.836629963, 0.138388165, 0.529999076),
        (0.836629963, 0.138388165, 0.529999076),
        (-0, 0, 1),
        (-0, 0, 1),
        (-0, 0, 1),
        (0, 0, 1),
        (0, 0, 1),
        (0, 0, 1),
        (-0.0260545549, 0.847691626, 0.529849099),
        (-0.0260545549, 0.847691626, 0.529849099),
        (-0.0260545549, 0.847691626, 0.529849099),
        (0.840846852, 0.0550626009, 0.538465116),
        (0.840846852, 0.0550626009, 0.538465116),
        (0.840846852, 0.0550626009, 0.538465116),
        (0.841573554, -0.104185948, 0.529999284),
        (0.841573554, -0.104185948, 0.529999284),
        (0.841573554, -0.104185948, 0.529999284),
        (-0.025743988, 0.854869744, 0.518203597),
        (-0.025743988, 0.854869744, 0.518203597),
        (-0.025743988, 0.854869744, 0.518203597),
        (0, 0, 1),
        (0, 0, 1),
        (0, 0, 1),
        (-0, 0, 1),
        (-0, 0, 1),
        (-0, 0, 1),
        (0, 0, 1),
        (0, 0, 1),
        (0, 0, 1),
        (0, 0, 1),
        (0, 0, 1),
        (0, 0, 1),
        (0, 0, 1),
        (0, 0, 1),
        (0, 0, 1),
        (-0.857317609, 0.0217716856, 0.514327241),
        (-0.857317609, 0.0217716856, 0.514327241),
        (-0.857317609, 0.0217716856, 0.514327241),
        (0, 0, 1),
        (0, 0, 1),
        (0, 0, 1),
        (0, 0, 1),
        (0, 0, 1),
        (0, 0, 1),
        (-0.0701584787, -0.84509096, 0.529999111),
        (-0.0701584787, -0.84509096, 0.529999111),
        (-0.0701584787, -0.84509096, 0.529999111),
        (-0, 0, 1),
        (-0, 0, 1),
        (-0, 0, 1),
        (-0.0596729145, -0.846840308, 0.528489013),
        (-0.0596729145, -0.846840308, 0.528489013),
        (-0.0596729145, -0.846840308, 0.528489013),
        (0, 0, 1),
        (0, 0, 1),
        (0, 0, 1),
        (0, 0, 1),
        (0, 0, 1),
        (0, 0, 1),
        (0, 0, 1),
        (0, 0, 1),
        (0, 0, 1),
        (0, 0, 1),
        (0, 0, 1),
        (0, 0, 1),
        (-0.847558119, 0.0273218057, 0.529998825),
        (-0.847558119, 0.0273218057, 0.529998825),
        (-0.847558119, 0.0273218057, 0.529998825),
        (-0, 0, 1),
        (-0, 0, 1),
        (-0, 0, 1),
        (0, -0, 1),
        (0, -0, 1),
        (0, -0, 1),
        (-0, 0, 1),
        (-0, 0, 1),
        (-0, 0, 1),
        (-0.847498465, 0.0291145073, 0.529998771),
        (-0.847498465, 0.0291145073, 0.529998771),
        (-0.847498465, 0.0291145073, 0.529998771),
        (-0.847550379, 0.0275630289, 0.529998712),
        (-0.847550379, 0.0275630289, 0.529998712),
        (-0.847550379, 0.0275630289, 0.529998712),
        (0, 0, 1),
        (0, 0, 1),
        (0, 0, 1),
        (0, 0, 1),
        (0, 0, 1),
        (0, 0, 1),
        (-0.847550258, 0.0275615082, 0.529998985),
        (-0.847550258, 0.0275615082, 0.529998985),
        (-0.847550258, 0.0275615082, 0.529998985),
        (0, 0, 1),
        (0, 0, 1),
        (0, 0, 1),
        (-0.847904372, 0.012624012, 0.529998877),
        (-0.847904372, 0.012624012, 0.529998877),
        (-0.847904372, 0.012624012, 0.529998877),
        (-0.847754662, 0.0203316201, 0.529998734),
        (-0.847754662, 0.0203316201, 0.529998734),
        (-0.847754662, 0.0203316201, 0.529998734),
        (-0.847904438, 0.012624688, 0.529998756),
        (-0.847904438, 0.012624688, 0.529998756),
        (-0.847904438, 0.012624688, 0.529998756),
        (0, -0, 1),
        (0, -0, 1),
        (0, -0, 1),
        (0, 0, 1),
        (0, 0, 1),
        (0, 0, 1),
        (-0, 0, 1),
        (-0, 0, 1),
        (-0, 0, 1),
        (0, 0, 1),
        (0, 0, 1),
        (0, 0, 1),
        (-0.847930315, 0.010754073, 0.529998615),
        (-0.847930315, 0.010754073, 0.529998615),
        (-0.847930315, 0.010754073, 0.529998615),
        (-0.847922672, 0.0113340773, 0.529998755),
        (-0.847922672, 0.0113340773, 0.529998755),
        (-0.847922672, 0.0113340773, 0.529998755),
        (0, 0, 1),
        (0, 0, 1),
        (0, 0, 1),
        (-0, 0, 1),
        (-0, 0, 1),
        (-0, 0, 1),
        (-0.00938501, -0.847946292, 0.529999064),
        (-0.00938501, -0.847946292, 0.529999064),
        (-0.00938501, -0.847946292, 0.529999064),
        (-0, -0, 1),
        (-0, -0, 1),
        (-0, -0, 1),
        (-0.0648140662, -0.845517587, 0.529999195),
        (-0.0648140662, -0.845517587, 0.529999195),
        (-0.0648140662, -0.845517587, 0.529999195),
        (0, 0, 1),
        (0, 0, 1),
        (0, 0, 1),
        (0, 0, 1),
        (0, 0, 1),
        (0, 0, 1),
        (0.0359219811, -0.847237015, 0.529999105),
        (0.0359219811, -0.847237015, 0.529999105),
        (0.0359219811, -0.847237015, 0.529999105),
        (0, -0, 1),
        (0, -0, 1),
        (0, -0, 1),
        (0.0927327779, -0.842912652, 0.529998956),
        (0.0927327779, -0.842912652, 0.529998956),
        (0.0927327779, -0.842912652, 0.529998956),
        (0, 0, 1),
        (0, 0, 1),
        (0, 0, 1),
        (0, 0, 1),
        (0, 0, 1),
        (0, 0, 1),
        (0, 0, 1),
        (0, 0, 1),
        (0, 0, 1),
        (-0, 0, 1),
        (-0, 0, 1),
        (-0, 0, 1),
        (-0.0281396469, -0.847531249, 0.529999002),
        (-0.0281396469, -0.847531249, 0.529999002),
        (-0.0281396469, -0.847531249, 0.529999002),
        (0.0359258302, -0.847237242, 0.529998482),
        (0.0359258302, -0.847237242, 0.529998482),
        (0.0359258302, -0.847237242, 0.529998482),
        (0, -0, 1),
        (0, -0, 1),
        (0, -0, 1),
        (0.0823808437, -0.843987044, 0.529999307),
        (0.0823808437, -0.843987044, 0.529999307),
        (0.0823808437, -0.843987044, 0.529999307),
        (0.092732073, -0.842912808, 0.529998831),
        (0.092732073, -0.842912808, 0.529998831),
        (0.092732073, -0.842912808, 0.529998831),
        (0, -0, 1),
        (0, -0, 1),
        (0, -0, 1),
        (0.0461032674, -0.846744356, 0.52999857),
        (0.0461032674, -0.846744356, 0.52999857),
        (0.0461032674, -0.846744356, 0.52999857),
        (0, -0, 1),
        (0, -0, 1),
        (0, -0, 1),
        (0.0281369378, -0.847531655, 0.529998497),
        (0.0281369378, -0.847531655, 0.529998497),
        (0.0281369378, -0.847531655, 0.529998497),
        (-0, 0, 1),
        (-0, 0, 1),
        (-0, 0, 1),
        (-0.847498291, 0.0291156896, 0.529998984),
        (-0.847498291, 0.0291156896, 0.529998984),
        (-0.847498291, 0.0291156896, 0.529998984),
        (-0, -0, 1),
        (-0, -0, 1),
        (-0, -0, 1),
        (-0.847956414, 0.00844640573, 0.529998658),
        (-0.847956414, 0.00844640573, 0.529998658),
        (-0.847956414, 0.00844640573, 0.529998658),
        (0, 0, 1),
        (0, 0, 1),
        (0, 0, 1),
        (0, 0, 1),
        (0, 0, 1),
        (0, 0, 1),
        (0, 0, 1),
        (0, 0, 1),
        (0, 0, 1),
        (0, -0, 1),
        (0, -0, 1),
        (0, -0, 1),
        (-0.847930332, -0.0107526936, 0.529998615),
        (-0.847930332, -0.0107526936, 0.529998615),
        (-0.847930332, -0.0107526936, 0.529998615),
        (-0.847930001, -0.0107553437, 0.52999909),
        (-0.847930001, -0.0107553437, 0.52999909),
        (-0.847930001, -0.0107553437, 0.52999909),
        (-0.847658645, -0.0240032958, 0.529998739),
        (-0.847658645, -0.0240032958, 0.529998739),
        (-0.847658645, -0.0240032958, 0.529998739),
        (0, 0, 1),
        (0, 0, 1),
        (0, 0, 1),
        (0, 0, 1),
        (0, 0, 1),
        (0, 0, 1),
        (-0, -0, 1),
        (-0, -0, 1),
        (-0, -0, 1),
        (0, 0, 1),
        (0, 0, 1),
        (0, 0, 1),
        (-0.847922681, -0.0113334708, 0.529998755),
        (-0.847922681, -0.0113334708, 0.529998755),
        (-0.847922681, -0.0113334708, 0.529998755),
        (0, 0, 1),
        (0, 0, 1),
        (0, 0, 1),
        (-0.847550253, -0.0275616458, 0.529998985),
        (-0.847550253, -0.0275616458, 0.529998985),
        (-0.847550253, -0.0275616458, 0.529998985),
        (-0.847658274, -0.0240059141, 0.529999214),
        (-0.847658274, -0.0240059141, 0.529999214),
        (-0.847658274, -0.0240059141, 0.529999214),
        (0, 0, 1),
        (0, 0, 1),
        (0, 0, 1),
        (-0.847848714, -0.0159294607, 0.529998877),
        (-0.847848714, -0.0159294607, 0.529998877),
        (-0.847848714, -0.0159294607, 0.529998877),
        (-0.847904372, -0.012624012, 0.529998877),
        (-0.847904372, -0.012624012, 0.529998877),
        (-0.847904372, -0.012624012, 0.529998877),
        (-0, -0, 1),
        (-0, -0, 1),
        (-0, -0, 1),
        (0, 0, 1),
        (0, 0, 1),
        (0, 0, 1),
        (-0.847665067, -0.02377348, 0.529998826),
        (-0.847665067, -0.02377348, 0.529998826),
        (-0.847665067, -0.02377348, 0.529998826),
        (-0.847665032, -0.0237730543, 0.529998901),
        (-0.847665032, -0.0237730543, 0.529998901),
        (-0.847665032, -0.0237730543, 0.529998901),
        (-0.847467502, -0.0299973998, 0.529999047),
        (-0.847467502, -0.0299973998, 0.529999047),
        (-0.847467502, -0.0299973998, 0.529999047),
        (-0.847467567, -0.0299969531, 0.529998967),
        (-0.847467567, -0.0299969531, 0.529998967),
        (-0.847467567, -0.0299969531, 0.529998967),
        (0, -0, 1),
        (0, -0, 1),
        (0, -0, 1),
        (0, 0, 1),
        (0, 0, 1),
        (0, 0, 1),
        (-0.847558004, -0.0273226079, 0.529998966),
        (-0.847558004, -0.0273226079, 0.529998966),
        (-0.847558004, -0.0273226079, 0.529998966),
        (-0, 0, 1),
        (-0, 0, 1),
        (-0, 0, 1),
        (-0.373156497, 0.750587363, 0.545319025),
        (-0.373156497, 0.750587363, 0.545319025),
        (-0.373156497, 0.750587363, 0.545319025),
        (0, 0, 1),
        (0, 0, 1),
        (0, 0, 1),
        (0, 0, 1),
        (0, 0, 1),
        (0, 0, 1),
        (0, -0, 1),
        (0, -0, 1),
        (0, -0, 1),
        (0, -0, 1),
        (0, -0, 1),
        (0, -0, 1),
        (-0.0753765722, 0.844641317, 0.529999451),
        (-0.0753765722, 0.844641317, 0.529999451),
        (-0.0753765722, 0.844641317, 0.529999451),
        (0, -0, 1),
        (0, -0, 1),
        (0, -0, 1),
        (0, -0, 1),
        (0, -0, 1),
        (0, -0, 1),
        (-0, 0, 1),
        (-0, 0, 1),
        (-0, 0, 1),
        (-0, 0, 1),
        (-0, 0, 1),
        (-0, 0, 1),
        (-0, 0, 1),
        (-0, 0, 1),
        (-0, 0, 1),
        (-0, -0, 1),
        (-0, -0, 1),
        (-0, -0, 1),
        (0, -0, 1),
        (0, -0, 1),
        (0, -0, 1),
        (0, 0, 1),
        (0, 0, 1),
        (0, 0, 1),
        (0, 0, 1),
        (0, 0, 1),
        (0, 0, 1),
        (-0, 0, 1),
        (-0, 0, 1),
        (-0, 0, 1),
        (-0, 0, 1),
        (-0, 0, 1),
        (-0, 0, 1),
        (-0, 0, 1),
        (-0, 0, 1),
        (-0, 0, 1),
        (-0.0972898025, 0.842399092, 0.529998551),
        (-0.0972898025, 0.842399092, 0.529998551),
        (-0.0972898025, 0.842399092, 0.529998551),
        (0, 0, 1),
        (0, 0, 1),
        (0, 0, 1),
        (0, 0, 1),
        (0, 0, 1),
        (0, 0, 1),
        (-0.0809250818, 0.844127998, 0.529999108),
        (-0.0809250818, 0.844127998, 0.529999108),
        (-0.0809250818, 0.844127998, 0.529999108),
        (-0, 0, 1),
        (-0, 0, 1),
        (-0, 0, 1),
        (0, 0, 1),
        (0, 0, 1),
        (0, 0, 1),
        (-0.0922667632, 0.842963634, 0.529999203),
        (-0.0922667632, 0.842963634, 0.529999203),
        (-0.0922667632, 0.842963634, 0.529999203),
        (-0.0972910097, 0.842398816, 0.529998769),
        (-0.0972910097, 0.842398816, 0.529998769),
        (-0.0972910097, 0.842398816, 0.529998769),
        (-0.0920426263, 0.842988414, 0.529998763),
        (-0.0920426263, 0.842988414, 0.529998763),
        (-0.0920426263, 0.842988414, 0.529998763),
        (-0.0865046666, 0.843574657, 0.529998812),
        (-0.0865046666, 0.843574657, 0.529998812),
        (-0.0865046666, 0.843574657, 0.529998812),
        (-0.0736040834, 0.844798204, 0.529998523),
        (-0.0736040834, 0.844798204, 0.529998523),
        (-0.0736040834, 0.844798204, 0.529998523),
        (0, -0, 1),
        (0, -0, 1),
        (0, -0, 1),
        (-0.086535731, 0.843571501, 0.529998765),
        (-0.086535731, 0.843571501, 0.529998765),
        (-0.086535731, 0.843571501, 0.529998765),
        (0, 0, 1),
        (0, 0, 1),
        (0, 0, 1),
        (0, 0, 1),
        (0, 0, 1),
        (0, 0, 1),
        (-0.0948171023, 0.842680858, 0.529998763),
        (-0.0948171023, 0.842680858, 0.529998763),
        (-0.0948171023, 0.842680858, 0.529998763),
        (0, -0, 1),
        (0, -0, 1),
        (0, -0, 1),
        (0, -0, 1),
        (0, -0, 1),
        (0, -0, 1),
        (-0.057239911, 0.846064346, 0.529998787),
        (-0.057239911, 0.846064346, 0.529998787),
        (-0.057239911, 0.846064346, 0.529998787),
        (-0.0658304926, 0.845439311, 0.529998791),
        (-0.0658304926, 0.845439311, 0.529998791),
        (-0.0658304926, 0.845439311, 0.529998791),
        (0, -0, 1),
        (0, -0, 1),
        (0, -0, 1),
        (0, 0, 1),
        (0, 0, 1),
        (0, 0, 1),
        (0.0109829344, -0.847927444, 0.529998515),
        (0.0109829344, -0.847927444, 0.529998515),
        (0.0109829344, -0.847927444, 0.529998515),
        (0, 0, 1),
        (0, 0, 1),
        (0, 0, 1),
        (0, 0, 1),
        (0, 0, 1),
        (0, 0, 1),
        (-0.0461042431, -0.84674439, 0.529998431),
        (-0.0461042431, -0.84674439, 0.529998431),
        (-0.0461042431, -0.84674439, 0.529998431),
        (-0, 0, 1),
        (-0, 0, 1),
        (-0, 0, 1),
        (0, 0, 1),
        (0, 0, 1),
        (0, 0, 1),
        (0, 0, 1),
        (0, 0, 1),
        (0, 0, 1),
        (-0.0927320787, -0.84291286, 0.529998747),
        (-0.0927320787, -0.84291286, 0.529998747),
        (-0.0927320787, -0.84291286, 0.529998747),
        (0, 0, 1),
        (0, 0, 1),
        (0, 0, 1),
        (0.0414065019, -0.846986719, 0.529999056),
        (0.0414065019, -0.846986719, 0.529999056),
        (0.0414065019, -0.846986719, 0.529999056),
        (-0.0578670748, -0.846021364, 0.529999296),
        (-0.0578670748, -0.846021364, 0.529999296),
        (-0.0578670748, -0.846021364, 0.529999296),
        (0, 0, 1),
        (0, 0, 1),
        (0, 0, 1),
        (0.00938452972, -0.847946251, 0.529999137),
        (0.00938452972, -0.847946251, 0.529999137),
        (0.00938452972, -0.847946251, 0.529999137),
        (0, 0, 1),
        (0, 0, 1),
        (0, 0, 1),
        (0.0648128351, -0.845517809, 0.529998992),
        (0.0648128351, -0.845517809, 0.529998992),
        (0.0648128351, -0.845517809, 0.529998992),
        (0, -0, 1),
        (0, -0, 1),
        (0, -0, 1),
        (0, 0, 1),
        (0, 0, 1),
        (0, 0, 1),
        (-0, 0, 1),
        (-0, 0, 1),
        (-0, 0, 1),
        (0, 0, 1),
        (0, 0, 1),
        (0, 0, 1),
        (-0, -0, 1),
        (-0, -0, 1),
        (-0, -0, 1),
        (0, 0, 1),
        (0, 0, 1),
        (0, 0, 1),
        (-0, 0, 1),
        (-0, 0, 1),
        (-0, 0, 1),
        (0, 0, 1),
        (0, 0, 1),
        (0, 0, 1),
        (-0, 0, 1),
        (-0, 0, 1),
        (-0, 0, 1),
        (-0, 0, 1),
        (-0, 0, 1),
        (-0, 0, 1),
        (-0, 0, 1),
        (-0, 0, 1),
        (-0, 0, 1),
        (0, 0, 1),
        (0, 0, 1),
        (0, 0, 1),
        (0, 0, 1),
        (0, 0, 1),
        (0, 0, 1),
        (0, 0, 1),
        (0, 0, 1),
        (0, 0, 1),
        (0, 0, 1),
        (0, 0, 1),
        (0, 0, 1),
        (0, -0, 1),
        (0, -0, 1),
        (0, -0, 1),
        (0, 0, 1),
        (0, 0, 1),
        (0, 0, 1),
        (-0, 0, 1),
        (-0, 0, 1),
        (-0, 0, 1),
        (0, 0, 1),
        (0, 0, 1),
        (0, 0, 1),
        (0.0701509902, -0.845091525, 0.529999201),
        (0.0701509902, -0.845091525, 0.529999201),
        (0.0701509902, -0.845091525, 0.529999201),
        (-0, 0, 1),
        (-0, 0, 1),
        (-0, 0, 1),
        (-0, 0, 1),
        (-0, 0, 1),
        (-0, 0, 1),
        (0, 0, 1),
        (0, 0, 1),
        (0, 0, 1),
        (-0, 0, 1),
        (-0, 0, 1),
        (-0, 0, 1),
        (0.846199191, -0.0552047105, 0.529999404),
        (0.846199191, -0.0552047105, 0.529999404),
        (0.846199191, -0.0552047105, 0.529999404),
        (0.106961413, -0.833885104, 0.541474736),
        (0.106961413, -0.833885104, 0.541474736),
        (0.106961413, -0.833885104, 0.541474736),
        (0, 0, 1),
        (0, 0, 1),
        (0, 0, 1),
        (0, 0, 1),
        (0, 0, 1),
        (0, 0, 1),
        (0.845042464, -0.0707420953, 0.529998859),
        (0.845042464, -0.0707420953, 0.529998859),
        (0.845042464, -0.0707420953, 0.529998859),
        (0.821485233, -0.230997458, 0.521346513),
        (0.821485233, -0.230997458, 0.521346513),
        (0.821485233, -0.230997458, 0.521346513),
        (0, 0, 1),
        (0, 0, 1),
        (0, 0, 1),
        (0.845042411, -0.0707423622, 0.529998907),
        (0.845042411, -0.0707423622, 0.529998907),
        (0.845042411, -0.0707423622, 0.529998907),
        (-0, 0, 1),
        (-0, 0, 1),
        (-0, 0, 1),
        (0.845126872, -0.0697204061, 0.529999657),
        (0.845126872, -0.0697204061, 0.529999657),
        (0.845126872, -0.0697204061, 0.529999657),
        (0, 0, 1),
        (0, 0, 1),
        (0, 0, 1),
        (0.846021586, -0.057868419, 0.529998794),
        (0.846021586, -0.057868419, 0.529998794),
        (0.846021586, -0.057868419, 0.529998794),
        (0.846138018, -0.0561352926, 0.529999325),
        (0.846138018, -0.0561352926, 0.529999325),
        (0.846138018, -0.0561352926, 0.529999325),
        (0.845666569, -0.0628392091, 0.529999328),
        (0.845666569, -0.0628392091, 0.529999328),
        (0.845666569, -0.0628392091, 0.529999328),
        (0, 0, 1),
        (0, 0, 1),
        (0, 0, 1),
        (0.846138004, -0.0561349615, 0.529999382),
        (0.846138004, -0.0561349615, 0.529999382),
        (0.846138004, -0.0561349615, 0.529999382),
        (0, 0, 1),
        (0, 0, 1),
        (0, 0, 1),
        (0.847091946, -0.0391945763, 0.529999075),
        (0.847091946, -0.0391945763, 0.529999075),
        (0.847091946, -0.0391945763, 0.529999075),
        (0, 0, 1),
        (0, 0, 1),
        (0, 0, 1),
        (0.847594447, -0.0261715911, 0.529998775),
        (0.847594447, -0.0261715911, 0.529998775),
        (0.847594447, -0.0261715911, 0.529998775),
        (0.847594326, -0.0261700297, 0.529999045),
        (0.847594326, -0.0261700297, 0.529999045),
        (0.847594326, -0.0261700297, 0.529999045),
        (0.846643879, -0.0479049439, 0.529999301),
        (0.846643879, -0.0479049439, 0.529999301),
        (0.846643879, -0.0479049439, 0.529999301),
        (0, 0, 1),
        (0, 0, 1),
        (0, 0, 1),
        (-0, 0, 1),
        (-0, 0, 1),
        (-0, 0, 1),
        (0, 0, 1),
        (0, 0, 1),
        (0, 0, 1),
        (0, 0, 1),
        (0, 0, 1),
        (0, 0, 1),
        (0, 0, 1),
        (0, 0, 1),
        (0, 0, 1),
        (0, 0, 1),
        (0, 0, 1),
        (0, 0, 1),
        (0, 0, 1),
        (0, 0, 1),
        (0, 0, 1),
        (0, 0, 1),
        (0, 0, 1),
        (0, 0, 1),
        (-0, 0, 1),
        (-0, 0, 1),
        (-0, 0, 1),
        (0, -0, 1),
        (0, -0, 1),
        (0, -0, 1),
        (0, 0, 1),
        (0, 0, 1),
        (0, 0, 1),
        (0, 0, 1),
        (0, 0, 1),
        (0, 0, 1),
        (0, 0, 1),
        (0, 0, 1),
        (0, 0, 1),
        (-0.0747437545, 0.84469779, 0.52999907),
        (-0.0747437545, 0.84469779, 0.52999907),
        (-0.0747437545, 0.84469779, 0.52999907),
        (-0.0747432367, 0.844697893, 0.529998979),
        (-0.0747432367, 0.844697893, 0.529998979),
        (-0.0747432367, 0.844697893, 0.529998979),
        (-0.0661582822, 0.84541355, 0.529999067),
        (-0.0661582822, 0.84541355, 0.529999067),
        (-0.0661582822, 0.84541355, 0.529999067),
        (0, 0, 1),
        (0, 0, 1),
        (0, 0, 1),
        (0, 0, 1),
        (0, 0, 1),
        (0, 0, 1),
        (-0, 0, 1),
        (-0, 0, 1),
        (-0, 0, 1),
        (-0.0610742271, 0.845796098, 0.529998962),
        (-0.0610742271, 0.845796098, 0.529998962),
        (-0.0610742271, 0.845796098, 0.529998962),
        (-0.0709123703, 0.845028116, 0.52999898),
        (-0.0709123703, 0.845028116, 0.52999898),
        (-0.0709123703, 0.845028116, 0.52999898),
        (-0.0661600358, 0.845413229, 0.52999936),
        (-0.0661600358, 0.845413229, 0.52999936),
        (-0.0661600358, 0.845413229, 0.52999936),
        (-0.0500942135, 0.846517116, 0.529999379),
        (-0.0500942135, 0.846517116, 0.529999379),
        (-0.0500942135, 0.846517116, 0.529999379),
        (0, 0, 1),
        (0, 0, 1),
        (0, 0, 1),
        (0, -0, 1),
        (0, -0, 1),
        (0, -0, 1),
        (0, 0, 1),
        (0, 0, 1),
        (0, 0, 1),
        (-0, 0, 1),
        (-0, 0, 1),
        (-0, 0, 1),
        (-0.0583827774, 0.845986282, 0.529998738),
        (-0.0583827774, 0.845986282, 0.529998738),
        (-0.0583827774, 0.845986282, 0.529998738),
        (0, -0, 1),
        (0, -0, 1),
        (0, -0, 1),
        (-0.0583812226, 0.845986562, 0.529998461),
        (-0.0583812226, 0.845986562, 0.529998461),
        (-0.0583812226, 0.845986562, 0.529998461),
        (0, 0, 1),
        (0, 0, 1),
        (0, 0, 1),
        (-0.0510417307, 0.846460742, 0.529999013),
        (-0.0510417307, 0.846460742, 0.529999013),
        (-0.0510417307, 0.846460742, 0.529999013),
        (0, 0, 1),
        (0, 0, 1),
        (0, 0, 1),
        (-0.0346109918, 0.847291952, 0.529998516),
        (-0.0346109918, 0.847291952, 0.529998516),
        (-0.0346109918, 0.847291952, 0.529998516),
        (-0.0346094093, 0.847291842, 0.529998795),
        (-0.0346094093, 0.847291842, 0.529998795),
        (-0.0346094093, 0.847291842, 0.529998795),
        (0, 0, 1),
        (0, 0, 1),
        (0, 0, 1),
        (0.847421552, -0.0312772556, 0.529998534),
        (0.847421552, -0.0312772556, 0.529998534),
        (0.847421552, -0.0312772556, 0.529998534),
        (0.847166917, -0.0375468323, 0.529998538),
        (0.847166917, -0.0375468323, 0.529998538),
        (0.847166917, -0.0375468323, 0.529998538),
        (0, 0, 1),
        (0, 0, 1),
        (0, 0, 1),
        (0, 0, 1),
        (0, 0, 1),
        (0, 0, 1),
        (0.846946716, -0.0422148286, 0.529999215),
        (0.846946716, -0.0422148286, 0.529999215),
        (0.846946716, -0.0422148286, 0.529999215),
        (-0, 0, 1),
        (-0, 0, 1),
        (-0, 0, 1),
        (-0, 0, 1),
        (-0, 0, 1),
        (-0, 0, 1),
        (0.847147411, -0.0379752384, 0.529999194),
        (0.847147411, -0.0379752384, 0.529999194),
        (0.847147411, -0.0379752384, 0.529999194),
        (0.847740214, -0.020914405, 0.529999167),
        (0.847740214, -0.020914405, 0.529999167),
        (0.847740214, -0.020914405, 0.529999167),
        (0, -0, 1),
        (0, -0, 1),
        (0, -0, 1),
        (0, 0, 1),
        (0, 0, 1),
        (0, 0, 1),
        (0.847977939, -0.00594274056, 0.529998206),
        (0.847977939, -0.00594274056, 0.529998206),
        (0.847977939, -0.00594274056, 0.529998206),
        (0, -0, 1),
        (0, -0, 1),
        (0, -0, 1),
        (0.847899772, -0.0129385652, 0.529998651),
        (0.847899772, -0.0129385652, 0.529998651),
        (0.847899772, -0.0129385652, 0.529998651),
        (0, 0, 1),
        (0, 0, 1),
        (0, 0, 1),
        (0, -0, 1),
        (0, -0, 1),
        (0, -0, 1),
        (0.847904102, -0.0126665012, 0.529998296),
        (0.847904102, -0.0126665012, 0.529998296),
        (0.847904102, -0.0126665012, 0.529998296),
        (0, 0, 1),
        (0, 0, 1),
        (0, 0, 1),
        (0.847977143, -0.00594972419, 0.529999402),
        (0.847977143, -0.00594972419, 0.529999402),
        (0.847977143, -0.00594972419, 0.529999402),
        (0, 0, 1),
        (0, 0, 1),
        (0, 0, 1),
        (0.847972106, 0.00669895212, 0.52999852),
        (0.847972106, 0.00669895212, 0.52999852),
        (0.847972106, 0.00669895212, 0.52999852),
        (0.847998231, 0.000952326478, 0.529998202),
        (0.847998231, 0.000952326478, 0.529998202),
        (0.847998231, 0.000952326478, 0.529998202),
        (0, -0, 1),
        (0, -0, 1),
        (0, -0, 1),
        (0.847996178, 0.00197970141, 0.529998644),
        (0.847996178, 0.00197970141, 0.529998644),
        (0.847996178, 0.00197970141, 0.529998644),
        (-0, 0, 1),
        (-0, 0, 1),
        (-0, 0, 1),
        (0, 0, 1),
        (0, 0, 1),
        (0, 0, 1),
        (-0, 0, 1),
        (-0, 0, 1),
        (-0, 0, 1),
        (0.847889325, -0.0136017312, 0.52999876),
        (0.847889325, -0.0136017312, 0.52999876),
        (0.847889325, -0.0136017312, 0.52999876),
        (-0.0484230591, 0.841449811, 0.53816115),
        (-0.0484230591, 0.841449811, 0.53816115),
        (-0.0484230591, 0.841449811, 0.53816115),
        (-0, 0, 1),
        (-0, 0, 1),
        (-0, 0, 1),
        (0.848156637, -0.0195981957, 0.529382876),
        (0.848156637, -0.0195981957, 0.529382876),
        (0.848156637, -0.0195981957, 0.529382876),
        (0, 0, 1),
        (0, 0, 1),
        (0, 0, 1),
        (0, 0, 1),
        (0, 0, 1),
        (0, 0, 1),
        (0.155309593, -0.860841932, 0.484592714),
        (0.155309593, -0.860841932, 0.484592714),
        (0.155309593, -0.860841932, 0.484592714),
        (0, 0, 1),
        (0, 0, 1),
        (0, 0, 1),
        (-0.849264543, -0.0156785458, 0.527734705),
        (-0.849264543, -0.0156785458, 0.527734705),
        (-0.849264543, -0.0156785458, 0.527734705),
        (0, 0, 1),
        (0, 0, 1),
        (0, 0, 1),
        (-0.845227155, -0.0685031797, 0.529998463),
        (-0.845227155, -0.0685031797, 0.529998463),
        (-0.845227155, -0.0685031797, 0.529998463),
        (0, 0, 1),
        (0, 0, 1),
        (0, 0, 1),
        (-0, 0, 1),
        (-0, 0, 1),
        (-0, 0, 1),
        (0.0922642818, -0.84296385, 0.529999292),
        (0.0922642818, -0.84296385, 0.529999292),
        (0.0922642818, -0.84296385, 0.529999292),
        (-0, 0, 1),
        (-0, 0, 1),
        (-0, 0, 1),
        (0, -0, 1),
        (0, -0, 1),
        (0, -0, 1),
        (0.092264866, -0.842963723, 0.529999393),
        (0.092264866, -0.842963723, 0.529999393),
        (0.092264866, -0.842963723, 0.529999393),
        (0, -0, 1),
        (0, -0, 1),
        (0, -0, 1),
        (0, 0, 1),
        (0, 0, 1),
        (0, 0, 1),
        (-0, 0, 1),
        (-0, 0, 1),
        (-0, 0, 1),
        (0, 0, 1),
        (0, 0, 1),
        (0, 0, 1),
        (0.0920378313, -0.842988881, 0.529998853),
        (0.0920378313, -0.842988881, 0.529998853),
        (0.0920378313, -0.842988881, 0.529998853),
        (0.0809232986, -0.844128121, 0.529999184),
        (0.0809232986, -0.844128121, 0.529999184),
        (0.0809232986, -0.844128121, 0.529999184),
        (0, 0, 1),
        (0, 0, 1),
        (0, 0, 1),
        (0, -0, 1),
        (0, -0, 1),
        (0, -0, 1),
        (0.080925404, -0.844128156, 0.529998806),
        (0.080925404, -0.844128156, 0.529998806),
        (0.080925404, -0.844128156, 0.529998806),
        (-0, 0, 1),
        (-0, 0, 1),
        (-0, 0, 1),
        (0.0736036946, -0.844797761, 0.529999282),
        (0.0736036946, -0.844797761, 0.529999282),
        (0.0736036946, -0.844797761, 0.529999282),
        (0, -0, 1),
        (0, -0, 1),
        (0, -0, 1),
        (-0, 0, 1),
        (-0, 0, 1),
        (-0, 0, 1),
        (0.0939890248, -0.842773267, 0.529999323),
        (0.0939890248, -0.842773267, 0.529999323),
        (0.0939890248, -0.842773267, 0.529999323),
        (0.0948158248, -0.842681, 0.529998766),
        (0.0948158248, -0.842681, 0.529998766),
        (0.0948158248, -0.842681, 0.529998766),
        (0.0865380275, -0.84357118, 0.529998901),
        (0.0865380275, -0.84357118, 0.529998901),
        (0.0865380275, -0.84357118, 0.529998901),
        (0.0948137579, -0.84268146, 0.529998403),
        (0.0948137579, -0.84268146, 0.529998403),
        (0.0948137579, -0.84268146, 0.529998403),
        (0, -0, 1),
        (0, -0, 1),
        (0, -0, 1),
        (0.0818713711, -0.844036605, 0.529999328),
        (0.0818713711, -0.844036605, 0.529999328),
        (0.0818713711, -0.844036605, 0.529999328),
        (0, 0, 1),
        (0, 0, 1),
        (0, 0, 1),
        (0, 0, 1),
        (0, 0, 1),
        (0, 0, 1),
        (-0.84799763, -0.00101557693, 0.529999046),
        (-0.84799763, -0.00101557693, 0.529999046),
        (-0.84799763, -0.00101557693, 0.529999046),
        (-0.847512154, -0.0287083485, 0.529999038),
        (-0.847512154, -0.0287083485, 0.529999038),
        (-0.847512154, -0.0287083485, 0.529999038),
        (-0, 0, 1),
        (-0, 0, 1),
        (-0, 0, 1),
        (-0.847975111, 0.00625520564, 0.529999136),
        (-0.847975111, 0.00625520564, 0.529999136),
        (-0.847975111, 0.00625520564, 0.529999136),
        (-0.847975534, 0.00625937836, 0.529998409),
        (-0.847975534, 0.00625937836, 0.529998409),
        (-0.847975534, 0.00625937836, 0.529998409),
        (-0, 0, 1),
        (-0, 0, 1),
        (-0, 0, 1),
        (-0.846932661, 0.042506514, 0.529998363),
        (-0.846932661, 0.042506514, 0.529998363),
        (-0.846932661, 0.042506514, 0.529998363),
        (0, 0, 1),
        (0, 0, 1),
        (0, 0, 1),
        (-0.846496418, 0.0504533141, 0.529998376),
        (-0.846496418, 0.0504533141, 0.529998376),
        (-0.846496418, 0.0504533141, 0.529998376),
        (-0.84729994, 0.0343984635, 0.529999582),
        (-0.84729994, 0.0343984635, 0.529999582),
        (-0.84729994, 0.0343984635, 0.529999582),
        (0, 0, 1),
        (0, 0, 1),
        (0, 0, 1),
        (-0, 0, 1),
        (-0, 0, 1),
        (-0, 0, 1),
        (0, -0, 1),
        (0, -0, 1),
        (0, -0, 1),
        (-0.847998304, 0, 0.52999894),
        (-0.847998304, 0, 0.52999894),
        (-0.847998304, 0, 0.52999894),
        (-0.842602448, -0.0955094734, 0.529999109),
        (-0.842602448, -0.0955094734, 0.529999109),
        (-0.842602448, -0.0955094734, 0.529999109),
        (-0.843275878, -0.0893685162, 0.529999115),
        (-0.843275878, -0.0893685162, 0.529999115),
        (-0.843275878, -0.0893685162, 0.529999115),
        (-0.847588621, 0.0263602063, 0.529998744),
        (-0.847588621, 0.0263602063, 0.529998744),
        (-0.847588621, 0.0263602063, 0.529998744),
        (-0.847918635, 0.0116149467, 0.529999134),
        (-0.847918635, 0.0116149467, 0.529999134),
        (-0.847918635, 0.0116149467, 0.529999134),
        (-0, 0, 1),
        (-0, 0, 1),
        (-0, 0, 1),
        (-0.846704729, 0.0468140325, 0.529999574),
        (-0.846704729, 0.0468140325, 0.529999574),
        (-0.846704729, 0.0468140325, 0.529999574),
        (-0.847811598, 0.0177939627, 0.529998933),
        (-0.847811598, 0.0177939627, 0.529998933),
        (-0.847811598, 0.0177939627, 0.529998933),
        (0, 0, 1),
        (0, 0, 1),
        (0, 0, 1),
        (0, -0, 1),
        (0, -0, 1),
        (0, -0, 1),
        (-0, 0, 1),
        (-0, 0, 1),
        (-0, 0, 1),
        (0, 0, 1),
        (0, 0, 1),
        (0, 0, 1),
        (0, 0, 1),
        (0, 0, 1),
        (0, 0, 1),
        (0, 0, 1),
        (0, 0, 1),
        (0, 0, 1),
        (0, 0, 1),
        (0, 0, 1),
        (0, 0, 1),
        (0, -0, 1),
        (0, -0, 1),
        (0, -0, 1),
        (0, 0, 1),
        (0, 0, 1),
        (0, 0, 1),
        (-0.847300414, -0.0343954819, 0.529999019),
        (-0.847300414, -0.0343954819, 0.529999019),
        (-0.847300414, -0.0343954819, 0.529999019),
        (-0.846704716, -0.0468142642, 0.529999574),
        (-0.846704716, -0.0468142642, 0.529999574),
        (-0.846704716, -0.0468142642, 0.529999574),
        (-0.8469323, -0.0425089944, 0.52999874),
        (-0.8469323, -0.0425089944, 0.52999874),
        (-0.8469323, -0.0425089944, 0.52999874),
        (0, 0, 1),
        (0, 0, 1),
        (0, 0, 1),
        (0, 0, 1),
        (0, 0, 1),
        (0, 0, 1),
        (-0.847970205, -0.0068753271, 0.529999303),
        (-0.847970205, -0.0068753271, 0.529999303),
        (-0.847970205, -0.0068753271, 0.529999303),
        (0, -0, 1),
        (0, -0, 1),
        (0, -0, 1),
        (-0.847974932, -0.00625669482, 0.529999404),
        (-0.847974932, -0.00625669482, 0.529999404),
        (-0.847974932, -0.00625669482, 0.529999404),
        (-0.84799763, 0.00101557693, 0.529999046),
        (-0.84799763, 0.00101557693, 0.529999046),
        (-0.84799763, 0.00101557693, 0.529999046),
        (0, 0, 1),
        (0, 0, 1),
        (0, 0, 1),
        (-0.847997423, 0.00101347929, 0.529999381),
        (-0.847997423, 0.00101347929, 0.529999381),
        (-0.847997423, 0.00101347929, 0.529999381),
        (-0, 0, 1),
        (-0, 0, 1),
        (-0, 0, 1),
        (-0.842602448, 0.0955094734, 0.529999109),
        (-0.842602448, 0.0955094734, 0.529999109),
        (-0.842602448, 0.0955094734, 0.529999109),
        (0, 0, 1),
        (0, 0, 1),
        (0, 0, 1),
        (-0.846282589, 0.053918252, 0.52999868),
        (-0.846282589, 0.053918252, 0.52999868),
        (-0.846282589, 0.053918252, 0.52999868),
        (0, 0, 1),
        (0, 0, 1),
        (0, 0, 1),
        (0, 0, 1),
        (0, 0, 1),
        (0, 0, 1),
        (-0.847811598, -0.0177939627, 0.529998933),
        (-0.847811598, -0.0177939627, 0.529998933),
        (-0.847811598, -0.0177939627, 0.529998933),
        (0, -0, 1),
        (0, -0, 1),
        (0, -0, 1),
        (-0.847588381, -0.0263568368, 0.529999296),
        (-0.847588381, -0.0263568368, 0.529999296),
        (-0.847588381, -0.0263568368, 0.529999296),
        (-0.84260326, 0.0955057663, 0.529998486),
        (-0.84260326, 0.0955057663, 0.529998486),
        (-0.84260326, 0.0955057663, 0.529998486),
        (-0.845227155, 0.0685031797, 0.529998463),
        (-0.845227155, 0.0685031797, 0.529998463),
        (-0.845227155, 0.0685031797, 0.529998463),
        (0, 0, 1),
        (0, 0, 1),
        (0, 0, 1),
        (0, 0, 1),
        (0, 0, 1),
        (0, 0, 1),
        (-0, -0, 1),
        (-0, -0, 1),
        (-0, -0, 1),
        (0, 0, 1),
        (0, 0, 1),
        (0, 0, 1),
        (0, 0, 1),
        (0, 0, 1),
        (0, 0, 1),
        (0, 0, 1),
        (0, 0, 1),
        (0, 0, 1),
        (-0, 0, 1),
        (-0, 0, 1),
        (-0, 0, 1),
        (0, 0, 1),
        (0, 0, 1),
        (0, 0, 1),
        (0, 0, 1),
        (0, 0, 1),
        (0, 0, 1),
        (0.0376256999, 0.847163284, 0.529998752),
        (0.0376256999, 0.847163284, 0.529998752),
        (0.0376256999, 0.847163284, 0.529998752),
        (-0, 0, 1),
        (-0, 0, 1),
        (-0, 0, 1),
        (0, 0, 1),
        (0, 0, 1),
        (0, 0, 1),
        (0, 0, 1),
        (0, 0, 1),
        (0, 0, 1),
        (-0.829732479, 0.0584204013, 0.55509555),
        (-0.829732479, 0.0584204013, 0.55509555),
        (-0.829732479, 0.0584204013, 0.55509555),
        (0, 0, 1),
        (0, 0, 1),
        (0, 0, 1),
        (0, -0, 1),
        (0, -0, 1),
        (0, -0, 1),
        (-0, 0, 1),
        (-0, 0, 1),
        (-0, 0, 1),
        (0.0493453773, 0.855878277, 0.51481784),
        (0.0493453773, 0.855878277, 0.51481784),
        (0.0493453773, 0.855878277, 0.51481784),
        (0, 0, 1),
        (0, 0, 1),
        (0, 0, 1),
        (0, 0, 1),
        (0, 0, 1),
        (0, 0, 1),
        (0.0209859095, 0.847738754, 0.529998677),
        (0.0209859095, 0.847738754, 0.529998677),
        (0.0209859095, 0.847738754, 0.529998677),
        (0, -0, 1),
        (0, -0, 1),
        (0, -0, 1),
        (0, 0, 1),
        (0, 0, 1),
        (0, 0, 1),
        (0, -0, 1),
        (0, -0, 1),
        (0, -0, 1),
        (0.0263554222, 0.847588979, 0.52999841),
        (0.0263554222, 0.847588979, 0.52999841),
        (0.0263554222, 0.847588979, 0.52999841),
        (0, 0, 1),
        (0, 0, 1),
        (0, 0, 1),
        (-0, -0, 1),
        (-0, -0, 1),
        (-0, -0, 1),
        (0.00841219717, 0.847956671, 0.529998791),
        (0.00841219717, 0.847956671, 0.529998791),
        (0.00841219717, 0.847956671, 0.529998791),
        (0, 0, 1),
        (0, 0, 1),
        (0, 0, 1),
        (0.0059416572, 0.847977359, 0.529999147),
        (0.0059416572, 0.847977359, 0.529999147),
        (0.0059416572, 0.847977359, 0.529999147),
        (0.0165940836, 0.84783623, 0.529998456),
        (0.0165940836, 0.84783623, 0.529998456),
        (0.0165940836, 0.84783623, 0.529998456),
        (0.0263544991, 0.847589108, 0.52999825),
        (0.0263544991, 0.847589108, 0.52999825),
        (0.0263544991, 0.847589108, 0.52999825),
        (0, 0, 1),
        (0, 0, 1),
        (0, 0, 1),
        (0.0239719493, 0.847659552, 0.529998707),
        (0.0239719493, 0.847659552, 0.529998707),
        (0.0239719493, 0.847659552, 0.529998707),
        (-0, 0, 1),
        (-0, 0, 1),
        (-0, 0, 1),
        (-0, 0, 1),
        (-0, 0, 1),
        (-0, 0, 1),
        (0, -0, 1),
        (0, -0, 1),
        (0, -0, 1),
        (0.00460422453, 0.847985621, 0.529999234),
        (0.00460422453, 0.847985621, 0.529999234),
        (0.00460422453, 0.847985621, 0.529999234),
        (0, 0, 1),
        (0, 0, 1),
        (0, 0, 1),
        (0.0239751916, 0.847659127, 0.52999924),
        (0.0239751916, 0.847659127, 0.52999924),
        (0.0239751916, 0.847659127, 0.52999924),
        (0.0572362911, -0.846064111, 0.529999554),
        (0.0572362911, -0.846064111, 0.529999554),
        (0.0572362911, -0.846064111, 0.529999554),
        (0.0658310794, -0.845438934, 0.529999319),
        (0.0658310794, -0.845438934, 0.529999319),
        (0.0658310794, -0.845438934, 0.529999319),
        (0, 0, 1),
        (0, 0, 1),
        (0, 0, 1),
        (0.0610730038, -0.845795813, 0.529999557),
        (0.0610730038, -0.845795813, 0.529999557),
        (0.0610730038, -0.845795813, 0.529999557),
        (0, 0, 1),
        (0, 0, 1),
        (0, 0, 1),
        (-0, 0, 1),
        (-0, 0, 1),
        (-0, 0, 1),
        (0, 0, 1),
        (0, 0, 1),
        (0, 0, 1),
        (0, 0, 1),
        (0, 0, 1),
        (0, 0, 1),
        (0, 0, 1),
        (0, 0, 1),
        (0, 0, 1),
        (0.0454176546, -0.846781147, 0.529998987),
        (0.0454176546, -0.846781147, 0.529998987),
        (0.0454176546, -0.846781147, 0.529998987),
        (-0.0398877462, 0.847059804, 0.529998732),
        (-0.0398877462, 0.847059804, 0.529998732),
        (-0.0398877462, 0.847059804, 0.529998732),
        (0, 0, 1),
        (0, 0, 1),
        (0, 0, 1),
        (0.0561436168, -0.846137571, 0.529999156),
        (0.0561436168, -0.846137571, 0.529999156),
        (0.0561436168, -0.846137571, 0.529999156),
        (0.0583818887, -0.84598604, 0.529999221),
        (0.0583818887, -0.84598604, 0.529999221),
        (0.0583818887, -0.84598604, 0.529999221),
        (0.0353682439, -0.847260547, 0.52999873),
        (0.0353682439, -0.847260547, 0.52999873),
        (0.0353682439, -0.847260547, 0.52999873),
        (0.0454455698, -0.846779879, 0.52999862),
        (0.0454455698, -0.846779879, 0.52999862),
        (0.0454455698, -0.846779879, 0.52999862),
        (0.0747441537, -0.844697756, 0.529999069),
        (0.0747441537, -0.844697756, 0.529999069),
        (0.0747441537, -0.844697756, 0.529999069),
        (0, -0, 1),
        (0, -0, 1),
        (0, -0, 1),
        (0, 0, 1),
        (0, 0, 1),
        (0, 0, 1),
        (0.0379265839, -0.847150027, 0.529998496),
        (0.0379265839, -0.847150027, 0.529998496),
        (0.0379265839, -0.847150027, 0.529998496),
        (-0, 0, 1),
        (-0, 0, 1),
        (-0, 0, 1),
        (0, 0, 1),
        (0, 0, 1),
        (0, 0, 1),
        (0, -0, 1),
        (0, -0, 1),
        (0, -0, 1),
        (-0, 0, 1),
        (-0, 0, 1),
        (-0, 0, 1),
        (0.0583791578, -0.845986531, 0.52999874),
        (0.0583791578, -0.845986531, 0.52999874),
        (0.0583791578, -0.845986531, 0.52999874),
        (0, 0, 1),
        (0, 0, 1),
        (0, 0, 1),
        (0.0510440716, -0.846460574, 0.529999055),
        (0.0510440716, -0.846460574, 0.529999055),
        (0.0510440716, -0.846460574, 0.529999055),
        (0.0454431742, -0.846779738, 0.52999905),
        (0.0454431742, -0.846779738, 0.52999905),
        (0.0454431742, -0.846779738, 0.52999905),
        (0, 0, 1),
        (0, 0, 1),
        (0, 0, 1),
        (0, 0, 1),
        (0, 0, 1),
        (0, 0, 1),
        (0, 0, 1),
        (0, 0, 1),
        (0, 0, 1),
        (0, 0, 1),
        (0, 0, 1),
        (0, 0, 1),
        (0, 0, 1),
        (0, 0, 1),
        (0, 0, 1),
        (-0, 0, 1),
        (-0, 0, 1),
        (-0, 0, 1),
        (0.0735362199, 0.847095678, 0.526328164),
        (0.0735362199, 0.847095678, 0.526328164),
        (0.0735362199, 0.847095678, 0.526328164),
        (0, 0, 1),
        (0, 0, 1),
        (0, 0, 1),
        (-0.0563028783, 0.841545724, 0.537243688),
        (-0.0563028783, 0.841545724, 0.537243688),
        (-0.0563028783, 0.841545724, 0.537243688),
        (-0, 0, 1),
        (-0, 0, 1),
        (-0, 0, 1),
        (0.0591743939, 0.807919092, 0.586314874),
        (0.0591743939, 0.807919092, 0.586314874),
        (0.0591743939, 0.807919092, 0.586314874),
        (-0, 0, 1),
        (-0, 0, 1),
        (-0, 0, 1),
        (0.0398859676, -0.847059958, 0.529998619),
        (0.0398859676, -0.847059958, 0.529998619),
        (0.0398859676, -0.847059958, 0.529998619),
        (0, 0, 1),
        (0, 0, 1),
        (0, 0, 1),
        (0, 0, 1),
        (0, 0, 1),
        (0, 0, 1),
        (0, 0, 1),
        (0, 0, 1),
        (0, 0, 1),
        (0.0401848868, -0.853678571, 0.519247602),
        (0.0401848868, -0.853678571, 0.519247602),
        (0.0401848868, -0.853678571, 0.519247602),
        (-0, 0, 1),
        (-0, 0, 1),
        (-0, 0, 1),
        (0, 0, 1),
        (0, 0, 1),
        (0, 0, 1),
        (0, 0, 1),
        (0, 0, 1),
        (0, 0, 1),
        (0.0396616373, -0.847070558, 0.529998513),
        (0.0396616373, -0.847070558, 0.529998513),
        (0.0396616373, -0.847070558, 0.529998513),
        (0.0353697346, -0.84726065, 0.529998465),
        (0.0353697346, -0.84726065, 0.529998465),
        (0.0353697346, -0.84726065, 0.529998465),
        (0.0596343141, -0.84908714, 0.524875964),
        (0.0596343141, -0.84908714, 0.524875964),
        (0.0596343141, -0.84908714, 0.524875964),
        (0, -0, 1),
        (0, -0, 1),
        (0, -0, 1),
        (0, -0, 1),
        (0, -0, 1),
        (0, -0, 1),
        (0.844124607, -0.080959407, 0.529999266),
        (0.844124607, -0.080959407, 0.529999266),
        (0.844124607, -0.080959407, 0.529999266),
        (0.846115858, -0.0564691383, 0.529999237),
        (0.846115858, -0.0564691383, 0.529999237),
        (0.846115858, -0.0564691383, 0.529999237),
        (0.843978737, -0.0824660092, 0.529999292),
        (0.843978737, -0.0824660092, 0.529999292),
        (0.843978737, -0.0824660092, 0.529999292),
        (-0, 0, 1),
        (-0, 0, 1),
        (-0, 0, 1),
        (0.843722737, -0.0850494006, 0.529998625),
        (0.843722737, -0.0850494006, 0.529998625),
        (0.843722737, -0.0850494006, 0.529998625),
        (0, -0, 1),
        (0, -0, 1),
        (0, -0, 1),
        (0, 0, 1),
        (0, 0, 1),
        (0, 0, 1),
        (0.847868728, -0.0148250145, 0.529998905),
        (0.847868728, -0.0148250145, 0.529998905),
        (0.847868728, -0.0148250145, 0.529998905),
        (0, 0, 1),
        (0, 0, 1),
        (0, 0, 1),
        (0, 0, 1),
        (0, 0, 1),
        (0, 0, 1),
        (-0, 0, 1),
        (-0, 0, 1),
        (-0, 0, 1),
        (-0, 0, 1),
        (-0, 0, 1),
        (-0, 0, 1),
        (0, 0, 1),
        (0, 0, 1),
        (0, 0, 1),
        (-0, 0, 1),
        (-0, 0, 1),
        (-0, 0, 1),
        (-0.00405906494, 0.847988514, 0.52999906),
        (-0.00405906494, 0.847988514, 0.52999906),
        (-0.00405906494, 0.847988514, 0.52999906),
        (0, -0, 1),
        (0, -0, 1),
        (0, -0, 1),
        (0, 0, 1),
        (0, 0, 1),
        (0, 0, 1),
        (0, -0, 1),
        (0, -0, 1),
        (0, -0, 1),
        (0, 0, 1),
        (0, 0, 1),
        (0, 0, 1),
        (0, 0, 1),
        (0, 0, 1),
        (0, 0, 1),
        (0, 0, 1),
        (0, 0, 1),
        (0, 0, 1),
        (0, 0, 1),
        (0, 0, 1),
        (0, 0, 1),
        (0.0198317481, 0.847766293, 0.529999071),
        (0.0198317481, 0.847766293, 0.529999071),
        (0.0198317481, 0.847766293, 0.529999071),
        (0, 0, 1),
        (0, 0, 1),
        (0, 0, 1),
        (-0, 0, 1),
        (-0, 0, 1),
        (-0, 0, 1),
        (0, -0, 1),
        (0, -0, 1),
        (0, -0, 1),
        (0, -0, 1),
        (0, -0, 1),
        (0, -0, 1),
        (0, -0, 1),
        (0, -0, 1),
        (0, -0, 1),
        (0, 0, 1),
        (0, 0, 1),
        (0, 0, 1),
        (0.84671317, -0.0466720112, 0.529998614),
        (0.84671317, -0.0466720112, 0.529998614),
        (0.84671317, -0.0466720112, 0.529998614),
        (0.846945738, -0.0422425402, 0.529998571),
        (0.846945738, -0.0422425402, 0.529998571),
        (0.846945738, -0.0422425402, 0.529998571),
        (0.847709299, -0.0221468716, 0.529998548),
        (0.847709299, -0.0221468716, 0.529998548),
        (0.847709299, -0.0221468716, 0.529998548),
        (0, 0, 1),
        (0, 0, 1),
        (0, 0, 1),
        (0, 0, 1),
        (0, 0, 1),
        (0, 0, 1),
        (0.846407696, -0.0519149413, 0.529998915),
        (0.846407696, -0.0519149413, 0.529998915),
        (0.846407696, -0.0519149413, 0.529998915),
        (-0, 0, 1),
        (-0, 0, 1),
        (-0, 0, 1),
        (0, 0, 1),
        (0, 0, 1),
        (0, 0, 1),
        (0.847908382, -0.0123327744, 0.52999932),
        (0.847908382, -0.0123327744, 0.52999932),
        (0.847908382, -0.0123327744, 0.52999932),
        (0, 0, 1),
        (0, 0, 1),
        (0, 0, 1),
        (-0.0398227736, 0.847062636, 0.529999091),
        (-0.0398227736, 0.847062636, 0.529999091),
        (-0.0398227736, 0.847062636, 0.529999091),
        (0, 0, 1),
        (0, 0, 1),
        (0, 0, 1),
        (0.847885456, 0.0138260509, 0.529999144),
        (0.847885456, 0.0138260509, 0.529999144),
        (0.847885456, 0.0138260509, 0.529999144),
        (0.84788583, 0.0138229959, 0.529998627),
        (0.84788583, 0.0138229959, 0.529998627),
        (0.84788583, 0.0138229959, 0.529998627),
        (-0.0198317481, 0.847766293, 0.529999071),
        (-0.0198317481, 0.847766293, 0.529999071),
        (-0.0198317481, 0.847766293, 0.529999071),
        (0, 0, 1),
        (0, 0, 1),
        (0, 0, 1),
        (0, 0, 1),
        (0, 0, 1),
        (0, 0, 1),
        (-0, 0, 1),
        (-0, 0, 1),
        (-0, 0, 1),
        (0, -0, 1),
        (0, -0, 1),
        (0, -0, 1),
        (0.0188751813, 0.847788524, 0.529998439),
        (0.0188751813, 0.847788524, 0.529998439),
        (0.0188751813, 0.847788524, 0.529998439),
        (0, 0, 1),
        (0, 0, 1),
        (0, 0, 1),
        (-0, 0, 1),
        (-0, 0, 1),
        (-0, 0, 1),
        (0, 0, 1),
        (0, 0, 1),
        (0, 0, 1),
        (-0.00460603933, 0.847985799, 0.529998933),
        (-0.00460603933, 0.847985799, 0.529998933),
        (-0.00460603933, 0.847985799, 0.529998933),
        (-0, 0, 1),
        (-0, 0, 1),
        (-0, 0, 1),
        (0, 0, 1),
        (0, 0, 1),
        (0, 0, 1),
        (0.00188063368, 0.847995981, 0.52999932),
        (0.00188063368, 0.847995981, 0.52999932),
        (0.00188063368, 0.847995981, 0.52999932),
        (-0.0084092998, 0.847956362, 0.529999331),
        (-0.0084092998, 0.847956362, 0.529999331),
        (-0.0084092998, 0.847956362, 0.529999331),
        (-0.0228414167, 0.847690722, 0.529998783),
        (-0.0228414167, 0.847690722, 0.529998783),
        (-0.0228414167, 0.847690722, 0.529998783),
        (-0, 0, 1),
        (-0, 0, 1),
        (-0, 0, 1),
        (-0.0209831609, 0.847738495, 0.529999199),
        (-0.0209831609, 0.847738495, 0.529999199),
        (-0.0209831609, 0.847738495, 0.529999199),
        (-0.0263544996, 0.847589123, 0.529998226),
        (-0.0263544996, 0.847589123, 0.529998226),
        (-0.0263544996, 0.847589123, 0.529998226),
        (0, 0, 1),
        (0, 0, 1),
        (0, 0, 1),
        (0, 0, 1),
        (0, 0, 1),
        (0, 0, 1),
        (-0.00526136698, 0.847982159, 0.529998657),
        (-0.00526136698, 0.847982159, 0.529998657),
        (-0.00526136698, 0.847982159, 0.529998657),
        (-0.00594251586, 0.847977736, 0.529998535),
        (-0.00594251586, 0.847977736, 0.529998535),
        (-0.00594251586, 0.847977736, 0.529998535),
        (0, 0, 1),
        (0, 0, 1),
        (0, 0, 1),
        (0, 0, 1),
        (0, 0, 1),
        (0, 0, 1),
        (-0, 0, 1),
        (-0, 0, 1),
        (-0, 0, 1),
        (0.847934369, 0.0122390716, 0.529959915),
        (0.847934369, 0.0122390716, 0.529959915),
        (0.847934369, 0.0122390716, 0.529959915),
        (-0.0427797853, 0.856971493, 0.513585192),
        (-0.0427797853, 0.856971493, 0.513585192),
        (-0.0427797853, 0.856971493, 0.513585192),
        (0, 0, 1),
        (0, 0, 1),
        (0, 0, 1),
        (0, 0, 1),
        (0, 0, 1),
        (0, 0, 1),
        (0.772260703, 0.173560031, 0.611138546),
        (0.772260703, 0.173560031, 0.611138546),
        (0.772260703, 0.173560031, 0.611138546),
        (-0, 0, 1),
        (-0, 0, 1),
        (-0, 0, 1),
        (-0, 0, 1),
        (-0, 0, 1),
        (-0, 0, 1),
        (-0.847242099, 0.0358018418, 0.529999107),
        (-0.847242099, 0.0358018418, 0.529999107),
        (-0.847242099, 0.0358018418, 0.529999107),
        (0, 0, 1),
        (0, 0, 1),
        (0, 0, 1),
        (0, 0, 1),
        (0, 0, 1),
        (0, 0, 1),
        (-0.872467933, 0.0904881466, 0.480220367),
        (-0.872467933, 0.0904881466, 0.480220367),
        (-0.872467933, 0.0904881466, 0.480220367),
        (-0, 0, 1),
        (-0, 0, 1),
        (-0, 0, 1),
        (0.0836303938, -0.84488983, 0.52836269),
        (0.0836303938, -0.84488983, 0.52836269),
        (0.0836303938, -0.84488983, 0.52836269),
        (-0, 0, 1),
        (-0, 0, 1),
        (-0, 0, 1),
        (-0, 0, 1),
        (-0, 0, 1),
        (-0, 0, 1),
        (0, 0, 1),
        (0, 0, 1),
        (0, 0, 1),
        (0.0228400342, -0.847690689, 0.529998895),
        (0.0228400342, -0.847690689, 0.529998895),
        (0.0228400342, -0.847690689, 0.529998895),
        (-0, 0, 1),
        (-0, 0, 1),
        (-0, 0, 1),
        (0.0162392742, -0.847842952, 0.529998694),
        (0.0162392742, -0.847842952, 0.529998694),
        (0.0162392742, -0.847842952, 0.529998694),
        (0, -0, 1),
        (0, -0, 1),
        (0, -0, 1),
        (0.0190674943, -0.847784089, 0.529998649),
        (0.0190674943, -0.847784089, 0.529998649),
        (0.0190674943, -0.847784089, 0.529998649),
        (0, 0, 1),
        (0, 0, 1),
        (0, 0, 1),
        (0.0199970291, -0.847762221, 0.529999373),
        (0.0199970291, -0.847762221, 0.529999373),
        (0.0199970291, -0.847762221, 0.529999373),
        (0, 0, 1),
        (0, 0, 1),
        (0, 0, 1),
        (0, 0, 1),
        (0, 0, 1),
        (0, 0, 1),
        (0.016770552, -0.847832609, 0.529998694),
        (0.016770552, -0.847832609, 0.529998694),
        (0.016770552, -0.847832609, 0.529998694),
        (0, 0, 1),
        (0, 0, 1),
        (0, 0, 1),
        (0, -0, 1),
        (0, -0, 1),
        (0, -0, 1),
        (0.0210163446, -0.847737758, 0.529999063),
        (0.0210163446, -0.847737758, 0.529999063),
        (0.0210163446, -0.847737758, 0.529999063),
        (0.0238298256, -0.847663366, 0.529999016),
        (0.0238298256, -0.847663366, 0.529999016),
        (0.0238298256, -0.847663366, 0.529999016),
        (0, -0.847998304, 0.52999894),
        (0, -0.847998304, 0.52999894),
        (0, -0.847998304, 0.52999894),
        (0, -0.847998304, 0.52999894),
        (0, -0.847998304, 0.52999894),
        (0, -0.847998304, 0.52999894),
        (0, 0, 1),
        (0, 0, 1),
        (0, 0, 1),
        (0.0153537888, -0.847858943, 0.529999504),
        (0.0153537888, -0.847858943, 0.529999504),
        (0.0153537888, -0.847858943, 0.529999504),
        (-0.00801510759, -0.847960057, 0.529999528),
        (-0.00801510759, -0.847960057, 0.529999528),
        (-0.00801510759, -0.847960057, 0.529999528),
        (-0.0153514856, -0.84785925, 0.529999079),
        (-0.0153514856, -0.84785925, 0.529999079),
        (-0.0153514856, -0.84785925, 0.529999079),
        (-0.871791959, 0.080447615, 0.483225581),
        (-0.871791959, 0.080447615, 0.483225581),
        (-0.871791959, 0.080447615, 0.483225581),
        (-0.847241957, 0.0357999923, 0.52999946),
        (-0.847241957, 0.0357999923, 0.52999946),
        (-0.847241957, 0.0357999923, 0.52999946),
        (-0.847139801, 0.0381517867, 0.529998679),
        (-0.847139801, 0.0381517867, 0.529998679),
        (-0.847139801, 0.0381517867, 0.529998679),
        (0, -0, 1),
        (0, -0, 1),
        (0, -0, 1),
        (-0.846019468, 0.0578963834, 0.529999122),
        (-0.846019468, 0.0578963834, 0.529999122),
        (-0.846019468, 0.0578963834, 0.529999122),
        (0, 0, 1),
        (0, 0, 1),
        (0, 0, 1),
        (-0.847855336, 0.0155789165, 0.529998704),
        (-0.847855336, 0.0155789165, 0.529998704),
        (-0.847855336, 0.0155789165, 0.529998704),
        (-0.847855032, 0.0155752883, 0.529999297),
        (-0.847855032, 0.0155752883, 0.529999297),
        (-0.847855032, 0.0155752883, 0.529999297),
        (-0.84404332, 0.0818044054, 0.529998975),
        (-0.84404332, 0.0818044054, 0.529998975),
        (-0.84404332, 0.0818044054, 0.529998975),
        (-0.844754214, 0.0741040256, 0.529998972),
        (-0.844754214, 0.0741040256, 0.529998972),
        (-0.844754214, 0.0741040256, 0.529998972),
        (-0.847461738, 0.0301549699, 0.529999321),
        (-0.847461738, 0.0301549699, 0.529999321),
        (-0.847461738, 0.0301549699, 0.529999321),
        (-0.847462043, 0.0301590834, 0.529998599),
        (-0.847462043, 0.0301590834, 0.529998599),
        (-0.847462043, 0.0301590834, 0.529998599),
        (0, 0, 1),
        (0, 0, 1),
        (0, 0, 1),
        (0, 0, 1),
        (0, 0, 1),
        (0, 0, 1),
        (-0.847399101, 0.0318764772, 0.529998729),
        (-0.847399101, 0.0318764772, 0.529998729),
        (-0.847399101, 0.0318764772, 0.529998729),
        (-0.847871312, 0.0146818256, 0.529998756),
        (-0.847871312, 0.0146818256, 0.529998756),
        (-0.847871312, 0.0146818256, 0.529998756),
        (-0.845319843, 0.0673494537, 0.529998504),
        (-0.845319843, 0.0673494537, 0.529998504),
        (-0.845319843, 0.0673494537, 0.529998504),
        (-0, 0, 1),
        (-0, 0, 1),
        (-0, 0, 1),
        (-0, 0, 1),
        (-0, 0, 1),
        (-0, 0, 1),
        (-0.846268714, 0.0541267646, 0.529999583),
        (-0.846268714, 0.0541267646, 0.529999583),
        (-0.846268714, 0.0541267646, 0.529999583),
        (-0, -0, 1),
        (-0, -0, 1),
        (-0, -0, 1),
        (0, 0, 1),
        (0, 0, 1),
        (0, 0, 1),
        (0, -0, 1),
        (0, -0, 1),
        (0, -0, 1),
        (0, 0, 1),
        (0, 0, 1),
        (0, 0, 1),
        (0, 0, 1),
        (0, 0, 1),
        (0, 0, 1),
        (-0, 0, 1),
        (-0, 0, 1),
        (-0, 0, 1),
        (-0.847394573, 0.0319949699, 0.529998831),
        (-0.847394573, 0.0319949699, 0.529998831),
        (-0.847394573, 0.0319949699, 0.529998831),
        (0, 0, 1),
        (0, 0, 1),
        (0, 0, 1),
        (0, 0, 1),
        (0, 0, 1),
        (0, 0, 1),
        (0, 0, 1),
        (0, 0, 1),
        (0, 0, 1),
        (-0, 0, 1),
        (-0, 0, 1),
        (-0, 0, 1),
        (0, 0, 1),
        (0, 0, 1),
        (0, 0, 1),
        (0, 0, 1),
        (0, 0, 1),
        (0, 0, 1),
        (-0.0238300967, -0.847663328, 0.529999065),
        (-0.0238300967, -0.847663328, 0.529999065),
        (-0.0238300967, -0.847663328, 0.529999065),
        (0, 0, 1),
        (0, 0, 1),
        (0, 0, 1),
        (0, 0, 1),
        (0, 0, 1),
        (0, 0, 1),
        (0, 0, 1),
        (0, 0, 1),
        (0, 0, 1),
        (0, 0, 1),
        (0, 0, 1),
        (0, 0, 1),
        (-0.0162394952, -0.847842972, 0.529998654),
        (-0.0162394952, -0.847842972, 0.529998654),
        (-0.0162394952, -0.847842972, 0.529998654),
        (-0, 0, 1),
        (-0, 0, 1),
        (-0, 0, 1),
        (-0.0226847446, -0.847694647, 0.529999233),
        (-0.0226847446, -0.847694647, 0.529999233),
        (-0.0226847446, -0.847694647, 0.529999233),
        (0, 0, 1),
        (0, 0, 1),
        (0, 0, 1),
        (-0.0190674943, -0.847784089, 0.529998649),
        (-0.0190674943, -0.847784089, 0.529998649),
        (-0.0190674943, -0.847784089, 0.529998649),
        (-0.0162392742, -0.847842952, 0.529998694),
        (-0.0162392742, -0.847842952, 0.529998694),
        (-0.0162392742, -0.847842952, 0.529998694),
        (0, 0, 1),
        (0, 0, 1),
        (0, 0, 1),
        (-0.019991093, -0.847763029, 0.529998304),
        (-0.019991093, -0.847763029, 0.529998304),
        (-0.019991093, -0.847763029, 0.529998304),
        (0, 0, 1),
        (0, 0, 1),
        (0, 0, 1),
        (0, 0, 1),
        (0, 0, 1),
        (0, 0, 1),
        (-0.0653038517, -0.846081254, 0.529038674),
        (-0.0653038517, -0.846081254, 0.529038674),
        (-0.0653038517, -0.846081254, 0.529038674),
        (0, 0, 1),
        (0, 0, 1),
        (0, 0, 1),
        (-0.00194677509, -0.854694832, 0.519127108),
        (-0.00194677509, -0.854694832, 0.519127108),
        (-0.00194677509, -0.854694832, 0.519127108),
        (0, 0, 1),
        (0, 0, 1),
        (0, 0, 1),
        (-0.00822026048, -0.847958693, 0.529998567),
        (-0.00822026048, -0.847958693, 0.529998567),
        (-0.00822026048, -0.847958693, 0.529998567),
        (0, 0, 1),
        (0, 0, 1),
        (0, 0, 1),
        (0.84799275, 0.00314444718, 0.529998499),
        (0.84799275, 0.00314444718, 0.529998499),
        (0.84799275, 0.00314444718, 0.529998499),
        (0, 0, 1),
        (0, 0, 1),
        (0, 0, 1),
        (-0.0114134064, -0.855581208, 0.517542781),
        (-0.0114134064, -0.855581208, 0.517542781),
        (-0.0114134064, -0.855581208, 0.517542781),
        (0, 0, 1),
        (0, 0, 1),
        (0, 0, 1),
        (0.835890268, -0.0400082477, 0.547436572),
        (0.835890268, -0.0400082477, 0.547436572),
        (0.835890268, -0.0400082477, 0.547436572),
        (0, 0, 1),
        (0, 0, 1),
        (0, 0, 1),
        (-0, 0, 1),
        (-0, 0, 1),
        (-0, 0, 1),
        (0, 0, 1),
        (0, 0, 1),
        (0, 0, 1),
        (0, 0, 1),
        (0, 0, 1),
        (0, 0, 1),
        (0, 0, 1),
        (0, 0, 1),
        (0, 0, 1),
        (0, -0, 1),
        (0, -0, 1),
        (0, -0, 1),
        (0, -0, 1),
        (0, -0, 1),
        (0, -0, 1),
        (0, 0, 1),
        (0, 0, 1),
        (0, 0, 1),
        (0, -0, 1),
        (0, -0, 1),
        (0, -0, 1),
        (0.847992524, 0.00314624672, 0.529998849),
        (0.847992524, 0.00314624672, 0.529998849),
        (0.847992524, 0.00314624672, 0.529998849),
        (0.846402567, -0.0519992226, 0.529998844),
        (0.846402567, -0.0519992226, 0.529998844),
        (0.846402567, -0.0519992226, 0.529998844),
        (0.847703533, -0.0223521919, 0.529999151),
        (0.847703533, -0.0223521919, 0.529999151),
        (0.847703533, -0.0223521919, 0.529999151),
        (0, 0, 1),
        (0, 0, 1),
        (0, 0, 1),
        (0, 0, 1),
        (0, 0, 1),
        (0, 0, 1),
        (0, 0, 1),
        (0, 0, 1),
        (0, 0, 1),
        (0, 0, 1),
        (0, 0, 1),
        (0, 0, 1),
        (0, -0, 1),
        (0, -0, 1),
        (0, -0, 1),
        (0, 0, 1),
        (0, 0, 1),
        (0, 0, 1),
        (0.847334284, 0.0335513812, 0.529998978),
        (0.847334284, 0.0335513812, 0.529998978),
        (0.847334284, 0.0335513812, 0.529998978),
        (0, 0, 1),
        (0, 0, 1),
        (0, 0, 1),
        (0.847862237, 0.0151908245, 0.529998931),
        (0.847862237, 0.0151908245, 0.529998931),
        (0.847862237, 0.0151908245, 0.529998931),
        (0, 0, 1),
        (0, 0, 1),
        (0, 0, 1),
        (-0, 0, 1),
        (-0, 0, 1),
        (-0, 0, 1),
        (-0, 0, 1),
        (-0, 0, 1),
        (-0, 0, 1),
        (0.847703633, -0.0223535668, 0.529998933),
        (0.847703633, -0.0223535668, 0.529998933),
        (0.847703633, -0.0223535668, 0.529998933),
        (0.846963992, -0.0418744756, 0.529998608),
        (0.846963992, -0.0418744756, 0.529998608),
        (0.846963992, -0.0418744756, 0.529998608),
        (0.847872995, -0.0145942714, 0.529998482),
        (0.847872995, -0.0145942714, 0.529998482),
        (0.847872995, -0.0145942714, 0.529998482),
        (0, 0, 1),
        (0, 0, 1),
        (0, 0, 1),
        (0.847821771, -0.0173008798, 0.529998985),
        (0.847821771, -0.0173008798, 0.529998985),
        (0.847821771, -0.0173008798, 0.529998985),
        (0, 0, 1),
        (0, 0, 1),
        (0, 0, 1),
        (-0, 0, 1),
        (-0, 0, 1),
        (-0, 0, 1),
        (0.847557309, 0.027347885, 0.529998774),
        (0.847557309, 0.027347885, 0.529998774),
        (0.847557309, 0.027347885, 0.529998774),
        (0.846131705, 0.0562306082, 0.529999299),
        (0.846131705, 0.0562306082, 0.529999299),
        (0.846131705, 0.0562306082, 0.529999299),
        (0, -0, 1),
        (0, -0, 1),
        (0, -0, 1),
        (0, -0, 1),
        (0, -0, 1),
        (0, -0, 1),
        (-0.847399071, 0.0318766744, 0.529998766),
        (-0.847399071, 0.0318766744, 0.529998766),
        (-0.847399071, 0.0318766744, 0.529998766),
        (-0, 0, 1),
        (-0, 0, 1),
        (-0, 0, 1),
        (-0.847443228, 0.0306758848, 0.529999023),
        (-0.847443228, 0.0306758848, 0.529999023),
        (-0.847443228, 0.0306758848, 0.529999023),
        (0, 0, 1),
        (0, 0, 1),
        (0, 0, 1),
        (-0.847871363, 0.0146814508, 0.529998685),
        (-0.847871363, 0.0146814508, 0.529998685),
        (-0.847871363, 0.0146814508, 0.529998685),
        (0, 0, 1),
        (0, 0, 1),
        (0, 0, 1),
        (0, 0, 1),
        (0, 0, 1),
        (0, 0, 1),
        (-0.846349453, 0.0528552151, 0.529998991),
        (-0.846349453, 0.0528552151, 0.529998991),
        (-0.846349453, 0.0528552151, 0.529998991),
        (0, 0, 1),
        (0, 0, 1),
        (0, 0, 1),
        (-0.801663265, -0.323987877, 0.502362284),
        (-0.801663265, -0.323987877, 0.502362284),
        (-0.801663265, -0.323987877, 0.502362284),
        (0, -0, 1),
        (0, -0, 1),
        (0, -0, 1),
        (0, 0, 1),
        (0, 0, 1),
        (0, 0, 1),
        (0, 0, 1),
        (0, 0, 1),
        (0, 0, 1),
        (-0, 0, 1),
        (-0, 0, 1),
        (-0, 0, 1),
        (-0, 0, 1),
        (-0, 0, 1),
        (-0, 0, 1),
        (0, 0, 1),
        (0, 0, 1),
        (0, 0, 1),
        (0, 0, 1),
        (0, 0, 1),
        (0, 0, 1),
        (0, 0, 1),
        (0, 0, 1),
        (0, 0, 1),
        (-0.176572472, 0.829411263, 0.529999169),
        (-0.176572472, 0.829411263, 0.529999169),
        (-0.176572472, 0.829411263, 0.529999169),
        (-0.847996253, -0.00194108523, 0.529998667),
        (-0.847996253, -0.00194108523, 0.529998667),
        (-0.847996253, -0.00194108523, 0.529998667),
        (0, -0, 1),
        (0, -0, 1),
        (0, -0, 1),
        (0, 0, 1),
        (0, 0, 1),
        (0, 0, 1),
        (-0.1653753, 0.831716364, 0.529998963),
        (-0.1653753, 0.831716364, 0.529998963),
        (-0.1653753, 0.831716364, 0.529998963),
        (0, 0, 1),
        (0, 0, 1),
        (0, 0, 1),
        (0, 0, 1),
        (0, 0, 1),
        (0, 0, 1),
        (0, -0, 1),
        (0, -0, 1),
        (0, -0, 1),
        (0.143290263, -0.83668249, 0.528611683),
        (0.143290263, -0.83668249, 0.528611683),
        (0.143290263, -0.83668249, 0.528611683),
        (-0, 0, 1),
        (-0, 0, 1),
        (-0, 0, 1),
        (-0, 0, 1),
        (-0, 0, 1),
        (-0, 0, 1),
        (0.167182211, -0.840809774, 0.514867975),
        (0.167182211, -0.840809774, 0.514867975),
        (0.167182211, -0.840809774, 0.514867975),
        (0, -0, 1),
        (0, -0, 1),
        (0, -0, 1),
        (-0.17700117, 0.829320237, 0.529998614),
        (-0.17700117, 0.829320237, 0.529998614),
        (-0.17700117, 0.829320237, 0.529998614),
        (0, 0, 1),
        (0, 0, 1),
        (0, 0, 1),
        (-0, 0, 1),
        (-0, 0, 1),
        (-0, 0, 1),
        (0, 0, 1),
        (0, 0, 1),
        (0, 0, 1),
        (0, 0, 1),
        (0, 0, 1),
        (0, 0, 1),
        (0, 0, 1),
        (0, 0, 1),
        (0, 0, 1),
        (0, -0, 1),
        (0, -0, 1),
        (0, -0, 1),
        (-0, 0, 1),
        (-0, 0, 1),
        (-0, 0, 1),
        (0, -0, 1),
        (0, -0, 1),
        (0, -0, 1),
        (0, -0, 1),
        (0, -0, 1),
        (0, -0, 1),
        (-0.165574063, 0.831676615, 0.529999281),
        (-0.165574063, 0.831676615, 0.529999281),
        (-0.165574063, 0.831676615, 0.529999281),
        (0, 0, 1),
        (0, 0, 1),
        (0, 0, 1),
        (-0.155586891, 0.833603202, 0.529998511),
        (-0.155586891, 0.833603202, 0.529998511),
        (-0.155586891, 0.833603202, 0.529998511),
        (-0.168147929, 0.831160709, 0.529998255),
        (-0.168147929, 0.831160709, 0.529998255),
        (-0.168147929, 0.831160709, 0.529998255),
        (0, 0, 1),
        (0, 0, 1),
        (0, 0, 1),
        (-0.13697259, 0.836862909, 0.529999039),
        (-0.13697259, 0.836862909, 0.529999039),
        (-0.13697259, 0.836862909, 0.529999039),
        (0.152935942, -0.834093468, 0.529998759),
        (0.152935942, -0.834093468, 0.529998759),
        (0.152935942, -0.834093468, 0.529998759),
        (0, 0, 1),
        (0, 0, 1),
        (0, 0, 1),
        (-0.178402936, 0.829019638, 0.529998898),
        (-0.178402936, 0.829019638, 0.529998898),
        (-0.178402936, 0.829019638, 0.529998898),
        (-0.178404702, 0.829019045, 0.529999231),
        (-0.178404702, 0.829019045, 0.529999231),
        (-0.178404702, 0.829019045, 0.529999231),
        (0, 0, 1),
        (0, 0, 1),
        (0, 0, 1),
        (0, 0, 1),
        (0, 0, 1),
        (0, 0, 1),
        (0.178404251, -0.829018982, 0.529999482),
        (0.178404251, -0.829018982, 0.529999482),
        (0.178404251, -0.829018982, 0.529999482),
        (-0, 0, 1),
        (-0, 0, 1),
        (-0, 0, 1),
        (0, 0, 1),
        (0, 0, 1),
        (0, 0, 1),
        (-0.168151612, 0.831159546, 0.529998909),
        (-0.168151612, 0.831159546, 0.529998909),
        (-0.168151612, 0.831159546, 0.529998909),
        (0, -0, 1),
        (0, -0, 1),
        (0, -0, 1),
        (-0.136974668, 0.8368628, 0.529998674),
        (-0.136974668, 0.8368628, 0.529998674),
        (-0.136974668, 0.8368628, 0.529998674),
        (0, 0, 1),
        (0, 0, 1),
        (0, 0, 1),
        (0.155584608, -0.833603369, 0.529998918),
        (0.155584608, -0.833603369, 0.529998918),
        (0.155584608, -0.833603369, 0.529998918),
        (-0, 0, 1),
        (-0, 0, 1),
        (-0, 0, 1),
        (0, 0, 1),
        (0, 0, 1),
        (0, 0, 1),
        (0, 0, 1),
        (0, 0, 1),
        (0, 0, 1),
        (0, 0, 1),
        (0, 0, 1),
        (0, 0, 1),
        (0, 0, 1),
        (0, 0, 1),
        (0, 0, 1),
        (0, 0, 1),
        (0, 0, 1),
        (0, 0, 1),
        (0, 0, 1),
        (0, 0, 1),
        (0, 0, 1),
        (0.846131705, -0.0562306082, 0.529999299),
        (0.846131705, -0.0562306082, 0.529999299),
        (0.846131705, -0.0562306082, 0.529999299),
        (0, 0, 1),
        (0, 0, 1),
        (0, 0, 1),
        (0.847989039, 0.00402358391, 0.529998491),
        (0.847989039, 0.00402358391, 0.529998491),
        (0.847989039, 0.00402358391, 0.529998491),
        (-0.138266809, 0.83664983, 0.529999388),
        (-0.138266809, 0.83664983, 0.529999388),
        (-0.138266809, 0.83664983, 0.529999388),
        (0, 0, 1),
        (0, 0, 1),
        (0, 0, 1),
        (0, -0, 1),
        (0, -0, 1),
        (0, -0, 1),
        (0, 0, 1),
        (0, 0, 1),
        (0, 0, 1),
        (0.84640217, 0.0520014763, 0.529999257),
        (0.84640217, 0.0520014763, 0.529999257),
        (0.84640217, 0.0520014763, 0.529999257),
        (0, 0, 1),
        (0, 0, 1),
        (0, 0, 1),
        (0.847772197, -0.0195931458, 0.5299985),
        (0.847772197, -0.0195931458, 0.5299985),
        (0.847772197, -0.0195931458, 0.5299985),
        (0, 0, 1),
        (0, 0, 1),
        (0, 0, 1),
        (0.846131961, -0.0562291542, 0.529999045),
        (0.846131961, -0.0562291542, 0.529999045),
        (0.846131961, -0.0562291542, 0.529999045),
        (-0, 0, 1),
        (-0, 0, 1),
        (-0, 0, 1),
        (0, 0, 1),
        (0, 0, 1),
        (0, 0, 1),
        (-0, 0, 1),
        (-0, 0, 1),
        (-0, 0, 1),
        (0.846542098, 0.049674831, 0.52999895),
        (0.846542098, 0.049674831, 0.52999895),
        (0.846542098, 0.049674831, 0.52999895),
        (0, 0, 1),
        (0, 0, 1),
        (0, 0, 1),
        (0, -0, 1),
        (0, -0, 1),
        (0, -0, 1),
        (0.847988658, 0.00401983242, 0.529999129),
        (0.847988658, 0.00401983242, 0.529999129),
        (0.847988658, 0.00401983242, 0.529999129),
        (0, 0, 1),
        (0, 0, 1),
        (0, 0, 1),
        (0, -0, 1),
        (0, -0, 1),
        (0, -0, 1),
        (0, 0, 1),
        (0, 0, 1),
        (0, 0, 1),
        (0.847772158, -0.0195934338, 0.529998552),
        (0.847772158, -0.0195934338, 0.529998552),
        (0.847772158, -0.0195934338, 0.529998552),
        (0, 0, 1),
        (0, 0, 1),
        (0, 0, 1),
        (0, -0, 1),
        (0, -0, 1),
        (0, -0, 1),
        (-0.138011254, 0.836692101, 0.529999266),
        (-0.138011254, 0.836692101, 0.529999266),
        (-0.138011254, 0.836692101, 0.529999266),
        (0, 0, 1),
        (0, 0, 1),
        (0, 0, 1),
        (-0, 0, 1),
        (-0, 0, 1),
        (-0, 0, 1),
        (-0.113059694, 0.840427642, 0.529998948),
        (-0.113059694, 0.840427642, 0.529998948),
        (-0.113059694, 0.840427642, 0.529998948),
        (-0.106711295, 0.841257537, 0.529998543),
        (-0.106711295, 0.841257537, 0.529998543),
        (-0.106711295, 0.841257537, 0.529998543),
        (0, 0, 1),
        (0, 0, 1),
        (0, 0, 1),
        (-0, 0, 1),
        (-0, 0, 1),
        (-0, 0, 1),
        (0, 0, 1),
        (0, 0, 1),
        (0, 0, 1),
        (-0, 0, 1),
        (-0, 0, 1),
        (-0, 0, 1),
        (0, 0, 1),
        (0, 0, 1),
        (0, 0, 1),
        (-0.128394359, 0.838222286, 0.529998384),
        (-0.128394359, 0.838222286, 0.529998384),
        (-0.128394359, 0.838222286, 0.529998384),
        (-0.132208923, 0.837628552, 0.529999254),
        (-0.132208923, 0.837628552, 0.529999254),
        (-0.132208923, 0.837628552, 0.529999254),
        (-0.132205778, 0.837629415, 0.529998674),
        (-0.132205778, 0.837629415, 0.529998674),
        (-0.132205778, 0.837629415, 0.529998674),
        (0, -0, 1),
        (0, -0, 1),
        (0, -0, 1),
        (-0, 0, 1),
        (-0, 0, 1),
        (-0, 0, 1),
        (0, 0, 1),
        (0, 0, 1),
        (0, 0, 1),
        (0, -0, 1),
        (0, -0, 1),
        (0, -0, 1),
        (-0, 0, 1),
        (-0, 0, 1),
        (-0, 0, 1),
        (0.847862237, -0.0151908245, 0.529998931),
        (0.847862237, -0.0151908245, 0.529998931),
        (0.847862237, -0.0151908245, 0.529998931),
        (0.847996859, -0.00131881316, 0.529999611),
        (0.847996859, -0.00131881316, 0.529999611),
        (0.847996859, -0.00131881316, 0.529999611),
        (0, 0, 1),
        (0, 0, 1),
        (0, 0, 1),
        (0, 0, 1),
        (0, 0, 1),
        (0, 0, 1),
        (-0, 0, 1),
        (-0, 0, 1),
        (-0, 0, 1),
        (-0, 0, 1),
        (-0, 0, 1),
        (-0, 0, 1),
        (0, 0, 1),
        (0, 0, 1),
        (0, 0, 1),
        (0, 0, 1),
        (0, 0, 1),
        (0, 0, 1),
        (0, 0, 1),
        (0, 0, 1),
        (0, 0, 1),
        (-0, 0, 1),
        (-0, 0, 1),
        (-0, 0, 1),
        (0.847997679, -0.00113532406, 0.529998725),
        (0.847997679, -0.00113532406, 0.529998725),
        (0.847997679, -0.00113532406, 0.529998725),
        (-0, 0, 1),
        (-0, 0, 1),
        (-0, 0, 1),
        (0, 0, 1),
        (0, 0, 1),
        (0, 0, 1),
        (-0.846637404, 0.0480260005, 0.529998688),
        (-0.846637404, 0.0480260005, 0.529998688),
        (-0.846637404, 0.0480260005, 0.529998688),
        (0, 0, 1),
        (0, 0, 1),
        (0, 0, 1),
        (-0, 0, 1),
        (-0, 0, 1),
        (-0, 0, 1),
        (-0, 0, 1),
        (-0, 0, 1),
        (-0, 0, 1),
        (-0.84034896, 0.120902695, 0.528390163),
        (-0.84034896, 0.120902695, 0.528390163),
        (-0.84034896, 0.120902695, 0.528390163),
        (-0.846058176, 0.0573258325, 0.529999351),
        (-0.846058176, 0.0573258325, 0.529999351),
        (-0.846058176, 0.0573258325, 0.529999351),
        (0, 0, 1),
        (0, 0, 1),
        (0, 0, 1),
        (0, -0, 1),
        (0, -0, 1),
        (0, -0, 1),
        (0, 0, 1),
        (0, 0, 1),
        (0, 0, 1),
        (-0.846331414, 0.053142004, 0.529999118),
        (-0.846331414, 0.053142004, 0.529999118),
        (-0.846331414, 0.053142004, 0.529999118),
        (0, -0, 1),
        (0, -0, 1),
        (0, -0, 1),
        (0, 0, 1),
        (0, 0, 1),
        (0, 0, 1),
        (0, 0, 1),
        (0, 0, 1),
        (0, 0, 1),
        (-0.846582046, 0.0489890855, 0.529998971),
        (-0.846582046, 0.0489890855, 0.529998971),
        (-0.846582046, 0.0489890855, 0.529998971),
        (0, -0, 1),
        (0, -0, 1),
        (0, -0, 1),
        (-0, 0, 1),
        (-0, 0, 1),
        (-0, 0, 1),
        (0.277142125, -0.804000207, 0.526094963),
        (0.277142125, -0.804000207, 0.526094963),
        (0.277142125, -0.804000207, 0.526094963),
        (0.174421068, -0.829866156, 0.529999485),
        (0.174421068, -0.829866156, 0.529999485),
        (0.174421068, -0.829866156, 0.529999485),
        (-0, 0, 1),
        (-0, 0, 1),
        (-0, 0, 1),
        (0, 0, 1),
        (0, 0, 1),
        (0, 0, 1),
        (0, 0, 1),
        (0, 0, 1),
        (0, 0, 1),
        (-0, 0, 1),
        (-0, 0, 1),
        (-0, 0, 1),
        (0, 0, 1),
        (0, 0, 1),
        (0, 0, 1),
        (0, 0, 1),
        (0, 0, 1),
        (0, 0, 1),
        (0, 0, 1),
        (0, 0, 1),
        (0, 0, 1),
        (0, 0, 1),
        (0, 0, 1),
        (0, 0, 1),
        (0.138005822, -0.836693251, 0.529998865),
        (0.138005822, -0.836693251, 0.529998865),
        (0.138005822, -0.836693251, 0.529998865),
        (0.143092489, -0.835838571, 0.529998513),
        (0.143092489, -0.835838571, 0.529998513),
        (0.143092489, -0.835838571, 0.529998513),
        (0.144390963, -0.835614767, 0.529999256),
        (0.144390963, -0.835614767, 0.529999256),
        (0.144390963, -0.835614767, 0.529999256),
        (0, 0, 1),
        (0, 0, 1),
        (0, 0, 1),
        (0, 0, 1),
        (0, 0, 1),
        (0, 0, 1),
        (0, 0, 1),
        (0, 0, 1),
        (0, 0, 1),
        (0.844924609, -0.0721385409, 0.529998525),
        (0.844924609, -0.0721385409, 0.529998525),
        (0.844924609, -0.0721385409, 0.529998525),
        (0, 0, 1),
        (0, 0, 1),
        (0, 0, 1),
        (0, 0, 1),
        (0, 0, 1),
        (0, 0, 1),
        (0, 0, 1),
        (0, 0, 1),
        (0, 0, 1),
        (-0.846582152, 0.0489892009, 0.529998791),
        (-0.846582152, 0.0489892009, 0.529998791),
        (-0.846582152, 0.0489892009, 0.529998791),
        (-0.846763241, 0.0457508219, 0.52999894),
        (-0.846763241, 0.0457508219, 0.52999894),
        (-0.846763241, 0.0457508219, 0.52999894),
        (0, 0, 1),
        (0, 0, 1),
        (0, 0, 1),
        (0.847928828, -0.0108564743, 0.529998905),
        (0.847928828, -0.0108564743, 0.529998905),
        (0.847928828, -0.0108564743, 0.529998905),
        (0, 0, 1),
        (0, 0, 1),
        (0, 0, 1),
        (0, -0, 1),
        (0, -0, 1),
        (0, -0, 1),
        (0, 0, 1),
        (0, 0, 1),
        (0, 0, 1),
        (0, 0, 1),
        (0, 0, 1),
        (0, 0, 1),
        (0, 0, 1),
        (0, 0, 1),
        (0, 0, 1),
        (-0.847684543, 0.023074282, 0.529998578),
        (-0.847684543, 0.023074282, 0.529998578),
        (-0.847684543, 0.023074282, 0.529998578),
        (-0.847684484, 0.0230736048, 0.529998702),
        (-0.847684484, 0.0230736048, 0.529998702),
        (-0.847684484, 0.0230736048, 0.529998702),
        (-0.846531192, 0.0498615187, 0.529998839),
        (-0.846531192, 0.0498615187, 0.529998839),
        (-0.846531192, 0.0498615187, 0.529998839),
        (-0, 0, 1),
        (-0, 0, 1),
        (-0, 0, 1),
        (0, 0, 1),
        (0, 0, 1),
        (0, 0, 1),
        (0, 0, 1),
        (0, 0, 1),
        (0, 0, 1),
        (0, 0, 1),
        (0, 0, 1),
        (0, 0, 1),
        (-0, 0, 1),
        (-0, 0, 1),
        (-0, 0, 1),
        (-0.847786331, 0.0189486632, 0.529999325),
        (-0.847786331, 0.0189486632, 0.529999325),
        (-0.847786331, 0.0189486632, 0.529999325),
        (0, -0, 1),
        (0, -0, 1),
        (0, -0, 1),
        (-0, 0, 1),
        (-0, 0, 1),
        (-0, 0, 1),
        (0, 0, 1),
        (0, 0, 1),
        (0, 0, 1),
        (-0, 0, 1),
        (-0, 0, 1),
        (-0, 0, 1),
        (0, 0, 1),
        (0, 0, 1),
        (0, 0, 1),
        (-0, 0, 1),
        (-0, 0, 1),
        (-0, 0, 1),
        (-0, 0, 1),
        (-0, 0, 1),
        (-0, 0, 1),
        (0, -0, 1),
        (0, -0, 1),
        (0, -0, 1),
        (0, 0, 1),
        (0, 0, 1),
        (0, 0, 1),
        (0.144385645, -0.835616316, 0.529998263),
        (0.144385645, -0.835616316, 0.529998263),
        (0.144385645, -0.835616316, 0.529998263),
        (0, 0, 1),
        (0, 0, 1),
        (0, 0, 1),
        (0.106706897, -0.841257565, 0.529999385),
        (0.106706897, -0.841257565, 0.529999385),
        (0.106706897, -0.841257565, 0.529999385),
        (0.113059597, -0.840427933, 0.529998507),
        (0.113059597, -0.840427933, 0.529998507),
        (0.113059597, -0.840427933, 0.529998507),
        (0, -0, 1),
        (0, -0, 1),
        (0, -0, 1),
        (0, 0, 1),
        (0, 0, 1),
        (0, 0, 1),
        (0, -0, 1),
        (0, -0, 1),
        (0, -0, 1),
        (0, 0, 1),
        (0, 0, 1),
        (0, 0, 1),
        (-0, 0, 1),
        (-0, 0, 1),
        (-0, 0, 1),
        (0, 0, 1),
        (0, 0, 1),
        (0, 0, 1),
        (0, -0, 1),
        (0, -0, 1),
        (0, -0, 1),
        (-0, 0, 1),
        (-0, 0, 1),
        (-0, 0, 1),
        (0.126173871, -0.83855892, 0.529999143),
        (0.126173871, -0.83855892, 0.529999143),
        (0.126173871, -0.83855892, 0.529999143),
        (0, -0, 1),
        (0, -0, 1),
        (0, -0, 1),
        (0, -0, 1),
        (0, -0, 1),
        (0, -0, 1),
        (0.115863017, -0.840045821, 0.529998848),
        (0.115863017, -0.840045821, 0.529998848),
        (0.115863017, -0.840045821, 0.529998848),
        (0, 0, 1),
        (0, 0, 1),
        (0, 0, 1),
        (0.104095261, -0.841584924, 0.529999049),
        (0.104095261, -0.841584924, 0.529999049),
        (0.104095261, -0.841584924, 0.529999049),
        (0, -0, 1),
        (0, -0, 1),
        (0, -0, 1),
        (0.104096321, -0.841584914, 0.529998857),
        (0.104096321, -0.841584914, 0.529998857),
        (0.104096321, -0.841584914, 0.529998857),
        (0.841573718, 0.104185178, 0.529999175),
        (0.841573718, 0.104185178, 0.529999175),
        (0.841573718, 0.104185178, 0.529999175),
        (0.836673244, 0.138125435, 0.52999929),
        (0.836673244, 0.138125435, 0.52999929),
        (0.836673244, 0.138125435, 0.52999929),
        (0.846693161, 0.0470276063, 0.529999147),
        (0.846693161, 0.0470276063, 0.529999147),
        (0.846693161, 0.0470276063, 0.529999147),
        (0, -0, 1),
        (0, -0, 1),
        (0, -0, 1),
        (-0, 0, 1),
        (-0, 0, 1),
        (-0, 0, 1),
        (0, -0, 1),
        (0, -0, 1),
        (0, -0, 1),
        (-0, 0, 1),
        (-0, 0, 1),
        (-0, 0, 1),
        (-0, 0, 1),
        (-0, 0, 1),
        (-0, 0, 1),
        (0, -0, 1),
        (0, -0, 1),
        (0, -0, 1),
        (0, 0, 1),
        (0, 0, 1),
        (0, 0, 1),
        (0, -0, 1),
        (0, -0, 1),
        (0, -0, 1),
        (0, 0, 1),
        (0, 0, 1),
        (0, 0, 1),
        (0, 0, 1),
        (0, 0, 1),
        (0, 0, 1),
        (0.115862108, -0.840045839, 0.529999019),
        (0.115862108, -0.840045839, 0.529999019),
        (0.115862108, -0.840045839, 0.529999019),
        (0, 0, 1),
        (0, 0, 1),
        (0, 0, 1),
        (0, 0, 1),
        (0, 0, 1),
        (0, 0, 1),
        (0.841573554, 0.104185948, 0.529999284),
        (0.841573554, 0.104185948, 0.529999284),
        (0.841573554, 0.104185948, 0.529999284),
        (0.840180247, -0.114883117, 0.529999078),
        (0.840180247, -0.114883117, 0.529999078),
        (0.840180247, -0.114883117, 0.529999078),
        (0, 0, 1),
        (0, 0, 1),
        (0, 0, 1),
        (0, -0, 1),
        (0, -0, 1),
        (0, -0, 1),
        (-0, 0, 1),
        (-0, 0, 1),
        (-0, 0, 1),
        (0, 0, 1),
        (0, 0, 1),
        (0, 0, 1),
        (0, 0, 1),
        (0, 0, 1),
        (0, 0, 1),
        (0.841058709, -0.108265418, 0.529998912),
        (0.841058709, -0.108265418, 0.529998912),
        (0.841058709, -0.108265418, 0.529998912),
        (0, 0, 1),
        (0, 0, 1),
        (0, 0, 1),
        (0.847575482, -0.0267800375, 0.52999871),
        (0.847575482, -0.0267800375, 0.52999871),
        (0.847575482, -0.0267800375, 0.52999871),
        (0, -0, 1),
        (0, -0, 1),
        (0, -0, 1),
        (-0, 0, 1),
        (-0, 0, 1),
        (-0, 0, 1),
        (0, 0, 1),
        (0, 0, 1),
        (0, 0, 1),
        (0, -0, 1),
        (0, -0, 1),
        (0, -0, 1),
        (0.846068445, -0.0571746009, 0.529999293),
        (0.846068445, -0.0571746009, 0.529999293),
        (0.846068445, -0.0571746009, 0.529999293),
        (0.847713066, 0.0220003243, 0.529998626),
        (0.847713066, 0.0220003243, 0.529998626),
        (0.847713066, 0.0220003243, 0.529998626),
        (-0, -0, 1),
        (-0, -0, 1),
        (-0, -0, 1),
        (0, -0, 1),
        (0, -0, 1),
        (0, -0, 1),
        (0.837691129, -0.131814324, 0.529998639),
        (0.837691129, -0.131814324, 0.529998639),
        (0.837691129, -0.131814324, 0.529998639),
        (0, 0, 1),
        (0, 0, 1),
        (0, 0, 1),
        (0.846334662, -0.0530911214, 0.529999032),
        (0.846334662, -0.0530911214, 0.529999032),
        (0.846334662, -0.0530911214, 0.529999032),
        (0, 0, 1),
        (0, 0, 1),
        (0, 0, 1),
        (0.847575301, -0.0267814284, 0.529998929),
        (0.847575301, -0.0267814284, 0.529998929),
        (0.847575301, -0.0267814284, 0.529998929),
        (0, -0, 1),
        (0, -0, 1),
        (0, -0, 1),
        (0.846334662, 0.0530911214, 0.529999032),
        (0.846334662, 0.0530911214, 0.529999032),
        (0.846334662, 0.0530911214, 0.529999032),
        (0.847998304, -0, 0.52999894),
        (0.847998304, -0, 0.52999894),
        (0.847998304, -0, 0.52999894),
        (0.847581907, -0.0265778781, 0.529998611),
        (0.847581907, -0.0265778781, 0.529998611),
        (0.847581907, -0.0265778781, 0.529998611),
        (-0, 0, 1),
        (-0, 0, 1),
        (-0, 0, 1),
        (0, 0, 1),
        (0, 0, 1),
        (0, 0, 1),
        (0, 0, 1),
        (0, 0, 1),
        (0, 0, 1),
        (-0.847786531, 0.018950886, 0.529998926),
        (-0.847786531, 0.018950886, 0.529998926),
        (-0.847786531, 0.018950886, 0.529998926),
        (0, 0, 1),
        (0, 0, 1),
        (0, 0, 1),
        (0, 0, 1),
        (0, 0, 1),
        (0, 0, 1),
        (-0.847766049, 0.0198318992, 0.529999454),
        (-0.847766049, 0.0198318992, 0.529999454),
        (-0.847766049, 0.0198318992, 0.529999454),
        (0, -0, 1),
        (0, -0, 1),
        (0, -0, 1),
        (0.846278415, -0.053983553, 0.529998699),
        (0.846278415, -0.053983553, 0.529998699),
        (0.846278415, -0.053983553, 0.529998699),
        (-0, 0, 1),
        (-0, 0, 1),
        (-0, 0, 1),
        (0.847508671, -0.0288175333, 0.529998681),
        (0.847508671, -0.0288175333, 0.529998681),
        (0.847508671, -0.0288175333, 0.529998681),
        (-0.847920771, 0.0114788327, 0.529998681),
        (-0.847920771, 0.0114788327, 0.529998681),
        (-0.847920771, 0.0114788327, 0.529998681),
        (0, 0, 1),
        (0, 0, 1),
        (0, 0, 1),
        (0, -0, 1),
        (0, -0, 1),
        (0, -0, 1),
        (-0.847743249, 0.0207900696, 0.529999205),
        (-0.847743249, 0.0207900696, 0.529999205),
        (-0.847743249, 0.0207900696, 0.529999205),
        (0.847840861, 0.0163501828, 0.529998628),
        (0.847840861, 0.0163501828, 0.529998628),
        (0.847840861, 0.0163501828, 0.529998628),
        (-0, 0, 1),
        (-0, 0, 1),
        (-0, 0, 1),
        (-0, -0, 1),
        (-0, -0, 1),
        (-0, -0, 1),
        (0, 0, 1),
        (0, 0, 1),
        (0, 0, 1),
        (-0.853095881, 0.0220871333, 0.521286463),
        (-0.853095881, 0.0220871333, 0.521286463),
        (-0.853095881, 0.0220871333, 0.521286463),
        (-0.847595805, 0.0261292631, 0.529998691),
        (-0.847595805, 0.0261292631, 0.529998691),
        (-0.847595805, 0.0261292631, 0.529998691),
        (0, 0, 1),
        (0, 0, 1),
        (0, 0, 1),
        (-0, 0, 1),
        (-0, 0, 1),
        (-0, 0, 1),
        (0, 0, 1),
        (0, 0, 1),
        (0, 0, 1),
        (-0.0192589546, 0.853427093, 0.520856304),
        (-0.0192589546, 0.853427093, 0.520856304),
        (-0.0192589546, 0.853427093, 0.520856304),
        (0, 0, 1),
        (0, 0, 1),
        (0, 0, 1),
        (0, -0, 1),
        (0, -0, 1),
        (0, -0, 1),
        (-0.859572956, -0.00784429249, 0.510952835),
        (-0.859572956, -0.00784429249, 0.510952835),
        (-0.859572956, -0.00784429249, 0.510952835),
        (0, 0, 1),
        (0, 0, 1),
        (0, 0, 1),
        (0.174438856, 0.834764823, 0.52224398),
        (0.174438856, 0.834764823, 0.52224398),
        (0.174438856, 0.834764823, 0.52224398),
        (-0, 0, 1),
        (-0, 0, 1),
        (-0, 0, 1),
        (-0, 0, 1),
        (-0, 0, 1),
        (-0, 0, 1),
        (-0.847797815, 0.0184552331, 0.529998367),
        (-0.847797815, 0.0184552331, 0.529998367),
        (-0.847797815, 0.0184552331, 0.529998367),
        (-0.84790739, 0.012434055, 0.52999854),
        (-0.84790739, 0.012434055, 0.52999854),
        (-0.84790739, 0.012434055, 0.52999854),
        (-0, 0, 1),
        (-0, 0, 1),
        (-0, 0, 1),
        (0, 0, 1),
        (0, 0, 1),
        (0, 0, 1),
        (0, 0, 1),
        (0, 0, 1),
        (0, 0, 1),
        (-0, 0, 1),
        (-0, 0, 1),
        (-0, 0, 1),
        (0, -0, 1),
        (0, -0, 1),
        (0, -0, 1),
        (-0, 0, 1),
        (-0, 0, 1),
        (-0, 0, 1),
        (-0.847630998, 0.0249507045, 0.529999201),
        (-0.847630998, 0.0249507045, 0.529999201),
        (-0.847630998, 0.0249507045, 0.529999201),
        (-0.84764412, 0.0245062116, 0.529998954),
        (-0.84764412, 0.0245062116, 0.529998954),
        (-0.84764412, 0.0245062116, 0.529998954),
        (-0.847643715, 0.0245090516, 0.52999947),
        (-0.847643715, 0.0245090516, 0.52999947),
        (-0.847643715, 0.0245090516, 0.52999947),
        (0, 0, 1),
        (0, 0, 1),
        (0, 0, 1),
        (0, -0, 1),
        (0, -0, 1),
        (0, -0, 1),
        (-0, 0, 1),
        (-0, 0, 1),
        (-0, 0, 1),
        (-0, 0, 1),
        (-0, 0, 1),
        (-0, 0, 1),
        (0.00362182264, 0.847990539, 0.529998989),
        (0.00362182264, 0.847990539, 0.529998989),
        (0.00362182264, 0.847990539, 0.529998989),
        (0.00084332583, 0.847997855, 0.529998988),
        (0.00084332583, 0.847997855, 0.529998988),
        (0.00084332583, 0.847997855, 0.529998988),
        (0, -0, 1),
        (0, -0, 1),
        (0, -0, 1),
        (0, 0, 1),
        (0, 0, 1),
        (0, 0, 1),
        (-0.0244919211, 0.847644692, 0.529998701),
        (-0.0244919211, 0.847644692, 0.529998701),
        (-0.0244919211, 0.847644692, 0.529998701),
        (0, -0, 1),
        (0, -0, 1),
        (0, -0, 1),
        (-0.0337218217, 0.847327308, 0.529999313),
        (-0.0337218217, 0.847327308, 0.529999313),
        (-0.0337218217, 0.847327308, 0.529999313),
        (0, 0, 1),
        (0, 0, 1),
        (0, 0, 1),
        (-0.0337164263, 0.847328086, 0.529998413),
        (-0.0337164263, 0.847328086, 0.529998413),
        (-0.0337164263, 0.847328086, 0.529998413),
        (-0.0363556592, 0.847218568, 0.529999023),
        (-0.0363556592, 0.847218568, 0.529999023),
        (-0.0363556592, 0.847218568, 0.529999023),
        (-0.0171705608, 0.847824773, 0.52999842),
        (-0.0171705608, 0.847824773, 0.52999842),
        (-0.0171705608, 0.847824773, 0.52999842),
        (0, 0, 1),
        (0, 0, 1),
        (0, 0, 1),
        (0, 0, 1),
        (0, 0, 1),
        (0, 0, 1),
        (-0.0106011721, 0.847932372, 0.529998404),
        (-0.0106011721, 0.847932372, 0.529998404),
        (-0.0106011721, 0.847932372, 0.529998404),
        (-0.0207026314, 0.847745896, 0.529998394),
        (-0.0207026314, 0.847745896, 0.529998394),
        (-0.0207026314, 0.847745896, 0.529998394),
        (0, 0, 1),
        (0, 0, 1),
        (0, 0, 1),
        (0, -0, 1),
        (0, -0, 1),
        (0, -0, 1),
        (0, 0, 1),
        (0, 0, 1),
        (0, 0, 1),
        (0, 0, 1),
        (0, 0, 1),
        (0, 0, 1),
        (-0, 0, 1),
        (-0, 0, 1),
        (-0, 0, 1),
        (-0.0163666678, 0.847840504, 0.529998691),
        (-0.0163666678, 0.847840504, 0.529998691),
        (-0.0163666678, 0.847840504, 0.529998691),
        (0.0206968343, 0.847745361, 0.529999476),
        (0.0206968343, 0.847745361, 0.529999476),
        (0.0206968343, 0.847745361, 0.529999476),
        (0, 0, 1),
        (0, 0, 1),
        (0, 0, 1),
        (-0, 0, 1),
        (-0, 0, 1),
        (-0, 0, 1),
        (0, 0, 1),
        (0, 0, 1),
        (0, 0, 1),
        (0, 0, 1),
        (0, 0, 1),
        (0, 0, 1),
        (0.00841975033, 0.847956647, 0.52999871),
        (0.00841975033, 0.847956647, 0.52999871),
        (0.00841975033, 0.847956647, 0.52999871),
        (0.0337218217, 0.847327308, 0.529999313),
        (0.0337218217, 0.847327308, 0.529999313),
        (0.0337218217, 0.847327308, 0.529999313),
        (0.0171662259, 0.847824409, 0.529999143),
        (0.0171662259, 0.847824409, 0.529999143),
        (0.0171662259, 0.847824409, 0.529999143),
        (0, 0, 1),
        (0, 0, 1),
        (0, 0, 1),
        (0, -0, 1),
        (0, -0, 1),
        (0, -0, 1),
        (-0.037887305, 0.847151654, 0.529998704),
        (-0.037887305, 0.847151654, 0.529998704),
        (-0.037887305, 0.847151654, 0.529998704),
        (0, 0, 1),
        (0, 0, 1),
        (0, 0, 1),
        (0, -0, 1),
        (0, -0, 1),
        (0, -0, 1),
        (-0.0163674853, 0.847840409, 0.529998817),
        (-0.0163674853, 0.847840409, 0.529998817),
        (-0.0163674853, 0.847840409, 0.529998817),
        (0, 0, 1),
        (0, 0, 1),
        (0, 0, 1),
        (0, 0, 1),
        (0, 0, 1),
        (0, 0, 1),
        (0, 0, 1),
        (0, 0, 1),
        (0, 0, 1),
        (0.0105970148, 0.847931965, 0.529999138),
        (0.0105970148, 0.847931965, 0.529999138),
        (0.0105970148, 0.847931965, 0.529999138),
        (-0, -0, 1),
        (-0, -0, 1),
        (-0, -0, 1),
        (-0, 0, 1),
        (-0, 0, 1),
        (-0, 0, 1),
        (0, 0, 1),
        (0, 0, 1),
        (0, 0, 1),
        (0, 0, 1),
        (0, 0, 1),
        (0, 0, 1),
        (0.0244919211, 0.847644692, 0.529998701),
        (0.0244919211, 0.847644692, 0.529998701),
        (0.0244919211, 0.847644692, 0.529998701),
        (0, -0, 1),
        (0, -0, 1),
        (0, -0, 1),
        (0, 0, 1),
        (0, 0, 1),
        (0, 0, 1),
        (0.841058455, 0.108266523, 0.529999091),
        (0.841058455, 0.108266523, 0.529999091),
        (0.841058455, 0.108266523, 0.529999091),
        (0, 0, 1),
        (0, 0, 1),
        (0, 0, 1),
        (0, 0, 1),
        (0, 0, 1),
        (0, 0, 1),
        (0.836630616, 0.138385876, 0.529998642),
        (0.836630616, 0.138385876, 0.529998642),
        (0.836630616, 0.138385876, 0.529998642),
        (0.847575301, 0.0267814284, 0.529998929),
        (0.847575301, 0.0267814284, 0.529998929),
        (0.847575301, 0.0267814284, 0.529998929),
        (-0, -0, 1),
        (-0, -0, 1),
        (-0, -0, 1),
        (0, -0, 1),
        (0, -0, 1),
        (0, -0, 1),
        (0.846068445, 0.0571746009, 0.529999293),
        (0.846068445, 0.0571746009, 0.529999293),
        (0.846068445, 0.0571746009, 0.529999293),
        (0, 0, 1),
        (0, 0, 1),
        (0, 0, 1),
        (0, 0, 1),
        (0, 0, 1),
        (0, 0, 1),
        (0.847712355, -0.0220043745, 0.529999595),
        (0.847712355, -0.0220043745, 0.529999595),
        (0.847712355, -0.0220043745, 0.529999595),
        (-0, 0, 1),
        (-0, 0, 1),
        (-0, 0, 1),
        (0, -0, 1),
        (0, -0, 1),
        (0, -0, 1),
        (0.836673244, -0.138125435, 0.52999929),
        (0.836673244, -0.138125435, 0.52999929),
        (0.836673244, -0.138125435, 0.52999929),
        (0.842600086, -0.0955291804, 0.529999312),
        (0.842600086, -0.0955291804, 0.529999312),
        (0.842600086, -0.0955291804, 0.529999312),
        (0.836674029, -0.13812274, 0.529998753),
        (0.836674029, -0.13812274, 0.529998753),
        (0.836674029, -0.13812274, 0.529998753),
        (0.841573718, -0.104185178, 0.529999175),
        (0.841573718, -0.104185178, 0.529999175),
        (0.841573718, -0.104185178, 0.529999175),
        (-0.00479347062, 0.85037715, 0.526151808),
        (-0.00479347062, 0.85037715, 0.526151808),
        (-0.00479347062, 0.85037715, 0.526151808),
        (-0, 0, 1),
        (-0, 0, 1),
        (-0, 0, 1),
        (0.846692969, -0.0470305566, 0.529999192),
        (0.846692969, -0.0470305566, 0.529999192),
        (0.846692969, -0.0470305566, 0.529999192),
        (-0.00407485321, 0.850294632, 0.526291206),
        (-0.00407485321, 0.850294632, 0.526291206),
        (-0.00407485321, 0.850294632, 0.526291206),
        (0, -0, 1),
        (0, -0, 1),
        (0, -0, 1),
        (0.846693421, -0.0470267472, 0.529998807),
        (0.846693421, -0.0470267472, 0.529998807),
        (0.846693421, -0.0470267472, 0.529998807),
        (0, -0, 1),
        (0, -0, 1),
        (0, -0, 1),
        (0.0769053319, 0.823177449, 0.562551738),
        (0.0769053319, 0.823177449, 0.562551738),
        (0.0769053319, 0.823177449, 0.562551738),
        (0, -0, 1),
        (0, -0, 1),
        (0, -0, 1),
        (0, 0, 1),
        (0, 0, 1),
        (0, 0, 1),
        (0, 0, 1),
        (0, 0, 1),
        (0, 0, 1),
        (0, 0, 1),
        (0, 0, 1),
        (0, 0, 1),
        (0, 0, 1),
        (0, 0, 1),
        (0, 0, 1),
        (-0.870709032, 0.100404688, 0.481440215),
        (-0.870709032, 0.100404688, 0.481440215),
        (-0.870709032, 0.100404688, 0.481440215),
        (0, -0, 1),
        (0, -0, 1),
        (0, -0, 1),
        (0, 0, 1),
        (0, 0, 1),
        (0, 0, 1),
        (-0.00938452972, -0.847946251, 0.529999137),
        (-0.00938452972, -0.847946251, 0.529999137),
        (-0.00938452972, -0.847946251, 0.529999137),
        (-0, 0, 1),
        (-0, 0, 1),
        (-0, 0, 1),
        (0, 0, 1),
        (0, 0, 1),
        (0, 0, 1),
        (0, 0, 1),
        (0, 0, 1),
        (0, 0, 1),
        (-0.847467584, 0.0299969537, 0.52999894),
        (-0.847467584, 0.0299969537, 0.52999894),
        (-0.847467584, 0.0299969537, 0.52999894),
        (0, 0, 1),
        (0, 0, 1),
        (0, 0, 1),
        (0, 0, 1),
        (0, 0, 1),
        (0, 0, 1),
        (-0.839802275, 0.130041172, 0.52708769),
        (-0.839802275, 0.130041172, 0.52708769),
        (-0.839802275, 0.130041172, 0.52708769),
        (0, 0, 1),
        (0, 0, 1),
        (0, 0, 1),
        (-0.847594488, 0.0261613937, 0.529999212),
        (-0.847594488, 0.0261613937, 0.529999212),
        (-0.847594488, 0.0261613937, 0.529999212),
        (-0.847658274, 0.0240059141, 0.529999214),
        (-0.847658274, 0.0240059141, 0.529999214),
        (-0.847658274, 0.0240059141, 0.529999214),
        (0, 0, 1),
        (0, 0, 1),
        (0, 0, 1),
        (0, 0, 1),
        (0, 0, 1),
        (0, 0, 1),
        (0, 0, 1),
        (0, 0, 1),
        (0, 0, 1),
        (-0.847658645, 0.0240032958, 0.529998739),
        (-0.847658645, 0.0240032958, 0.529998739),
        (-0.847658645, 0.0240032958, 0.529998739),
        (0, 0, 1),
        (0, 0, 1),
        (0, 0, 1),
        (0, 0, 1),
        (0, 0, 1),
        (0, 0, 1),
        (-0.847848434, 0.015926587, 0.529999412),
        (-0.847848434, 0.015926587, 0.529999412),
        (-0.847848434, 0.015926587, 0.529999412),
        (-0.847922717, 0.0113345307, 0.529998674),
        (-0.847922717, 0.0113345307, 0.529998674),
        (-0.847922717, 0.0113345307, 0.529998674),
        (-0.847930335, 0.0107539107, 0.529998585),
        (-0.847930335, 0.0107539107, 0.529998585),
        (-0.847930335, 0.0107539107, 0.529998585),
        (0, 0, 1),
        (0, 0, 1),
        (0, 0, 1),
        (-0.0414065019, -0.846986719, 0.529999056),
        (-0.0414065019, -0.846986719, 0.529999056),
        (-0.0414065019, -0.846986719, 0.529999056),
        (0, 0, 1),
        (0, 0, 1),
        (0, 0, 1),
        (-0.0648128351, -0.845517809, 0.529998992),
        (-0.0648128351, -0.845517809, 0.529998992),
        (-0.0648128351, -0.845517809, 0.529998992),
        (0, 0, 1),
        (0, 0, 1),
        (0, 0, 1),
        (0.015549955, -0.847855597, 0.529999137),
        (0.015549955, -0.847855597, 0.529999137),
        (0.015549955, -0.847855597, 0.529999137),
        (0, 0, 1),
        (0, 0, 1),
        (0, 0, 1),
        (0.027069275, -0.847566051, 0.529999098),
        (0.027069275, -0.847566051, 0.529999098),
        (0.027069275, -0.847566051, 0.529999098),
        (0, 0, 1),
        (0, 0, 1),
        (0, 0, 1),
        (-0, 0, 1),
        (-0, 0, 1),
        (-0, 0, 1),
        (0, 0, 1),
        (0, 0, 1),
        (0, 0, 1),
        (0.0828990167, -0.843936605, 0.52999883),
        (0.0828990167, -0.843936605, 0.52999883),
        (0.0828990167, -0.843936605, 0.52999883),
        (0.0373035613, -0.847177756, 0.529998391),
        (0.0373035613, -0.847177756, 0.529998391),
        (0.0373035613, -0.847177756, 0.529998391),
        (0.0461042445, -0.846744416, 0.529998389),
        (0.0461042445, -0.846744416, 0.529998389),
        (0.0461042445, -0.846744416, 0.529998389),
        (-0.0414060321, -0.846986788, 0.529998983),
        (-0.0414060321, -0.846986788, 0.529998983),
        (-0.0414060321, -0.846986788, 0.529998983),
        (-0, -0, 1),
        (-0, -0, 1),
        (-0, -0, 1),
        (0.0823786913, -0.843987476, 0.529998955),
        (0.0823786913, -0.843987476, 0.529998955),
        (0.0823786913, -0.843987476, 0.529998955),
        (0, -0, 1),
        (0, -0, 1),
        (0, -0, 1),
        (0.0626016038, -0.845684546, 0.529998762),
        (0.0626016038, -0.845684546, 0.529998762),
        (0.0626016038, -0.845684546, 0.529998762),
        (0, 0, 1),
        (0, 0, 1),
        (0, 0, 1),
        (0, -0, 1),
        (0, -0, 1),
        (0, -0, 1),
        (0, 0, 1),
        (0, 0, 1),
        (0, 0, 1),
        (0, 0, 1),
        (0, 0, 1),
        (0, 0, 1),
        (0, 0, 1),
        (0, 0, 1),
        (0, 0, 1),
        (0, 0, 1),
        (0, 0, 1),
        (0, 0, 1),
        (0, -0, 1),
        (0, -0, 1),
        (0, -0, 1),
        (0, 0, 1),
        (0, 0, 1),
        (0, 0, 1),
        (-0.847754159, -0.02033535, 0.529999395),
        (-0.847754159, -0.02033535, 0.529999395),
        (-0.847754159, -0.02033535, 0.529999395),
        (0, 0, 1),
        (0, 0, 1),
        (0, 0, 1),
        (-0.847991838, 0.00327961773, 0.529999139),
        (-0.847991838, 0.00327961773, 0.529999139),
        (-0.847991838, 0.00327961773, 0.529999139),
        (-0.84799215, -0.00327698832, 0.529998655),
        (-0.84799215, -0.00327698832, 0.529998655),
        (-0.84799215, -0.00327698832, 0.529998655),
        (-0, -0, 1),
        (-0, -0, 1),
        (-0, -0, 1),
        (0, 0, 1),
        (0, 0, 1),
        (0, 0, 1),
        (-0.847550363, -0.0275630284, 0.529998737),
        (-0.847550363, -0.0275630284, 0.529998737),
        (-0.847550363, -0.0275630284, 0.529998737),
        (0, 0, 1),
        (0, 0, 1),
        (0, 0, 1),
        (-0.847754659, -0.0203317213, 0.529998735),
        (-0.847754659, -0.0203317213, 0.529998735),
        (-0.847754659, -0.0203317213, 0.529998735),
        (0, 0, 1),
        (0, 0, 1),
        (0, 0, 1),
        (-0.847848443, -0.0159265872, 0.529999397),
        (-0.847848443, -0.0159265872, 0.529999397),
        (-0.847848443, -0.0159265872, 0.529999397),
        (0, 0, 1),
        (0, 0, 1),
        (0, 0, 1),
        (0, 0, 1),
        (0, 0, 1),
        (0, 0, 1),
        (0, 0, 1),
        (0, 0, 1),
        (0, 0, 1),
        (-0.847453357, -0.030399182, 0.529998771),
        (-0.847453357, -0.030399182, 0.529998771),
        (-0.847453357, -0.030399182, 0.529998771),
        (-0.84745313, -0.0304007199, 0.529999047),
        (-0.84745313, -0.0304007199, 0.529999047),
        (-0.84745313, -0.0304007199, 0.529999047),
        (0, 0, 1),
        (0, 0, 1),
        (0, 0, 1),
        (-0.847498291, -0.0291156896, 0.529998984),
        (-0.847498291, -0.0291156896, 0.529998984),
        (-0.847498291, -0.0291156896, 0.529998984),
        (-0.856390368, -0.0213117864, 0.515888888),
        (-0.856390368, -0.0213117864, 0.515888888),
        (-0.856390368, -0.0213117864, 0.515888888),
        (-0.863337394, -0.0685654677, 0.499947317),
        (-0.863337394, -0.0685654677, 0.499947317),
        (-0.863337394, -0.0685654677, 0.499947317),
        (-0.0935046332, 0.835510823, 0.541459646),
        (-0.0935046332, 0.835510823, 0.541459646),
        (-0.0935046332, 0.835510823, 0.541459646),
        (0, -0, 1),
        (0, -0, 1),
        (0, -0, 1),
        (-0.856417016, -0.0217487049, 0.515826413),
        (-0.856417016, -0.0217487049, 0.515826413),
        (-0.856417016, -0.0217487049, 0.515826413),
        (-0.782932128, -0.376240924, 0.495439249),
        (-0.782932128, -0.376240924, 0.495439249),
        (-0.782932128, -0.376240924, 0.495439249),
        (0, 0, 1),
        (0, 0, 1),
        (0, 0, 1),
        (0, 0, 1),
        (0, 0, 1),
        (0, 0, 1),
        (0, 0, 1),
        (0, 0, 1),
        (0, 0, 1),
        (0, 0, 1),
        (0, 0, 1),
        (0, 0, 1),
        (0, 0, 1),
        (0, 0, 1),
        (0, 0, 1),
        (0, 0, 1),
        (0, 0, 1),
        (0, 0, 1),
        (0, -0, 1),
        (0, -0, 1),
        (0, -0, 1),
        (0, 0, 1),
        (0, 0, 1),
        (0, 0, 1),
        (0, 0, 1),
        (0, 0, 1),
        (0, 0, 1),
        (-0.0832412355, 0.843902787, 0.52999904),
        (-0.0832412355, 0.843902787, 0.52999904),
        (-0.0832412355, 0.843902787, 0.52999904),
        (0, 0, 1),
        (0, 0, 1),
        (0, 0, 1),
        (-0.0965318468, 0.842486147, 0.529998769),
        (-0.0965318468, 0.842486147, 0.529998769),
        (-0.0965318468, 0.842486147, 0.529998769),
        (0, 0, 1),
        (0, 0, 1),
        (0, 0, 1),
        (-0.0809268377, 0.844128017, 0.529998809),
        (-0.0809268377, 0.844128017, 0.529998809),
        (-0.0809268377, 0.844128017, 0.529998809),
        (-0.092263224, 0.842964432, 0.52999855),
        (-0.092263224, 0.842964432, 0.52999855),
        (-0.092263224, 0.842964432, 0.52999855),
        (0, 0, 1),
        (0, 0, 1),
        (0, 0, 1),
        (0, 0, 1),
        (0, 0, 1),
        (0, 0, 1),
        (0, 0, 1),
        (0, 0, 1),
        (0, 0, 1),
        (-0, 0, 1),
        (-0, 0, 1),
        (-0, 0, 1),
        (-0.0758381656, 0.844600211, 0.529999109),
        (-0.0758381656, 0.844600211, 0.529999109),
        (-0.0758381656, 0.844600211, 0.529999109),
        (0, 0, 1),
        (0, 0, 1),
        (0, 0, 1),
        (-0.0865364826, 0.843571336, 0.529998904),
        (-0.0865364826, 0.843571336, 0.529998904),
        (-0.0865364826, 0.843571336, 0.529998904),
        (-0.0939864832, 0.842774022, 0.529998574),
        (-0.0939864832, 0.842774022, 0.529998574),
        (-0.0939864832, 0.842774022, 0.529998574),
        (0, 0, 1),
        (0, 0, 1),
        (0, 0, 1),
        (0, 0, 1),
        (0, 0, 1),
        (0, 0, 1),
        (-0.0658318796, 0.845439346, 0.529998563),
        (-0.0658318796, 0.845439346, 0.529998563),
        (-0.0658318796, 0.845439346, 0.529998563),
        (-0.0109814543, -0.84792764, 0.529998231),
        (-0.0109814543, -0.84792764, 0.529998231),
        (-0.0109814543, -0.84792764, 0.529998231),
        (0, 0, 1),
        (0, 0, 1),
        (0, 0, 1),
        (-0.0373035604, -0.847177735, 0.529998425),
        (-0.0373035604, -0.847177735, 0.529998425),
        (-0.0373035604, -0.847177735, 0.529998425),
        (0, 0, 1),
        (0, 0, 1),
        (0, 0, 1),
        (-0, 0, 1),
        (-0, 0, 1),
        (-0, 0, 1),
        (-0.0828987203, -0.84393667, 0.529998773),
        (-0.0828987203, -0.84393667, 0.529998773),
        (-0.0828987203, -0.84393667, 0.529998773),
        (-0.062602599, -0.845684591, 0.529998573),
        (-0.062602599, -0.845684591, 0.529998573),
        (-0.062602599, -0.845684591, 0.529998573),
        (0, 0, 1),
        (0, 0, 1),
        (0, 0, 1),
        (0, 0, 1),
        (0, 0, 1),
        (0, 0, 1),
        (0, -0, 1),
        (0, -0, 1),
        (0, -0, 1),
        (0, 0, 1),
        (0, 0, 1),
        (0, 0, 1),
        (-0.015549955, -0.847855597, 0.529999137),
        (-0.015549955, -0.847855597, 0.529999137),
        (-0.015549955, -0.847855597, 0.529999137),
        (-0.0281370701, -0.847531635, 0.529998521),
        (-0.0281370701, -0.847531635, 0.529998521),
        (-0.0281370701, -0.847531635, 0.529998521),
        (-0, -0, 1),
        (-0, -0, 1),
        (-0, -0, 1),
        (0, 0, 1),
        (0, 0, 1),
        (0, 0, 1),
        (-0.0626016038, -0.845684546, 0.529998762),
        (-0.0626016038, -0.845684546, 0.529998762),
        (-0.0626016038, -0.845684546, 0.529998762),
        (0, -0, 1),
        (0, -0, 1),
        (0, -0, 1),
        (0, 0, 1),
        (0, 0, 1),
        (0, 0, 1),
        (-0, 0, 1),
        (-0, 0, 1),
        (-0, 0, 1),
        (0, -0, 1),
        (0, -0, 1),
        (0, -0, 1),
        (-0.0823808437, -0.843987044, 0.529999307),
        (-0.0823808437, -0.843987044, 0.529999307),
        (-0.0823808437, -0.843987044, 0.529999307),
        (-0.0578724367, -0.846021525, 0.529998454),
        (-0.0578724367, -0.846021525, 0.529998454),
        (-0.0578724367, -0.846021525, 0.529998454),
        (-0.0270711186, -0.847566189, 0.529998783),
        (-0.0270711186, -0.847566189, 0.529998783),
        (-0.0270711186, -0.847566189, 0.529998783),
        (-0, 0, 1),
        (-0, 0, 1),
        (-0, 0, 1),
        (0, 0, 1),
        (0, 0, 1),
        (0, 0, 1),
        (0, 0, 1),
        (0, 0, 1),
        (0, 0, 1),
        (-0, 0, 1),
        (-0, 0, 1),
        (-0, 0, 1),
        (0.0648140662, -0.845517587, 0.529999195),
        (0.0648140662, -0.845517587, 0.529999195),
        (0.0648140662, -0.845517587, 0.529999195),
        (0, -0, 1),
        (0, -0, 1),
        (0, -0, 1),
        (-0, 0, 1),
        (-0, 0, 1),
        (-0, 0, 1),
        (0, 0, 1),
        (0, 0, 1),
        (0, 0, 1),
        (-0, 0, 1),
        (-0, 0, 1),
        (-0, 0, 1),
        (0.839304541, -0.0588416941, 0.540467893),
        (0.839304541, -0.0588416941, 0.540467893),
        (0.839304541, -0.0588416941, 0.540467893),
        (0, 0, 1),
        (0, 0, 1),
        (0, 0, 1),
        (0.0596453466, -0.84645322, 0.529111877),
        (0.0596453466, -0.84645322, 0.529111877),
        (0.0596453466, -0.84645322, 0.529111877),
        (0, -0, 1),
        (0, -0, 1),
        (0, -0, 1),
        (0.845654393, -0.0630022449, 0.5299994),
        (0.845654393, -0.0630022449, 0.5299994),
        (0.845654393, -0.0630022449, 0.5299994),
        (0, 0, 1),
        (0, 0, 1),
        (0, 0, 1),
        (0.846199394, -0.0552089601, 0.529998638),
        (0.846199394, -0.0552089601, 0.529998638),
        (0.846199394, -0.0552089601, 0.529998638),
        (0.844679427, -0.0749480713, 0.529999484),
        (0.844679427, -0.0749480713, 0.529999484),
        (0.844679427, -0.0749480713, 0.529999484),
        (0, -0, 1),
        (0, -0, 1),
        (0, -0, 1),
        (0.846021451, -0.0578649979, 0.529999383),
        (0.846021451, -0.0578649979, 0.529999383),
        (0.846021451, -0.0578649979, 0.529999383),
        (0, -0, 1),
        (0, -0, 1),
        (0, -0, 1),
        (-0, 0, 1),
        (-0, 0, 1),
        (-0, 0, 1),
        (0.84512723, -0.0697185324, 0.529999332),
        (0.84512723, -0.0697185324, 0.529999332),
        (0.84512723, -0.0697185324, 0.529999332),
        (0.846291056, -0.0537784791, 0.529999362),
        (0.846291056, -0.0537784791, 0.529999362),
        (0.846291056, -0.0537784791, 0.529999362),
        (0, -0, 1),
        (0, -0, 1),
        (0, -0, 1),
        (0.84743701, -0.0308514724, 0.529998774),
        (0.84743701, -0.0308514724, 0.529998774),
        (0.84743701, -0.0308514724, 0.529998774),
        (0, -0, 1),
        (0, -0, 1),
        (0, -0, 1),
        (-0, 0, 1),
        (-0, 0, 1),
        (-0, 0, 1),
        (0.846291115, -0.0537781361, 0.529999302),
        (0.846291115, -0.0537781361, 0.529999302),
        (0.846291115, -0.0537781361, 0.529999302),
        (-0, 0, 1),
        (-0, 0, 1),
        (-0, 0, 1),
        (0, 0, 1),
        (0, 0, 1),
        (0, 0, 1),
        (-0, 0, 1),
        (-0, 0, 1),
        (-0, 0, 1),
        (0, 0, 1),
        (0, 0, 1),
        (0, 0, 1),
        (0, 0, 1),
        (0, 0, 1),
        (0, 0, 1),
        (0, 0, 1),
        (0, 0, 1),
        (0, 0, 1),
        (-0, 0, 1),
        (-0, 0, 1),
        (-0, 0, 1),
        (0, 0, 1),
        (0, 0, 1),
        (0, 0, 1),
        (0, 0, 1),
        (0, 0, 1),
        (0, 0, 1),
        (-0, 0, 1),
        (-0, 0, 1),
        (-0, 0, 1),
        (0, 0, 1),
        (0, 0, 1),
        (0, 0, 1),
        (-0.0709122951, 0.845028131, 0.529998966),
        (-0.0709122951, 0.845028131, 0.529998966),
        (-0.0709122951, 0.845028131, 0.529998966),
        (-0, 0, 1),
        (-0, 0, 1),
        (-0, 0, 1),
        (0, 0, 1),
        (0, 0, 1),
        (0, 0, 1),
        (-0.0610751616, 0.845796135, 0.529998794),
        (-0.0610751616, 0.845796135, 0.529998794),
        (-0.0610751616, 0.845796135, 0.529998794),
        (0, -0, 1),
        (0, -0, 1),
        (0, -0, 1),
        (-0, 0, 1),
        (-0, 0, 1),
        (-0, 0, 1),
        (0, 0, 1),
        (0, 0, 1),
        (0, 0, 1),
        (-0.0370979224, 0.847186238, 0.529999267),
        (-0.0370979224, 0.847186238, 0.529999267),
        (-0.0370979224, 0.847186238, 0.529999267),
        (-0.0379257492, 0.847149582, 0.529999268),
        (-0.0379257492, 0.847149582, 0.529999268),
        (-0.0379257492, 0.847149582, 0.529999268),
        (0, 0, 1),
        (0, 0, 1),
        (0, 0, 1),
        (-0.0454131433, 0.846781152, 0.529999365),
        (-0.0454131433, 0.846781152, 0.529999365),
        (-0.0454131433, 0.846781152, 0.529999365),
        (0, 0, 1),
        (0, 0, 1),
        (0, 0, 1),
        (-0.0561393046, 0.846138119, 0.529998739),
        (-0.0561393046, 0.846138119, 0.529998739),
        (-0.0561393046, 0.846138119, 0.529998739),
        (-0.045443529, 0.84677951, 0.529999384),
        (-0.045443529, 0.84677951, 0.529999384),
        (-0.045443529, 0.84677951, 0.529999384),
        (0, 0, 1),
        (0, 0, 1),
        (0, 0, 1),
        (0.847580512, -0.0266091719, 0.529999272),
        (0.847580512, -0.0266091719, 0.529999272),
        (0.847580512, -0.0266091719, 0.529999272),
        (0, 0, 1),
        (0, 0, 1),
        (0, 0, 1),
        (0.84742124, -0.031273113, 0.529999278),
        (0.84742124, -0.031273113, 0.529999278),
        (0.84742124, -0.031273113, 0.529999278),
        (0.84758059, -0.0266101633, 0.529999096),
        (0.84758059, -0.0266101633, 0.529999096),
        (0.84758059, -0.0266101633, 0.529999096),
        (-0, 0, 1),
        (-0, 0, 1),
        (-0, 0, 1),
        (0, -0, 1),
        (0, -0, 1),
        (0, -0, 1),
        (0.846924809, -0.0426562319, 0.529998881),
        (0.846924809, -0.0426562319, 0.529998881),
        (0.846924809, -0.0426562319, 0.529998881),
        (0.846947065, -0.0422126731, 0.52999883),
        (0.846947065, -0.0422126731, 0.52999883),
        (0.846947065, -0.0422126731, 0.52999883),
        (0.847480342, -0.0296297526, 0.529999196),
        (0.847480342, -0.0296297526, 0.529999196),
        (0.847480342, -0.0296297526, 0.529999196),
        (0, -0, 1),
        (0, -0, 1),
        (0, -0, 1),
        (-0, 0, 1),
        (-0, 0, 1),
        (-0, 0, 1),
        (0.847480254, -0.0296303733, 0.529999301),
        (0.847480254, -0.0296303733, 0.529999301),
        (0.847480254, -0.0296303733, 0.529999301),
        (0, -0, 1),
        (0, -0, 1),
        (0, -0, 1),
        (0.847865278, -0.015029988, 0.529998652),
        (0.847865278, -0.015029988, 0.529998652),
        (0.847865278, -0.015029988, 0.529998652),
        (0.847928261, -0.0109303736, 0.529998294),
        (0.847928261, -0.0109303736, 0.529998294),
        (0.847928261, -0.0109303736, 0.529998294),
        (0, -0, 1),
        (0, -0, 1),
        (0, -0, 1),
        (0, 0, 1),
        (0, 0, 1),
        (0, 0, 1),
        (0.847927493, -0.0109367099, 0.529999391),
        (0.847927493, -0.0109367099, 0.529999391),
        (0.847927493, -0.0109367099, 0.529999391),
        (0, 0, 1),
        (0, 0, 1),
        (0, 0, 1),
        (0, 0, 1),
        (0, 0, 1),
        (0, 0, 1),
        (0, 0, 1),
        (0, 0, 1),
        (0, 0, 1),
        (0.847978394, -0.0057857501, 0.529999216),
        (0.847978394, -0.0057857501, 0.529999216),
        (0.847978394, -0.0057857501, 0.529999216),
        (0.847888955, -0.0136074051, 0.529999206),
        (0.847888955, -0.0136074051, 0.529999206),
        (0.847888955, -0.0136074051, 0.529999206),
        (0.84797855, -0.00578720993, 0.52999895),
        (0.84797855, -0.00578720993, 0.52999895),
        (0.84797855, -0.00578720993, 0.52999895),
        (-0.0396611225, 0.847070211, 0.529999106),
        (-0.0396611225, 0.847070211, 0.529999106),
        (-0.0396611225, 0.847070211, 0.529999106),
        (0, 0, 1),
        (0, 0, 1),
        (0, 0, 1),
        (0, 0, 1),
        (0, 0, 1),
        (0, 0, 1),
        (0, 0, 1),
        (0, 0, 1),
        (0, 0, 1),
        (-0, 0, 1),
        (-0, 0, 1),
        (-0, 0, 1),
        (0, 0, 1),
        (0, 0, 1),
        (0, 0, 1),
        (0, 0, 1),
        (0, 0, 1),
        (0, 0, 1),
        (0, 0, 1),
        (0, 0, 1),
        (0, 0, 1),
        (0, 0, 1),
        (0, 0, 1),
        (0, 0, 1),
        (-0.845021843, 0.000376903483, 0.534731655),
        (-0.845021843, 0.000376903483, 0.534731655),
        (-0.845021843, 0.000376903483, 0.534731655),
        (0.209442313, -0.824305544, 0.525979361),
        (0.209442313, -0.824305544, 0.525979361),
        (0.209442313, -0.824305544, 0.525979361),
        (0, 0, 1),
        (0, 0, 1),
        (0, 0, 1),
        (-0.843276291, -0.0893667065, 0.529998764),
        (-0.843276291, -0.0893667065, 0.529998764),
        (-0.843276291, -0.0893667065, 0.529998764),
        (-0.846282679, -0.0539163144, 0.529998735),
        (-0.846282679, -0.0539163144, 0.529998735),
        (-0.846282679, -0.0539163144, 0.529998735),
        (0, 0, 1),
        (0, 0, 1),
        (0, 0, 1),
        (0.0920404455, -0.842988294, 0.529999332),
        (0.0920404455, -0.842988294, 0.529999332),
        (0.0920404455, -0.842988294, 0.529999332),
        (0, 0, 1),
        (0, 0, 1),
        (0, 0, 1),
        (0.0758395437, -0.844600044, 0.529999179),
        (0.0758395437, -0.844600044, 0.529999179),
        (0.0758395437, -0.844600044, 0.529999179),
        (0.086508301, -0.843574288, 0.529998807),
        (0.086508301, -0.843574288, 0.529998807),
        (0.086508301, -0.843574288, 0.529998807),
        (0, -0, 1),
        (0, -0, 1),
        (0, -0, 1),
        (0, 0, 1),
        (0, 0, 1),
        (0, 0, 1),
        (0, 0, 1),
        (0, 0, 1),
        (0, 0, 1),
        (-0, 0, 1),
        (-0, 0, 1),
        (-0, 0, 1),
        (0, -0, 1),
        (0, -0, 1),
        (0, -0, 1),
        (0, 0, 1),
        (0, 0, 1),
        (0, 0, 1),
        (0.0939849917, -0.842774181, 0.529998587),
        (0.0939849917, -0.842774181, 0.529998587),
        (0.0939849917, -0.842774181, 0.529998587),
        (0.0865372549, -0.843571342, 0.529998768),
        (0.0865372549, -0.843571342, 0.529998768),
        (0.0865372549, -0.843571342, 0.529998768),
        (0, -0, 1),
        (0, -0, 1),
        (0, -0, 1),
        (-0.847512316, -0.0287111114, 0.529998629),
        (-0.847512316, -0.0287111114, 0.529998629),
        (-0.847512316, -0.0287111114, 0.529998629),
        (0, 0, 1),
        (0, 0, 1),
        (0, 0, 1),
        (-0.84260326, -0.0955057663, 0.529998486),
        (-0.84260326, -0.0955057663, 0.529998486),
        (-0.84260326, -0.0955057663, 0.529998486),
        (0, 0, 1),
        (0, 0, 1),
        (0, 0, 1),
        (-0.847970704, 0.00687497272, 0.529998509),
        (-0.847970704, 0.00687497272, 0.529998509),
        (-0.847970704, 0.00687497272, 0.529998509),
        (0, 0, 1),
        (0, 0, 1),
        (0, 0, 1),
        (-0.84797013, 0.00687991406, 0.529999363),
        (-0.84797013, 0.00687991406, 0.529999363),
        (-0.84797013, 0.00687991406, 0.529999363),
        (-0.847997423, -0.00101347929, 0.529999381),
        (-0.847997423, -0.00101347929, 0.529999381),
        (-0.847997423, -0.00101347929, 0.529999381),
        (0, 0, 1),
        (0, 0, 1),
        (0, 0, 1),
        (-0.846705204, 0.0468112412, 0.529999061),
        (-0.846705204, 0.0468112412, 0.529999061),
        (-0.846705204, 0.0468112412, 0.529999061),
        (0, -0, 1),
        (0, -0, 1),
        (0, -0, 1),
        (0, 0, 1),
        (0, 0, 1),
        (0, 0, 1),
        (-0, -0, 1),
        (-0, -0, 1),
        (-0, -0, 1),
        (-0, 0, 1),
        (-0, 0, 1),
        (-0, 0, 1),
        (0, 0, 1),
        (0, 0, 1),
        (0, 0, 1),
        (-0.847588381, 0.0263568368, 0.529999296),
        (-0.847588381, 0.0263568368, 0.529999296),
        (-0.847588381, 0.0263568368, 0.529999296),
        (0, 0, 1),
        (0, 0, 1),
        (0, 0, 1),
        (0, 0, 1),
        (0, 0, 1),
        (0, 0, 1),
        (0, 0, 1),
        (0, 0, 1),
        (0, 0, 1),
        (-0, -0, 1),
        (-0, -0, 1),
        (-0, -0, 1),
        (0, 0, 1),
        (0, 0, 1),
        (0, 0, 1),
        (0, 0, 1),
        (0, 0, 1),
        (0, 0, 1),
        (-0, 0, 1),
        (-0, 0, 1),
        (-0, 0, 1),
        (0, 0, 1),
        (0, 0, 1),
        (0, 0, 1),
        (0, 0, 1),
        (0, 0, 1),
        (0, 0, 1),
        (-0.846705231, -0.0468112426, 0.529999019),
        (-0.846705231, -0.0468112426, 0.529999019),
        (-0.846705231, -0.0468112426, 0.529999019),
        (0, 0, 1),
        (0, 0, 1),
        (0, 0, 1),
        (0, 0, 1),
        (0, 0, 1),
        (0, 0, 1),
        (-0.847918635, -0.0116149467, 0.529999134),
        (-0.847918635, -0.0116149467, 0.529999134),
        (-0.847918635, -0.0116149467, 0.529999134),
        (0, 0, 1),
        (0, 0, 1),
        (0, 0, 1),
        (0, 0, 1),
        (0, 0, 1),
        (0, 0, 1),
        (0, 0, 1),
        (0, 0, 1),
        (0, 0, 1),
        (0, 0, 1),
        (0, 0, 1),
        (0, 0, 1),
        (0, 0, 1),
        (0, 0, 1),
        (0, 0, 1),
        (-0, 0, 1),
        (-0, 0, 1),
        (-0, 0, 1),
        (0, 0, 1),
        (0, 0, 1),
        (0, 0, 1),
        (-0.845227003, 0.0685040427, 0.529998593),
        (-0.845227003, 0.0685040427, 0.529998593),
        (-0.845227003, 0.0685040427, 0.529998593),
        (-0.84729994, -0.0343984635, 0.529999582),
        (-0.84729994, -0.0343984635, 0.529999582),
        (-0.84729994, -0.0343984635, 0.529999582),
        (0, -0, 1),
        (0, -0, 1),
        (0, -0, 1),
        (-0.847588621, -0.0263602063, 0.529998744),
        (-0.847588621, -0.0263602063, 0.529998744),
        (-0.847588621, -0.0263602063, 0.529998744),
        (-0.846932685, -0.0425065152, 0.529998325),
        (-0.846932685, -0.0425065152, 0.529998325),
        (-0.846932685, -0.0425065152, 0.529998325),
        (-0, 0, 1),
        (-0, 0, 1),
        (-0, 0, 1),
        (0, 0, 1),
        (0, 0, 1),
        (0, 0, 1),
        (0, 0, 1),
        (0, 0, 1),
        (0, 0, 1),
        (0, -0, 1),
        (0, -0, 1),
        (0, -0, 1),
        (0, 0, 1),
        (0, 0, 1),
        (0, 0, 1),
        (0, 0, 1),
        (0, 0, 1),
        (0, 0, 1),
        (0, 0, 1),
        (0, 0, 1),
        (0, 0, 1),
        (0, 0, 1),
        (0, 0, 1),
        (0, 0, 1),
        (0, 0, 1),
        (0, 0, 1),
        (0, 0, 1),
        (-0.72400692, 0.399328703, 0.562450501),
        (-0.72400692, 0.399328703, 0.562450501),
        (-0.72400692, 0.399328703, 0.562450501),
        (0.0143989098, 0.851930334, 0.52345714),
        (0.0143989098, 0.851930334, 0.52345714),
        (0.0143989098, 0.851930334, 0.52345714),
        (0, 0, 1),
        (0, 0, 1),
        (0, 0, 1),
        (0, 0, 1),
        (0, 0, 1),
        (0, 0, 1),
        (0, 0, 1),
        (0, 0, 1),
        (0, 0, 1),
        (0.042731077, 0.855995761, 0.51521385),
        (0.042731077, 0.855995761, 0.51521385),
        (0.042731077, 0.855995761, 0.51521385),
        (-0.847853834, 0.0156525022, 0.529998939),
        (-0.847853834, 0.0156525022, 0.529998939),
        (-0.847853834, 0.0156525022, 0.529998939),
        (-0.847852656, 0.0157066783, 0.52999922),
        (-0.847852656, 0.0157066783, 0.52999922),
        (-0.847852656, 0.0157066783, 0.52999922),
        (0, 0, 1),
        (0, 0, 1),
        (0, 0, 1),
        (0.0398206052, 0.847062994, 0.529998682),
        (0.0398206052, 0.847062994, 0.529998682),
        (0.0398206052, 0.847062994, 0.529998682),
        (0.0398227736, 0.847062636, 0.529999091),
        (0.0398227736, 0.847062636, 0.529999091),
        (0.0398227736, 0.847062636, 0.529999091),
        (-0, 0, 1),
        (-0, 0, 1),
        (-0, 0, 1),
        (0.00526483201, 0.84798226, 0.529998461),
        (0.00526483201, 0.84798226, 0.529998461),
        (0.00526483201, 0.84798226, 0.529998461),
        (0.00526155382, 0.847981928, 0.529999024),
        (0.00526155382, 0.847981928, 0.529999024),
        (0.00526155382, 0.847981928, 0.529999024),
        (0, 0, 1),
        (0, 0, 1),
        (0, 0, 1),
        (0.0228414167, 0.847690722, 0.529998783),
        (0.0228414167, 0.847690722, 0.529998783),
        (0.0228414167, 0.847690722, 0.529998783),
        (-0, 0, 1),
        (-0, 0, 1),
        (-0, 0, 1),
        (0, 0, 1),
        (0, 0, 1),
        (0, 0, 1),
        (0.00460603933, 0.847985799, 0.529998933),
        (0.00460603933, 0.847985799, 0.529998933),
        (0.00460603933, 0.847985799, 0.529998933),
        (-0.00188063368, 0.847995981, 0.52999932),
        (-0.00188063368, 0.847995981, 0.52999932),
        (-0.00188063368, 0.847995981, 0.52999932),
        (-0, 0, 1),
        (-0, 0, 1),
        (-0, 0, 1),
        (0.0298632027, 0.847472218, 0.529999083),
        (0.0298632027, 0.847472218, 0.529999083),
        (0.0298632027, 0.847472218, 0.529999083),
        (-0.00187844969, 0.847996227, 0.529998934),
        (-0.00187844969, 0.847996227, 0.529998934),
        (-0.00187844969, 0.847996227, 0.529998934),
        (-0, 0, 1),
        (-0, 0, 1),
        (-0, 0, 1),
        (0, -0, 1),
        (0, -0, 1),
        (0, -0, 1),
        (0, 0, 1),
        (0, 0, 1),
        (0, 0, 1),
        (0, 0, 1),
        (0, 0, 1),
        (0, 0, 1),
        (0, -0, 1),
        (0, -0, 1),
        (0, -0, 1),
        (0.0747440239, -0.844697782, 0.529999046),
        (0.0747440239, -0.844697782, 0.529999046),
        (0.0747440239, -0.844697782, 0.529999046),
        (0, 0, 1),
        (0, 0, 1),
        (0, 0, 1),
        (0.037924019, -0.847149854, 0.529998956),
        (0.037924019, -0.847149854, 0.529998956),
        (0.037924019, -0.847149854, 0.529998956),
        (0.0500973941, -0.846517186, 0.529998966),
        (0.0500973941, -0.846517186, 0.529998966),
        (0.0500973941, -0.846517186, 0.529998966),
        (0, 0, 1),
        (0, 0, 1),
        (0, 0, 1),
        (-0, 0, 1),
        (-0, 0, 1),
        (-0, 0, 1),
        (0, 0, 1),
        (0, 0, 1),
        (0, 0, 1),
        (0, 0, 1),
        (0, 0, 1),
        (0, 0, 1),
        (0, 0, 1),
        (0, 0, 1),
        (0, 0, 1),
        (0.0561413086, -0.846137985, 0.52999874),
        (0.0561413086, -0.846137985, 0.52999874),
        (0.0561413086, -0.846137985, 0.52999874),
        (0.0709137437, -0.84502796, 0.529999045),
        (0.0709137437, -0.84502796, 0.529999045),
        (0.0709137437, -0.84502796, 0.529999045),
        (0, -0, 1),
        (0, -0, 1),
        (0, -0, 1),
        (0.0500949141, -0.846517045, 0.529999427),
        (0.0500949141, -0.846517045, 0.529999427),
        (0.0500949141, -0.846517045, 0.529999427),
        (0, 0, 1),
        (0, 0, 1),
        (0, 0, 1),
        (0, 0, 1),
        (0, 0, 1),
        (0, 0, 1),
        (0, -0, 1),
        (0, -0, 1),
        (0, -0, 1),
        (0, 0, 1),
        (0, 0, 1),
        (0, 0, 1),
        (-0, 0, 1),
        (-0, 0, 1),
        (-0, 0, 1),
        (0.0546462986, -0.84623555, 0.529999222),
        (0.0546462986, -0.84623555, 0.529999222),
        (0.0546462986, -0.84623555, 0.529999222),
        (0, -0, 1),
        (0, -0, 1),
        (0, -0, 1),
        (0, 0, 1),
        (0, 0, 1),
        (0, 0, 1),
        (0, 0, 1),
        (0, 0, 1),
        (0, 0, 1),
        (0, 0, 1),
        (0, 0, 1),
        (0, 0, 1),
        (0, 0, 1),
        (0, 0, 1),
        (0, 0, 1),
        (0, 0, 1),
        (0, 0, 1),
        (0, 0, 1),
        (-0.0353708803, 0.847260435, 0.529998733),
        (-0.0353708803, 0.847260435, 0.529998733),
        (-0.0353708803, 0.847260435, 0.529998733),
        (-0.0396644292, 0.84707043, 0.529998509),
        (-0.0396644292, 0.84707043, 0.529998509),
        (-0.0396644292, 0.84707043, 0.529998509),
        (0, -0, 1),
        (0, -0, 1),
        (0, -0, 1),
        (0, 0, 1),
        (0, 0, 1),
        (0, 0, 1),
        (-0.671840166, 0.738128706, 0.0616182236),
        (-0.671840166, 0.738128706, 0.0616182236),
        (-0.671840166, 0.738128706, 0.0616182236),
        (0, 0, 1),
        (0, 0, 1),
        (0, 0, 1),
        (0, 0, 1),
        (0, 0, 1),
        (0, 0, 1),
        (0.0398853259, -0.847059917, 0.529998734),
        (0.0398853259, -0.847059917, 0.529998734),
        (0.0398853259, -0.847059917, 0.529998734),
        (0, 0, 1),
        (0, 0, 1),
        (0, 0, 1),
        (0, 0, 1),
        (0, 0, 1),
        (0, 0, 1),
        (0.0396579695, -0.847070341, 0.529999134),
        (0.0396579695, -0.847070341, 0.529999134),
        (0.0396579695, -0.847070341, 0.529999134),
        (0.823599435, -0.154921106, 0.545603722),
        (0.823599435, -0.154921106, 0.545603722),
        (0.823599435, -0.154921106, 0.545603722),
        (0, 0, 1),
        (0, 0, 1),
        (0, 0, 1),
        (0, 0, 1),
        (0, 0, 1),
        (0, 0, 1),
        (0.0346111512, -0.847291881, 0.529998619),
        (0.0346111512, -0.847291881, 0.529998619),
        (0.0346111512, -0.847291881, 0.529998619),
        (0, -0, 1),
        (0, -0, 1),
        (0, -0, 1),
        (-0.022844184, -0.84863163, 0.528490775),
        (-0.022844184, -0.84863163, 0.528490775),
        (-0.022844184, -0.84863163, 0.528490775),
        (0, -0, 1),
        (0, -0, 1),
        (0, -0, 1),
        (0, 0, 1),
        (0, 0, 1),
        (0, 0, 1),
        (0.843971943, -0.0825398, 0.529998623),
        (0.843971943, -0.0825398, 0.529998623),
        (0.843971943, -0.0825398, 0.529998623),
        (0, -0, 1),
        (0, -0, 1),
        (0, -0, 1),
        (-0, 0, 1),
        (-0, 0, 1),
        (-0, 0, 1),
        (0, 0, 1),
        (0, 0, 1),
        (0, 0, 1),
        (0.8476131, -0.0255494405, 0.529999301),
        (0.8476131, -0.0255494405, 0.529999301),
        (0.8476131, -0.0255494405, 0.529999301),
        (0.847613024, -0.0255484022, 0.529999472),
        (0.847613024, -0.0255484022, 0.529999472),
        (0.847613024, -0.0255484022, 0.529999472),
        (0, 0, 1),
        (0, 0, 1),
        (0, 0, 1),
        (0, 0, 1),
        (0, 0, 1),
        (0, 0, 1),
        (0, 0, 1),
        (0, 0, 1),
        (0, 0, 1),
        (-0, 0, 1),
        (-0, 0, 1),
        (-0, 0, 1),
        (0, 0, 1),
        (0, 0, 1),
        (0, 0, 1),
        (0, 0, 1),
        (0, 0, 1),
        (0, 0, 1),
        (0, 0, 1),
        (0, 0, 1),
        (0, 0, 1),
        (-0, 0, 1),
        (-0, 0, 1),
        (-0, 0, 1),
        (0, -0, 1),
        (0, -0, 1),
        (0, -0, 1),
        (0, 0, 1),
        (0, 0, 1),
        (0, 0, 1),
        (0, 0, 1),
        (0, 0, 1),
        (0, 0, 1),
        (-0.0188751813, 0.847788524, 0.529998439),
        (-0.0188751813, 0.847788524, 0.529998439),
        (-0.0188751813, 0.847788524, 0.529998439),
        (-0, 0, 1),
        (-0, 0, 1),
        (-0, 0, 1),
        (0, -0, 1),
        (0, -0, 1),
        (0, -0, 1),
        (0, -0, 1),
        (0, -0, 1),
        (0, -0, 1),
        (0.847408316, -0.0316325299, 0.529998613),
        (0.847408316, -0.0316325299, 0.529998613),
        (0.847408316, -0.0316325299, 0.529998613),
        (0, 0, 1),
        (0, 0, 1),
        (0, 0, 1),
        (-0, 0, 1),
        (-0, 0, 1),
        (-0, 0, 1),
        (0.847820512, -0.017373928, 0.52999861),
        (0.847820512, -0.017373928, 0.52999861),
        (0.847820512, -0.017373928, 0.52999861),
        (0.847820429, -0.0173729716, 0.529998774),
        (0.847820429, -0.0173729716, 0.529998774),
        (0.847820429, -0.0173729716, 0.529998774),
        (0.846278331, -0.0539840421, 0.529998782),
        (0.846278331, -0.0539840421, 0.529998782),
        (0.846278331, -0.0539840421, 0.529998782),
        (0, -0, 1),
        (0, -0, 1),
        (0, -0, 1),
        (0.847507931, -0.0288229763, 0.529999569),
        (0.847507931, -0.0288229763, 0.529999569),
        (0.847507931, -0.0288229763, 0.529999569),
        (0, -0, 1),
        (0, -0, 1),
        (0, -0, 1),
        (-0, 0, 1),
        (-0, 0, 1),
        (-0, 0, 1),
        (-0, 0, 1),
        (-0, 0, 1),
        (-0, 0, 1),
        (0.00406224619, 0.847988889, 0.529998436),
        (0.00406224619, 0.847988889, 0.529998436),
        (0.00406224619, 0.847988889, 0.529998436),
        (-0.0188786015, 0.847788053, 0.529999071),
        (-0.0188786015, 0.847788053, 0.529999071),
        (-0.0188786015, 0.847788053, 0.529999071),
        (0, 0, 1),
        (0, 0, 1),
        (0, 0, 1),
        (-0.00406224619, 0.847988889, 0.529998436),
        (-0.00406224619, 0.847988889, 0.529998436),
        (-0.00406224619, 0.847988889, 0.529998436),
        (-0, 0, 1),
        (-0, 0, 1),
        (-0, 0, 1),
        (0, -0, 1),
        (0, -0, 1),
        (0, -0, 1),
        (0.0198311539, 0.847766369, 0.529998971),
        (0.0198311539, 0.847766369, 0.529998971),
        (0.0198311539, 0.847766369, 0.529998971),
        (-0.0376256999, 0.847163284, 0.529998752),
        (-0.0376256999, 0.847163284, 0.529998752),
        (-0.0376256999, 0.847163284, 0.529998752),
        (0, 0, 1),
        (0, 0, 1),
        (0, 0, 1),
        (-0.00460422453, 0.847985621, 0.529999234),
        (-0.00460422453, 0.847985621, 0.529999234),
        (-0.00460422453, 0.847985621, 0.529999234),
        (0, 0, 1),
        (0, 0, 1),
        (0, 0, 1),
        (0, 0, 1),
        (0, 0, 1),
        (0, 0, 1),
        (0, 0, 1),
        (0, 0, 1),
        (0, 0, 1),
        (0, 0, 1),
        (0, 0, 1),
        (0, 0, 1),
        (-0.00841219717, 0.847956671, 0.529998791),
        (-0.00841219717, 0.847956671, 0.529998791),
        (-0.00841219717, 0.847956671, 0.529998791),
        (-0.0165927145, 0.847836402, 0.529998224),
        (-0.0165927145, 0.847836402, 0.529998224),
        (-0.0165927145, 0.847836402, 0.529998224),
        (0, 0, 1),
        (0, 0, 1),
        (0, 0, 1),
        (-0.0165940836, 0.84783623, 0.529998456),
        (-0.0165940836, 0.84783623, 0.529998456),
        (-0.0165940836, 0.84783623, 0.529998456),
        (0, -0, 1),
        (0, -0, 1),
        (0, -0, 1),
        (0, 0, 1),
        (0, 0, 1),
        (0, 0, 1),
        (0, 0, 1),
        (0, 0, 1),
        (0, 0, 1),
        (0.847624057, 0.0144283492, 0.530401057),
        (0.847624057, 0.0144283492, 0.530401057),
        (0.847624057, 0.0144283492, 0.530401057),
        (0, 0, 1),
        (0, 0, 1),
        (0, 0, 1),
        (-0.049410277, 0.857003939, 0.512935544),
        (-0.049410277, 0.857003939, 0.512935544),
        (-0.049410277, 0.857003939, 0.512935544),
        (0, 0, 1),
        (0, 0, 1),
        (0, 0, 1),
        (-0, 0, 1),
        (-0, 0, 1),
        (-0, 0, 1),
        (0, 0, 1),
        (0, 0, 1),
        (0, 0, 1),
        (-0.0603885642, -0.844283124, 0.532484017),
        (-0.0603885642, -0.844283124, 0.532484017),
        (-0.0603885642, -0.844283124, 0.532484017),
        (0, -0, 1),
        (0, -0, 1),
        (0, -0, 1),
        (0, 0, 1),
        (0, 0, 1),
        (0, 0, 1),
        (-0.846019502, 0.0578961986, 0.529999087),
        (-0.846019502, 0.0578961986, 0.529999087),
        (-0.846019502, 0.0578961986, 0.529999087),
        (0, -0, 1),
        (0, -0, 1),
        (0, -0, 1),
        (0, 0, 1),
        (0, 0, 1),
        (0, 0, 1),
        (0.00194686715, -0.854739574, 0.519053436),
        (0.00194686715, -0.854739574, 0.519053436),
        (0.00194686715, -0.854739574, 0.519053436),
        (0, -0, 1),
        (0, -0, 1),
        (0, -0, 1),
        (0.0172121583, -0.84782398, 0.529998341),
        (0.0172121583, -0.84782398, 0.529998341),
        (0.0172121583, -0.84782398, 0.529998341),
        (0.0172187288, -0.847823135, 0.529999478),
        (0.0172187288, -0.847823135, 0.529999478),
        (0.0172187288, -0.847823135, 0.529999478),
        (0, -0, 1),
        (0, -0, 1),
        (0, -0, 1),
        (0.0190642364, -0.847783794, 0.529999239),
        (0.0190642364, -0.847783794, 0.529999239),
        (0.0190642364, -0.847783794, 0.529999239),
        (0, 0, 1),
        (0, 0, 1),
        (0, 0, 1),
        (0, 0, 1),
        (0, 0, 1),
        (0, 0, 1),
        (0.0162394952, -0.847842972, 0.529998654),
        (0.0162394952, -0.847842972, 0.529998654),
        (0.0162394952, -0.847842972, 0.529998654),
        (0, 0, 1),
        (0, 0, 1),
        (0, 0, 1),
        (0.0231863728, -0.84768121, 0.529999017),
        (0.0231863728, -0.84768121, 0.529999017),
        (0.0231863728, -0.84768121, 0.529999017),
        (0, -0, 1),
        (0, -0, 1),
        (0, -0, 1),
        (0, 0, 1),
        (0, 0, 1),
        (0, 0, 1),
        (0.0238300967, -0.847663328, 0.529999065),
        (0.0238300967, -0.847663328, 0.529999065),
        (0.0238300967, -0.847663328, 0.529999065),
        (0, 0, 1),
        (0, 0, 1),
        (0, 0, 1),
        (0.0210165395, -0.847737731, 0.529999099),
        (0.0210165395, -0.847737731, 0.529999099),
        (0.0210165395, -0.847737731, 0.529999099),
        (0, 0, 1),
        (0, 0, 1),
        (0, 0, 1),
        (-0, 0, 1),
        (-0, 0, 1),
        (-0, 0, 1),
        (-0.87201082, 0.0729622974, 0.484018215),
        (-0.87201082, 0.0729622974, 0.484018215),
        (-0.87201082, 0.0729622974, 0.484018215),
        (-0, 0, 1),
        (-0, 0, 1),
        (-0, 0, 1),
        (0, 0, 1),
        (0, 0, 1),
        (0, 0, 1),
        (0, 0, 1),
        (0, 0, 1),
        (0, 0, 1),
        (-0.716612131, 0.514430172, 0.470986891),
        (-0.716612131, 0.514430172, 0.470986891),
        (-0.716612131, 0.514430172, 0.470986891),
        (0, 0, 1),
        (0, 0, 1),
        (0, 0, 1),
        (-0.847847879, 0.0159550416, 0.529999444),
        (-0.847847879, 0.0159550416, 0.529999444),
        (-0.847847879, 0.0159550416, 0.529999444),
        (0, 0, 1),
        (0, 0, 1),
        (0, 0, 1),
        (0, 0, 1),
        (0, 0, 1),
        (0, 0, 1),
        (-0.84719272, 0.0369488362, 0.529999319),
        (-0.84719272, 0.0369488362, 0.529999319),
        (-0.84719272, 0.0369488362, 0.529999319),
        (0, -0, 1),
        (0, -0, 1),
        (0, -0, 1),
        (0, 0, 1),
        (0, 0, 1),
        (0, 0, 1),
        (0, 0, 1),
        (0, 0, 1),
        (0, 0, 1),
        (0, 0, 1),
        (0, 0, 1),
        (0, 0, 1),
        (0, 0, 1),
        (0, 0, 1),
        (0, 0, 1),
        (-0.844753711, 0.0741064749, 0.529999432),
        (-0.844753711, 0.0741064749, 0.529999432),
        (-0.844753711, 0.0741064749, 0.529999432),
        (0, 0, 1),
        (0, 0, 1),
        (0, 0, 1),
        (0, 0, 1),
        (0, 0, 1),
        (0, 0, 1),
        (0, 0, 1),
        (0, 0, 1),
        (0, 0, 1),
        (-0.846268756, 0.0541275401, 0.529999436),
        (-0.846268756, 0.0541275401, 0.529999436),
        (-0.846268756, 0.0541275401, 0.529999436),
        (-0, 0, 1),
        (-0, 0, 1),
        (-0, 0, 1),
        (-0.847394667, 0.0319963291, 0.529998597),
        (-0.847394667, 0.0319963291, 0.529998597),
        (-0.847394667, 0.0319963291, 0.529998597),
        (-0, 0, 1),
        (-0, 0, 1),
        (-0, 0, 1),
        (0, 0, 1),
        (0, 0, 1),
        (0, 0, 1),
        (-0, 0, 1),
        (-0, 0, 1),
        (-0, 0, 1),
        (0, 0, 1),
        (0, 0, 1),
        (0, 0, 1),
        (-0.0210164489, -0.847737755, 0.529999063),
        (-0.0210164489, -0.847737755, 0.529999063),
        (-0.0210164489, -0.847737755, 0.529999063),
        (0, 0, 1),
        (0, 0, 1),
        (0, 0, 1),
        (-0.0210165398, -0.847737743, 0.52999908),
        (-0.0210165398, -0.847737743, 0.52999908),
        (-0.0210165398, -0.847737743, 0.52999908),
        (0, 0, 1),
        (0, 0, 1),
        (0, 0, 1),
        (-0.016770552, -0.847832609, 0.529998694),
        (-0.016770552, -0.847832609, 0.529998694),
        (-0.016770552, -0.847832609, 0.529998694),
        (-0, -0, 1),
        (-0, -0, 1),
        (-0, -0, 1),
        (0, 0, 1),
        (0, 0, 1),
        (0, 0, 1),
        (0, 0, 1),
        (0, 0, 1),
        (0, 0, 1),
        (0, 0, 1),
        (0, 0, 1),
        (0, 0, 1),
        (-0, -0, 1),
        (-0, -0, 1),
        (-0, -0, 1),
        (-0.0199971305, -0.847762219, 0.529999372),
        (-0.0199971305, -0.847762219, 0.529999372),
        (-0.0199971305, -0.847762219, 0.529999372),
        (0, 0, 1),
        (0, 0, 1),
        (0, 0, 1),
        (0, 0, 1),
        (0, 0, 1),
        (0, 0, 1),
        (0, 0, 1),
        (0, 0, 1),
        (0, 0, 1),
        (-0.017218819, -0.847823124, 0.529999494),
        (-0.017218819, -0.847823124, 0.529999494),
        (-0.017218819, -0.847823124, 0.529999494),
        (-0, 0, 1),
        (-0, 0, 1),
        (-0, 0, 1),
        (0, 0, 1),
        (0, 0, 1),
        (0, 0, 1),
        (0, 0, 1),
        (0, 0, 1),
        (0, 0, 1),
        (-0, 0, 1),
        (-0, 0, 1),
        (-0, 0, 1),
        (0, 0, 1),
        (0, 0, 1),
        (0, 0, 1),
        (-0.104661478, -0.871427448, 0.479228731),
        (-0.104661478, -0.871427448, 0.479228731),
        (-0.104661478, -0.871427448, 0.479228731),
        (0, 0, 1),
        (0, 0, 1),
        (0, 0, 1),
        (-0, 0, 1),
        (-0, 0, 1),
        (-0, 0, 1),
        (0, -0, 1),
        (0, -0, 1),
        (0, -0, 1),
        (0, 0, 1),
        (0, 0, 1),
        (0, 0, 1),
        (0.847862516, 0.0151885619, 0.529998549),
        (0.847862516, 0.0151885619, 0.529998549),
        (0.847862516, 0.0151885619, 0.529998549),
        (0.847772197, 0.0195931458, 0.5299985),
        (0.847772197, 0.0195931458, 0.5299985),
        (0.847772197, 0.0195931458, 0.5299985),
        (0.846640695, -0.0479662139, 0.529998845),
        (0.846640695, -0.0479662139, 0.529998845),
        (0.846640695, -0.0479662139, 0.529998845),
        (0, -0, 1),
        (0, -0, 1),
        (0, -0, 1),
        (0, 0, 1),
        (0, 0, 1),
        (0, 0, 1),
        (0, -0, 1),
        (0, -0, 1),
        (0, -0, 1),
        (0, 0, 1),
        (0, 0, 1),
        (0, 0, 1),
        (-0, 0, 1),
        (-0, 0, 1),
        (-0, 0, 1),
        (0.847872931, -0.0145936373, 0.529998602),
        (0.847872931, -0.0145936373, 0.529998602),
        (0.847872931, -0.0145936373, 0.529998602),
        (0, 0, 1),
        (0, 0, 1),
        (0, 0, 1),
        (0.847772158, 0.0195934338, 0.529998552),
        (0.847772158, 0.0195934338, 0.529998552),
        (0.847772158, 0.0195934338, 0.529998552),
        (-0, 0, 1),
        (-0, 0, 1),
        (-0, 0, 1),
        (0.847521066, -0.028439344, 0.529999289),
        (0.847521066, -0.028439344, 0.529999289),
        (0.847521066, -0.028439344, 0.529999289),
        (0, 0, 1),
        (0, 0, 1),
        (0, 0, 1),
        (0, 0, 1),
        (0, 0, 1),
        (0, 0, 1),
        (0.84664061, -0.0479667522, 0.529998933),
        (0.84664061, -0.0479667522, 0.529998933),
        (0.84664061, -0.0479667522, 0.529998933),
        (0.846542126, -0.0496748327, 0.529998905),
        (0.846542126, -0.0496748327, 0.529998905),
        (0.846542126, -0.0496748327, 0.529998905),
        (0.847821826, -0.0173003805, 0.529998914),
        (0.847821826, -0.0173003805, 0.529998914),
        (0.847821826, -0.0173003805, 0.529998914),
        (-0, 0, 1),
        (-0, 0, 1),
        (-0, 0, 1),
        (0, 0, 1),
        (0, 0, 1),
        (0, 0, 1),
        (0.847333991, 0.0335536319, 0.529999304),
        (0.847333991, 0.0335536319, 0.529999304),
        (0.847333991, 0.0335536319, 0.529999304),
        (0.846131961, 0.0562291542, 0.529999045),
        (0.846131961, 0.0562291542, 0.529999045),
        (0.846131961, 0.0562291542, 0.529999045),
        (0, 0, 1),
        (0, 0, 1),
        (0, 0, 1),
        (-0, 0, 1),
        (-0, 0, 1),
        (-0, 0, 1),
        (0, -0, 1),
        (0, -0, 1),
        (0, -0, 1),
        (0, 0, 1),
        (0, 0, 1),
        (0, 0, 1),
        (-0.847981549, -0.00535713227, 0.529998673),
        (-0.847981549, -0.00535713227, 0.529998673),
        (-0.847981549, -0.00535713227, 0.529998673),
        (0, -0, 1),
        (0, -0, 1),
        (0, -0, 1),
        (-0.847443806, 0.0306715334, 0.529998351),
        (-0.847443806, 0.0306715334, 0.529998351),
        (-0.847443806, 0.0306715334, 0.529998351),
        (-0.847997335, 0.00142176436, 0.529998584),
        (-0.847997335, 0.00142176436, 0.529998584),
        (-0.847997335, 0.00142176436, 0.529998584),
        (-0, 0, 1),
        (-0, 0, 1),
        (-0, 0, 1),
        (0, 0, 1),
        (0, 0, 1),
        (0, 0, 1),
        (-0.847928353, 0.0109056451, 0.529998656),
        (-0.847928353, 0.0109056451, 0.529998656),
        (-0.847928353, 0.0109056451, 0.529998656),
        (0, -0, 1),
        (0, -0, 1),
        (0, -0, 1),
        (0, 0, 1),
        (0, 0, 1),
        (0, 0, 1),
        (0, 0, 1),
        (0, 0, 1),
        (0, 0, 1),
        (-0.123731712, 0.843061998, 0.523389846),
        (-0.123731712, 0.843061998, 0.523389846),
        (-0.123731712, 0.843061998, 0.523389846),
        (0, -0, 1),
        (0, -0, 1),
        (0, -0, 1),
        (-0.879346167, -0.14642981, 0.453109952),
        (-0.879346167, -0.14642981, 0.453109952),
        (-0.879346167, -0.14642981, 0.453109952),
        (-0.161176732, 0.832161555, 0.530593259),
        (-0.161176732, 0.832161555, 0.530593259),
        (-0.161176732, 0.832161555, 0.530593259),
        (-0.183569386, 0.827806111, 0.530131421),
        (-0.183569386, 0.827806111, 0.530131421),
        (-0.183569386, 0.827806111, 0.530131421),
        (0, 0, 1),
        (0, 0, 1),
        (0, 0, 1),
        (-0.177002041, 0.82931995, 0.529998772),
        (-0.177002041, 0.82931995, 0.529998772),
        (-0.177002041, 0.82931995, 0.529998772),
        (0, -0, 1),
        (0, -0, 1),
        (0, -0, 1),
        (0, 0, 1),
        (0, 0, 1),
        (0, 0, 1),
        (0, 0, 1),
        (0, 0, 1),
        (0, 0, 1),
        (-0.85934832, 0.0781002461, 0.505391745),
        (-0.85934832, 0.0781002461, 0.505391745),
        (-0.85934832, 0.0781002461, 0.505391745),
        (0.178587824, -0.83887185, 0.514198802),
        (0.178587824, -0.83887185, 0.514198802),
        (0.178587824, -0.83887185, 0.514198802),
        (0, 0, 1),
        (0, 0, 1),
        (0, 0, 1),
        (0, -0, 1),
        (0, -0, 1),
        (0, -0, 1),
        (-0, -0, 1),
        (-0, -0, 1),
        (-0, -0, 1),
        (0, 0, 1),
        (0, 0, 1),
        (0, 0, 1),
        (-0.149144671, 0.834779805, 0.529998626),
        (-0.149144671, 0.834779805, 0.529998626),
        (-0.149144671, 0.834779805, 0.529998626),
        (-0.152936781, 0.834093402, 0.52999862),
        (-0.152936781, 0.834093402, 0.52999862),
        (-0.152936781, 0.834093402, 0.52999862),
        (-0, 0, 1),
        (-0, 0, 1),
        (-0, 0, 1),
        (0, 0, 1),
        (0, 0, 1),
        (0, 0, 1),
        (0, 0, 1),
        (0, 0, 1),
        (0, 0, 1),
        (-0, 0, 1),
        (-0, 0, 1),
        (-0, 0, 1),
        (-0.152934792, 0.83409355, 0.529998961),
        (-0.152934792, 0.83409355, 0.529998961),
        (-0.152934792, 0.83409355, 0.529998961),
        (0, 0, 1),
        (0, 0, 1),
        (0, 0, 1),
        (0, 0, 1),
        (0, 0, 1),
        (0, 0, 1),
        (-0.174423062, 0.829865868, 0.529999279),
        (-0.174423062, 0.829865868, 0.529999279),
        (-0.174423062, 0.829865868, 0.529999279),
        (0, 0, 1),
        (0, 0, 1),
        (0, 0, 1),
        (-0.155584486, 0.833603392, 0.529998917),
        (-0.155584486, 0.833603392, 0.529998917),
        (-0.155584486, 0.833603392, 0.529998917),
        (-0, 0, 1),
        (-0, 0, 1),
        (-0, 0, 1),
        (0, 0, 1),
        (0, 0, 1),
        (0, 0, 1),
        (-0.174421072, 0.829866531, 0.529998896),
        (-0.174421072, 0.829866531, 0.529998896),
        (-0.174421072, 0.829866531, 0.529998896),
        (0, -0, 1),
        (0, -0, 1),
        (0, -0, 1),
        (0, 0, 1),
        (0, 0, 1),
        (0, 0, 1),
        (0.155144769, -0.833685209, 0.529999125),
        (0.155144769, -0.833685209, 0.529999125),
        (0.155144769, -0.833685209, 0.529999125),
        (-0.176350357, 0.829459094, 0.529998266),
        (-0.176350357, 0.829459094, 0.529998266),
        (-0.176350357, 0.829459094, 0.529998266),
        (0, 0, 1),
        (0, 0, 1),
        (0, 0, 1),
        (0, 0, 1),
        (0, 0, 1),
        (0, 0, 1),
        (-0.143351214, 0.835794237, 0.529998512),
        (-0.143351214, 0.835794237, 0.529998512),
        (-0.143351214, 0.835794237, 0.529998512),
        (0.168148911, -0.831159936, 0.529999155),
        (0.168148911, -0.831159936, 0.529999155),
        (0.168148911, -0.831159936, 0.529999155),
        (0.176354452, -0.829457607, 0.529999232),
        (0.176354452, -0.829457607, 0.529999232),
        (0.176354452, -0.829457607, 0.529999232),
        (0, 0, 1),
        (0, 0, 1),
        (0, 0, 1),
        (0, 0, 1),
        (0, 0, 1),
        (0, 0, 1),
        (0, 0, 1),
        (0, 0, 1),
        (0, 0, 1),
        (0, -0, 1),
        (0, -0, 1),
        (0, -0, 1),
        (0, 0, 1),
        (0, 0, 1),
        (0, 0, 1),
        (0.847557122, -0.0273489404, 0.529999019),
        (0.847557122, -0.0273489404, 0.529999019),
        (0.847557122, -0.0273489404, 0.529999019),
        (0.847872931, 0.0145936373, 0.529998602),
        (0.847872931, 0.0145936373, 0.529998602),
        (0.847872931, 0.0145936373, 0.529998602),
        (0, 0, 1),
        (0, 0, 1),
        (0, 0, 1),
        (-0, 0, 1),
        (-0, 0, 1),
        (-0, 0, 1),
        (0, 0, 1),
        (0, 0, 1),
        (0, 0, 1),
        (-0, 0, 1),
        (-0, 0, 1),
        (-0, 0, 1),
        (0, -0, 1),
        (0, -0, 1),
        (0, -0, 1),
        (0.846640695, 0.0479662139, 0.529998845),
        (0.846640695, 0.0479662139, 0.529998845),
        (0.846640695, 0.0479662139, 0.529998845),
        (0, 0, 1),
        (0, 0, 1),
        (0, 0, 1),
        (0.847557312, -0.027347774, 0.529998776),
        (0.847557312, -0.027347774, 0.529998776),
        (0.847557312, -0.027347774, 0.529998776),
        (0.847557118, 0.0273490636, 0.529999019),
        (0.847557118, 0.0273490636, 0.529999019),
        (0.847557118, 0.0273490636, 0.529999019),
        (-0, 0, 1),
        (-0, 0, 1),
        (-0, 0, 1),
        (0, 0, 1),
        (0, 0, 1),
        (0, 0, 1),
        (0.847821813, 0.0173004972, 0.529998931),
        (0.847821813, 0.0173004972, 0.529998931),
        (0.847821813, 0.0173004972, 0.529998931),
        (0.846542303, 0.0496735612, 0.529998742),
        (0.846542303, 0.0496735612, 0.529998742),
        (0.846542303, 0.0496735612, 0.529998742),
        (0, 0, 1),
        (0, 0, 1),
        (0, 0, 1),
        (0, 0, 1),
        (0, 0, 1),
        (0, 0, 1),
        (-0, -0, 1),
        (-0, -0, 1),
        (-0, -0, 1),
        (0, 0, 1),
        (0, 0, 1),
        (0, 0, 1),
        (0.847992524, -0.00314624672, 0.529998849),
        (0.847992524, -0.00314624672, 0.529998849),
        (0.847992524, -0.00314624672, 0.529998849),
        (0.847521066, 0.028439344, 0.529999289),
        (0.847521066, 0.028439344, 0.529999289),
        (0.847521066, 0.028439344, 0.529999289),
        (-0.144387636, 0.835615338, 0.529999261),
        (-0.144387636, 0.835615338, 0.529999261),
        (-0.144387636, 0.835615338, 0.529999261),
        (0, -0, 1),
        (0, -0, 1),
        (0, -0, 1),
        (0, -0, 1),
        (0, -0, 1),
        (0, -0, 1),
        (-0.125733312, 0.838625214, 0.529998948),
        (-0.125733312, 0.838625214, 0.529998948),
        (-0.125733312, 0.838625214, 0.529998948),
        (-0.10474913, 0.841503654, 0.529999264),
        (-0.10474913, 0.841503654, 0.529999264),
        (-0.10474913, 0.841503654, 0.529999264),
        (-0.113057815, 0.840427693, 0.529999266),
        (-0.113057815, 0.840427693, 0.529999266),
        (-0.113057815, 0.840427693, 0.529999266),
        (0, 0, 1),
        (0, 0, 1),
        (0, 0, 1),
        (0, 0, 1),
        (0, 0, 1),
        (0, 0, 1),
        (0, -0, 1),
        (0, -0, 1),
        (0, -0, 1),
        (-0.102668889, 0.841759944, 0.529999336),
        (-0.102668889, 0.841759944, 0.529999336),
        (-0.102668889, 0.841759944, 0.529999336),
        (0, 0, 1),
        (0, 0, 1),
        (0, 0, 1),
        (-0.126171842, 0.838559468, 0.529998759),
        (-0.126171842, 0.838559468, 0.529998759),
        (-0.126171842, 0.838559468, 0.529998759),
        (-0.126174455, 0.83855876, 0.529999257),
        (-0.126174455, 0.83855876, 0.529999257),
        (-0.126174455, 0.83855876, 0.529999257),
        (0, -0, 1),
        (0, -0, 1),
        (0, -0, 1),
        (-0.128396001, 0.838221852, 0.529998674),
        (-0.128396001, 0.838221852, 0.529998674),
        (-0.128396001, 0.838221852, 0.529998674),
        (-0, 0, 1),
        (-0, 0, 1),
        (-0, 0, 1),
        (-0, 0, 1),
        (-0, 0, 1),
        (-0, 0, 1),
        (-0.115862864, 0.840045842, 0.529998849),
        (-0.115862864, 0.840045842, 0.529998849),
        (-0.115862864, 0.840045842, 0.529998849),
        (-0.104092571, 0.841585385, 0.529998845),
        (-0.104092571, 0.841585385, 0.529998845),
        (-0.104092571, 0.841585385, 0.529998845),
        (0, -0, 1),
        (0, -0, 1),
        (0, -0, 1),
        (-0.104092888, 0.841585334, 0.529998864),
        (-0.104092888, 0.841585334, 0.529998864),
        (-0.104092888, 0.841585334, 0.529998864),
        (0, 0, 1),
        (0, 0, 1),
        (0, 0, 1),
        (-0.419395318, 0.8376046, 0.350037286),
        (-0.419395318, 0.8376046, 0.350037286),
        (-0.419395318, 0.8376046, 0.350037286),
        (0, 0, 1),
        (0, 0, 1),
        (0, 0, 1),
        (0, 0, 1),
        (0, 0, 1),
        (0, 0, 1),
        (0, 0, 1),
        (0, 0, 1),
        (0, 0, 1),
        (0, 0, 1),
        (0, 0, 1),
        (0, 0, 1),
        (0, -0, 1),
        (0, -0, 1),
        (0, -0, 1),
        (-0.846862504, 0.0438744757, 0.529998991),
        (-0.846862504, 0.0438744757, 0.529998991),
        (-0.846862504, 0.0438744757, 0.529998991),
        (0, 0, 1),
        (0, 0, 1),
        (0, 0, 1),
        (-0.85375777, 0.0446774755, 0.51875003),
        (-0.85375777, 0.0446774755, 0.51875003),
        (-0.85375777, 0.0446774755, 0.51875003),
        (0.179036458, -0.83884563, 0.514085553),
        (0.179036458, -0.83884563, 0.514085553),
        (0.179036458, -0.83884563, 0.514085553),
        (-0.846318301, 0.053354681, 0.529998691),
        (-0.846318301, 0.053354681, 0.529998691),
        (-0.846318301, 0.053354681, 0.529998691),
        (-0.846637313, 0.0480242696, 0.529998991),
        (-0.846637313, 0.0480242696, 0.529998991),
        (-0.846637313, 0.0480242696, 0.529998991),
        (0, 0, 1),
        (0, 0, 1),
        (0, 0, 1),
        (-0, 0, 1),
        (-0, 0, 1),
        (-0, 0, 1),
        (-0, 0, 1),
        (-0, 0, 1),
        (-0, 0, 1),
        (0, 0, 1),
        (0, 0, 1),
        (0, 0, 1),
        (-0.845993617, 0.0582760205, 0.529998779),
        (-0.845993617, 0.0582760205, 0.529998779),
        (-0.845993617, 0.0582760205, 0.529998779),
        (-0.846058752, 0.0573226287, 0.529998778),
        (-0.846058752, 0.0573226287, 0.529998778),
        (-0.846058752, 0.0573226287, 0.529998778),
        (0.152934842, -0.834093541, 0.529998961),
        (0.152934842, -0.834093541, 0.529998961),
        (0.152934842, -0.834093541, 0.529998961),
        (0, 0, 1),
        (0, 0, 1),
        (0, 0, 1),
        (0.155144756, -0.83368521, 0.529999127),
        (0.155144756, -0.83368521, 0.529999127),
        (0.155144756, -0.83368521, 0.529999127),
        (0.165577516, -0.831675922, 0.529999289),
        (0.165577516, -0.831675922, 0.529999289),
        (0.165577516, -0.831675922, 0.529999289),
        (0.176354088, -0.829457729, 0.529999162),
        (0.176354088, -0.829457729, 0.529999162),
        (0.176354088, -0.829457729, 0.529999162),
        (0, 0, 1),
        (0, 0, 1),
        (0, 0, 1),
        (-0, 0, 1),
        (-0, 0, 1),
        (-0, 0, 1),
        (-0.846501738, 0.0503561685, 0.529999117),
        (-0.846501738, 0.0503561685, 0.529999117),
        (-0.846501738, 0.0503561685, 0.529999117),
        (0, -0, 1),
        (0, -0, 1),
        (0, -0, 1),
        (0.143351138, -0.835794332, 0.529998383),
        (0.143351138, -0.835794332, 0.529998383),
        (0.143351138, -0.835794332, 0.529998383),
        (0, 0, 1),
        (0, 0, 1),
        (0, 0, 1),
        (0.138268362, -0.836649795, 0.529999038),
        (0.138268362, -0.836649795, 0.529999038),
        (0.138268362, -0.836649795, 0.529999038),
        (0.143091114, -0.835838965, 0.529998262),
        (0.143091114, -0.835838965, 0.529998262),
        (0.143091114, -0.835838965, 0.529998262),
        (0, 0, 1),
        (0, 0, 1),
        (0, 0, 1),
        (0, 0, 1),
        (0, 0, 1),
        (0, 0, 1),
        (0.843972056, -0.0825392521, 0.529998529),
        (0.843972056, -0.0825392521, 0.529998529),
        (0.843972056, -0.0825392521, 0.529998529),
        (0, 0, 1),
        (0, 0, 1),
        (0, 0, 1),
        (0.8470541, -0.0400054621, 0.529998976),
        (0.8470541, -0.0400054621, 0.529998976),
        (0.8470541, -0.0400054621, 0.529998976),
        (0, 0, 1),
        (0, 0, 1),
        (0, 0, 1),
        (0, 0, 1),
        (0, 0, 1),
        (0, 0, 1),
        (-0.846593521, 0.0487871027, 0.529999272),
        (-0.846593521, 0.0487871027, 0.529999272),
        (-0.846593521, 0.0487871027, 0.529999272),
        (0, -0, 1),
        (0, -0, 1),
        (0, -0, 1),
        (0, 0, 1),
        (0, 0, 1),
        (0, 0, 1),
        (0.847830177, -0.0168913511, 0.529998748),
        (0.847830177, -0.0168913511, 0.529998748),
        (0.847830177, -0.0168913511, 0.529998748),
        (-0.847299493, 0.0344151229, 0.529999215),
        (-0.847299493, 0.0344151229, 0.529999215),
        (-0.847299493, 0.0344151229, 0.529999215),
        (0, -0, 1),
        (0, -0, 1),
        (0, -0, 1),
        (0.846436579, -0.0514391905, 0.529999177),
        (0.846436579, -0.0514391905, 0.529999177),
        (0.846436579, -0.0514391905, 0.529999177),
        (0.846712642, -0.0466751253, 0.529999184),
        (0.846712642, -0.0466751253, 0.529999184),
        (0.846712642, -0.0466751253, 0.529999184),
        (-0.846545525, 0.0496180939, 0.529998791),
        (-0.846545525, 0.0496180939, 0.529998791),
        (-0.846545525, 0.0496180939, 0.529998791),
        (-0.846582098, 0.0489881914, 0.529998971),
        (-0.846582098, 0.0489881914, 0.529998971),
        (-0.846582098, 0.0489881914, 0.529998971),
        (0, 0, 1),
        (0, 0, 1),
        (0, 0, 1),
        (-0.846594206, 0.0487831182, 0.529998545),
        (-0.846594206, 0.0487831182, 0.529998545),
        (-0.846594206, 0.0487831182, 0.529998545),
        (0, 0, 1),
        (0, 0, 1),
        (0, 0, 1),
        (-0.847300114, 0.0344111589, 0.529998479),
        (-0.847300114, 0.0344111589, 0.529998479),
        (-0.847300114, 0.0344111589, 0.529998479),
        (0, 0, 1),
        (0, 0, 1),
        (0, 0, 1),
        (0, 0, 1),
        (0, 0, 1),
        (0, 0, 1),
        (0, 0, 1),
        (0, 0, 1),
        (0, 0, 1),
        (-0.847780775, 0.0191956144, 0.529999326),
        (-0.847780775, 0.0191956144, 0.529999326),
        (-0.847780775, 0.0191956144, 0.529999326),
        (0, 0, 1),
        (0, 0, 1),
        (0, 0, 1),
        (0, 0, 1),
        (0, 0, 1),
        (0, 0, 1),
        (0, 0, 1),
        (0, 0, 1),
        (0, 0, 1),
        (0.138007879, -0.836692661, 0.529999261),
        (0.138007879, -0.836692661, 0.529999261),
        (0.138007879, -0.836692661, 0.529999261),
        (0.113057273, -0.840427973, 0.52999894),
        (0.113057273, -0.840427973, 0.52999894),
        (0.113057273, -0.840427973, 0.52999894),
        (0, 0, 1),
        (0, 0, 1),
        (0, 0, 1),
        (0, 0, 1),
        (0, 0, 1),
        (0, 0, 1),
        (0.125734826, -0.838624991, 0.529998942),
        (0.125734826, -0.838624991, 0.529998942),
        (0.125734826, -0.838624991, 0.529998942),
        (0.104752406, -0.841503718, 0.529998515),
        (0.104752406, -0.841503718, 0.529998515),
        (0.104752406, -0.841503718, 0.529998515),
        (-0, 0, 1),
        (-0, 0, 1),
        (-0, 0, 1),
        (0, 0, 1),
        (0, 0, 1),
        (0, 0, 1),
        (0.102671022, -0.841760159, 0.529998582),
        (0.102671022, -0.841760159, 0.529998582),
        (0.102671022, -0.841760159, 0.529998582),
        (-0, 0, 1),
        (-0, 0, 1),
        (-0, 0, 1),
        (0, 0, 1),
        (0, 0, 1),
        (0, 0, 1),
        (0, 0, 1),
        (0, 0, 1),
        (0, 0, 1),
        (0, -0, 1),
        (0, -0, 1),
        (0, -0, 1),
        (0.128396462, -0.838221566, 0.529999015),
        (0.128396462, -0.838221566, 0.529999015),
        (0.128396462, -0.838221566, 0.529999015),
        (0.128394664, -0.838222057, 0.529998672),
        (0.128394664, -0.838222057, 0.529998672),
        (0.128394664, -0.838222057, 0.529998672),
        (0, 0, 1),
        (0, 0, 1),
        (0, 0, 1),
        (0, 0, 1),
        (0, 0, 1),
        (0, 0, 1),
        (0.120180452, -0.84051215, 0.528295357),
        (0.120180452, -0.84051215, 0.528295357),
        (0.120180452, -0.84051215, 0.528295357),
        (0, 0, 1),
        (0, 0, 1),
        (0, 0, 1),
        (0, 0, 1),
        (0, 0, 1),
        (0, 0, 1),
        (0.825763262, -0.147118765, 0.544491602),
        (0.825763262, -0.147118765, 0.544491602),
        (0.825763262, -0.147118765, 0.544491602),
        (0, 0, 1),
        (0, 0, 1),
        (0, 0, 1),
        (-0, 0, 1),
        (-0, 0, 1),
        (-0, 0, 1),
        (0, 0, 1),
        (0, 0, 1),
        (0, 0, 1),
        (0, 0, 1),
        (0, 0, 1),
        (0, 0, 1),
        (0, 0, 1),
        (0, 0, 1),
        (0, 0, 1),
        (0, -0, 1),
        (0, -0, 1),
        (0, -0, 1),
        (0, 0, 1),
        (0, 0, 1),
        (0, 0, 1),
        (0.847712355, 0.0220043745, 0.529999595),
        (0.847712355, 0.0220043745, 0.529999595),
        (0.847712355, 0.0220043745, 0.529999595),
        (0.836446782, 0.139492306, 0.529998753),
        (0.836446782, 0.139492306, 0.529998753),
        (0.836446782, 0.139492306, 0.529998753),
        (0, 0, 1),
        (0, 0, 1),
        (0, 0, 1),
        (0, 0, 1),
        (0, 0, 1),
        (0, 0, 1),
        (-0, 0, 1),
        (-0, 0, 1),
        (-0, 0, 1),
        (0, 0, 1),
        (0, 0, 1),
        (0, 0, 1),
        (0, 0, 1),
        (0, 0, 1),
        (0, 0, 1),
        (0, 0, 1),
        (0, 0, 1),
        (0, 0, 1),
        (0, -0, 1),
        (0, -0, 1),
        (0, -0, 1),
        (0.837690473, -0.131816796, 0.529999061),
        (0.837690473, -0.131816796, 0.529999061),
        (0.837690473, -0.131816796, 0.529999061),
        (0, -0, 1),
        (0, -0, 1),
        (0, -0, 1),
        (0.836674029, 0.13812274, 0.529998753),
        (0.836674029, 0.13812274, 0.529998753),
        (0.836674029, 0.13812274, 0.529998753),
        (0.836446018, 0.139495109, 0.529999221),
        (0.836446018, 0.139495109, 0.529999221),
        (0.836446018, 0.139495109, 0.529999221),
        (0, -0, 1),
        (0, -0, 1),
        (0, -0, 1),
        (0, 0, 1),
        (0, 0, 1),
        (0, 0, 1),
        (-0, 0, 1),
        (-0, 0, 1),
        (-0, 0, 1),
        (0.846068209, -0.0571757079, 0.529999551),
        (0.846068209, -0.0571757079, 0.529999551),
        (0.846068209, -0.0571757079, 0.529999551),
        (0, 0, 1),
        (0, 0, 1),
        (0, 0, 1),
        (0.836630616, -0.138385876, 0.529998642),
        (0.836630616, -0.138385876, 0.529998642),
        (0.836630616, -0.138385876, 0.529998642),
        (0, 0, 1),
        (0, 0, 1),
        (0, 0, 1),
        (0.844201551, -0.0801554135, 0.529998916),
        (0.844201551, -0.0801554135, 0.529998916),
        (0.844201551, -0.0801554135, 0.529998916),
        (0.847998304, -0, 0.52999894),
        (0.847998304, -0, 0.52999894),
        (0.847998304, -0, 0.52999894),
        (0.847575482, 0.0267800375, 0.52999871),
        (0.847575482, 0.0267800375, 0.52999871),
        (0.847575482, 0.0267800375, 0.52999871),
        (0, 0, 1),
        (0, 0, 1),
        (0, 0, 1),
        (0, 0, 1),
        (0, 0, 1),
        (0, 0, 1),
        (0.846407788, -0.05191442, 0.52999882),
        (0.846407788, -0.05191442, 0.52999882),
        (0.846407788, -0.05191442, 0.52999882),
        (0.847182138, -0.0371977521, 0.529998824),
        (0.847182138, -0.0371977521, 0.529998824),
        (0.847182138, -0.0371977521, 0.529998824),
        (0, 0, 1),
        (0, 0, 1),
        (0, 0, 1),
        (0, 0, 1),
        (0, 0, 1),
        (0, 0, 1),
        (-0.847797073, 0.0184607162, 0.529999363),
        (-0.847797073, 0.0184607162, 0.529999363),
        (-0.847797073, 0.0184607162, 0.529999363),
        (0, -0, 1),
        (0, -0, 1),
        (0, -0, 1),
        (-0, 0, 1),
        (-0, 0, 1),
        (-0, 0, 1),
        (0.846016427, -0.0579446663, 0.529998699),
        (0.846016427, -0.0579446663, 0.529998699),
        (0.846016427, -0.0579446663, 0.529998699),
        (0, 0, 1),
        (0, 0, 1),
        (0, 0, 1),
        (0, 0, 1),
        (0, 0, 1),
        (0, 0, 1),
        (-0.847933283, 0.0105211143, 0.529998541),
        (-0.847933283, 0.0105211143, 0.529998541),
        (-0.847933283, 0.0105211143, 0.529998541),
        (-0.847933071, 0.0105189895, 0.529998922),
        (-0.847933071, 0.0105189895, 0.529998922),
        (-0.847933071, 0.0105189895, 0.529998922),
        (0, 0, 1),
        (0, 0, 1),
        (0, 0, 1),
        (0.847887129, 0.0137553745, 0.529998308),
        (0.847887129, 0.0137553745, 0.529998308),
        (0.847887129, 0.0137553745, 0.529998308),
        (0, -0, 1),
        (0, -0, 1),
        (0, -0, 1),
        (0, 0, 1),
        (0, 0, 1),
        (0, 0, 1),
        (0, 0, 1),
        (0, 0, 1),
        (0, 0, 1),
        (-0, 0, 1),
        (-0, 0, 1),
        (-0, 0, 1),
        (-0.025604452, 0.854911545, 0.518141546),
        (-0.025604452, 0.854911545, 0.518141546),
        (-0.025604452, 0.854911545, 0.518141546),
        (0, -0, 1),
        (0, -0, 1),
        (0, -0, 1),
        (0, 0, 1),
        (0, 0, 1),
        (0, 0, 1),
        (0, 0, 1),
        (0, 0, 1),
        (0, 0, 1),
        (0, -0, 1),
        (0, -0, 1),
        (0, -0, 1),
        (0.02109578, 0.85345069, 0.520746471),
        (0.02109578, 0.85345069, 0.520746471),
        (0.02109578, 0.85345069, 0.520746471),
        (0, 0, 1),
        (0, 0, 1),
        (0, 0, 1),
        (-0.847766869, 0.0198258855, 0.529998369),
        (-0.847766869, 0.0198258855, 0.529998369),
        (-0.847766869, 0.0198258855, 0.529998369),
        (0, 0, 1),
        (0, 0, 1),
        (0, 0, 1),
        (-0.847906881, 0.012428902, 0.529999474),
        (-0.847906881, 0.012428902, 0.529999474),
        (-0.847906881, 0.012428902, 0.529999474),
        (0, 0, 1),
        (0, 0, 1),
        (0, 0, 1),
        (0, 0, 1),
        (0, 0, 1),
        (0, 0, 1),
        (0, -0, 1),
        (0, -0, 1),
        (0, -0, 1),
        (0, 0, 1),
        (0, 0, 1),
        (0, 0, 1),
        (-0.847743028, 0.0207917074, 0.529999493),
        (-0.847743028, 0.0207917074, 0.529999493),
        (-0.847743028, 0.0207917074, 0.529999493),
        (-0.847857649, 0.015453432, 0.529998678),
        (-0.847857649, 0.015453432, 0.529998678),
        (-0.847857649, 0.015453432, 0.529998678),
        (0, 0, 1),
        (0, 0, 1),
        (0, 0, 1),
        (0, 0, 1),
        (0, 0, 1),
        (0, 0, 1),
        (0.000845271218, 0.847997632, 0.529999341),
        (0.000845271218, 0.847997632, 0.529999341),
        (0.000845271218, 0.847997632, 0.529999341),
        (0, 0, 1),
        (0, 0, 1),
        (0, 0, 1),
        (-0.803665551, -0.328058188, 0.496487167),
        (-0.803665551, -0.328058188, 0.496487167),
        (-0.803665551, -0.328058188, 0.496487167),
        (0, -0, 1),
        (0, -0, 1),
        (0, -0, 1),
        (0, 0, 1),
        (0, 0, 1),
        (0, 0, 1),
        (-0, -0, 1),
        (-0, -0, 1),
        (-0, -0, 1),
        (-0.0244954734, 0.847644165, 0.529999379),
        (-0.0244954734, 0.847644165, 0.529999379),
        (-0.0244954734, 0.847644165, 0.529999379),
        (0, -0, 1),
        (0, -0, 1),
        (0, -0, 1),
        (-0.0444565013, 0.846832117, 0.529999043),
        (-0.0444565013, 0.846832117, 0.529999043),
        (-0.0444565013, 0.846832117, 0.529999043),
        (0, 0, 1),
        (0, 0, 1),
        (0, 0, 1),
        (-0.0171662259, 0.847824409, 0.529999143),
        (-0.0171662259, 0.847824409, 0.529999143),
        (-0.0171662259, 0.847824409, 0.529999143),
        (0, 0, 1),
        (0, 0, 1),
        (0, 0, 1),
        (0, 0, 1),
        (0, 0, 1),
        (0, 0, 1),
        (-0, 0, 1),
        (-0, 0, 1),
        (-0, 0, 1),
        (0, 0, 1),
        (0, 0, 1),
        (0, 0, 1),
        (0, 0, 1),
        (0, 0, 1),
        (0, 0, 1),
        (0, -0, 1),
        (0, -0, 1),
        (0, -0, 1),
        (0, 0, 1),
        (0, 0, 1),
        (0, 0, 1),
        (-0.0206968343, 0.847745361, 0.529999476),
        (-0.0206968343, 0.847745361, 0.529999476),
        (-0.0206968343, 0.847745361, 0.529999476),
        (0, 0, 1),
        (0, 0, 1),
        (0, 0, 1),
        (0.0363581264, 0.847218178, 0.529999477),
        (0.0363581264, 0.847218178, 0.529999477),
        (0.0363581264, 0.847218178, 0.529999477),
        (0, 0, 1),
        (0, 0, 1),
        (0, 0, 1),
        (-0, 0, 1),
        (-0, 0, 1),
        (-0, 0, 1),
        (0, 0, 1),
        (0, 0, 1),
        (0, 0, 1),
        (-0, 0, 1),
        (-0, 0, 1),
        (-0, 0, 1),
        (0, 0, 1),
        (0, 0, 1),
        (0, 0, 1),
        (0.0337164263, 0.847328086, 0.529998413),
        (0.0337164263, 0.847328086, 0.529998413),
        (0.0337164263, 0.847328086, 0.529998413),
        (-0.037889205, 0.84715137, 0.529999023),
        (-0.037889205, 0.84715137, 0.529999023),
        (-0.037889205, 0.84715137, 0.529999023),
        (0, 0, 1),
        (0, 0, 1),
        (0, 0, 1),
        (0, 0, 1),
        (0, 0, 1),
        (0, 0, 1),
        (0.037889205, 0.84715137, 0.529999023),
        (0.037889205, 0.84715137, 0.529999023),
        (0.037889205, 0.84715137, 0.529999023),
        (0.0363556592, 0.847218568, 0.529999023),
        (0.0363556592, 0.847218568, 0.529999023),
        (0.0363556592, 0.847218568, 0.529999023),
        (0, 0, 1),
        (0, 0, 1),
        (0, 0, 1),
        (0.0171705608, 0.847824773, 0.52999842),
        (0.0171705608, 0.847824773, 0.52999842),
        (0.0171705608, 0.847824773, 0.52999842),
        (0.0444565013, 0.846832117, 0.529999043),
        (0.0444565013, 0.846832117, 0.529999043),
        (0.0444565013, 0.846832117, 0.529999043),
        (0.0400952097, 0.847049817, 0.529999039),
        (0.0400952097, 0.847049817, 0.529999039),
        (0.0400952097, 0.847049817, 0.529999039),
        (0.00841632664, 0.847956282, 0.529999348),
        (0.00841632664, 0.847956282, 0.529999348),
        (0.00841632664, 0.847956282, 0.529999348),
        (-0, -0, 1),
        (-0, -0, 1),
        (-0, -0, 1),
        (0, 0, 1),
        (0, 0, 1),
        (0, 0, 1),
        (0.844201551, 0.0801554135, 0.529998916),
        (0.844201551, 0.0801554135, 0.529998916),
        (0.844201551, 0.0801554135, 0.529998916),
        (0, 0, 1),
        (0, 0, 1),
        (0, 0, 1),
        (-0, 0, 1),
        (-0, 0, 1),
        (-0, 0, 1),
        (0, -0, 1),
        (0, -0, 1),
        (0, -0, 1),
        (0, 0, 1),
        (0, 0, 1),
        (0, 0, 1),
        (0, 0, 1),
        (0, 0, 1),
        (0, 0, 1),
        (0.841058709, 0.108265418, 0.529998912),
        (0.841058709, 0.108265418, 0.529998912),
        (0.841058709, 0.108265418, 0.529998912),
        (0.847713066, -0.0220003243, 0.529998626),
        (0.847713066, -0.0220003243, 0.529998626),
        (0.847713066, -0.0220003243, 0.529998626),
        (0, 0, 1),
        (0, 0, 1),
        (0, 0, 1),
        (-0, 0, 1),
        (-0, 0, 1),
        (-0, 0, 1),
        (0.842600773, -0.0955264943, 0.529998703),
        (0.842600773, -0.0955264943, 0.529998703),
        (0.842600773, -0.0955264943, 0.529998703),
        (0.840180247, 0.114883117, 0.529999078),
        (0.840180247, 0.114883117, 0.529999078),
        (0.840180247, 0.114883117, 0.529999078),
        (0, 0, 1),
        (0, 0, 1),
        (0, 0, 1),
        (-0, 0, 1),
        (-0, 0, 1),
        (-0, 0, 1),
        (0, 0, 1),
        (0, 0, 1),
        (0, 0, 1),
        (0, 0, 1),
        (0, 0, 1),
        (0, 0, 1),
        (-0.00363043163, 0.850292522, 0.526297868),
        (-0.00363043163, 0.850292522, 0.526297868),
        (-0.00363043163, 0.850292522, 0.526297868),
        (-0, 0, 1),
        (-0, 0, 1),
        (-0, 0, 1),
        (0, 0, 1),
        (0, 0, 1),
        (0, 0, 1),
        (0.783388587, 0.221195008, 0.580839986),
        (0.783388587, 0.221195008, 0.580839986),
        (0.783388587, 0.221195008, 0.580839986),
        (0, -0, 1),
        (0, -0, 1),
        (0, -0, 1),
        (0, 0, 1),
        (0, 0, 1),
        (0, 0, 1),
        (0.846757224, 0.0121354413, 0.531841081),
        (0.846757224, 0.0121354413, 0.531841081),
        (0.846757224, 0.0121354413, 0.531841081),
        (-0, -0, 1),
        (-0, -0, 1),
        (-0, -0, 1)
    ] (
        interpolation = "faceVarying"
    )
    uniform token orientation = "rightHanded"
    point3f[] points = [
        (16, 0, -0.8),
        (16, 1, -0.8),
        (16, 2, -0.8),
        (16, 3, -0.8),
        (16, 4, -0.8),
        (16, 5, -0.8),
        (16, 6, -0.8),
        (16, 7, -0.8),
        (16, 8, -0.8),
        (16, 9, -0.8),
        (16, 10, -0.8),
        (16, 11, -0.8),
        (16, 12, -0.8),
        (16, 13, -0.8),
        (16, 14, -0.8),
        (16, 15, -0.8),
        (16, 16, -0.8),
        (15, 16, -0.8),
        (14, 16, -0.8),
        (13, 16, -0.8),
        (12, 16, -0.8),
        (11, 16, -0.8),
        (10, 16, -0.8),
        (9, 16, -0.8),
        (8, 16, -0.8),
        (7, 16, -0.8),
        (6, 16, -0.8),
        (5, 16, -0.8),
        (4, 16, -0.8),
        (3, 16, -0.8),
        (2, 16, -0.8),
        (1, 16, -0.8),
        (0, 16, -0.8),
        (0, 15, -0.8),
        (0, 14, -0.8),
        (0, 13, -0.8),
        (0, 12, -0.8),
        (0, 11, -0.8),
        (0, 10, -0.8),
        (0, 9, -0.8),
        (0, 8, -0.8),
        (0, 7, -0.8),
        (0, 6, -0.8),
        (0, 5, -0.8),
        (0, 4, -0.8),
        (0, 3, -0.8),
        (0, 2, -0.8),
        (0, 1, -0.8),
        (0, 0, -0.8),
        (1, 0, -0.8),
        (2, 0, -0.8),
        (3, 0, -0.8),
        (4, 0, -0.8),
        (5, 0, -0.8),
        (6, 0, -0.8),
        (7, 0, -0.8),
        (8, 0, -0.8),
        (9, 0, -0.8),
        (10, 0, -0.8),
        (11, 0, -0.8),
        (12, 0, -0.8),
        (13, 0, -0.8),
        (14, 0, -0.8),
        (15, 0, -0.8),
        (7.277844, 1, 0),
        (7.284171, 0.958701, 0),
        (7.17775, 0.949867, 0),
        (6.998547, 0.93613, 0),
        (6.835086, 0.928139, 0),
        (6.672536, 0.92634, 0),
        (6.496822, 0.929562, 0),
        (6.307469, 0.935206, 0),
        (6.117612, 0.94127, 0),
        (5.939636, 0.948816, 0),
        (5.770892, 0.960359, 0),
        (5.595289, 0.977499, 0),
        (5.39945, 0.999044, 0),
        (5.185551, 1.020055, 0),
        (4.967705, 1.036181, 0),
        (4.756641, 1.047673, 0),
        (4.549903, 1.056777, 0),
        (4.338239, 1.063804, 0),
        (4.119027, 1.066643, 0),
        (3.899815, 1.063804, 0),
        (3.68815, 1.056777, 0),
        (3.481413, 1.047673, 0),
        (3.270348, 1.036181, 0),
        (3.052502, 1.020055, 0),
        (2.838603, 0.999044, 0),
        (2.642764, 0.977499, 0),
        (2.467161, 0.960359, 0),
        (2.298417, 0.948816, 0),
        (2.120441, 0.94127, 0),
        (1.930584, 0.935206, 0),
        (1.741231, 0.929562, 0),
        (1.565517, 0.92634, 0),
        (1.402967, 0.928139, 0),
        (1.239506, 0.93613, 0),
        (1.060303, 0.949867, 0),
        (1.019034, 0.953293, 0),
        (1.019337, 0.96522, 0),
        (1, 1, 0),
        (1.024805, 1.16019, 0),
        (1.031082, 1.354906, 0),
        (1.03804, 1.551478, 0),
        (1.045175, 1.750384, 0),
        (1.052048, 1.950443, 0),
        (1.058556, 2.150572, 0),
        (1.064744, 2.351055, 0),
        (1.070459, 2.552876, 0),
        (1.075332, 2.756025, 0),
        (1.079144, 2.958956, 0),
        (1.082138, 3.160051, 0),
        (1.0848, 3.3592, 0),
        (1.087342, 3.55963, 0),
        (1.089362, 3.762423, 0),
        (1.090156, 3.967723, 0),
        (1.089362, 4.173022, 0),
        (1.087342, 4.375815, 0),
        (1.084809, 4.575561, 0),
        (1.082138, 4.775394, 0),
        (1.079144, 4.976489, 0),
        (1.075332, 5.17942, 0),
        (1.070459, 5.382569, 0),
        (1.064744, 5.58439, 0),
        (1.058556, 5.784874, 0),
        (1.052048, 5.985002, 0),
        (1.045175, 6.185061, 0),
        (1.03804, 6.383967, 0),
        (1.031082, 6.58054, 0),
        (1.024805, 6.775255, 0),
        (1.019337, 6.970225, 0),
        (1, 7.010464, 0),
        (1.018087, 7.019456, 0),
        (1.068764, 7.023979, 0),
        (1.273585, 7.044182, 0),
        (1.476563, 7.066399, 0),
        (1.673686, 7.089165, 0),
        (1.865212, 7.11111, 0),
        (2.054003, 7.131723, 0),
        (2.242252, 7.151027, 0),
        (2.430865, 7.169109, 0),
        (2.621542, 7.186231, 0),
        (2.817456, 7.2033, 0),
        (3.020052, 7.221852, 0),
        (3.225163, 7.242893, 0),
        (3.424206, 7.265289, 0),
        (3.611246, 7.286148, 0),
        (3.789533, 7.303442, 0),
        (3.970178, 7.317508, 0),
        (4.162701, 7.330533, 0),
        (4.366027, 7.345215, 0),
        (4.569168, 7.362262, 0),
        (4.761381, 7.37927, 0),
        (4.94202, 7.393406, 0),
        (5.120831, 7.403988, 0),
        (5.308842, 7.412405, 0),
        (5.50895, 7.421168, 0),
        (5.714841, 7.43221, 0),
        (5.917861, 7.445321, 0),
        (6.114051, 7.45886, 0),
        (6.305075, 7.471534, 0),
        (6.49421, 7.482939, 0),
        (6.683174, 7.49308, 0),
        (6.872876, 7.502013, 0),
        (7.065489, 7.510054, 0),
        (7.263756, 7.518153, 0),
        (7.467722, 7.527703, 0),
        (7.542702, 7.521194, 0),
        (7.555396, 7.532748, 0),
        (7.553958, 7.443145, 0),
        (7.552559, 7.238103, 0),
        (7.553034, 7.034813, 0),
        (7.554602, 6.836352, 0),
        (7.55601, 6.643773, 0),
        (7.556223, 6.455018, 0),
        (7.554898, 6.266174, 0),
        (7.552425, 6.07433, 0),
        (7.549517, 5.879722, 0),
        (7.546551, 5.685328, 0),
        (7.543164, 5.494262, 0),
        (7.538548, 5.307158, 0),
        (7.53206, 5.121586, 0),
        (7.523639, 4.933711, 0),
        (7.513931, 4.740962, 0),
        (7.504023, 4.54218, 0),
        (7.49507, 4.340174, 0),
        (7.487612, 4.138108, 0),
        (7.481383, 3.939696, 0),
        (7.475411, 3.746275, 0),
        (7.468569, 3.558337, 0),
        (7.459986, 3.372849, 0),
        (7.449413, 3.185988, 0),
        (7.437294, 2.995276, 0),
        (7.424486, 2.801282, 0),
        (7.411602, 2.607079, 0),
        (7.39851, 2.415666, 0),
        (7.384515, 2.227336, 0),
        (7.368996, 2.03922, 0),
        (7.351975, 1.84739, 0),
        (7.334318, 1.64971, 0),
        (7.317359, 1.447128, 0),
        (7.302125, 1.242648, 0),
        (7.288848, 1.039133, 0),
        (1, 9.016548, 0),
        (0.985236, 9.025446, 0),
        (0.974106, 9.200145, 0),
        (0.950666, 9.421328, 0),
        (0.929762, 9.605747, 0),
        (0.917012, 9.763063, 0),
        (0.911698, 9.91994, 0),
        (0.911488, 10.095651, 0),
        (0.913045, 10.287694, 0),
        (0.914479, 10.481962, 0),
        (0.917011, 10.666804, 0),
        (0.922561, 10.845282, 0),
        (0.93172, 11.027773, 0),
        (0.943294, 11.221933, 0),
        (0.954692, 11.428096, 0),
        (0.963372, 11.641901, 0),
        (0.967926, 11.858881, 0),
        (0.967926, 12.076564, 0),
        (0.963372, 12.293544, 0),
        (0.954692, 12.507349, 0),
        (0.943294, 12.713512, 0),
        (0.93172, 12.907672, 0),
        (0.922561, 13.090163, 0),
        (0.917011, 13.268641, 0),
        (0.914479, 13.453483, 0),
        (0.913051, 13.647021, 0),
        (0.911488, 13.839794, 0),
        (0.911698, 14.015505, 0),
        (0.917012, 14.172382, 0),
        (0.929762, 14.329698, 0),
        (0.950666, 14.514117, 0),
        (0.974106, 14.7353, 0),
        (0.989408, 14.975475, 0),
        (0.98951, 14.980981, 0),
        (1, 15, 0),
        (1.132792, 14.97272, 0),
        (1.346703, 14.962664, 0),
        (1.564193, 14.95728, 0),
        (1.770573, 14.955834, 0),
        (1.962199, 14.954645, 0),
        (2.147271, 14.951023, 0),
        (2.341099, 14.944996, 0),
        (2.549186, 14.939389, 0),
        (2.761271, 14.937285, 0),
        (2.961024, 14.937728, 0),
        (3.143286, 14.936738, 0),
        (3.321326, 14.931703, 0),
        (3.515365, 14.923085, 0),
        (3.732659, 14.915428, 0),
        (3.958911, 14.914345, 0),
        (4.170508, 14.919056, 0),
        (4.356889, 14.923416, 0),
        (4.531004, 14.923416, 0),
        (4.717385, 14.919056, 0),
        (4.928982, 14.914345, 0),
        (5.155234, 14.915428, 0),
        (5.372528, 14.923085, 0),
        (5.566567, 14.931703, 0),
        (5.744607, 14.936738, 0),
        (5.926869, 14.937728, 0),
        (6.126622, 14.937285, 0),
        (6.338707, 14.939389, 0),
        (6.546794, 14.944996, 0),
        (6.740621, 14.951023, 0),
        (6.925694, 14.954645, 0),
        (7.116521, 14.955829, 0),
        (7.3237, 14.95728, 0),
        (7.54119, 14.962664, 0),
        (7.755101, 14.97272, 0),
        (7.846454, 15, 0),
        (7.894814, 14.980775, 0),
        (7.897545, 14.812435, 0),
        (7.901307, 14.617334, 0),
        (7.904362, 14.429944, 0),
        (7.905078, 14.250433, 0),
        (7.902521, 14.074633, 0),
        (7.896522, 13.898239, 0),
        (7.887342, 13.718573, 0),
        (7.875493, 13.532821, 0),
        (7.862097, 13.337238, 0),
        (7.849422, 13.130586, 0),
        (7.840109, 12.918473, 0),
        (7.834717, 12.712085, 0),
        (7.83078, 12.519955, 0),
        (7.825136, 12.339965, 0),
        (7.816165, 12.160111, 0),
        (7.804508, 11.968294, 0),
        (7.793145, 11.762149, 0),
        (7.785225, 11.549979, 0),
        (7.781101, 11.342979, 0),
        (7.778591, 11.146955, 0),
        (7.775337, 10.960853, 0),
        (7.769917, 10.781035, 0),
        (7.761591, 10.604736, 0),
        (7.749883, 10.429307, 0),
        (7.734612, 10.250445, 0),
        (7.71637, 10.06392, 0),
        (7.696798, 9.869767, 0),
        (7.677593, 9.673218, 0),
        (7.665148, 9.54346, 0),
        (7.624438, 9.533658, 0),
        (7.548989, 9.535689, 0),
        (7.363497, 9.525014, 0),
        (7.176171, 9.516243, 0),
        (6.983413, 9.508369, 0),
        (6.784128, 9.50005, 0),
        (6.582546, 9.490558, 0),
        (6.380425, 9.479711, 0),
        (6.178677, 9.467545, 0),
        (5.979002, 9.454296, 0),
        (5.784573, 9.440879, 0),
        (5.59684, 9.428756, 0),
        (5.411646, 9.418823, 0),
        (5.220859, 9.410469, 0),
        (5.017024, 9.401344, 0),
        (4.804917, 9.388792, 0),
        (4.595218, 9.372382, 0),
        (4.397402, 9.354878, 0),
        (4.210376, 9.339183, 0),
        (4.02318, 9.325666, 0),
        (3.825044, 9.312261, 0),
        (3.615338, 9.295932, 0),
        (3.403853, 9.275418, 0),
        (3.202048, 9.252912, 0),
        (3.011299, 9.23145, 0),
        (2.826807, 9.212524, 0),
        (2.639467, 9.195369, 0),
        (2.445311, 9.178453, 0),
        (2.245998, 9.160556, 0),
        (2.044806, 9.141268, 0),
        (1.84345, 9.120619, 0),
        (1.642837, 9.098716, 0),
        (1.445569, 9.076113, 0),
        (1.25303, 9.053877, 0),
        (1.066612, 9.033473, 0),
        (9.848102, 15, 0),
        (9.870895, 14.995237, 0),
        (10.070611, 14.994384, 0),
        (10.275269, 14.99418, 0),
        (10.487768, 14.99629, 0),
        (10.704006, 15.002538, 0),
        (10.913334, 15.012447, 0),
        (11.107134, 15.022621, 0),
        (11.288601, 15.029843, 0),
        (11.472526, 15.033567, 0),
        (11.672168, 15.036063, 0),
        (11.884915, 15.041257, 0),
        (12.092606, 15.05017, 0),
        (12.278384, 15.058479, 0),
        (12.443946, 15.061675, 0),
        (12.609509, 15.058479, 0),
        (12.795287, 15.05017, 0),
        (13.002978, 15.041257, 0),
        (13.215725, 15.036063, 0),
        (13.415367, 15.033567, 0),
        (13.599292, 15.029843, 0),
        (13.780759, 15.022621, 0),
        (13.974559, 15.012447, 0),
        (14.183887, 15.002538, 0),
        (14.400125, 14.99629, 0),
        (14.612624, 14.99418, 0),
        (14.817282, 14.994384, 0),
        (15, 15, 0),
        (15.016479, 14.995235, 0),
        (15.049323, 14.995392, 0),
        (15.044059, 14.900624, 0),
        (15.026278, 14.756996, 0),
        (14.996567, 14.578838, 0),
        (14.959597, 14.354898, 0),
        (14.92938, 14.088366, 0),
        (14.921896, 13.800047, 0),
        (14.940743, 13.521155, 0),
        (14.974367, 13.275253, 0),
        (15.008783, 13.06719, 0),
        (15.037165, 12.88682, 0),
        (15.058746, 12.71917, 0),
        (15.074466, 12.553604, 0),
        (15.084919, 12.386977, 0),
        (15.090189, 12.220184, 0),
        (15.090189, 12.053667, 0),
        (15.084919, 11.886874, 0),
        (15.074466, 11.720247, 0),
        (15.058746, 11.554681, 0),
        (15.037165, 11.387031, 0),
        (15.008783, 11.206661, 0),
        (14.974367, 10.998598, 0),
        (14.940743, 10.752696, 0),
        (14.921896, 10.473804, 0),
        (14.92938, 10.185485, 0),
        (14.959597, 9.918953, 0),
        (14.996567, 9.695013, 0),
        (15.026278, 9.516855, 0),
        (15.044059, 9.373227, 0),
        (15.051248, 9.243795, 0),
        (15.049611, 9.1296, 0),
        (15, 9.119674, 0),
        (14.891626, 9.109977, 0),
        (14.686728, 9.084633, 0),
        (14.474654, 9.055383, 0),
        (14.267776, 9.023694, 0),
        (14.071987, 8.992792, 0),
        (13.884402, 8.964567, 0),
        (13.698129, 8.938921, 0),
        (13.507688, 8.914764, 0),
        (13.310581, 8.890723, 0),
        (13.106271, 8.86529, 0),
        (12.89604, 8.837009, 0),
        (12.683974, 8.805214, 0),
        (12.476113, 8.770929, 0),
        (12.276502, 8.736437, 0),
        (12.083441, 8.703386, 0),
        (11.890193, 8.671449, 0),
        (11.690283, 8.638729, 0),
        (11.482645, 8.603116, 0),
        (11.27185, 8.563773, 0),
        (11.063936, 8.521711, 0),
        (10.862552, 8.478894, 0),
        (10.668428, 8.437119, 0),
        (10.480565, 8.397634, 0),
        (10.296155, 8.36092, 0),
        (10.109659, 8.326214, 0),
        (9.914536, 8.291353, 0),
        (9.708678, 8.253608, 0),
        (9.572187, 8.206559, 0),
        (9.594525, 8.361822, 0),
        (9.604701, 8.55823, 0),
        (9.615701, 8.752153, 0),
        (9.627931, 8.946133, 0),
        (9.641246, 9.142657, 0),
        (9.655022, 9.342634, 0),
        (9.66851, 9.545096, 0),
        (9.681258, 9.748108, 0),
        (9.693271, 9.95005, 0),
        (9.704862, 10.15036, 0),
        (9.716385, 10.349493, 0),
        (9.728048, 10.548477, 0),
        (9.739828, 10.748464, 0),
        (9.751464, 10.950398, 0),
        (9.762502, 11.154691, 0),
        (9.772417, 11.360958, 0),
        (9.780827, 11.568036, 0),
        (9.787672, 11.774427, 0),
        (9.793239, 11.978943, 0),
        (9.798017, 12.181156, 0),
        (9.802494, 12.381439, 0),
        (9.807006, 12.580713, 0),
        (9.81167, 12.780125, 0),
        (9.816361, 12.980715, 0),
        (9.820765, 13.182966, 0),
        (9.824523, 13.386344, 0),
        (9.827497, 13.589232, 0),
        (9.829984, 13.789668, 0),
        (9.83265, 13.986624, 0),
        (9.836192, 14.180957, 0),
        (9.840954, 14.375134, 0),
        (9.84674, 14.57172, 0),
        (9.852906, 14.771703, 0),
        (9.858752, 14.97391, 0),
        (15, 7.09157, 0),
        (15.006149, 6.915386, 0),
        (15.001432, 6.711287, 0),
        (15.000596, 6.485964, 0),
        (15.008297, 6.25645, 0),
        (15.021107, 6.047948, 0),
        (15.031278, 5.868422, 0),
        (15.035789, 5.697343, 0),
        (15.036702, 5.504924, 0),
        (15.040477, 5.285601, 0),
        (15.051239, 5.067926, 0),
        (15.061949, 4.885405, 0),
        (15.064967, 4.737506, 0),
        (15.058883, 4.583866, 0),
        (15.045549, 4.383217, 0),
        (15.037602, 4.136925, 0),
        (15.045549, 3.890634, 0),
        (15.058883, 3.689985, 0),
        (15.064967, 3.536345, 0),
        (15.061949, 3.388445, 0),
        (15.051239, 3.205925, 0),
        (15.040477, 2.98825, 0),
        (15.036702, 2.768927, 0),
        (15.035789, 2.576508, 0),
        (15.031278, 2.405429, 0),
        (15.021107, 2.225903, 0),
        (15.008297, 2.017401, 0),
        (15.000596, 1.787887, 0),
        (15.001432, 1.562564, 0),
        (15.006149, 1.358465, 0),
        (15.009483, 1.172353, 0),
        (15.009695, 1.01407, 0),
        (15.007944, 1.014077, 0),
        (15, 1, 0),
        (14.811839, 1.014523, 0),
        (14.621828, 1.016365, 0),
        (14.431424, 1.020232, 0),
        (14.235716, 1.025505, 0),
        (14.034375, 1.030893, 0),
        (13.831548, 1.035454, 0),
        (13.631171, 1.039292, 0),
        (13.434361, 1.043185, 0),
        (13.239119, 1.047789, 0),
        (13.042356, 1.053171, 0),
        (12.842055, 1.058802, 0),
        (12.638032, 1.06386, 0),
        (12.431339, 1.067603, 0),
        (12.223263, 1.069569, 0),
        (12.01479, 1.069569, 0),
        (11.806715, 1.067603, 0),
        (11.600021, 1.06386, 0),
        (11.395998, 1.058802, 0),
        (11.195697, 1.053171, 0),
        (10.998934, 1.047789, 0),
        (10.803692, 1.043185, 0),
        (10.606882, 1.039292, 0),
        (10.406505, 1.035454, 0),
        (10.203678, 1.030893, 0),
        (10.002519, 1.02551, 0),
        (9.80663, 1.020232, 0),
        (9.616225, 1.016365, 0),
        (9.426214, 1.014523, 0),
        (9.279493, 1, 0),
        (9.344805, 1.090981, 0),
        (9.359535, 1.306226, 0),
        (9.368815, 1.525835, 0),
        (9.372706, 1.732602, 0),
        (9.376053, 1.914799, 0),
        (9.383453, 2.079112, 0),
        (9.396907, 2.247966, 0),
        (9.415367, 2.438433, 0),
        (9.433862, 2.649261, 0),
        (9.447717, 2.86588, 0),
        (9.456832, 3.074884, 0),
        (9.463872, 3.272733, 0),
        (9.471083, 3.46371, 0),
        (9.479383, 3.654642, 0),
        (9.488411, 3.852411, 0),
        (9.496275, 4.061465, 0),
        (9.500033, 4.278494, 0),
        (9.498696, 4.490128, 0),
        (9.495743, 4.681464, 0),
        (9.496027, 4.850853, 0),
        (9.501977, 5.015226, 0),
        (9.513388, 5.196647, 0),
        (9.526306, 5.403495, 0),
        (9.534866, 5.623134, 0),
        (9.53764, 5.838864, 0),
        (9.537166, 6.045939, 0),
        (9.489249, 6.164503, 0),
        (9.535769, 6.174819, 0),
        (9.713497, 6.212656, 0),
        (9.902473, 6.252989, 0),
        (10.084066, 6.289096, 0),
        (10.270762, 6.323328, 0),
        (10.468495, 6.358655, 0),
        (10.674378, 6.396969, 0),
        (10.881517, 6.438207, 0),
        (11.084498, 6.48087, 0),
        (11.280899, 6.523135, 0),
        (11.470203, 6.563384, 0),
        (11.653634, 6.600493, 0),
        (11.835183, 6.634378, 0),
        (12.020859, 6.666224, 0),
        (12.214769, 6.697962, 0),
        (12.415238, 6.731092, 0),
        (12.615512, 6.765378, 0),
        (12.809133, 6.798834, 0),
        (12.995009, 6.829494, 0),
        (13.177651, 6.856877, 0),
        (13.363127, 6.881828, 0),
        (13.555181, 6.905735, 0),
        (13.7546, 6.930058, 0),
        (13.960367, 6.956159, 0),
        (14.169597, 6.984966, 0),
        (14.376685, 7.016125, 0),
        (14.575092, 7.047441, 0),
        (14.762712, 7.07618, 0),
        (14.946124, 7.101477, 0),
        (15.009494, 7.109315, 0),
        (15.009485, 7.102784, 0),
        (15.009483, 7.101498, 0),
        (7.757948, 0.5, -0.8),
        (7.759695, 0.489166, -0.8),
        (7.619746, 0.482273, -0.8),
        (7.415219, 0.467861, -0.8),
        (7.217541, 0.45145, -0.8),
        (7.029868, 0.437064, -0.8),
        (6.850065, 0.428274, -0.8),
        (6.670718, 0.426289, -0.8),
        (6.484789, 0.429699, -0.8),
        (6.292041, 0.435444, -0.8),
        (6.09904, 0.441608, -0.8),
        (5.91198, 0.44954, -0.8),
        (5.729536, 0.462019, -0.8),
        (5.543662, 0.480162, -0.8),
        (5.347671, 0.501724, -0.8),
        (5.142649, 0.521863, -0.8),
        (4.935654, 0.537186, -0.8),
        (4.73205, 0.548272, -0.8),
        (4.530609, 0.557142, -0.8),
        (4.326705, 0.563912, -0.8),
        (4.119027, 0.566602, -0.8),
        (3.911348, 0.563912, -0.8),
        (3.707444, 0.557142, -0.8),
        (3.506003, 0.548272, -0.8),
        (3.302399, 0.537186, -0.8),
        (3.095404, 0.521863, -0.8),
        (2.890383, 0.501724, -0.8),
        (2.694391, 0.480162, -0.8),
        (2.508517, 0.462019, -0.8),
        (2.326073, 0.44954, -0.8),
        (2.139013, 0.441608, -0.8),
        (1.946012, 0.435444, -0.8),
        (1.753264, 0.429699, -0.8),
        (1.567335, 0.426289, -0.8),
        (1.387988, 0.428274, -0.8),
        (1.208185, 0.437064, -0.8),
        (1.020512, 0.45145, -0.8),
        (0.822834, 0.467861, -0.8),
        (0.618308, 0.482273, -0.8),
        (0.507303, 0.487741, -0.8),
        (0.5, 0.5, -0.8),
        (0.50957, 0.582991, -0.8),
        (0.514497, 0.780978, -0.8),
        (0.519515, 0.978575, -0.8),
        (0.525031, 1.175253, -0.8),
        (0.531367, 1.371804, -0.8),
        (0.538357, 1.569284, -0.8),
        (0.545483, 1.767929, -0.8),
        (0.552327, 1.967152, -0.8),
        (0.558807, 2.166409, -0.8),
        (0.564962, 2.365844, -0.8),
        (0.570629, 2.565948, -0.8),
        (0.575444, 2.766716, -0.8),
        (0.579214, 2.967374, -0.8),
        (0.582188, 3.167115, -0.8),
        (0.584845, 3.365882, -0.8),
        (0.587374, 3.56529, -0.8),
        (0.589372, 3.76588, -0.8),
        (0.590152, 3.967723, -0.8),
        (0.589372, 4.169565, -0.8),
        (0.587374, 4.370155, -0.8),
        (0.584849, 4.569221, -0.8),
        (0.582188, 4.76833, -0.8),
        (0.579214, 4.968071, -0.8),
        (0.575444, 5.16873, -0.8),
        (0.570629, 5.369497, -0.8),
        (0.564962, 5.569601, -0.8),
        (0.558807, 5.769036, -0.8),
        (0.552327, 5.968293, -0.8),
        (0.545483, 6.167516, -0.8),
        (0.538357, 6.366161, -0.8),
        (0.531367, 6.563641, -0.8),
        (0.525031, 6.760192, -0.8),
        (0.519515, 6.95687, -0.8),
        (0.514497, 7.154468, -0.8),
        (0.50957, 7.352454, -0.8),
        (0.5, 7.472954, -0.8),
        (0.506613, 7.476705, -0.8),
        (0.628287, 7.487311, -0.8),
        (0.823852, 7.50411, -0.8),
        (1.022001, 7.521793, -0.8),
        (1.221842, 7.541505, -0.8),
        (1.42068, 7.563268, -0.8),
        (1.616545, 7.585889, -0.8),
        (1.809619, 7.608011, -0.8),
        (2.001365, 7.628947, -0.8),
        (2.19289, 7.648587, -0.8),
        (2.384649, 7.666971, -0.8),
        (2.577484, 7.684286, -0.8),
        (2.772959, 7.701317, -0.8),
        (2.971741, 7.71952, -0.8),
        (3.171697, 7.740032, -0.8),
        (3.368545, 7.762181, -0.8),
        (3.559398, 7.783465, -0.8),
        (3.745984, 7.801564, -0.8),
        (3.933894, 7.816196, -0.8),
        (4.127821, 7.829316, -0.8),
        (4.327114, 7.843707, -0.8),
        (4.526227, 7.860416, -0.8),
        (4.71984, 7.877548, -0.8),
        (4.907745, 7.892253, -0.8),
        (5.094879, 7.903327, -0.8),
        (5.286723, 7.911916, -0.8),
        (5.484624, 7.920582, -0.8),
        (5.685341, 7.931347, -0.8),
        (5.884539, 7.94421, -0.8),
        (6.080289, 7.957719, -0.8),
        (6.273476, 7.970537, -0.8),
        (6.465764, 7.982132, -0.8),
        (6.658017, 7.99245, -0.8),
        (6.850689, 8.001522, -0.8),
        (7.044857, 8.009628, -0.8),
        (7.24186, 8.017675, -0.8),
        (7.441666, 8.027031, -0.8),
        (7.642145, 8.038568, -0.8),
        (7.840638, 8.051848, -0.8),
        (8.036441, 8.065599, -0.8),
        (8.068317, 8.067798, -0.8),
        (8.06514, 8.063497, -0.8),
        (8.067245, 8.033743, -0.8),
        (8.061728, 7.835967, -0.8),
        (8.057137, 7.637281, -0.8),
        (8.053931, 7.437429, -0.8),
        (8.052563, 7.236981, -0.8),
        (8.053029, 7.037372, -0.8),
        (8.054587, 6.840156, -0.8),
        (8.056008, 6.645883, -0.8),
        (8.056224, 6.453546, -0.8),
        (8.054876, 6.261198, -0.8),
        (8.052376, 6.067372, -0.8),
        (8.04946, 5.872173, -0.8),
        (8.046483, 5.677082, -0.8),
        (8.043055, 5.483665, -0.8),
        (8.038333, 5.292257, -0.8),
        (8.031669, 5.101655, -0.8),
        (8.023075, 4.909941, -0.8),
        (8.013298, 4.715812, -0.8),
        (8.003472, 4.518665, -0.8),
        (7.994661, 4.319883, -0.8),
        (7.987323, 4.121042, -0.8),
        (7.981137, 3.924007, -0.8),
        (7.97513, 3.729464, -0.8),
        (7.968148, 3.537685, -0.8),
        (7.959333, 3.347171, -0.8),
        (7.948517, 3.15601, -0.8),
        (7.936249, 2.962952, -0.8),
        (7.923395, 2.768262, -0.8),
        (7.910472, 2.57347, -0.8),
        (7.897244, 2.38008, -0.8),
        (7.88299, 2.188255, -0.8),
        (7.867177, 1.99657, -0.8),
        (7.850006, 1.803052, -0.8),
        (7.832459, 1.606612, -0.8),
        (7.815807, 1.407698, -0.8),
        (7.800915, 1.207799, -0.8),
        (7.787902, 1.008346, -0.8),
        (7.776366, 0.809942, -0.8),
        (7.765826, 0.61237, -0.8),
        (0.5, 8.475997, -0.8),
        (0.493879, 8.479387, -0.8),
        (0.49354, 8.527195, -0.8),
        (0.493629, 8.726734, -0.8),
        (0.489702, 8.939449, -0.8),
        (0.475785, 9.157884, -0.8),
        (0.453642, 9.366824, -0.8),
        (0.432043, 9.557382, -0.8),
        (0.417697, 9.734388, -0.8),
        (0.411708, 9.911175, -0.8),
        (0.411485, 10.097378, -0.8),
        (0.413062, 10.291748, -0.8),
        (0.414504, 10.48723, -0.8),
        (0.417117, 10.678, -0.8),
        (0.422951, 10.865587, -0.8),
        (0.432467, 11.055181, -0.8),
        (0.444115, 11.250609, -0.8),
        (0.455252, 11.452039, -0.8),
        (0.463584, 11.657289, -0.8),
        (0.467926, 11.864127, -0.8),
        (0.467926, 12.071318, -0.8),
        (0.463584, 12.278156, -0.8),
        (0.455252, 12.483407, -0.8),
        (0.444115, 12.684836, -0.8),
        (0.432467, 12.880265, -0.8),
        (0.422951, 13.069858, -0.8),
        (0.417117, 13.257445, -0.8),
        (0.414504, 13.448215, -0.8),
        (0.413064, 13.643332, -0.8),
        (0.411485, 13.838067, -0.8),
        (0.411708, 14.02427, -0.8),
        (0.417697, 14.201057, -0.8),
        (0.432043, 14.378063, -0.8),
        (0.453642, 14.568621, -0.8),
        (0.475785, 14.777561, -0.8),
        (0.489702, 14.995996, -0.8),
        (0.493629, 15.208711, -0.8),
        (0.49354, 15.40825, -0.8),
        (0.494187, 15.49949, -0.8),
        (0.5, 15.5, -0.8),
        (0.582537, 15.498605, -0.8),
        (0.770084, 15.492988, -0.8),
        (0.96069, 15.483473, -0.8),
        (1.158922, 15.472044, -0.8),
        (1.364632, 15.462373, -0.8),
        (1.572131, 15.457237, -0.8),
        (1.774076, 15.455822, -0.8),
        (1.968643, 15.454614, -0.8),
        (2.159934, 15.45087, -0.8),
        (2.355602, 15.444786, -0.8),
        (2.5584, 15.439322, -0.8),
        (2.763197, 15.437291, -0.8),
        (2.961828, 15.437731, -0.8),
        (3.151713, 15.4367, -0.8),
        (3.339487, 15.431389, -0.8),
        (3.535261, 15.422694, -0.8),
        (3.742663, 15.415386, -0.8),
        (3.954543, 15.414371, -0.8),
        (4.159096, 15.418926, -0.8),
        (4.35104, 15.423416, -0.8),
        (4.536853, 15.423416, -0.8),
        (4.728797, 15.418926, -0.8),
        (4.93335, 15.414371, -0.8),
        (5.14523, 15.415386, -0.8),
        (5.352632, 15.422694, -0.8),
        (5.548406, 15.431389, -0.8),
        (5.73618, 15.4367, -0.8),
        (5.926065, 15.437731, -0.8),
        (6.124696, 15.437291, -0.8),
        (6.329493, 15.439322, -0.8),
        (6.532291, 15.444786, -0.8),
        (6.727959, 15.45087, -0.8),
        (6.91925, 15.454614, -0.8),
        (7.113418, 15.455819, -0.8),
        (7.315762, 15.457237, -0.8),
        (7.523261, 15.462373, -0.8),
        (7.728971, 15.472044, -0.8),
        (7.927203, 15.483473, -0.8),
        (8.117809, 15.492988, -0.8),
        (8.305356, 15.498605, -0.8),
        (8.367173, 15.5, -0.8),
        (8.38652, 15.499418, -0.8),
        (8.388166, 15.406591, -0.8),
        (8.391472, 15.212373, -0.8),
        (8.394284, 15.017555, -0.8),
        (8.397466, 14.821309, -0.8),
        (8.401228, 14.62623, -0.8),
        (8.404346, 14.435018, -0.8),
        (8.405093, 14.247794, -0.8),
        (8.402397, 14.062498, -0.8),
        (8.396089, 13.876983, -0.8),
        (8.386529, 13.6899, -0.8),
        (8.374404, 13.499823, -0.8),
        (8.36105, 13.304849, -0.8),
        (8.34875, 13.104313, -0.8),
        (8.339822, 12.900977, -0.8),
        (8.334583, 12.700434, -0.8),
        (8.330619, 12.506997, -0.8),
        (8.324745, 12.319674, -0.8),
        (8.315409, 12.132491, -0.8),
        (8.303673, 11.93937, -0.8),
        (8.292631, 11.739062, -0.8),
        (8.285039, 11.535672, -0.8),
        (8.281037, 11.334799, -0.8),
        (8.278535, 11.139384, -0.8),
        (8.275206, 10.94895, -0.8),
        (8.269562, 10.761708, -0.8),
        (8.260805, 10.576292, -0.8),
        (8.248465, 10.391388, -0.8),
        (8.232537, 10.204842, -0.8),
        (8.213923, 10.014512, -0.8),
        (8.194354, 9.82038, -0.8),
        (8.175267, 9.625039, -0.8),
        (8.156665, 9.43109, -0.8),
        (8.137619, 9.237781, -0.8),
        (8.121351, 9.07383, -0.8),
        (8.106008, 9.069729, -0.8),
        (7.96701, 9.063186, -0.8),
        (7.772231, 9.049506, -0.8),
        (7.580041, 9.036648, -0.8),
        (7.389554, 9.025686, -0.8),
        (7.198067, 9.016721, -0.8),
        (7.003819, 9.008786, -0.8),
        (6.806315, 9.000541, -0.8),
        (6.607703, 8.991189, -0.8),
        (6.408872, 8.980518, -0.8),
        (6.210277, 8.968542, -0.8),
        (6.012764, 8.955437, -0.8),
        (5.817895, 8.941989, -0.8),
        (5.62634, 8.929619, -0.8),
        (5.435972, 8.919409, -0.8),
        (5.242732, 8.910948, -0.8),
        (5.042976, 8.902005, -0.8),
        (4.839193, 8.889945, -0.8),
        (4.636759, 8.874104, -0.8),
        (4.440344, 8.856724, -0.8),
        (4.249289, 8.840691, -0.8),
        (4.05806, 8.826882, -0.8),
        (3.861327, 8.813573, -0.8),
        (3.658887, 8.797809, -0.8),
        (3.455701, 8.7781, -0.8),
        (3.257465, 8.755993, -0.8),
        (3.064765, 8.734311, -0.8),
        (2.875118, 8.714856, -0.8),
        (2.683964, 8.697352, -0.8),
        (2.489369, 8.680397, -0.8),
        (2.292215, 8.662694, -0.8),
        (2.094168, 8.643708, -0.8),
        (1.896089, 8.623395, -0.8),
        (1.698431, 8.601814, -0.8),
        (1.502486, 8.579363, -0.8),
        (1.308914, 8.557007, -0.8),
        (1.118356, 8.53615, -0.8),
        (0.928475, 8.51742, -0.8),
        (0.736617, 8.500299, -0.8),
        (0.542075, 8.483588, -0.8),
        (9.367998, 15.5, -0.8),
        (9.477391, 15.497296, -0.8),
        (9.675309, 15.49618, -0.8),
        (9.87329, 15.495231, -0.8),
        (10.071928, 15.494383, -0.8),
        (10.273036, 15.494183, -0.8),
        (10.478065, 15.496218, -0.8),
        (10.684963, 15.502197, -0.8),
        (10.888406, 15.511827, -0.8),
        (11.084085, 15.5221, -0.8),
        (11.273598, 15.529641, -0.8),
        (11.46434, 15.533504, -0.8),
        (11.66294, 15.535986, -0.8),
        (11.868093, 15.540996, -0.8),
        (12.070718, 15.549691, -0.8),
        (12.262386, 15.558263, -0.8),
        (12.443946, 15.561768, -0.8),
        (12.625507, 15.558263, -0.8),
        (12.817175, 15.549691, -0.8),
        (13.0198, 15.540996, -0.8),
        (13.224953, 15.535986, -0.8),
        (13.423553, 15.533504, -0.8),
        (13.614295, 15.529641, -0.8),
        (13.803808, 15.5221, -0.8),
        (13.999487, 15.511827, -0.8),
        (14.20293, 15.502197, -0.8),
        (14.409828, 15.496218, -0.8),
        (14.614857, 15.494183, -0.8),
        (14.815965, 15.494383, -0.8),
        (15.014343, 15.49523, -0.8),
        (15.212161, 15.496178, -0.8),
        (15.410143, 15.497294, -0.8),
        (15.5, 15.5, -0.8),
        (15.526192, 15.498031, -0.8),
        (15.537218, 15.368188, -0.8),
        (15.549041, 15.187642, -0.8),
        (15.551447, 15.019762, -0.8),
        (15.542351, 14.855993, -0.8),
        (15.521198, 14.685126, -0.8),
        (15.489823, 14.496994, -0.8),
        (15.454986, 14.28597, -0.8),
        (15.428647, 14.053651, -0.8),
        (15.422335, 13.810438, -0.8),
        (15.438452, 13.571939, -0.8),
        (15.468808, 13.349935, -0.8),
        (15.5024, 13.14685, -0.8),
        (15.532178, 12.957612, -0.8),
        (15.555719, 12.774734, -0.8),
        (15.572984, 12.592898, -0.8),
        (15.584424, 12.410531, -0.8),
        (15.590189, 12.228081, -0.8),
        (15.590189, 12.04577, -0.8),
        (15.584424, 11.86332, -0.8),
        (15.572984, 11.680953, -0.8),
        (15.555719, 11.499117, -0.8),
        (15.532178, 11.316239, -0.8),
        (15.5024, 11.127001, -0.8),
        (15.468808, 10.923916, -0.8),
        (15.438452, 10.701912, -0.8),
        (15.422335, 10.463413, -0.8),
        (15.428647, 10.2202, -0.8),
        (15.454986, 9.987881, -0.8),
        (15.489823, 9.776857, -0.8),
        (15.521198, 9.588725, -0.8),
        (15.542351, 9.417858, -0.8),
        (15.551447, 9.254089, -0.8),
        (15.549041, 9.086209, -0.8),
        (15.537218, 8.905663, -0.8),
        (15.521036, 8.715099, -0.8),
        (15.519182, 8.695777, -0.8),
        (15.519067, 8.695755, -0.8),
        (15.5, 8.696762, -0.8),
        (15.333517, 8.66453, -0.8),
        (15.146616, 8.637806, -0.8),
        (14.95313, 8.613774, -0.8),
        (14.751577, 8.588844, -0.8),
        (14.546668, 8.560582, -0.8),
        (14.344605, 8.529631, -0.8),
        (14.148161, 8.498625, -0.8),
        (13.9557, 8.469667, -0.8),
        (13.763689, 8.44323, -0.8),
        (13.569416, 8.418588, -0.8),
        (13.371731, 8.394476, -0.8),
        (13.170485, 8.369425, -0.8),
        (12.966443, 8.341976, -0.8),
        (12.761733, 8.311284, -0.8),
        (12.559368, 8.277905, -0.8),
        (12.361254, 8.243673, -0.8),
        (12.16639, 8.210313, -0.8),
        (11.971337, 8.178077, -0.8),
        (11.772927, 8.145603, -0.8),
        (11.570779, 8.110932, -0.8),
        (11.367296, 8.072953, -0.8),
        (11.165503, 8.032129, -0.8),
        (10.967139, 7.989954, -0.8),
        (10.772445, 7.948056, -0.8),
        (10.580803, 7.907777, -0.8),
        (10.390711, 7.869932, -0.8),
        (10.199368, 7.834324, -0.8),
        (10.003593, 7.799347, -0.8),
        (9.802525, 7.76248, -0.8),
        (9.599648, 7.722141, -0.8),
        (9.401032, 7.67975, -0.8),
        (9.210333, 7.639152, -0.8),
        (9.053412, 7.608759, -0.8),
        (9.047598, 7.611282, -0.8),
        (9.063497, 7.786221, -0.8),
        (9.074604, 7.986866, -0.8),
        (9.085111, 8.187648, -0.8),
        (9.095177, 8.387343, -0.8),
        (9.105434, 8.585323, -0.8),
        (9.116593, 8.782042, -0.8),
        (9.128995, 8.978764, -0.8),
        (9.142409, 9.176738, -0.8),
        (9.156165, 9.376434, -0.8),
        (9.169553, 9.577382, -0.8),
        (9.182189, 9.778621, -0.8),
        (9.194129, 9.979338, -0.8),
        (9.205697, 10.179245, -0.8),
        (9.217231, 10.378564, -0.8),
        (9.228909, 10.577805, -0.8),
        (9.240674, 10.777547, -0.8),
        (9.252241, 10.978267, -0.8),
        (9.26315, 11.180182, -0.8),
        (9.272904, 11.383107, -0.8),
        (9.281164, 11.586468, -0.8),
        (9.287898, 11.789516, -0.8),
        (9.2934, 11.99165, -0.8),
        (9.298149, 12.192648, -0.8),
        (9.30262, 12.392686, -0.8),
        (9.307138, 12.592218, -0.8),
        (9.311806, 12.791815, -0.8),
        (9.316489, 12.992002, -0.8),
        (9.320865, 13.193027, -0.8),
        (9.32459, 13.394627, -0.8),
        (9.327543, 13.595999, -0.8),
        (9.330026, 13.796153, -0.8),
        (9.332712, 13.994563, -0.8),
        (9.336303, 14.191643, -0.8),
        (9.341134, 14.388618, -0.8),
        (9.346967, 14.586778, -0.8),
        (9.353128, 14.786632, -0.8),
        (9.358939, 14.987605, -0.8),
        (9.36414, 15.188489, -0.8),
        (9.369018, 15.388229, -0.8),
        (15.5, 7.682711, -0.8),
        (15.50464, 7.679266, -0.8),
        (15.50468, 7.676072, -0.8),
        (15.50757, 7.479393, -0.8),
        (15.509731, 7.286403, -0.8),
        (15.509477, 7.096685, -0.8),
        (15.506045, 6.905131, -0.8),
        (15.50141, 6.704583, -0.8),
        (15.500627, 6.493424, -0.8),
        (15.507783, 6.280168, -0.8),
        (15.520239, 6.077419, -0.8),
        (15.530905, 5.889158, -0.8),
        (15.535758, 5.70512, -0.8),
        (15.536681, 5.510412, -0.8),
        (15.540264, 5.302253, -0.8),
        (15.550515, 5.094917, -0.8),
        (15.56165, 4.905158, -0.8),
        (15.565169, 4.732711, -0.8),
        (15.558227, 4.557392, -0.8),
        (15.545014, 4.358569, -0.8),
        (15.537862, 4.136925, -0.8),
        (15.545014, 3.915282, -0.8),
        (15.558227, 3.716459, -0.8),
        (15.565169, 3.54114, -0.8),
        (15.56165, 3.368693, -0.8),
        (15.550515, 3.178934, -0.8),
        (15.540264, 2.971598, -0.8),
        (15.536681, 2.763439, -0.8),
        (15.535758, 2.568731, -0.8),
        (15.530905, 2.384693, -0.8),
        (15.520239, 2.196432, -0.8),
        (15.507783, 1.993683, -0.8),
        (15.500627, 1.780427, -0.8),
        (15.50141, 1.569268, -0.8),
        (15.506045, 1.36872, -0.8),
        (15.509477, 1.177166, -0.8),
        (15.509731, 0.987448, -0.8),
        (15.50757, 0.794458, -0.8),
        (15.50468, 0.597779, -0.8),
        (15.503567, 0.508525, -0.8),
        (15.5, 0.5, -0.8),
        (15.411876, 0.510584, -0.8),
        (15.208202, 0.513301, -0.8),
        (15.006411, 0.514079, -0.8),
        (14.808847, 0.514529, -0.8),
        (14.614329, 0.516415, -0.8),
        (14.419615, 0.520368, -0.8),
        (14.222249, 0.525686, -0.8),
        (14.022066, 0.531043, -0.8),
        (13.821141, 0.535562, -0.8),
        (13.62144, 0.539387, -0.8),
        (13.423523, 0.543301, -0.8),
        (13.22639, 0.547951, -0.8),
        (13.028496, 0.553363, -0.8),
        (12.828833, 0.558976, -0.8),
        (12.62731, 0.563972, -0.8),
        (12.424451, 0.567645, -0.8),
        (12.220901, 0.569569, -0.8),
        (12.017152, 0.569569, -0.8),
        (11.813602, 0.567645, -0.8),
        (11.610744, 0.563972, -0.8),
        (11.40922, 0.558976, -0.8),
        (11.209557, 0.553363, -0.8),
        (11.011664, 0.547951, -0.8),
        (10.81453, 0.543301, -0.8),
        (10.616613, 0.539387, -0.8),
        (10.416912, 0.535562, -0.8),
        (10.215987, 0.531043, -0.8),
        (10.015895, 0.525689, -0.8),
        (9.818438, 0.520368, -0.8),
        (9.623724, 0.516415, -0.8),
        (9.429207, 0.514529, -0.8),
        (9.231642, 0.514079, -0.8),
        (9.029852, 0.513301, -0.8),
        (8.826177, 0.510584, -0.8),
        (8.758773, 0.5, -0.8),
        (8.790351, 0.529395, -0.8),
        (8.790458, 0.530424, -0.8),
        (8.811055, 0.729016, -0.8),
        (8.829458, 0.928445, -0.8),
        (8.84623, 1.128896, -0.8),
        (8.860256, 1.333853, -0.8),
        (8.869013, 1.541096, -0.8),
        (8.872794, 1.74201, -0.8),
        (8.87626, 1.930641, -0.8),
        (8.884348, 2.110225, -0.8),
        (8.898826, 2.291942, -0.8),
        (8.917479, 2.484398, -0.8),
        (8.935258, 2.687071, -0.8),
        (8.948412, 2.892733, -0.8),
        (8.957219, 3.094667, -0.8),
        (8.964208, 3.291056, -0.8),
        (8.971493, 3.484001, -0.8),
        (8.979879, 3.6769, -0.8),
        (8.98884, 3.873209, -0.8),
        (8.996438, 4.075193, -0.8),
        (9.000006, 4.281244, -0.8),
        (8.998721, 4.484691, -0.8),
        (8.995737, 4.678026, -0.8),
        (8.996043, 4.860319, -0.8),
        (9.002545, 5.039967, -0.8),
        (9.014374, 5.228034, -0.8),
        (9.026913, 5.428816, -0.8),
        (9.034991, 5.636087, -0.8),
        (9.037633, 5.841506, -0.8),
        (9.037172, 6.042658, -0.8),
        (9.035002, 6.242922, -0.8),
        (9.030555, 6.443564, -0.8),
        (9.006128, 6.590254, -0.8),
        (9.203001, 6.619148, -0.8),
        (9.409538, 6.659151, -0.8),
        (9.609384, 6.701696, -0.8),
        (9.801531, 6.742706, -0.8),
        (9.990219, 6.780224, -0.8),
        (10.181706, 6.815334, -0.8),
        (10.378786, 6.850545, -0.8),
        (10.579822, 6.887957, -0.8),
        (10.781279, 6.928064, -0.8),
        (10.98048, 6.969932, -0.8),
        (11.176312, 7.012075, -0.8),
        (11.368637, 7.052965, -0.8),
        (11.558188, 7.091313, -0.8),
        (11.747048, 7.126562, -0.8),
        (11.938215, 7.15935, -0.8),
        (12.133625, 7.191334, -0.8),
        (12.332288, 7.224166, -0.8),
        (12.530759, 7.258143, -0.8),
        (12.725878, 7.291858, -0.8),
        (12.91725, 7.323424, -0.8),
        (13.107248, 7.35191, -0.8),
        (13.298913, 7.377694, -0.8),
        (13.494031, 7.401982, -0.8),
        (13.692872, 7.426235, -0.8),
        (13.894808, 7.451849, -0.8),
        (14.098298, 7.479866, -0.8),
        (14.30051, 7.510292, -0.8),
        (14.498263, 7.541504, -0.8),
        (14.690697, 7.57098, -0.8),
        (14.881275, 7.597266, -0.8),
        (15.076009, 7.621352, -0.8),
        (15.279031, 7.646569, -0.8),
        (15.487288, 7.676346, -0.8),
        (10.7126159, 5.78517588, 0),
        (11.4250108, 5.42637056, 0),
        (10.5146207, 4.81835804, 0),
        (9.8836911, 4.8801508, 0),
        (11.8004478, 5.98105917, 0),
        (9.78605142, 5.49284834, 0),
        (12.8331323, 5.94527071, 0),
        (12.2652537, 5.22950943, 0),
        (12.363725, 6.49124801, 0),
        (10.3180642, 7.26128701, -0.8),
        (11.7982134, 4.81962304, 0),
        (12.4848398, 4.3240496, 0),
        (13.3520755, 4.80323566, 0),
        (10.0538851, 3.6888696, 0),
        (11.2311586, 4.22525641, 0),
        (10.9238012, 3.68439965, 0),
        (8.70744677, 5.19885264, -0.8),
        (9.43965655, 7.53044916, -0.8),
        (8.80449482, 6.8807429, -0.8),
        (8.5516236, 4.24043274, -0.8),
        (9.65363707, 2.58588763, 0),
        (10.8450981, 2.96905313, 0),
        (10.3356685, 2.49901789, 0),
        (6.57572937, 4.67724787, 0),
        (7.01295186, 4.0012523, 0),
        (7.14025929, 5.05559754, 0),
        (11.0963043, 7.78437941, -0.8),
        (13.477872, 5.54761898, 0),
        (13.8852291, 6.30273957, 0),
        (5.9008078, 3.60655524, 0),
        (5.94078684, 4.54279201, 0),
        (12.0659796, 3.74866941, 0),
        (14.0096397, 5.07350658, 0),
        (14.5948094, 5.72624834, 0),
        (5.27794122, 4.82634335, 0),
        (4.93196238, 3.88154821, 0),
        (5.98811851, 5.50691723, 0),
        (6.54292516, 3.52285936, 0),
        (6.9704346, 2.20349543, 0),
        (8.22813662, 2.70766528, -0.8),
        (6.43500902, 2.60657713, 0),
        (8.66637616, 3.58880461, -0.8),
        (8.43565757, 1.56303969, -0.8),
        (11.8833115, 7.53978066, -0.8),
        (14.6829886, 7.8035598, -0.8),
        (14.1130053, 8.23230593, -0.8),
        (13.2676599, 7.88367888, -0.8),
        (15.6949205, 7.1333665, -0.8),
        (15.5193758, 8.5174889, -0.8),
        (8.74265087, 8.32595358, -0.8),
        (8.22004134, 7.44787653, -0.8),
        (6.72490832, 5.54862562, 0),
        (5.78273779, 2.77057747, 0),
        (6.06792747, 6.64261845, 0),
        (5.18464745, 6.22885985, 0),
        (4.81038103, 5.46828485, 0),
        (6.72367951, 6.20973546, 0),
        (10.9204192, 8.90257741, 0),
        (12.1274793, 9.11490905, 0),
        (11.4252377, 9.35068256, 0),
        (4.46553199, 4.34819414, 0),
        (15.8358952, 6.28876252, -0.8),
        (15.7679574, 5.50585849, -0.8),
        (9.65704082, 1.53604467, 0),
        (8.39911827, 0.414395426, -0.8),
        (13.3077224, 3.95851768, 0),
        (13.1270648, 3.28834012, 0),
        (12.3838119, 3.12788283, 0),
        (14.2245602, 3.07610508, 0),
        (12.8851317, 2.36902469, 0),
        (12.2430489, 2.44120445, 0),
        (13.6015604, 2.5943528, 0),
        (6.66289063, 7.20802738, 0),
        (5.55999225, 7.18846346, 0),
        (4.9303086, 7.00933488, 0),
        (4.34800434, 6.60611034, 0),
        (11.3433525, 2.10503203, 0),
        (10.7462604, 1.42530665, 0),
        (10.2754407, 1.8536919, 0),
        (11.4717719, 2.84904698, 0),
        (4.04621131, 5.26911886, 0),
        (4.06003404, 3.18447648, 0),
        (3.70316549, 4.04999371, 0),
        (4.91840887, 3.23511491, 0),
        (13.6535563, 1.75843027, 0),
        (14.4250045, 1.70222563, 0),
        (14.6766282, 2.46628763, 0),
        (12.5063404, 9.94420071, 0),
        (10.3829162, 9.23426859, 0),
        (11.0429311, 10.2665117, 0),
        (11.7185329, 10.4678917, 0),
        (3.86384067, 6.20847168, 0),
        (12.6986237, 10.5976901, 0),
        (12.7560907, 9.13767585, 0),
        (13.3408878, 10.3096372, 0),
        (12.2553885, 11.0351175, 0),
        (14.7450373, 3.64181188, 0),
        (14.1032758, 3.80472586, 0),
        (9.34365788, 0.156635415, -0.8),
        (11.2703153, 0.403260449, -0.8),
        (12.1181873, 1.78550518, 0),
        (12.9963532, 1.65670788, 0),
        (3.14006669, 5.73434106, 0),
        (7.04399829, 8.35085809, -0.8),
        (11.616321, 11.0993605, 0),
        (10.6299162, 10.7368002, 0),
        (14.3282046, 4.4940533, 0),
        (12.9860033, 11.3981762, 0),
        (13.5256443, 11.0353587, 0),
        (12.4567058, 12.1818215, 0),
        (11.7024086, 11.8942416, 0),
        (14.6291542, 9.44077422, 0),
        (13.577052, 9.31626525, 0),
        (15.7400295, 9.61898888, -0.8),
        (14.1831241, 10.1681369, 0),
        (6.0521745, 1.87022297, 0),
        (13.5109782, 11.9665687, 0),
        (14.3203525, 11.3204709, 0),
        (14.6922074, 10.7993554, 0),
        (15.3009691, 0.186756429, -0.8),
        (6.2466872, 8.4961537, -0.8),
        (5.32275965, 8.290844, -0.8),
        (15.8114203, 3.14894123, -0.8),
        (7.84745481, 8.57172969, -0.8),
        (2.21672484, 6.29471584, 0),
        (2.5611285, 5.08852593, 0),
        (3.17632077, 4.5352907, 0),
        (3.03753664, 6.55019131, 0),
        (7.35774232, 5.68673069, 0),
        (15.8145013, 4.37510166, -0.8),
        (5.09400971, 2.01628866, 0),
        (10.7301862, 11.3967711, 0),
        (10.176393, 10.2089404, 0),
        (6.63822357, 1.55957874, 0),
        (13.3554044, 12.7097297, 0),
        (11.7262188, 12.5485595, 0),
        (12.3027471, 12.9925334, 0),
        (3.86521408, 8.53541223, -0.8),
        (8.94394908, 11.2134346, -0.8),
        (10.0464765, 12.1483004, 0),
        (11.0426195, 12.5409158, 0),
        (4.52435706, 2.34424751, 0),
        (4.14317203, 1.53894488, 0),
        (6.16207915, 10.2796066, 0),
        (7.37401611, 10.4715134, 0),
        (8.66843413, 9.97722673, -0.8),
        (8.40294602, 8.89173366, -0.8),
        (11.8837332, 13.6345498, 0),
        (13.1169095, 13.9277259, 0),
        (11.3230191, 13.1025987, 0),
        (12.4661499, 14.1745268, 0),
        (15.762958, 10.7813159, -0.8),
        (14.567275, 12.1851365, 0),
        (2.92893371, 2.76533623, 0),
        (3.81105028, 2.54823195, 0),
        (3.10833411, 3.77122449, 0),
        (3.00893758, 8.26178676, -0.8),
        (8.88241897, 9.3404134, -0.8),
        (3.12143222, 10.2264724, 0),
        (2.32097213, 9.53608549, 0),
        (3.78635289, 9.96045778, 0),
        (11.6075506, 14.6424993, 0),
        (13.2318543, 14.6901975, 0),
        (11.3176289, 14.0391287, 0),
        (5.30240108, 0.168923622, -0.8),
        (12.7719651, 15.8103257, -0.8),
        (11.5244372, 15.7507318, -0.8),
        (10.7763706, 13.6984449, 0),
        (10.4528409, 14.6328872, 0),
        (10.2240268, 13.2715239, 0),
        (1.92724799, 5.46411846, 0),
        (1.29504378, 5.57570461, 0),
        (1.5609731, 6.52610929, 0),
        (7.42804696, 11.1895029, 0),
        (5.34818045, 9.86791349, 0),
        (6.64626687, 10.9372064, 0),
        (5.27572844, 11.0911444, 0),
        (6.03063575, 11.2961538, 0),
        (2.57272061, 4.25605212, 0),
        (14.346753, 13.9710277, 0),
        (13.9256951, 14.4890318, 0),
        (13.7594026, 13.4334298, 0),
        (1.38732892, 9.68315416, 0),
        (1.81840227, 10.3576603, 0),
        (14.4393705, 13.2049726, 0),
        (6.78580358, 10.1287524, 0),
        (8.75556756, 13.5606589, -0.8),
        (7.20435578, 12.3387313, 0),
        (9.1059207, 12.7555481, -0.8),
        (4.51242825, 0.178046755, -0.8),
        (2.23554806, 3.40859137, 0),
        (1.93841338, 3.97681155, 0),
        (14.7219868, 15.7635951, -0.8),
        (7.20577739, 13.5766899, 0),
        (6.54697423, 11.9760495, 0),
        (6.37819898, 12.8327303, 0),
        (3.09223099, 11.2226807, 0),
        (4.20187834, 10.664508, 0),
        (4.07292013, 11.3757913, 0),
        (4.80676842, 10.3806607, 0),
        (0.615962067, 8.1405504, -0.8),
        (1.46785353, 8.20792396, -0.8),
        (8.82046616, 7.63791422, -0.8),
        (15.756508, 14.9597819, -0.8),
        (2.17979302, 11.9486645, 0),
        (2.80978953, 12.1406171, 0),
        (2.05969406, 10.9725813, 0),
        (3.4365871, 12.1788071, 0),
        (1.37227843, 4.51743162, 0),
        (2.00789059, 4.8079942, 0),
        (1.20210499, 10.4550892, 0),
        (1.4614446, 11.2924739, 0),
        (2.15861107, 2.40053439, 0),
        (1.42861253, 2.06779385, 0),
        (0.189084578, 2.49168396, -0.8),
        (0.388951749, 3.23191715, -0.8),
        (3.03509975, 1.64750322, 0),
        (5.58031575, 13.4823533, 0),
        (5.25985031, 12.7000058, 0),
        (6.32259452, 13.7334295, 0),
        (5.81896641, 11.9919616, 0),
        (1.28657171, 3.77043139, 0),
        (2.77674422, 0.253729582, -0.8),
        (3.70437926, 0.198010287, -0.8),
        (2.29245984, 12.6078521, 0),
        (1.57830248, 12.3106072, 0),
        (4.67672045, 13.5080086, 0),
        (4.72498834, 11.7269471, 0),
        (4.64321105, 12.5861556, 0),
        (6.99197718, 14.4332258, 0),
        (6.12053924, 14.5264518, 0),
        (5.27280421, 14.3630236, 0),
        (4.0495532, 13.4833787, 0),
        (3.78811035, 12.7362657, 0),
        (15.6663699, 13.7370048, -0.8),
        (3.26399985, 14.2816025, 0),
        (4.45478887, 14.6518629, 0),
        (3.17543601, 13.2379898, 0),
        (2.1491671, 1.66150712, 0),
        (0.160661267, 8.84150258, -0.8),
        (6.04084576, 15.6654116, -0.8),
        (2.64283643, 10.6866103, 0),
        (2.47539657, 13.3472103, 0),
        (2.4092197, 14.0591924, 0),
        (2.24348143, 14.7863986, 0),
        (3.58674827, 10.7816555, 0),
        (1.40468271, 13.1156386, 0),
        (1.10364645, 13.8661556, 0),
        (1.78031995, 13.9104481, 0),
        (0.213615012, 12.7816869, -0.8),
        (9.14047606, 14.5318301, -0.8),
        (10.0378541, 15.7837607, -0.8),
        (8.80696065, 15.4757782, -0.8),
        (7.67272006, 14.5629003, 0),
        (7.61634083, 11.8444209, 0),
        (3.86568536, 14.4516587, 0),
        (1.70214639, 15.6146734, -0.8),
        (0.242344173, 15.4432189, -0.8),
        (0.199875798, 11.9681347, -0.8),
        (3.78570256, 15.8309799, -0.8),
        (4.14984363, 12.1888162, 0)
    ]
    color3f[] primvars:displayColor = [
        (0.34, 0.2, 0.08),
        (0.34, 0.2, 0.08),
        (0.34, 0.2, 0.08),
        (0.34, 0.2, 0.08),
        (0.34, 0.2, 0.08),
        (0.34, 0.2, 0.08),
        (0.34, 0.2, 0.08),
        (0.34, 0.2, 0.08),
        (0.34, 0.2, 0.08),
        (0.34, 0.2, 0.08),
        (0.34, 0.2, 0.08),
        (0.34, 0.2, 0.08),
        (0.34, 0.2, 0.08),
        (0.34, 0.2, 0.08),
        (0.34, 0.2, 0.08),
        (0.34, 0.2, 0.08),
        (0.34, 0.2, 0.08),
        (0.34, 0.2, 0.08),
        (0.34, 0.2, 0.08),
        (0.34, 0.2, 0.08),
        (0.34, 0.2, 0.08),
        (0.34, 0.2, 0.08),
        (0.34, 0.2, 0.08),
        (0.34, 0.2, 0.08),
        (0.34, 0.2, 0.08),
        (0.34, 0.2, 0.08),
        (0.34, 0.2, 0.08),
        (0.34, 0.2, 0.08),
        (0.34, 0.2, 0.08),
        (0.34, 0.2, 0.08),
        (0.34, 0.2, 0.08),
        (0.34, 0.2, 0.08),
        (0.34, 0.2, 0.08),
        (0.34, 0.2, 0.08),
        (0.34, 0.2, 0.08),
        (0.34, 0.2, 0.08),
        (0.34, 0.2, 0.08),
        (0.34, 0.2, 0.08),
        (0.34, 0.2, 0.08),
        (0.34, 0.2, 0.08),
        (0.34, 0.2, 0.08),
        (0.34, 0.2, 0.08),
        (0.34, 0.2, 0.08),
        (0.34, 0.2, 0.08),
        (0.34, 0.2, 0.08),
        (0.34, 0.2, 0.08),
        (0.34, 0.2, 0.08),
        (0.34, 0.2, 0.08),
        (0.34, 0.2, 0.08),
        (0.34, 0.2, 0.08),
        (0.34, 0.2, 0.08),
        (0.34, 0.2, 0.08),
        (0.34, 0.2, 0.08),
        (0.34, 0.2, 0.08),
        (0.34, 0.2, 0.08),
        (0.34, 0.2, 0.08),
        (0.34, 0.2, 0.08),
        (0.34, 0.2, 0.08),
        (0.34, 0.2, 0.08),
        (0.34, 0.2, 0.08),
        (0.34, 0.2, 0.08),
        (0.34, 0.2, 0.08),
        (0.34, 0.2, 0.08),
        (0.34, 0.2, 0.08),
        (0.18, 0.38, 0.08),
        (0.18, 0.38, 0.08),
        (0.18, 0.38, 0.08),
        (0.18, 0.38, 0.08),
        (0.18, 0.38, 0.08),
        (0.18, 0.38, 0.08),
        (0.18, 0.38, 0.08),
        (0.18, 0.38, 0.08),
        (0.18, 0.38, 0.08),
        (0.18, 0.38, 0.08),
        (0.18, 0.38, 0.08),
        (0.18, 0.38, 0.08),
        (0.18, 0.38, 0.08),
        (0.18, 0.38, 0.08),
        (0.18, 0.38, 0.08),
        (0.18, 0.38, 0.08),
        (0.18, 0.38, 0.08),
        (0.18, 0.38, 0.08),
        (0.18, 0.38, 0.08),
        (0.18, 0.38, 0.08),
        (0.18, 0.38, 0.08),
        (0.18, 0.38, 0.08),
        (0.18, 0.38, 0.08),
        (0.18, 0.38, 0.08),
        (0.18, 0.38, 0.08),
        (0.18, 0.38, 0.08),
        (0.18, 0.38, 0.08),
        (0.18, 0.38, 0.08),
        (0.18, 0.38, 0.08),
        (0.18, 0.38, 0.08),
        (0.18, 0.38, 0.08),
        (0.18, 0.38, 0.08),
        (0.18, 0.38, 0.08),
        (0.18, 0.38, 0.08),
        (0.18, 0.38, 0.08),
        (0.18, 0.38, 0.08),
        (0.18, 0.38, 0.08),
        (0.18, 0.38, 0.08),
        (0.18, 0.38, 0.08),
        (0.18, 0.38, 0.08),
        (0.18, 0.38, 0.08),
        (0.18, 0.38, 0.08),
        (0.18, 0.38, 0.08),
        (0.18, 0.38, 0.08),
        (0.18, 0.38, 0.08),
        (0.18, 0.38, 0.08),
        (0.18, 0.38, 0.08),
        (0.18, 0.38, 0.08),
        (0.18, 0.38, 0.08),
        (0.18, 0.38, 0.08),
        (0.18, 0.38, 0.08),
        (0.18, 0.38, 0.08),
        (0.18, 0.38, 0.08),
        (0.18, 0.38, 0.08),
        (0.18, 0.38, 0.08),
        (0.18, 0.38, 0.08),
        (0.18, 0.38, 0.08),
        (0.18, 0.38, 0.08),
        (0.18, 0.38, 0.08),
        (0.18, 0.38, 0.08),
        (0.18, 0.38, 0.08),
        (0.18, 0.38, 0.08),
        (0.18, 0.38, 0.08),
        (0.18, 0.38, 0.08),
        (0.18, 0.38, 0.08),
        (0.18, 0.38, 0.08),
        (0.18, 0.38, 0.08),
        (0.18, 0.38, 0.08),
        (0.18, 0.38, 0.08),
        (0.18, 0.38, 0.08),
        (0.18, 0.38, 0.08),
        (0.18, 0.38, 0.08),
        (0.18, 0.38, 0.08),
        (0.18, 0.38, 0.08),
        (0.18, 0.38, 0.08),
        (0.18, 0.38, 0.08),
        (0.18, 0.38, 0.08),
        (0.18, 0.38, 0.08),
        (0.18, 0.38, 0.08),
        (0.18, 0.38, 0.08),
        (0.18, 0.38, 0.08),
        (0.18, 0.38, 0.08),
        (0.18, 0.38, 0.08),
        (0.18, 0.38, 0.08),
        (0.18, 0.38, 0.08),
        (0.18, 0.38, 0.08),
        (0.18, 0.38, 0.08),
        (0.18, 0.38, 0.08),
        (0.18, 0.38, 0.08),
        (0.18, 0.38, 0.08),
        (0.18, 0.38, 0.08),
        (0.18, 0.38, 0.08),
        (0.18, 0.38, 0.08),
        (0.18, 0.38, 0.08),
        (0.18, 0.38, 0.08),
        (0.18, 0.38, 0.08),
        (0.18, 0.38, 0.08),
        (0.18, 0.38, 0.08),
        (0.18, 0.38, 0.08),
        (0.18, 0.38, 0.08),
        (0.18, 0.38, 0.08),
        (0.18, 0.38, 0.08),
        (0.18, 0.38, 0.08),
        (0.18, 0.38, 0.08),
        (0.18, 0.38, 0.08),
        (0.18, 0.38, 0.08),
        (0.18, 0.38, 0.08),
        (0.18, 0.38, 0.08),
        (0.18, 0.38, 0.08),
        (0.18, 0.38, 0.08),
        (0.18, 0.38, 0.08),
        (0.18, 0.38, 0.08),
        (0.18, 0.38, 0.08),
        (0.18, 0.38, 0.08),
        (0.18, 0.38, 0.08),
        (0.18, 0.38, 0.08),
        (0.18, 0.38, 0.08),
        (0.18, 0.38, 0.08),
        (0.18, 0.38, 0.08),
        (0.18, 0.38, 0.08),
        (0.18, 0.38, 0.08),
        (0.18, 0.38, 0.08),
        (0.18, 0.38, 0.08),
        (0.18, 0.38, 0.08),
        (0.18, 0.38, 0.08),
        (0.18, 0.38, 0.08),
        (0.18, 0.38, 0.08),
        (0.18, 0.38, 0.08),
        (0.18, 0.38, 0.08),
        (0.18, 0.38, 0.08),
        (0.18, 0.38, 0.08),
        (0.18, 0.38, 0.08),
        (0.18, 0.38, 0.08),
        (0.18, 0.38, 0.08),
        (0.18, 0.38, 0.08),
        (0.18, 0.38, 0.08),
        (0.18, 0.38, 0.08),
        (0.18, 0.38, 0.08),
        (0.18, 0.38, 0.08),
        (0.18, 0.38, 0.08),
        (0.18, 0.38, 0.08),
        (0.18, 0.38, 0.08),
        (0.18, 0.38, 0.08),
        (0.18, 0.38, 0.08),
        (0.18, 0.38, 0.08),
        (0.18, 0.38, 0.08),
        (0.18, 0.38, 0.08),
        (0.18, 0.38, 0.08),
        (0.18, 0.38, 0.08),
        (0.18, 0.38, 0.08),
        (0.18, 0.38, 0.08),
        (0.18, 0.38, 0.08),
        (0.18, 0.38, 0.08),
        (0.18, 0.38, 0.08),
        (0.18, 0.38, 0.08),
        (0.18, 0.38, 0.08),
        (0.18, 0.38, 0.08),
        (0.18, 0.38, 0.08),
        (0.18, 0.38, 0.08),
        (0.18, 0.38, 0.08),
        (0.18, 0.38, 0.08),
        (0.18, 0.38, 0.08),
        (0.18, 0.38, 0.08),
        (0.18, 0.38, 0.08),
        (0.18, 0.38, 0.08),
        (0.18, 0.38, 0.08),
        (0.18, 0.38, 0.08),
        (0.18, 0.38, 0.08),
        (0.18, 0.38, 0.08),
        (0.18, 0.38, 0.08),
        (0.18, 0.38, 0.08),
        (0.18, 0.38, 0.08),
        (0.18, 0.38, 0.08),
        (0.18, 0.38, 0.08),
        (0.18, 0.38, 0.08),
        (0.18, 0.38, 0.08),
        (0.18, 0.38, 0.08),
        (0.18, 0.38, 0.08),
        (0.18, 0.38, 0.08),
        (0.18, 0.38, 0.08),
        (0.18, 0.38, 0.08),
        (0.18, 0.38, 0.08),
        (0.18, 0.38, 0.08),
        (0.18, 0.38, 0.08),
        (0.18, 0.38, 0.08),
        (0.18, 0.38, 0.08),
        (0.18, 0.38, 0.08),
        (0.18, 0.38, 0.08),
        (0.18, 0.38, 0.08),
        (0.18, 0.38, 0.08),
        (0.18, 0.38, 0.08),
        (0.18, 0.38, 0.08),
        (0.18, 0.38, 0.08),
        (0.18, 0.38, 0.08),
        (0.18, 0.38, 0.08),
        (0.18, 0.38, 0.08),
        (0.18, 0.38, 0.08),
        (0.18, 0.38, 0.08),
        (0.18, 0.38, 0.08),
        (0.18, 0.38, 0.08),
        (0.18, 0.38, 0.08),
        (0.18, 0.38, 0.08),
        (0.18, 0.38, 0.08),
        (0.18, 0.38, 0.08),
        (0.18, 0.38, 0.08),
        (0.18, 0.38, 0.08),
        (0.18, 0.38, 0.08),
        (0.18, 0.38, 0.08),
        (0.18, 0.38, 0.08),
        (0.18, 0.38, 0.08),
        (0.18, 0.38, 0.08),
        (0.18, 0.38, 0.08),
        (0.18, 0.38, 0.08),
        (0.18, 0.38, 0.08),
        (0.18, 0.38, 0.08),
        (0.18, 0.38, 0.08),
        (0.18, 0.38, 0.08),
        (0.18, 0.38, 0.08),
        (0.18, 0.38, 0.08),
        (0.18, 0.38, 0.08),
        (0.18, 0.38, 0.08),
        (0.18, 0.38, 0.08),
        (0.18, 0.38, 0.08),
        (0.18, 0.38, 0.08),
        (0.18, 0.38, 0.08),
        (0.18, 0.38, 0.08),
        (0.18, 0.38, 0.08),
        (0.18, 0.38, 0.08),
        (0.18, 0.38, 0.08),
        (0.18, 0.38, 0.08),
        (0.18, 0.38, 0.08),
        (0.18, 0.38, 0.08),
        (0.18, 0.38, 0.08),
        (0.18, 0.38, 0.08),
        (0.18, 0.38, 0.08),
        (0.18, 0.38, 0.08),
        (0.18, 0.38, 0.08),
        (0.18, 0.38, 0.08),
        (0.18, 0.38, 0.08),
        (0.18, 0.38, 0.08),
        (0.18, 0.38, 0.08),
        (0.18, 0.38, 0.08),
        (0.18, 0.38, 0.08),
        (0.18, 0.38, 0.08),
        (0.18, 0.38, 0.08),
        (0.18, 0.38, 0.08),
        (0.18, 0.38, 0.08),
        (0.18, 0.38, 0.08),
        (0.18, 0.38, 0.08),
        (0.18, 0.38, 0.08),
        (0.18, 0.38, 0.08),
        (0.18, 0.38, 0.08),
        (0.18, 0.38, 0.08),
        (0.18, 0.38, 0.08),
        (0.18, 0.38, 0.08),
        (0.18, 0.38, 0.08),
        (0.18, 0.38, 0.08),
        (0.18, 0.38, 0.08),
        (0.18, 0.38, 0.08),
        (0.18, 0.38, 0.08),
        (0.18, 0.38, 0.08),
        (0.18, 0.38, 0.08),
        (0.18, 0.38, 0.08),
        (0.18, 0.38, 0.08),
        (0.18, 0.38, 0.08),
        (0.18, 0.38, 0.08),
        (0.18, 0.38, 0.08),
        (0.18, 0.38, 0.08),
        (0.18, 0.38, 0.08),
        (0.18, 0.38, 0.08),
        (0.18, 0.38, 0.08),
        (0.18, 0.38, 0.08),
        (0.18, 0.38, 0.08),
        (0.18, 0.38, 0.08),
        (0.18, 0.38, 0.08),
        (0.18, 0.38, 0.08),
        (0.18, 0.38, 0.08),
        (0.18, 0.38, 0.08),
        (0.18, 0.38, 0.08),
        (0.18, 0.38, 0.08),
        (0.18, 0.38, 0.08),
        (0.18, 0.38, 0.08),
        (0.18, 0.38, 0.08),
        (0.18, 0.38, 0.08),
        (0.18, 0.38, 0.08),
        (0.18, 0.38, 0.08),
        (0.18, 0.38, 0.08),
        (0.18, 0.38, 0.08),
        (0.18, 0.38, 0.08),
        (0.18, 0.38, 0.08),
        (0.18, 0.38, 0.08),
        (0.18, 0.38, 0.08),
        (0.18, 0.38, 0.08),
        (0.18, 0.38, 0.08),
        (0.18, 0.38, 0.08),
        (0.18, 0.38, 0.08),
        (0.18, 0.38, 0.08),
        (0.18, 0.38, 0.08),
        (0.18, 0.38, 0.08),
        (0.18, 0.38, 0.08),
        (0.18, 0.38, 0.08),
        (0.18, 0.38, 0.08),
        (0.18, 0.38, 0.08),
        (0.18, 0.38, 0.08),
        (0.18, 0.38, 0.08),
        (0.18, 0.38, 0.08),
        (0.18, 0.38, 0.08),
        (0.18, 0.38, 0.08),
        (0.18, 0.38, 0.08),
        (0.18, 0.38, 0.08),
        (0.18, 0.38, 0.08),
        (0.18, 0.38, 0.08),
        (0.18, 0.38, 0.08),
        (0.18, 0.38, 0.08),
        (0.18, 0.38, 0.08),
        (0.18, 0.38, 0.08),
        (0.18, 0.38, 0.08),
        (0.18, 0.38, 0.08),
        (0.18, 0.38, 0.08),
        (0.18, 0.38, 0.08),
        (0.18, 0.38, 0.08),
        (0.18, 0.38, 0.08),
        (0.18, 0.38, 0.08),
        (0.18, 0.38, 0.08),
        (0.18, 0.38, 0.08),
        (0.18, 0.38, 0.08),
        (0.18, 0.38, 0.08),
        (0.18, 0.38, 0.08),
        (0.18, 0.38, 0.08),
        (0.18, 0.38, 0.08),
        (0.18, 0.38, 0.08),
        (0.18, 0.38, 0.08),
        (0.18, 0.38, 0.08),
        (0.18, 0.38, 0.08),
        (0.18, 0.38, 0.08),
        (0.18, 0.38, 0.08),
        (0.18, 0.38, 0.08),
        (0.18, 0.38, 0.08),
        (0.18, 0.38, 0.08),
        (0.18, 0.38, 0.08),
        (0.18, 0.38, 0.08),
        (0.18, 0.38, 0.08),
        (0.18, 0.38, 0.08),
        (0.18, 0.38, 0.08),
        (0.18, 0.38, 0.08),
        (0.18, 0.38, 0.08),
        (0.18, 0.38, 0.08),
        (0.18, 0.38, 0.08),
        (0.18, 0.38, 0.08),
        (0.18, 0.38, 0.08),
        (0.18, 0.38, 0.08),
        (0.18, 0.38, 0.08),
        (0.18, 0.38, 0.08),
        (0.18, 0.38, 0.08),
        (0.18, 0.38, 0.08),
        (0.18, 0.38, 0.08),
        (0.18, 0.38, 0.08),
        (0.18, 0.38, 0.08),
        (0.18, 0.38, 0.08),
        (0.18, 0.38, 0.08),
        (0.18, 0.38, 0.08),
        (0.18, 0.38, 0.08),
        (0.18, 0.38, 0.08),
        (0.18, 0.38, 0.08),
        (0.18, 0.38, 0.08),
        (0.18, 0.38, 0.08),
        (0.18, 0.38, 0.08),
        (0.18, 0.38, 0.08),
        (0.18, 0.38, 0.08),
        (0.18, 0.38, 0.08),
        (0.18, 0.38, 0.08),
        (0.18, 0.38, 0.08),
        (0.18, 0.38, 0.08),
        (0.18, 0.38, 0.08),
        (0.18, 0.38, 0.08),
        (0.18, 0.38, 0.08),
        (0.18, 0.38, 0.08),
        (0.18, 0.38, 0.08),
        (0.18, 0.38, 0.08),
        (0.18, 0.38, 0.08),
        (0.18, 0.38, 0.08),
        (0.18, 0.38, 0.08),
        (0.18, 0.38, 0.08),
        (0.18, 0.38, 0.08),
        (0.18, 0.38, 0.08),
        (0.18, 0.38, 0.08),
        (0.18, 0.38, 0.08),
        (0.18, 0.38, 0.08),
        (0.18, 0.38, 0.08),
        (0.18, 0.38, 0.08),
        (0.18, 0.38, 0.08),
        (0.18, 0.38, 0.08),
        (0.18, 0.38, 0.08),
        (0.18, 0.38, 0.08),
        (0.18, 0.38, 0.08),
        (0.18, 0.38, 0.08),
        (0.18, 0.38, 0.08),
        (0.18, 0.38, 0.08),
        (0.18, 0.38, 0.08),
        (0.18, 0.38, 0.08),
        (0.18, 0.38, 0.08),
        (0.18, 0.38, 0.08),
        (0.18, 0.38, 0.08),
        (0.18, 0.38, 0.08),
        (0.18, 0.38, 0.08),
        (0.18, 0.38, 0.08),
        (0.18, 0.38, 0.08),
        (0.18, 0.38, 0.08),
        (0.18, 0.38, 0.08),
        (0.18, 0.38, 0.08),
        (0.18, 0.38, 0.08),
        (0.18, 0.38, 0.08),
        (0.18, 0.38, 0.08),
        (0.18, 0.38, 0.08),
        (0.18, 0.38, 0.08),
        (0.18, 0.38, 0.08),
        (0.18, 0.38, 0.08),
        (0.18, 0.38, 0.08),
        (0.18, 0.38, 0.08),
        (0.18, 0.38, 0.08),
        (0.18, 0.38, 0.08),
        (0.18, 0.38, 0.08),
        (0.18, 0.38, 0.08),
        (0.18, 0.38, 0.08),
        (0.18, 0.38, 0.08),
        (0.18, 0.38, 0.08),
        (0.18, 0.38, 0.08),
        (0.18, 0.38, 0.08),
        (0.18, 0.38, 0.08),
        (0.18, 0.38, 0.08),
        (0.18, 0.38, 0.08),
        (0.18, 0.38, 0.08),
        (0.18, 0.38, 0.08),
        (0.18, 0.38, 0.08),
        (0.18, 0.38, 0.08),
        (0.18, 0.38, 0.08),
        (0.18, 0.38, 0.08),
        (0.18, 0.38, 0.08),
        (0.18, 0.38, 0.08),
        (0.18, 0.38, 0.08),
        (0.18, 0.38, 0.08),
        (0.18, 0.38, 0.08),
        (0.18, 0.38, 0.08),
        (0.18, 0.38, 0.08),
        (0.18, 0.38, 0.08),
        (0.18, 0.38, 0.08),
        (0.18, 0.38, 0.08),
        (0.18, 0.38, 0.08),
        (0.18, 0.38, 0.08),
        (0.18, 0.38, 0.08),
        (0.18, 0.38, 0.08),
        (0.18, 0.38, 0.08),
        (0.18, 0.38, 0.08),
        (0.18, 0.38, 0.08),
        (0.18, 0.38, 0.08),
        (0.18, 0.38, 0.08),
        (0.18, 0.38, 0.08),
        (0.18, 0.38, 0.08),
        (0.18, 0.38, 0.08),
        (0.18, 0.38, 0.08),
        (0.18, 0.38, 0.08),
        (0.18, 0.38, 0.08),
        (0.18, 0.38, 0.08),
        (0.18, 0.38, 0.08),
        (0.18, 0.38, 0.08),
        (0.18, 0.38, 0.08),
        (0.18, 0.38, 0.08),
        (0.18, 0.38, 0.08),
        (0.18, 0.38, 0.08),
        (0.18, 0.38, 0.08),
        (0.18, 0.38, 0.08),
        (0.18, 0.38, 0.08),
        (0.18, 0.38, 0.08),
        (0.18, 0.38, 0.08),
        (0.18, 0.38, 0.08),
        (0.18, 0.38, 0.08),
        (0.18, 0.38, 0.08),
        (0.18, 0.38, 0.08),
        (0.18, 0.38, 0.08),
        (0.18, 0.38, 0.08),
        (0.18, 0.38, 0.08),
        (0.18, 0.38, 0.08),
        (0.18, 0.38, 0.08),
        (0.18, 0.38, 0.08),
        (0.18, 0.38, 0.08),
        (0.18, 0.38, 0.08),
        (0.18, 0.38, 0.08),
        (0.18, 0.38, 0.08),
        (0.18, 0.38, 0.08),
        (0.18, 0.38, 0.08),
        (0.18, 0.38, 0.08),
        (0.18, 0.38, 0.08),
        (0.18, 0.38, 0.08),
        (0.18, 0.38, 0.08),
        (0.18, 0.38, 0.08),
        (0.18, 0.38, 0.08),
        (0.18, 0.38, 0.08),
        (0.18, 0.38, 0.08),
        (0.18, 0.38, 0.08),
        (0.18, 0.38, 0.08),
        (0.18, 0.38, 0.08),
        (0.18, 0.38, 0.08),
        (0.18, 0.38, 0.08),
        (0.18, 0.38, 0.08),
        (0.18, 0.38, 0.08),
        (0.18, 0.38, 0.08),
        (0.18, 0.38, 0.08),
        (0.18, 0.38, 0.08),
        (0.18, 0.38, 0.08),
        (0.18, 0.38, 0.08),
        (0.18, 0.38, 0.08),
        (0.18, 0.38, 0.08),
        (0.18, 0.38, 0.08),
        (0.18, 0.38, 0.08),
        (0.18, 0.38, 0.08),
        (0.18, 0.38, 0.08),
        (0.18, 0.38, 0.08),
        (0.18, 0.38, 0.08),
        (0.18, 0.38, 0.08),
        (0.18, 0.38, 0.08),
        (0.34, 0.2, 0.08),
        (0.34, 0.2, 0.08),
        (0.34, 0.2, 0.08),
        (0.34, 0.2, 0.08),
        (0.34, 0.2, 0.08),
        (0.34, 0.2, 0.08),
        (0.34, 0.2, 0.08),
        (0.34, 0.2, 0.08),
        (0.34, 0.2, 0.08),
        (0.34, 0.2, 0.08),
        (0.34, 0.2, 0.08),
        (0.34, 0.2, 0.08),
        (0.34, 0.2, 0.08),
        (0.34, 0.2, 0.08),
        (0.34, 0.2, 0.08),
        (0.34, 0.2, 0.08),
        (0.34, 0.2, 0.08),
        (0.34, 0.2, 0.08),
        (0.34, 0.2, 0.08),
        (0.34, 0.2, 0.08),
        (0.34, 0.2, 0.08),
        (0.34, 0.2, 0.08),
        (0.34, 0.2, 0.08),
        (0.34, 0.2, 0.08),
        (0.34, 0.2, 0.08),
        (0.34, 0.2, 0.08),
        (0.34, 0.2, 0.08),
        (0.34, 0.2, 0.08),
        (0.34, 0.2, 0.08),
        (0.34, 0.2, 0.08),
        (0.34, 0.2, 0.08),
        (0.34, 0.2, 0.08),
        (0.34, 0.2, 0.08),
        (0.34, 0.2, 0.08),
        (0.34, 0.2, 0.08),
        (0.34, 0.2, 0.08),
        (0.34, 0.2, 0.08),
        (0.34, 0.2, 0.08),
        (0.34, 0.2, 0.08),
        (0.34, 0.2, 0.08),
        (0.34, 0.2, 0.08),
        (0.34, 0.2, 0.08),
        (0.34, 0.2, 0.08),
        (0.34, 0.2, 0.08),
        (0.34, 0.2, 0.08),
        (0.34, 0.2, 0.08),
        (0.34, 0.2, 0.08),
        (0.34, 0.2, 0.08),
        (0.34, 0.2, 0.08),
        (0.34, 0.2, 0.08),
        (0.34, 0.2, 0.08),
        (0.34, 0.2, 0.08),
        (0.34, 0.2, 0.08),
        (0.34, 0.2, 0.08),
        (0.34, 0.2, 0.08),
        (0.34, 0.2, 0.08),
        (0.34, 0.2, 0.08),
        (0.34, 0.2, 0.08),
        (0.34, 0.2, 0.08),
        (0.34, 0.2, 0.08),
        (0.34, 0.2, 0.08),
        (0.34, 0.2, 0.08),
        (0.34, 0.2, 0.08),
        (0.34, 0.2, 0.08),
        (0.34, 0.2, 0.08),
        (0.34, 0.2, 0.08),
        (0.34, 0.2, 0.08),
        (0.34, 0.2, 0.08),
        (0.34, 0.2, 0.08),
        (0.34, 0.2, 0.08),
        (0.34, 0.2, 0.08),
        (0.34, 0.2, 0.08),
        (0.34, 0.2, 0.08),
        (0.34, 0.2, 0.08),
        (0.34, 0.2, 0.08),
        (0.34, 0.2, 0.08),
        (0.34, 0.2, 0.08),
        (0.34, 0.2, 0.08),
        (0.34, 0.2, 0.08),
        (0.34, 0.2, 0.08),
        (0.34, 0.2, 0.08),
        (0.34, 0.2, 0.08),
        (0.34, 0.2, 0.08),
        (0.34, 0.2, 0.08),
        (0.34, 0.2, 0.08),
        (0.34, 0.2, 0.08),
        (0.34, 0.2, 0.08),
        (0.34, 0.2, 0.08),
        (0.34, 0.2, 0.08),
        (0.34, 0.2, 0.08),
        (0.34, 0.2, 0.08),
        (0.34, 0.2, 0.08),
        (0.34, 0.2, 0.08),
        (0.34, 0.2, 0.08),
        (0.34, 0.2, 0.08),
        (0.34, 0.2, 0.08),
        (0.34, 0.2, 0.08),
        (0.34, 0.2, 0.08),
        (0.34, 0.2, 0.08),
        (0.34, 0.2, 0.08),
        (0.34, 0.2, 0.08),
        (0.34, 0.2, 0.08),
        (0.34, 0.2, 0.08),
        (0.34, 0.2, 0.08),
        (0.34, 0.2, 0.08),
        (0.34, 0.2, 0.08),
        (0.34, 0.2, 0.08),
        (0.34, 0.2, 0.08),
        (0.34, 0.2, 0.08),
        (0.34, 0.2, 0.08),
        (0.34, 0.2, 0.08),
        (0.34, 0.2, 0.08),
        (0.34, 0.2, 0.08),
        (0.34, 0.2, 0.08),
        (0.34, 0.2, 0.08),
        (0.34, 0.2, 0.08),
        (0.34, 0.2, 0.08),
        (0.34, 0.2, 0.08),
        (0.34, 0.2, 0.08),
        (0.34, 0.2, 0.08),
        (0.34, 0.2, 0.08),
        (0.34, 0.2, 0.08),
        (0.34, 0.2, 0.08),
        (0.34, 0.2, 0.08),
        (0.34, 0.2, 0.08),
        (0.34, 0.2, 0.08),
        (0.34, 0.2, 0.08),
        (0.34, 0.2, 0.08),
        (0.34, 0.2, 0.08),
        (0.34, 0.2, 0.08),
        (0.34, 0.2, 0.08),
        (0.34, 0.2, 0.08),
        (0.34, 0.2, 0.08),
        (0.34, 0.2, 0.08),
        (0.34, 0.2, 0.08),
        (0.34, 0.2, 0.08),
        (0.34, 0.2, 0.08),
        (0.34, 0.2, 0.08),
        (0.34, 0.2, 0.08),
        (0.34, 0.2, 0.08),
        (0.34, 0.2, 0.08),
        (0.34, 0.2, 0.08),
        (0.34, 0.2, 0.08),
        (0.34, 0.2, 0.08),
        (0.34, 0.2, 0.08),
        (0.34, 0.2, 0.08),
        (0.34, 0.2, 0.08),
        (0.34, 0.2, 0.08),
        (0.34, 0.2, 0.08),
        (0.34, 0.2, 0.08),
        (0.34, 0.2, 0.08),
        (0.34, 0.2, 0.08),
        (0.34, 0.2, 0.08),
        (0.34, 0.2, 0.08),
        (0.34, 0.2, 0.08),
        (0.34, 0.2, 0.08),
        (0.34, 0.2, 0.08),
        (0.34, 0.2, 0.08),
        (0.34, 0.2, 0.08),
        (0.34, 0.2, 0.08),
        (0.34, 0.2, 0.08),
        (0.34, 0.2, 0.08),
        (0.34, 0.2, 0.08),
        (0.34, 0.2, 0.08),
        (0.34, 0.2, 0.08),
        (0.34, 0.2, 0.08),
        (0.34, 0.2, 0.08),
        (0.34, 0.2, 0.08),
        (0.34, 0.2, 0.08),
        (0.34, 0.2, 0.08),
        (0.34, 0.2, 0.08),
        (0.34, 0.2, 0.08),
        (0.34, 0.2, 0.08),
        (0.34, 0.2, 0.08),
        (0.34, 0.2, 0.08),
        (0.34, 0.2, 0.08),
        (0.34, 0.2, 0.08),
        (0.34, 0.2, 0.08),
        (0.34, 0.2, 0.08),
        (0.34, 0.2, 0.08),
        (0.34, 0.2, 0.08),
        (0.34, 0.2, 0.08),
        (0.34, 0.2, 0.08),
        (0.34, 0.2, 0.08),
        (0.34, 0.2, 0.08),
        (0.34, 0.2, 0.08),
        (0.34, 0.2, 0.08),
        (0.34, 0.2, 0.08),
        (0.34, 0.2, 0.08),
        (0.34, 0.2, 0.08),
        (0.34, 0.2, 0.08),
        (0.34, 0.2, 0.08),
        (0.34, 0.2, 0.08),
        (0.34, 0.2, 0.08),
        (0.34, 0.2, 0.08),
        (0.34, 0.2, 0.08),
        (0.34, 0.2, 0.08),
        (0.34, 0.2, 0.08),
        (0.34, 0.2, 0.08),
        (0.34, 0.2, 0.08),
        (0.34, 0.2, 0.08),
        (0.34, 0.2, 0.08),
        (0.34, 0.2, 0.08),
        (0.34, 0.2, 0.08),
        (0.34, 0.2, 0.08),
        (0.34, 0.2, 0.08),
        (0.34, 0.2, 0.08),
        (0.34, 0.2, 0.08),
        (0.34, 0.2, 0.08),
        (0.34, 0.2, 0.08),
        (0.34, 0.2, 0.08),
        (0.34, 0.2, 0.08),
        (0.34, 0.2, 0.08),
        (0.34, 0.2, 0.08),
        (0.34, 0.2, 0.08),
        (0.34, 0.2, 0.08),
        (0.34, 0.2, 0.08),
        (0.34, 0.2, 0.08),
        (0.34, 0.2, 0.08),
        (0.34, 0.2, 0.08),
        (0.34, 0.2, 0.08),
        (0.34, 0.2, 0.08),
        (0.34, 0.2, 0.08),
        (0.34, 0.2, 0.08),
        (0.34, 0.2, 0.08),
        (0.34, 0.2, 0.08),
        (0.34, 0.2, 0.08),
        (0.34, 0.2, 0.08),
        (0.34, 0.2, 0.08),
        (0.34, 0.2, 0.08),
        (0.34, 0.2, 0.08),
        (0.34, 0.2, 0.08),
        (0.34, 0.2, 0.08),
        (0.34, 0.2, 0.08),
        (0.34, 0.2, 0.08),
        (0.34, 0.2, 0.08),
        (0.34, 0.2, 0.08),
        (0.34, 0.2, 0.08),
        (0.34, 0.2, 0.08),
        (0.34, 0.2, 0.08),
        (0.34, 0.2, 0.08),
        (0.34, 0.2, 0.08),
        (0.34, 0.2, 0.08),
        (0.34, 0.2, 0.08),
        (0.34, 0.2, 0.08),
        (0.34, 0.2, 0.08),
        (0.34, 0.2, 0.08),
        (0.34, 0.2, 0.08),
        (0.34, 0.2, 0.08),
        (0.34, 0.2, 0.08),
        (0.34, 0.2, 0.08),
        (0.34, 0.2, 0.08),
        (0.34, 0.2, 0.08),
        (0.34, 0.2, 0.08),
        (0.34, 0.2, 0.08),
        (0.34, 0.2, 0.08),
        (0.34, 0.2, 0.08),
        (0.34, 0.2, 0.08),
        (0.34, 0.2, 0.08),
        (0.34, 0.2, 0.08),
        (0.34, 0.2, 0.08),
        (0.34, 0.2, 0.08),
        (0.34, 0.2, 0.08),
        (0.34, 0.2, 0.08),
        (0.34, 0.2, 0.08),
        (0.34, 0.2, 0.08),
        (0.34, 0.2, 0.08),
        (0.34, 0.2, 0.08),
        (0.34, 0.2, 0.08),
        (0.34, 0.2, 0.08),
        (0.34, 0.2, 0.08),
        (0.34, 0.2, 0.08),
        (0.34, 0.2, 0.08),
        (0.34, 0.2, 0.08),
        (0.34, 0.2, 0.08),
        (0.34, 0.2, 0.08),
        (0.34, 0.2, 0.08),
        (0.34, 0.2, 0.08),
        (0.34, 0.2, 0.08),
        (0.34, 0.2, 0.08),
        (0.34, 0.2, 0.08),
        (0.34, 0.2, 0.08),
        (0.34, 0.2, 0.08),
        (0.34, 0.2, 0.08),
        (0.34, 0.2, 0.08),
        (0.34, 0.2, 0.08),
        (0.34, 0.2, 0.08),
        (0.34, 0.2, 0.08),
        (0.34, 0.2, 0.08),
        (0.34, 0.2, 0.08),
        (0.34, 0.2, 0.08),
        (0.34, 0.2, 0.08),
        (0.34, 0.2, 0.08),
        (0.34, 0.2, 0.08),
        (0.34, 0.2, 0.08),
        (0.34, 0.2, 0.08),
        (0.34, 0.2, 0.08),
        (0.34, 0.2, 0.08),
        (0.34, 0.2, 0.08),
        (0.34, 0.2, 0.08),
        (0.34, 0.2, 0.08),
        (0.34, 0.2, 0.08),
        (0.34, 0.2, 0.08),
        (0.34, 0.2, 0.08),
        (0.34, 0.2, 0.08),
        (0.34, 0.2, 0.08),
        (0.34, 0.2, 0.08),
        (0.34, 0.2, 0.08),
        (0.34, 0.2, 0.08),
        (0.34, 0.2, 0.08),
        (0.34, 0.2, 0.08),
        (0.34, 0.2, 0.08),
        (0.34, 0.2, 0.08),
        (0.34, 0.2, 0.08),
        (0.34, 0.2, 0.08),
        (0.34, 0.2, 0.08),
        (0.34, 0.2, 0.08),
        (0.34, 0.2, 0.08),
        (0.34, 0.2, 0.08),
        (0.34, 0.2, 0.08),
        (0.34, 0.2, 0.08),
        (0.34, 0.2, 0.08),
        (0.34, 0.2, 0.08),
        (0.34, 0.2, 0.08),
        (0.34, 0.2, 0.08),
        (0.34, 0.2, 0.08),
        (0.34, 0.2, 0.08),
        (0.34, 0.2, 0.08),
        (0.34, 0.2, 0.08),
        (0.34, 0.2, 0.08),
        (0.34, 0.2, 0.08),
        (0.34, 0.2, 0.08),
        (0.34, 0.2, 0.08),
        (0.34, 0.2, 0.08),
        (0.34, 0.2, 0.08),
        (0.34, 0.2, 0.08),
        (0.34, 0.2, 0.08),
        (0.34, 0.2, 0.08),
        (0.34, 0.2, 0.08),
        (0.34, 0.2, 0.08),
        (0.34, 0.2, 0.08),
        (0.34, 0.2, 0.08),
        (0.34, 0.2, 0.08),
        (0.34, 0.2, 0.08),
        (0.34, 0.2, 0.08),
        (0.34, 0.2, 0.08),
        (0.34, 0.2, 0.08),
        (0.34, 0.2, 0.08),
        (0.34, 0.2, 0.08),
        (0.34, 0.2, 0.08),
        (0.34, 0.2, 0.08),
        (0.34, 0.2, 0.08),
        (0.34, 0.2, 0.08),
        (0.34, 0.2, 0.08),
        (0.34, 0.2, 0.08),
        (0.34, 0.2, 0.08),
        (0.34, 0.2, 0.08),
        (0.34, 0.2, 0.08),
        (0.34, 0.2, 0.08),
        (0.34, 0.2, 0.08),
        (0.34, 0.2, 0.08),
        (0.34, 0.2, 0.08),
        (0.34, 0.2, 0.08),
        (0.34, 0.2, 0.08),
        (0.34, 0.2, 0.08),
        (0.34, 0.2, 0.08),
        (0.34, 0.2, 0.08),
        (0.34, 0.2, 0.08),
        (0.34, 0.2, 0.08),
        (0.34, 0.2, 0.08),
        (0.34, 0.2, 0.08),
        (0.34, 0.2, 0.08),
        (0.34, 0.2, 0.08),
        (0.34, 0.2, 0.08),
        (0.34, 0.2, 0.08),
        (0.34, 0.2, 0.08),
        (0.34, 0.2, 0.08),
        (0.34, 0.2, 0.08),
        (0.34, 0.2, 0.08),
        (0.34, 0.2, 0.08),
        (0.34, 0.2, 0.08),
        (0.34, 0.2, 0.08),
        (0.34, 0.2, 0.08),
        (0.34, 0.2, 0.08),
        (0.34, 0.2, 0.08),
        (0.34, 0.2, 0.08),
        (0.34, 0.2, 0.08),
        (0.34, 0.2, 0.08),
        (0.34, 0.2, 0.08),
        (0.34, 0.2, 0.08),
        (0.34, 0.2, 0.08),
        (0.34, 0.2, 0.08),
        (0.34, 0.2, 0.08),
        (0.34, 0.2, 0.08),
        (0.34, 0.2, 0.08),
        (0.34, 0.2, 0.08),
        (0.34, 0.2, 0.08),
        (0.34, 0.2, 0.08),
        (0.34, 0.2, 0.08),
        (0.34, 0.2, 0.08),
        (0.34, 0.2, 0.08),
        (0.34, 0.2, 0.08),
        (0.34, 0.2, 0.08),
        (0.34, 0.2, 0.08),
        (0.34, 0.2, 0.08),
        (0.34, 0.2, 0.08),
        (0.34, 0.2, 0.08),
        (0.34, 0.2, 0.08),
        (0.34, 0.2, 0.08),
        (0.34, 0.2, 0.08),
        (0.34, 0.2, 0.08),
        (0.34, 0.2, 0.08),
        (0.34, 0.2, 0.08),
        (0.34, 0.2, 0.08),
        (0.34, 0.2, 0.08),
        (0.34, 0.2, 0.08),
        (0.34, 0.2, 0.08),
        (0.34, 0.2, 0.08),
        (0.34, 0.2, 0.08),
        (0.34, 0.2, 0.08),
        (0.34, 0.2, 0.08),
        (0.34, 0.2, 0.08),
        (0.34, 0.2, 0.08),
        (0.34, 0.2, 0.08),
        (0.34, 0.2, 0.08),
        (0.34, 0.2, 0.08),
        (0.34, 0.2, 0.08),
        (0.34, 0.2, 0.08),
        (0.34, 0.2, 0.08),
        (0.34, 0.2, 0.08),
        (0.34, 0.2, 0.08),
        (0.34, 0.2, 0.08),
        (0.34, 0.2, 0.08),
        (0.34, 0.2, 0.08),
        (0.34, 0.2, 0.08),
        (0.34, 0.2, 0.08),
        (0.34, 0.2, 0.08),
        (0.34, 0.2, 0.08),
        (0.34, 0.2, 0.08),
        (0.34, 0.2, 0.08),
        (0.34, 0.2, 0.08),
        (0.34, 0.2, 0.08),
        (0.34, 0.2, 0.08),
        (0.34, 0.2, 0.08),
        (0.34, 0.2, 0.08),
        (0.34, 0.2, 0.08),
        (0.34, 0.2, 0.08),
        (0.34, 0.2, 0.08),
        (0.34, 0.2, 0.08),
        (0.34, 0.2, 0.08),
        (0.34, 0.2, 0.08),
        (0.34, 0.2, 0.08),
        (0.34, 0.2, 0.08),
        (0.34, 0.2, 0.08),
        (0.34, 0.2, 0.08),
        (0.34, 0.2, 0.08),
        (0.34, 0.2, 0.08),
        (0.34, 0.2, 0.08),
        (0.34, 0.2, 0.08),
        (0.34, 0.2, 0.08),
        (0.34, 0.2, 0.08),
        (0.34, 0.2, 0.08),
        (0.34, 0.2, 0.08),
        (0.34, 0.2, 0.08),
        (0.34, 0.2, 0.08),
        (0.34, 0.2, 0.08),
        (0.34, 0.2, 0.08),
        (0.34, 0.2, 0.08),
        (0.34, 0.2, 0.08),
        (0.34, 0.2, 0.08),
        (0.34, 0.2, 0.08),
        (0.34, 0.2, 0.08),
        (0.34, 0.2, 0.08),
        (0.34, 0.2, 0.08),
        (0.34, 0.2, 0.08),
        (0.34, 0.2, 0.08),
        (0.34, 0.2, 0.08),
        (0.34, 0.2, 0.08),
        (0.34, 0.2, 0.08),
        (0.34, 0.2, 0.08),
        (0.34, 0.2, 0.08),
        (0.34, 0.2, 0.08),
        (0.34, 0.2, 0.08),
        (0.34, 0.2, 0.08),
        (0.34, 0.2, 0.08),
        (0.34, 0.2, 0.08),
        (0.34, 0.2, 0.08),
        (0.34, 0.2, 0.08),
        (0.34, 0.2, 0.08),
        (0.34, 0.2, 0.08),
        (0.34, 0.2, 0.08),
        (0.34, 0.2, 0.08),
        (0.34, 0.2, 0.08),
        (0.34, 0.2, 0.08),
        (0.34, 0.2, 0.08),
        (0.34, 0.2, 0.08),
        (0.34, 0.2, 0.08),
        (0.34, 0.2, 0.08),
        (0.34, 0.2, 0.08),
        (0.34, 0.2, 0.08),
        (0.34, 0.2, 0.08),
        (0.34, 0.2, 0.08),
        (0.34, 0.2, 0.08),
        (0.34, 0.2, 0.08),
        (0.34, 0.2, 0.08),
        (0.34, 0.2, 0.08),
        (0.34, 0.2, 0.08),
        (0.34, 0.2, 0.08),
        (0.34, 0.2, 0.08),
        (0.34, 0.2, 0.08),
        (0.34, 0.2, 0.08),
        (0.34, 0.2, 0.08),
        (0.34, 0.2, 0.08),
        (0.34, 0.2, 0.08),
        (0.34, 0.2, 0.08),
        (0.34, 0.2, 0.08),
        (0.34, 0.2, 0.08),
        (0.34, 0.2, 0.08),
        (0.34, 0.2, 0.08),
        (0.34, 0.2, 0.08),
        (0.34, 0.2, 0.08),
        (0.34, 0.2, 0.08),
        (0.34, 0.2, 0.08),
        (0.34, 0.2, 0.08),
        (0.34, 0.2, 0.08),
        (0.34, 0.2, 0.08),
        (0.34, 0.2, 0.08),
        (0.34, 0.2, 0.08),
        (0.34, 0.2, 0.08),
        (0.34, 0.2, 0.08),
        (0.34, 0.2, 0.08),
        (0.34, 0.2, 0.08),
        (0.34, 0.2, 0.08),
        (0.34, 0.2, 0.08),
        (0.34, 0.2, 0.08),
        (0.34, 0.2, 0.08),
        (0.34, 0.2, 0.08),
        (0.34, 0.2, 0.08),
        (0.34, 0.2, 0.08),
        (0.34, 0.2, 0.08),
        (0.34, 0.2, 0.08),
        (0.34, 0.2, 0.08),
        (0.34, 0.2, 0.08),
        (0.34, 0.2, 0.08),
        (0.34, 0.2, 0.08),
        (0.34, 0.2, 0.08),
        (0.34, 0.2, 0.08),
        (0.34, 0.2, 0.08),
        (0.34, 0.2, 0.08),
        (0.34, 0.2, 0.08),
        (0.34, 0.2, 0.08),
        (0.34, 0.2, 0.08),
        (0.34, 0.2, 0.08),
        (0.34, 0.2, 0.08),
        (0.34, 0.2, 0.08),
        (0.34, 0.2, 0.08),
        (0.34, 0.2, 0.08),
        (0.34, 0.2, 0.08),
        (0.34, 0.2, 0.08),
        (0.34, 0.2, 0.08),
        (0.34, 0.2, 0.08),
        (0.34, 0.2, 0.08),
        (0.34, 0.2, 0.08),
        (0.34, 0.2, 0.08),
        (0.34, 0.2, 0.08),
        (0.34, 0.2, 0.08),
        (0.34, 0.2, 0.08),
        (0.34, 0.2, 0.08),
        (0.34, 0.2, 0.08),
        (0.34, 0.2, 0.08),
        (0.34, 0.2, 0.08),
        (0.34, 0.2, 0.08),
        (0.34, 0.2, 0.08),
        (0.34, 0.2, 0.08),
        (0.34, 0.2, 0.08),
        (0.34, 0.2, 0.08),
        (0.34, 0.2, 0.08),
        (0.34, 0.2, 0.08),
        (0.34, 0.2, 0.08),
        (0.34, 0.2, 0.08),
        (0.34, 0.2, 0.08),
        (0.34, 0.2, 0.08),
        (0.34, 0.2, 0.08),
        (0.34, 0.2, 0.08),
        (0.34, 0.2, 0.08),
        (0.34, 0.2, 0.08),
        (0.34, 0.2, 0.08),
        (0.34, 0.2, 0.08),
        (0.34, 0.2, 0.08),
        (0.34, 0.2, 0.08),
        (0.34, 0.2, 0.08),
        (0.34, 0.2, 0.08),
        (0.34, 0.2, 0.08),
        (0.34, 0.2, 0.08),
        (0.34, 0.2, 0.08),
        (0.34, 0.2, 0.08),
        (0.34, 0.2, 0.08),
        (0.34, 0.2, 0.08),
        (0.34, 0.2, 0.08),
        (0.34, 0.2, 0.08),
        (0.34, 0.2, 0.08),
        (0.18, 0.38, 0.08),
        (0.18, 0.38, 0.08),
        (0.18, 0.38, 0.08),
        (0.18, 0.38, 0.08),
        (0.18, 0.38, 0.08),
        (0.18, 0.38, 0.08),
        (0.18, 0.38, 0.08),
        (0.18, 0.38, 0.08),
        (0.18, 0.38, 0.08),
        (0.34, 0.2, 0.08),
        (0.18, 0.38, 0.08),
        (0.18, 0.38, 0.08),
        (0.18, 0.38, 0.08),
        (0.18, 0.38, 0.08),
        (0.18, 0.38, 0.08),
        (0.18, 0.38, 0.08),
        (0.34, 0.2, 0.08),
        (0.34, 0.2, 0.08),
        (0.34, 0.2, 0.08),
        (0.34, 0.2, 0.08),
        (0.18, 0.38, 0.08),
        (0.18, 0.38, 0.08),
        (0.18, 0.38, 0.08),
        (0.18, 0.38, 0.08),
        (0.18, 0.38, 0.08),
        (0.18, 0.38, 0.08),
        (0.34, 0.2, 0.08),
        (0.18, 0.38, 0.08),
        (0.18, 0.38, 0.08),
        (0.18, 0.38, 0.08),
        (0.18, 0.38, 0.08),
        (0.18, 0.38, 0.08),
        (0.18, 0.38, 0.08),
        (0.18, 0.38, 0.08),
        (0.18, 0.38, 0.08),
        (0.18, 0.38, 0.08),
        (0.18, 0.38, 0.08),
        (0.18, 0.38, 0.08),
        (0.18, 0.38, 0.08),
        (0.34, 0.2, 0.08),
        (0.18, 0.38, 0.08),
        (0.34, 0.2, 0.08),
        (0.34, 0.2, 0.08),
        (0.34, 0.2, 0.08),
        (0.34, 0.2, 0.08),
        (0.34, 0.2, 0.08),
        (0.34, 0.2, 0.08),
        (0.34, 0.2, 0.08),
        (0.34, 0.2, 0.08),
        (0.34, 0.2, 0.08),
        (0.34, 0.2, 0.08),
        (0.18, 0.38, 0.08),
        (0.18, 0.38, 0.08),
        (0.18, 0.38, 0.08),
        (0.18, 0.38, 0.08),
        (0.18, 0.38, 0.08),
        (0.18, 0.38, 0.08),
        (0.18, 0.38, 0.08),
        (0.18, 0.38, 0.08),
        (0.18, 0.38, 0.08),
        (0.18, 0.38, 0.08),
        (0.34, 0.2, 0.08),
        (0.34, 0.2, 0.08),
        (0.18, 0.38, 0.08),
        (0.34, 0.2, 0.08),
        (0.18, 0.38, 0.08),
        (0.18, 0.38, 0.08),
        (0.18, 0.38, 0.08),
        (0.18, 0.38, 0.08),
        (0.18, 0.38, 0.08),
        (0.18, 0.38, 0.08),
        (0.18, 0.38, 0.08),
        (0.18, 0.38, 0.08),
        (0.18, 0.38, 0.08),
        (0.18, 0.38, 0.08),
        (0.18, 0.38, 0.08),
        (0.18, 0.38, 0.08),
        (0.18, 0.38, 0.08),
        (0.18, 0.38, 0.08),
        (0.18, 0.38, 0.08),
        (0.18, 0.38, 0.08),
        (0.18, 0.38, 0.08),
        (0.18, 0.38, 0.08),
        (0.18, 0.38, 0.08),
        (0.18, 0.38, 0.08),
        (0.18, 0.38, 0.08),
        (0.18, 0.38, 0.08),
        (0.18, 0.38, 0.08),
        (0.18, 0.38, 0.08),
        (0.18, 0.38, 0.08),
        (0.18, 0.38, 0.08),
        (0.18, 0.38, 0.08),
        (0.18, 0.38, 0.08),
        (0.18, 0.38, 0.08),
        (0.18, 0.38, 0.08),
        (0.18, 0.38, 0.08),
        (0.18, 0.38, 0.08),
        (0.18, 0.38, 0.08),
        (0.34, 0.2, 0.08),
        (0.34, 0.2, 0.08),
        (0.18, 0.38, 0.08),
        (0.18, 0.38, 0.08),
        (0.18, 0.38, 0.08),
        (0.34, 0.2, 0.08),
        (0.18, 0.38, 0.08),
        (0.18, 0.38, 0.08),
        (0.18, 0.38, 0.08),
        (0.18, 0.38, 0.08),
        (0.18, 0.38, 0.08),
        (0.18, 0.38, 0.08),
        (0.18, 0.38, 0.08),
        (0.18, 0.38, 0.08),
        (0.18, 0.38, 0.08),
        (0.34, 0.2, 0.08),
        (0.18, 0.38, 0.08),
        (0.18, 0.38, 0.08),
        (0.18, 0.38, 0.08),
        (0.18, 0.38, 0.08),
        (0.18, 0.38, 0.08),
        (0.34, 0.2, 0.08),
        (0.34, 0.2, 0.08),
        (0.34, 0.2, 0.08),
        (0.34, 0.2, 0.08),
        (0.34, 0.2, 0.08),
        (0.18, 0.38, 0.08),
        (0.18, 0.38, 0.08),
        (0.18, 0.38, 0.08),
        (0.18, 0.38, 0.08),
        (0.18, 0.38, 0.08),
        (0.34, 0.2, 0.08),
        (0.18, 0.38, 0.08),
        (0.18, 0.38, 0.08),
        (0.18, 0.38, 0.08),
        (0.18, 0.38, 0.08),
        (0.18, 0.38, 0.08),
        (0.18, 0.38, 0.08),
        (0.18, 0.38, 0.08),
        (0.34, 0.2, 0.08),
        (0.34, 0.2, 0.08),
        (0.18, 0.38, 0.08),
        (0.18, 0.38, 0.08),
        (0.18, 0.38, 0.08),
        (0.18, 0.38, 0.08),
        (0.18, 0.38, 0.08),
        (0.18, 0.38, 0.08),
        (0.34, 0.2, 0.08),
        (0.34, 0.2, 0.08),
        (0.18, 0.38, 0.08),
        (0.18, 0.38, 0.08),
        (0.18, 0.38, 0.08),
        (0.18, 0.38, 0.08),
        (0.34, 0.2, 0.08),
        (0.18, 0.38, 0.08),
        (0.18, 0.38, 0.08),
        (0.18, 0.38, 0.08),
        (0.18, 0.38, 0.08),
        (0.34, 0.2, 0.08),
        (0.34, 0.2, 0.08),
        (0.18, 0.38, 0.08),
        (0.18, 0.38, 0.08),
        (0.18, 0.38, 0.08),
        (0.18, 0.38, 0.08),
        (0.18, 0.38, 0.08),
        (0.18, 0.38, 0.08),
        (0.34, 0.2, 0.08),
        (0.34, 0.2, 0.08),
        (0.34, 0.2, 0.08),
        (0.18, 0.38, 0.08),
        (0.18, 0.38, 0.08),
        (0.18, 0.38, 0.08),
        (0.18, 0.38, 0.08),
        (0.18, 0.38, 0.08),
        (0.18, 0.38, 0.08),
        (0.18, 0.38, 0.08),
        (0.18, 0.38, 0.08),
        (0.18, 0.38, 0.08),
        (0.18, 0.38, 0.08),
        (0.18, 0.38, 0.08),
        (0.18, 0.38, 0.08),
        (0.18, 0.38, 0.08),
        (0.18, 0.38, 0.08),
        (0.18, 0.38, 0.08),
        (0.18, 0.38, 0.08),
        (0.18, 0.38, 0.08),
        (0.18, 0.38, 0.08),
        (0.18, 0.38, 0.08),
        (0.34, 0.2, 0.08),
        (0.18, 0.38, 0.08),
        (0.34, 0.2, 0.08),
        (0.34, 0.2, 0.08),
        (0.18, 0.38, 0.08),
        (0.18, 0.38, 0.08),
        (0.34, 0.2, 0.08),
        (0.18, 0.38, 0.08),
        (0.18, 0.38, 0.08),
        (0.18, 0.38, 0.08),
        (0.18, 0.38, 0.08),
        (0.18, 0.38, 0.08),
        (0.18, 0.38, 0.08),
        (0.18, 0.38, 0.08),
        (0.34, 0.2, 0.08),
        (0.34, 0.2, 0.08),
        (0.34, 0.2, 0.08),
        (0.34, 0.2, 0.08),
        (0.18, 0.38, 0.08),
        (0.18, 0.38, 0.08),
        (0.18, 0.38, 0.08),
        (0.18, 0.38, 0.08),
        (0.18, 0.38, 0.08),
        (0.18, 0.38, 0.08),
        (0.18, 0.38, 0.08),
        (0.18, 0.38, 0.08),
        (0.18, 0.38, 0.08),
        (0.18, 0.38, 0.08),
        (0.34, 0.2, 0.08),
        (0.34, 0.2, 0.08),
        (0.18, 0.38, 0.08),
        (0.18, 0.38, 0.08),
        (0.18, 0.38, 0.08),
        (0.18, 0.38, 0.08),
        (0.18, 0.38, 0.08),
        (0.18, 0.38, 0.08),
        (0.34, 0.2, 0.08),
        (0.34, 0.2, 0.08),
        (0.18, 0.38, 0.08),
        (0.18, 0.38, 0.08),
        (0.18, 0.38, 0.08),
        (0.18, 0.38, 0.08),
        (0.18, 0.38, 0.08),
        (0.18, 0.38, 0.08),
        (0.18, 0.38, 0.08),
        (0.18, 0.38, 0.08),
        (0.18, 0.38, 0.08),
        (0.18, 0.38, 0.08),
        (0.34, 0.2, 0.08),
        (0.18, 0.38, 0.08),
        (0.18, 0.38, 0.08),
        (0.18, 0.38, 0.08),
        (0.18, 0.38, 0.08),
        (0.34, 0.2, 0.08),
        (0.34, 0.2, 0.08),
        (0.18, 0.38, 0.08),
        (0.18, 0.38, 0.08),
        (0.18, 0.38, 0.08),
        (0.18, 0.38, 0.08),
        (0.18, 0.38, 0.08),
        (0.18, 0.38, 0.08),
        (0.18, 0.38, 0.08),
        (0.18, 0.38, 0.08),
        (0.34, 0.2, 0.08),
        (0.34, 0.2, 0.08),
        (0.34, 0.2, 0.08),
        (0.34, 0.2, 0.08),
        (0.18, 0.38, 0.08),
        (0.18, 0.38, 0.08),
        (0.18, 0.38, 0.08),
        (0.34, 0.2, 0.08),
        (0.34, 0.2, 0.08),
        (0.34, 0.2, 0.08),
        (0.34, 0.2, 0.08),
        (0.18, 0.38, 0.08)
    ] (
        interpolation = "vertex"
    )
    uniform token subdivisionScheme = "none"
}
