#usda 1.0
(
    defaultPrim = "Ground"
    metersPerUnit = 1
    upAxis = "Z"
)

def Mesh "Ground"
{
    uniform bool doubleSided = 1
    float3[] extent = [(0, 0, -0.8), (16, 16, 0)]
    int[] faceVertexCounts = [3, 3, 3, 3, 3, 3, 3, 3, 3, 3, 3, 3, 3, 3, 3, 3, 3, 3, 3, 3, 3, 3, 3, 3, 3, 3, 3, 3, 3, 3, 3, 3, 3, 3, 3, 3, 3, 3, 3, 3, 3, 3, 3, 3, 3, 3, 3, 3, 3, 3, 3, 3, 3, 3, 3, 3, 3, 3, 3, 3, 3, 3, 3, 3, 3, 3, 3, 3, 3, 3, 3, 3, 3, 3, 3, 3, 3, 3, 3, 3, 3, 3, 3, 3, 3, 3, 3, 3, 3, 3, 3, 3, 3, 3, 3, 3, 3, 3, 3, 3, 3, 3, 3, 3, 3, 3, 3, 3, 3, 3, 3, 3, 3, 3, 3, 3, 3, 3, 3, 3, 3, 3, 3, 3, 3, 3, 3, 3, 3, 3, 3, 3, 3, 3, 3, 3, 3, 3, 3, 3, 3, 3, 3, 3, 3, 3, 3, 3, 3, 3, 3, 3, 3, 3, 3, 3, 3, 3, 3, 3, 3, 3, 3, 3, 3, 3, 3, 3, 3, 3, 3, 3, 3, 3, 3, 3, 3, 3, 3, 3, 3, 3, 3, 3, 3, 3, 3, 3, 3, 3, 3, 3, 3, 3, 3, 3, 3, 3, 3, 3, 3, 3, 3, 3, 3, 3, 3, 3, 3, 3, 3, 3, 3, 3, 3, 3, 3, 3, 3, 3, 3, 3, 3, 3, 3, 3, 3, 3, 3, 3, 3, 3, 3, 3, 3, 3, 3, 3, 3, 3, 3, 3, 3, 3, 3, 3, 3, 3, 3, 3, 3, 3, 3, 3, 3, 3, 3, 3, 3, 3, 3, 3, 3, 3, 3, 3, 3, 3, 3, 3, 3, 3, 3, 3, 3, 3, 3, 3, 3, 3, 3, 3, 3, 3, 3, 3, 3, 3, 3, 3, 3, 3, 3, 3, 3, 3, 3, 3, 3, 3, 3, 3, 3, 3, 3, 3, 3, 3, 3, 3, 3, 3, 3, 3, 3, 3, 3, 3, 3, 3, 3, 3, 3, 3, 3, 3, 3, 3, 3, 3, 3, 3, 3, 3, 3, 3, 3, 3, 3, 3, 3, 3, 3, 3, 3, 3, 3, 3, 3, 3, 3, 3, 3, 3, 3, 3, 3, 3, 3, 3, 3, 3, 3, 3, 3, 3, 3, 3, 3, 3, 3, 3, 3, 3, 3, 3, 3, 3, 3, 3, 3, 3, 3, 3, 3, 3, 3, 3, 3, 3, 3, 3, 3, 3, 3, 3, 3, 3, 3, 3, 3, 3, 3, 3, 3, 3, 3, 3, 3, 3, 3, 3, 3, 3, 3, 3, 3, 3, 3, 3, 3, 3, 3, 3, 3, 3, 3, 3, 3, 3, 3, 3, 3, 3, 3, 3, 3, 3, 3, 3, 3, 3, 3, 3, 3, 3, 3, 3, 3, 3, 3, 3, 3, 3, 3, 3, 3, 3, 3, 3, 3, 3, 3, 3, 3, 3, 3, 3, 3, 3, 3, 3, 3, 3, 3, 3, 3, 3, 3, 3, 3, 3, 3, 3, 3, 3, 3, 3, 3, 3, 3, 3, 3, 3, 3, 3, 3, 3, 3, 3, 3, 3, 3, 3, 3, 3, 3, 3, 3, 3, 3, 3, 3, 3, 3, 3, 3, 3, 3, 3, 3, 3, 3, 3, 3, 3, 3, 3, 3, 3, 3, 3, 3, 3, 3, 3, 3, 3, 3, 3, 3, 3, 3, 3, 3, 3, 3, 3, 3, 3, 3, 3, 3, 3, 3, 3, 3, 3, 3, 3, 3, 3, 3, 3, 3, 3, 3, 3, 3, 3, 3, 3, 3, 3, 3, 3, 3, 3, 3, 3, 3, 3, 3, 3, 3, 3, 3, 3, 3, 3, 3, 3, 3, 3, 3, 3, 3, 3, 3, 3, 3, 3, 3, 3, 3, 3, 3, 3, 3, 3, 3, 3, 3, 3, 3, 3, 3, 3, 3, 3, 3, 3, 3, 3, 3, 3, 3, 3, 3, 3, 3, 3, 3, 3, 3, 3, 3, 3, 3, 3, 3, 3, 3, 3, 3, 3, 3, 3, 3, 3, 3, 3, 3, 3, 3, 3, 3, 3, 3, 3, 3, 3, 3, 3, 3, 3, 3, 3, 3, 3, 3, 3, 3, 3, 3, 3, 3, 3, 3, 3, 3, 3, 3, 3, 3, 3, 3, 3, 3, 3, 3, 3, 3, 3, 3, 3, 3, 3, 3, 3, 3, 3, 3, 3, 3, 3, 3, 3, 3, 3, 3, 3, 3, 3, 3, 3, 3, 3, 3, 3, 3, 3, 3, 3, 3, 3, 3, 3, 3, 3, 3, 3, 3, 3, 3, 3, 3, 3, 3, 3, 3, 3, 3, 3, 3, 3, 3, 3, 3, 3, 3, 3, 3, 3, 3, 3, 3, 3, 3, 3, 3, 3, 3, 3, 3, 3, 3, 3, 3, 3, 3, 3, 3, 3, 3, 3, 3, 3, 3, 3, 3, 3, 3, 3, 3, 3, 3, 3, 3, 3, 3, 3, 3, 3, 3, 3, 3, 3, 3, 3, 3, 3, 3, 3, 3, 3, 3, 3, 3, 3, 3, 3, 3, 3, 3, 3, 3, 3, 3, 3, 3, 3, 3, 3, 3, 3, 3, 3, 3, 3, 3, 3, 3, 3, 3, 3, 3, 3, 3, 3, 3, 3, 3, 3, 3, 3, 3, 3, 3, 3, 3, 3, 3, 3, 3, 3, 3, 3, 3, 3, 3, 3, 3, 3, 3, 3, 3, 3, 3, 3, 3, 3, 3, 3, 3, 3, 3, 3, 3, 3, 3, 3, 3, 3, 3, 3, 3, 3, 3, 3, 3, 3, 3, 3, 3, 3, 3, 3, 3, 3, 3, 3, 3, 3, 3, 3, 3, 3, 3, 3, 3, 3, 3, 3, 3, 3, 3, 3, 3, 3, 3, 3, 3, 3, 3, 3, 3, 3, 3, 3, 3, 3, 3, 3, 3, 3, 3, 3, 3, 3, 3, 3, 3, 3, 3, 3, 3, 3, 3, 3, 3, 3, 3, 3, 3, 3, 3, 3, 3, 3, 3, 3, 3, 3, 3, 3, 3, 3, 3, 3, 3, 3, 3, 3, 3, 3, 3, 3, 3, 3, 3, 3, 3, 3, 3, 3, 3, 3, 3, 3, 3, 3, 3, 3, 3, 3, 3, 3, 3, 3, 3, 3, 3, 3, 3, 3, 3, 3, 3, 3, 3, 3, 3, 3, 3, 3, 3, 3, 3, 3, 3, 3, 3, 3, 3, 3, 3, 3, 3, 3, 3, 3, 3, 3, 3, 3, 3, 3, 3, 3, 3, 3, 3, 3, 3, 3, 3, 3, 3, 3, 3, 3, 3, 3, 3, 3, 3, 3, 3, 3, 3, 3, 3, 3, 3, 3, 3, 3, 3, 3, 3, 3, 3, 3, 3, 3, 3, 3, 3, 3, 3, 3, 3, 3, 3, 3, 3, 3, 3, 3, 3, 3, 3, 3, 3, 3, 3, 3, 3, 3, 3, 3, 3, 3, 3, 3, 3, 3, 3, 3, 3, 3, 3, 3, 3, 3, 3, 3, 3, 3, 3, 3, 3, 3, 3, 3, 3, 3, 3, 3, 3, 3, 3, 3, 3, 3, 3, 3, 3, 3, 3, 3, 3, 3, 3, 3, 3, 3, 3, 3, 3, 3, 3, 3, 3, 3, 3, 3, 3, 3, 3, 3, 3, 3, 3, 3, 3, 3, 3, 3, 3, 3, 3, 3, 3, 3, 3, 3, 3, 3, 3, 3, 3, 3, 3, 3, 3, 3, 3, 3, 3, 3, 3, 3, 3, 3, 3, 3, 3, 3, 3, 3, 3, 3, 3, 3, 3, 3, 3, 3, 3, 3, 3, 3, 3, 3, 3, 3, 3, 3, 3, 3, 3, 3, 3, 3, 3, 3, 3, 3, 3, 3, 3, 3, 3, 3, 3, 3, 3, 3, 3, 3, 3, 3, 3, 3, 3, 3, 3, 3, 3, 3, 3, 3, 3, 3, 3, 3, 3, 3, 3, 3, 3, 3, 3, 3, 3, 3, 3, 3, 3, 3, 3, 3, 3, 3, 3, 3, 3, 3, 3, 3, 3, 3, 3, 3, 3, 3, 3, 3, 3, 3, 3, 3, 3, 3, 3, 3, 3, 3, 3, 3, 3, 3, 3, 3, 3, 3, 3, 3, 3, 3, 3, 3, 3, 3, 3, 3, 3, 3, 3, 3, 3, 3, 3, 3, 3, 3, 3, 3, 3, 3, 3, 3, 3, 3, 3, 3, 3, 3, 3, 3, 3, 3, 3, 3, 3, 3, 3, 3, 3, 3, 3, 3, 3, 3, 3, 3, 3, 3, 3, 3, 3, 3, 3, 3, 3, 3, 3, 3, 3, 3, 3, 3, 3, 3, 3, 3, 3, 3, 3, 3, 3, 3, 3, 3, 3, 3, 3, 3, 3, 3, 3, 3, 3, 3, 3, 3, 3, 3, 3, 3, 3, 3, 3, 3, 3, 3, 3, 3, 3, 3, 3, 3, 3, 3, 3, 3, 3, 3, 3, 3, 3, 3, 3, 3, 3, 3, 3, 3, 3, 3, 3, 3, 3, 3, 3, 3, 3, 3, 3, 3, 3, 3, 3, 3, 3, 3, 3, 3, 3, 3, 3, 3, 3, 3, 3, 3, 3, 3, 3, 3, 3, 3, 3, 3, 3, 3, 3, 3, 3, 3, 3, 3, 3, 3, 3, 3, 3, 3, 3, 3, 3, 3, 3, 3, 3, 3, 3, 3, 3, 3, 3, 3, 3, 3, 3, 3, 3, 3, 3, 3, 3, 3, 3, 3, 3, 3, 3, 3, 3, 3, 3, 3, 3, 3, 3, 3, 3, 3, 3, 3, 3, 3, 3, 3, 3, 3, 3, 3, 3, 3, 3, 3, 3, 3, 3, 3, 3, 3, 3, 3, 3, 3, 3, 3, 3, 3, 3, 3, 3, 3, 3, 3, 3, 3, 3, 3, 3, 3, 3, 3, 3, 3, 3, 3, 3, 3, 3, 3, 3, 3, 3, 3, 3, 3, 3, 3, 3, 3, 3, 3, 3, 3, 3, 3, 3, 3, 3, 3, 3, 3, 3, 3, 3, 3, 3, 3, 3, 3, 3, 3, 3, 3, 3, 3, 3, 3, 3, 3, 3, 3, 3, 3, 3, 3, 3, 3, 3, 3, 3, 3, 3, 3, 3, 3, 3, 3, 3, 3, 3, 3, 3, 3, 3, 3, 3, 3, 3, 3, 3, 3, 3, 3, 3, 3, 3, 3, 3, 3, 3, 3, 3, 3, 3, 3, 3, 3, 3, 3, 3, 3, 3, 3, 3, 3, 3, 3, 3, 3, 3, 3, 3, 3, 3, 3, 3, 3, 3, 3, 3, 3, 3, 3, 3, 3, 3, 3, 3, 3, 3, 3, 3, 3, 3, 3, 3, 3, 3, 3, 3, 3, 3, 3, 3, 3, 3, 3, 3, 3, 3, 3, 3, 3, 3, 3, 3, 3, 3, 3, 3, 3, 3, 3, 3, 3, 3, 3, 3, 3, 3, 3, 3, 3, 3, 3, 3, 3, 3, 3, 3, 3, 3, 3, 3, 3, 3, 3, 3, 3, 3, 3, 3, 3, 3, 3, 3, 3, 3, 3, 3, 3, 3, 3, 3, 3, 3, 3, 3, 3, 3, 3, 3, 3, 3, 3, 3, 3, 3, 3, 3, 3, 3, 3, 3, 3, 3, 3, 3, 3, 3, 3, 3, 3, 3, 3, 3, 3, 3, 3, 3, 3, 3, 3, 3, 3, 3, 3, 3, 3, 3, 3, 3, 3, 3, 3, 3, 3, 3, 3, 3, 3, 3, 3, 3, 3, 3, 3, 3, 3, 3, 3, 3, 3, 3, 3, 3, 3, 3, 3, 3, 3, 3, 3, 3, 3, 3, 3, 3, 3, 3, 3, 3, 3, 3, 3, 3, 3, 3, 3, 3, 3, 3, 3, 3, 3, 3, 3, 3, 3, 3, 3, 3, 3, 3, 3, 3, 3, 3, 3, 3, 3, 3, 3, 3, 3, 3, 3, 3, 3, 3, 3, 3, 3, 3, 3, 3, 3, 3, 3, 3, 3, 3, 3, 3, 3, 3, 3, 3, 3, 3, 3, 3, 3, 3, 3, 3, 3, 3, 3, 3, 3, 3, 3, 3, 3, 3, 3, 3, 3, 3, 3, 3, 3, 3, 3, 3, 3, 3, 3, 3, 3, 3, 3, 3, 3, 3, 3, 3, 3, 3, 3, 3, 3, 3, 3, 3, 3, 3, 3, 3, 3, 3, 3, 3, 3, 3, 3, 3, 3, 3, 3, 3, 3, 3, 3, 3, 3, 3, 3, 3, 3, 3, 3, 3, 3, 3, 3, 3, 3, 3, 3, 3, 3, 3, 3, 3, 3, 3, 3, 3, 3, 3, 3, 3, 3, 3, 3, 3, 3, 3, 3, 3, 3, 3, 3, 3, 3, 3, 3, 3, 3, 3, 3, 3, 3, 3, 3, 3, 3, 3, 3, 3, 3, 3, 3, 3, 3, 3, 3, 3, 3, 3, 3, 3, 3, 3, 3, 3, 3, 3, 3, 3, 3, 3, 3, 3, 3, 3, 3, 3, 3, 3, 3, 3, 3, 3, 3, 3, 3, 3, 3, 3, 3, 3, 3, 3, 3, 3, 3, 3, 3, 3, 3, 3, 3, 3, 3, 3, 3, 3, 3, 3, 3, 3, 3, 3, 3, 3, 3, 3, 3, 3, 3, 3, 3, 3, 3, 3, 3, 3, 3, 3, 3, 3, 3, 3, 3, 3, 3, 3, 3, 3, 3, 3, 3, 3, 3, 3, 3, 3, 3, 3, 3, 3, 3, 3, 3, 3, 3, 3, 3, 3, 3, 3, 3, 3, 3, 3, 3, 3, 3, 3, 3, 3, 3, 3, 3, 3, 3, 3, 3, 3, 3, 3, 3, 3, 3, 3, 3, 3, 3, 3, 3, 3, 3, 3, 3, 3, 3, 3, 3, 3, 3, 3, 3, 3, 3, 3, 3, 3, 3, 3, 3, 3, 3, 3, 3, 3, 3, 3, 3, 3, 3, 3, 3, 3, 3, 3, 3, 3, 3, 3, 3, 3, 3, 3, 3, 3, 3, 3, 3, 3, 3, 3, 3, 3, 3, 3, 3, 3, 3, 3, 3, 3, 3, 3, 3, 3, 3, 3, 3, 3, 3, 3, 3, 3, 3, 3, 3, 3, 3, 3, 3, 3, 3, 3, 3, 3, 3, 3, 3, 3, 3, 3, 3, 3, 3, 3, 3, 3, 3, 3, 3, 3, 3, 3, 3, 3, 3, 3, 3, 3, 3, 3, 3, 3, 3, 3, 3, 3, 3, 3, 3, 3, 3, 3, 3, 3, 3, 3, 3, 3, 3, 3, 3, 3, 3, 3, 3, 3, 3, 3, 3, 3, 3, 3, 3, 3, 3, 3, 3, 3, 3, 3, 3, 3, 3, 3, 3, 3, 3, 3, 3, 3, 3, 3, 3, 3, 3, 3, 3, 3, 3, 3, 3, 3, 3, 3, 3, 3, 3, 3, 3, 3, 3, 3, 3, 3, 3, 3, 3, 3, 3, 3, 3, 3, 3, 3, 3, 3, 3, 3, 3, 3, 3, 3, 3, 3, 3, 3, 3, 3, 3, 3, 3, 3, 3, 3, 3, 3, 3, 3, 3, 3, 3, 3, 3, 3, 3, 3, 3, 3, 3, 3, 3, 3, 3, 3, 3, 3, 3, 3, 3, 3, 3, 3, 3, 3, 3, 3, 3, 3, 3, 3, 3, 3, 3, 3, 3, 3, 3, 3, 3, 3, 3, 3, 3, 3, 3, 3, 3, 3, 3, 3, 3, 3, 3, 3, 3, 3, 3, 3, 3, 3, 3, 3, 3, 3, 3, 3, 3, 3, 3, 3, 3, 3, 3, 3, 3, 3, 3, 3, 3, 3, 3, 3, 3, 3, 3, 3, 3, 3, 3, 3, 3, 3, 3, 3, 3, 3, 3, 3, 3, 3, 3, 3, 3, 3, 3, 3, 3, 3, 3, 3, 3, 3, 3, 3, 3, 3, 3, 3, 3, 3, 3, 3, 3, 3, 3, 3, 3, 3, 3, 3, 3, 3, 3, 3, 3, 3, 3, 3, 3, 3, 3, 3, 3, 3, 3, 3, 3, 3, 3, 3, 3, 3, 3, 3, 3, 3, 3, 3, 3, 3, 3, 3, 3, 3, 3, 3, 3, 3, 3, 3, 3, 3, 3, 3, 3, 3, 3, 3, 3, 3, 3, 3, 3, 3, 3, 3, 3, 3, 3, 3, 3, 3, 3, 3, 3, 3, 3, 3, 3, 3, 3, 3, 3, 3, 3, 3, 3, 3, 3, 3, 3, 3, 3, 3, 3, 3, 3, 3, 3, 3, 3, 3, 3, 3, 3, 3, 3, 3, 3, 3, 3, 3, 3, 3, 3, 3, 3, 3, 3, 3, 3, 3, 3, 3, 3, 3, 3, 3, 3, 3, 3, 3, 3, 3, 3, 3, 3, 3, 3, 3, 3, 3, 3, 3, 3, 3, 3, 3, 3, 3, 3, 3, 3, 3, 3, 3, 3, 3, 3, 3, 3, 3, 3, 3, 3, 3, 3, 3, 3, 3, 3, 3, 3, 3, 3, 3, 3, 3, 3, 3, 3, 3, 3, 3, 3, 3, 3, 3, 3, 3, 3, 3, 3, 3, 3, 3, 3, 3, 3, 3, 3, 3, 3, 3, 3, 3, 3, 3, 3, 3, 3, 3, 3, 3, 3, 3, 3, 3, 3, 3, 3, 3, 3, 3, 3, 3, 3, 3, 3, 3, 3, 3, 3, 3, 3, 3, 3, 3, 3, 3, 3, 3, 3, 3, 3, 3, 3, 3, 3, 3, 3, 3, 3, 3, 3, 3, 3, 3, 3, 3, 3, 3, 3, 3, 3, 3, 3, 3, 3, 3, 3, 3, 3, 3, 3, 3, 3, 3, 3, 3, 3, 3, 3, 3, 3, 3, 3, 3, 3, 3, 3, 3, 3, 3, 3, 3, 3, 3, 3, 3, 3, 3, 3, 3, 3, 3, 3, 3, 3]
    int[] faceVertexIndices = [70, 1433, 71, 367, 1348, 368, 684, 685, 1367, 449, 450, 1021, 241, 240, 1329, 193, 192, 1199, 412, 978, 411, 1415, 1420, 107, 1436, 1433, 70, 1224, 1238, 202, 158, 1294, 159, 758, 759, 1368, 606, 80, 607, 1234, 1387, 1245, 967, 401, 968, 531, 1399, 532, 1232, 1261, 1255, 1232, 1239, 1226, 709, 1241, 708, 909, 1367, 908, 342, 1319, 343, 703, 704, 1244, 1212, 482, 1213, 458, 1190, 459, 617, 91, 618, 1299, 1300, 1159, 414, 1247, 1246, 1427, 1426, 1313, 921, 920, 357, 1076, 501, 1077, 357, 356, 1423, 1306, 1354, 1394, 670, 671, 1381, 537, 1123, 536, 582, 1178, 581, 620, 621, 1425, 661, 131, 662, 456, 1031, 455, 1232, 1226, 1250, 902, 692, 1301, 150, 1302, 151, 783, 239, 784, 793, 33, 792, 1360, 1359, 1362, 891, 1244, 890, 271, 272, 822, 820, 269, 821, 544, 1132, 1131, 525, 1353, 526, 1403, 1399, 1298, 610, 52, 609, 1043, 1042, 467, 1046, 1207, 1045, 585, 1333, 586, 70, 596, 69, 183, 720, 182, 1225, 1262, 1226, 1347, 385, 1392, 410, 411, 977, 1201, 1210, 1202, 364, 927, 363, 375, 940, 939, 1326, 10, 970, 654, 123, 655, 125, 655, 124, 94, 1415, 95, 626, 625, 99, 66, 1437, 67, 228, 1437, 229, 547, 543, 548, 1437, 1436, 70, 1420, 1419, 111, 131, 661, 130, 133, 1321, 134, 671, 140, 672, 223, 763, 222, 1187, 1189, 1037, 1049, 1207, 1048, 876, 1219, 875, 141, 672, 140, 138, 669, 137, 237, 236, 1328, 161, 160, 1273, 234, 235, 780, 247, 246, 248, 339, 338, 1319, 793, 794, 1407, 704, 705, 1241, 324, 1281, 1243, 320, 879, 319, 715, 879, 714, 1337, 260, 259, 828, 277, 829, 851, 1357, 850, 917, 355, 918, 765, 1146, 764, 549, 548, 1418, 521, 1351, 522, 1143, 1142, 551, 6, 993, 5, 1297, 1399, 1350, 521, 520, 1351, 1093, 1375, 1092, 1023, 1299, 1022, 753, 1300, 752, 1013, 442, 1014, 1012, 1227, 1229, 1353, 1339, 1350, 1179, 584, 1180, 1184, 1282, 1183, 430, 429, 1258, 1055, 1217, 1054, 733, 1045, 1207, 1237, 315, 307, 725, 1217, 724, 1247, 414, 1245, 432, 1257, 433, 401, 400, 1349, 392, 391, 1271, 305, 858, 304, 1066, 1065, 490, 1070, 495, 1071, 291, 845, 290, 367, 930, 366, 927, 364, 365, 962, 1327, 961, 945, 15, 944, 628, 99, 629, 120, 1400, 121, 636, 106, 637, 93, 94, 619, 615, 51, 614, 1409, 1395, 1410, 1415, 94, 1414, 1115, 528, 1116, 519, 518, 514, 75, 601, 74, 75, 74, 1433, 595, 69, 596, 1134, 546, 1136, 751, 1027, 750, 228, 769, 227, 652, 651, 121, 635, 46, 634, 1422, 1430, 1400, 1393, 1397, 1371, 664, 41, 663, 656, 126, 657, 655, 125, 656, 1285, 1264, 1274, 1231, 1238, 1224, 746, 745, 205, 746, 1188, 745, 746, 206, 747, 178, 715, 177, 1206, 1226, 1262, 740, 1189, 739, 184, 190, 185, 149, 686, 148, 672, 141, 673, 685, 148, 686, 911, 1367, 910, 1340, 700, 1244, 905, 1308, 904, 900, 1301, 899, 333, 1307, 334, 679, 38, 678, 239, 240, 784, 241, 786, 240, 254, 253, 1331, 1337, 1338, 261, 1337, 1324, 1322, 824, 823, 273, 269, 820, 268, 1340, 1244, 894, 164, 701, 163, 330, 889, 329, 709, 173, 710, 325, 326, 884, 1219, 719, 1218, 1220, 1217, 727, 319, 877, 318, 1307, 333, 1242, 1380, 1365, 274, 920, 921, 20, 275, 826, 274, 1309, 1311, 1360, 1318, 1359, 1336, 829, 279, 830, 286, 837, 285, 773, 772, 64, 1127, 1126, 539, 766, 226, 767, 1417, 557, 1413, 768, 769, 1412, 600, 74, 601, 538, 1402, 539, 566, 1417, 567, 528, 1114, 527, 1106, 519, 1107, 62, 63, 1107, 997, 427, 998, 1228, 1012, 1229, 512, 1093, 511, 1100, 1442, 1099, 556, 1148, 555, 562, 560, 563, 1031, 1032, 1379, 458, 1033, 457, 566, 565, 1417, 573, 1298, 574, 1190, 449, 448, 1248, 1221, 436, 1177, 581, 1178, 1177, 1259, 1176, 4, 1080, 1334, 1081, 1334, 1080, 424, 428, 425, 1196, 1195, 1197, 980, 413, 981, 424, 990, 423, 1047, 1207, 1046, 189, 190, 188, 734, 1045, 733, 1204, 1223, 473, 861, 307, 862, 1217, 1055, 1222, 1061, 862, 1060, 1062, 486, 1063, 1387, 1216, 1245, 405, 1252, 406, 986, 419, 987, 1263, 1270, 1271, 1204, 1202, 1209, 389, 1347, 390, 400, 401, 967, 859, 306, 860, 836, 285, 837, 916, 353, 917, 1426, 1312, 1313, 846, 1369, 845, 496, 1423, 497, 351, 912, 1079, 1077, 1385, 1369, 372, 373, 936, 941, 377, 943, 935, 18, 934, 387, 1347, 388, 1390, 1392, 373, 936, 17, 935, 635, 634, 103, 628, 47, 48, 618, 92, 619, 106, 636, 105, 109, 639, 108, 648, 649, 44, 116, 115, 1422, 639, 638, 108, 636, 635, 104, 624, 623, 98, 1406, 88, 87, 91, 616, 90, 91, 1414, 92, 81, 1396, 82, 1420, 1415, 1419, 88, 89, 614, 625, 1424, 624, 51, 52, 612, 598, 597, 72, 594, 55, 593, 1396, 81, 80, 1396, 1406, 84, 763, 223, 764, 1434, 1436, 1441, 1101, 1102, 1442, 1441, 1436, 224, 1436, 1437, 228, 1433, 1436, 1434, 764, 1146, 1386, 213, 1320, 214, 1409, 1345, 1304, 637, 46, 636, 649, 119, 650, 1373, 780, 35, 39, 1381, 38, 116, 1422, 117, 123, 122, 1401, 1372, 1354, 1356, 1383, 126, 1401, 127, 126, 1383, 131, 1321, 132, 676, 677, 38, 136, 666, 135, 137, 1295, 138, 158, 157, 1294, 137, 136, 1295, 1265, 1264, 1291, 1278, 1277, 1343, 1233, 1320, 209, 216, 1343, 217, 750, 209, 751, 211, 212, 752, 1151, 1368, 1386, 206, 746, 205, 209, 750, 208, 165, 166, 702, 1260, 1291, 1264, 184, 183, 191, 180, 181, 717, 200, 740, 199, 1206, 1200, 1205, 187, 189, 188, 184, 721, 183, 34, 35, 1361, 147, 149, 148, 145, 150, 146, 147, 679, 678, 909, 910, 1367, 688, 687, 151, 906, 348, 907, 689, 690, 1308, 1302, 150, 145, 698, 699, 1340, 700, 163, 701, 341, 899, 340, 1323, 343, 1319, 338, 337, 1307, 1301, 1340, 898, 681, 682, 37, 781, 782, 35, 255, 1331, 256, 787, 788, 1361, 792, 247, 793, 786, 787, 1361, 34, 789, 33, 798, 31, 797, 1323, 1322, 1324, 237, 1328, 238, 810, 809, 259, 252, 253, 803, 808, 29, 807, 816, 266, 817, 260, 810, 259, 1236, 1241, 709, 892, 1244, 891, 333, 891, 332, 892, 893, 1244, 164, 165, 701, 716, 180, 717, 325, 324, 1243, 885, 1236, 884, 877, 1219, 876, 1236, 713, 881, 1311, 1243, 1281, 715, 714, 177, 719, 718, 182, 719, 182, 720, 876, 318, 877, 864, 311, 865, 893, 892, 334, 891, 890, 332, 264, 263, 1338, 272, 271, 1380, 816, 1429, 815, 809, 810, 29, 822, 1428, 821, 817, 1429, 816, 308, 314, 309, 864, 865, 1222, 1363, 1318, 1364, 1363, 1364, 280, 824, 274, 825, 279, 280, 830, 832, 1366, 831, 544, 1134, 1133, 1124, 1123, 537, 544, 1131, 543, 1136, 546, 1137, 1144, 553, 1145, 1148, 1386, 1147, 1152, 561, 1153, 759, 1386, 1368, 541, 1128, 540, 1134, 1135, 1432, 534, 533, 1404, 1122, 536, 1123, 1127, 540, 1128, 1124, 537, 1125, 573, 1169, 572, 567, 1417, 568, 534, 1121, 533, 1118, 1117, 531, 1111, 1110, 524, 61, 62, 1112, 520, 519, 1351, 513, 1351, 514, 1, 2, 1375, 517, 1104, 516, 1339, 1333, 1296, 574, 1170, 573, 505, 504, 1333, 2, 1374, 1091, 1098, 1, 1097, 1375, 2, 1091, 505, 506, 1087, 1088, 1087, 507, 557, 1417, 565, 1023, 1024, 1299, 1299, 1024, 1300, 1026, 1027, 1300, 454, 1026, 1025, 454, 453, 455, 462, 461, 1194, 1187, 1041, 737, 1165, 570, 1166, 1017, 1166, 1227, 575, 1171, 574, 434, 1248, 435, 451, 1021, 450, 449, 1020, 448, 445, 1192, 446, 1018, 448, 1019, 1195, 1221, 1248, 1174, 579, 1175, 1000, 429, 1001, 1008, 1176, 1007, 1282, 1184, 1185, 584, 585, 1180, 1282, 1185, 1186, 996, 1282, 995, 1195, 1192, 1221, 1004, 1003, 433, 999, 1282, 998, 427, 425, 428, 974, 9, 973, 1083, 1084, 1334, 6, 7, 988, 1038, 1187, 1037, 1038, 462, 1039, 728, 188, 729, 1220, 729, 1050, 465, 1193, 466, 1049, 474, 1050, 481, 1213, 482, 1049, 1050, 729, 1217, 1222, 867, 724, 871, 723, 1212, 1209, 1211, 1060, 863, 1059, 858, 1284, 857, 300, 301, 854, 861, 860, 307, 488, 1064, 487, 1045, 469, 1046, 1192, 1195, 1191, 409, 410, 976, 971, 972, 1326, 7, 8, 983, 973, 406, 974, 976, 977, 1384, 392, 393, 960, 390, 1271, 391, 399, 400, 966, 394, 961, 393, 964, 398, 965, 1263, 1253, 1270, 963, 964, 11, 953, 387, 954, 858, 305, 859, 856, 1283, 855, 1317, 295, 1364, 852, 299, 853, 1068, 1069, 1357, 488, 489, 1065, 1067, 492, 1068, 1312, 1426, 493, 286, 287, 288, 289, 839, 838, 1076, 1077, 1369, 289, 840, 839, 914, 351, 915, 1385, 1079, 912, 499, 500, 1076, 22, 915, 21, 1427, 1313, 1314, 366, 1388, 367, 18, 935, 17, 1391, 1390, 1348, 926, 1398, 925, 923, 922, 360, 365, 366, 928, 933, 371, 934, 1269, 390, 1347, 1384, 9, 976, 384, 950, 383, 947, 946, 379, 936, 373, 937, 381, 948, 380, 939, 17, 938, 375, 939, 938, 626, 1424, 625, 629, 630, 47, 97, 623, 96, 99, 627, 626, 102, 632, 101, 47, 634, 46, 103, 96, 1415, 103, 102, 96, 642, 111, 643, 646, 647, 44, 1415, 106, 105, 107, 1420, 108, 638, 46, 637, 643, 112, 644, 111, 110, 1420, 112, 1419, 113, 618, 619, 1443, 622, 96, 623, 621, 620, 95, 617, 616, 91, 612, 52, 611, 613, 87, 614, 78, 603, 77, 613, 612, 86, 616, 615, 90, 93, 1414, 94, 1372, 1371, 1354, 1422, 1400, 117, 610, 85, 611, 610, 609, 84, 1370, 1354, 1371, 1370, 1371, 1397, 85, 610, 84, 1438, 606, 53, 606, 605, 80, 602, 1439, 601, 596, 597, 55, 595, 596, 55, 229, 1437, 230, 68, 1437, 69, 603, 602, 77, 79, 1411, 1396, 1409, 1304, 1306, 1370, 1397, 1395, 1395, 1409, 1394, 76, 75, 1411, 1433, 1434, 1410, 1345, 1344, 1343, 590, 64, 591, 68, 67, 1437, 773, 774, 1440, 56, 1440, 588, 65, 231, 66, 770, 229, 771, 588, 1440, 774, 770, 769, 229, 225, 1436, 226, 768, 227, 769, 225, 765, 224, 765, 225, 766, 760, 220, 761, 220, 760, 219, 756, 1368, 755, 760, 1386, 759, 43, 44, 649, 119, 649, 118, 649, 650, 43, 121, 651, 120, 1421, 655, 656, 43, 654, 42, 1292, 1287, 1382, 659, 660, 41, 647, 116, 648, 113, 1422, 114, 125, 1401, 126, 1400, 1355, 1382, 1372, 1355, 1430, 1401, 122, 1382, 1288, 1279, 1260, 1287, 1288, 1286, 659, 42, 658, 133, 132, 1321, 661, 41, 660, 664, 133, 665, 668, 667, 137, 139, 670, 138, 675, 38, 674, 671, 672, 1381, 666, 136, 667, 136, 135, 1295, 1302, 1293, 154, 143, 1302, 144, 1264, 1285, 1286, 1288, 1260, 1286, 1274, 1295, 1321, 1264, 1265, 1274, 1277, 1280, 1304, 1303, 1354, 1305, 1230, 1239, 1256, 1280, 1277, 1256, 215, 756, 214, 753, 213, 754, 1278, 1233, 1230, 211, 210, 1320, 1154, 1155, 1368, 1155, 753, 754, 751, 211, 752, 749, 750, 1379, 1233, 206, 1238, 206, 1233, 207, 745, 1188, 744, 743, 202, 744, 1255, 1239, 1232, 1239, 1230, 1225, 1214, 1249, 1215, 1273, 1265, 1251, 1200, 1224, 199, 737, 196, 738, 181, 1205, 182, 182, 1199, 183, 743, 744, 1188, 742, 743, 1189, 196, 1199, 197, 200, 199, 1224, 1205, 1199, 182, 192, 733, 191, 722, 186, 723, 189, 185, 190, 676, 675, 145, 149, 146, 150, 679, 680, 37, 682, 681, 683, 1358, 1302, 142, 155, 156, 692, 685, 686, 1367, 690, 153, 691, 38, 679, 37, 1367, 682, 683, 36, 777, 1373, 778, 1373, 777, 903, 1308, 691, 908, 349, 909, 348, 349, 907, 905, 347, 906, 698, 161, 699, 154, 691, 153, 157, 693, 156, 1301, 693, 694, 158, 159, 695, 159, 1294, 160, 700, 1340, 699, 698, 1340, 697, 693, 1301, 692, 341, 342, 900, 235, 348, 1328, 344, 343, 1330, 335, 894, 334, 897, 898, 1340, 340, 339, 1319, 1325, 1322, 1319, 776, 232, 777, 780, 235, 781, 779, 234, 780, 350, 234, 233, 1361, 35, 784, 783, 35, 782, 785, 240, 786, 242, 241, 1329, 790, 246, 791, 247, 792, 791, 245, 789, 244, 241, 242, 787, 792, 33, 791, 796, 32, 795, 795, 797, 796, 253, 252, 1331, 237, 238, 782, 236, 237, 781, 1338, 1322, 1332, 260, 1337, 261, 250, 251, 801, 247, 248, 798, 807, 256, 808, 257, 1331, 1337, 30, 802, 803, 802, 801, 251, 805, 254, 806, 30, 807, 29, 812, 811, 261, 1377, 813, 28, 811, 1377, 810, 262, 813, 261, 1250, 1251, 1291, 173, 1249, 174, 704, 167, 705, 1249, 1251, 1240, 704, 1241, 1244, 331, 890, 330, 327, 1243, 328, 331, 330, 1242, 173, 709, 172, 711, 1236, 710, 712, 711, 174, 712, 1236, 711, 1241, 885, 886, 1241, 1236, 885, 887, 886, 328, 326, 325, 1243, 175, 1214, 176, 1206, 1215, 1226, 716, 715, 179, 177, 714, 176, 321, 880, 320, 324, 882, 323, 322, 321, 1281, 316, 875, 315, 188, 724, 187, 721, 722, 1218, 311, 310, 312, 315, 874, 314, 318, 876, 317, 874, 315, 875, 308, 862, 307, 313, 309, 314, 336, 1307, 337, 1332, 1325, 1310, 1309, 1360, 1335, 331, 1242, 332, 1338, 1378, 265, 1335, 1378, 1338, 270, 271, 822, 271, 270, 1380, 812, 1377, 811, 266, 816, 265, 815, 1429, 814, 268, 818, 267, 823, 822, 272, 818, 27, 817, 828, 829, 1366, 823, 1428, 822, 303, 302, 1275, 319, 1237, 320, 1336, 1237, 1276, 306, 1276, 307, 1365, 1360, 1362, 280, 1364, 281, 833, 282, 834, 280, 281, 831, 825, 274, 826, 279, 829, 278, 1366, 832, 25, 1428, 823, 26, 285, 1364, 293, 24, 832, 833, 287, 289, 288, 840, 23, 839, 1134, 1136, 1135, 545, 547, 546, 1432, 58, 1131, 544, 1133, 1132, 547, 1139, 546, 1140, 1141, 1435, 1418, 539, 1402, 553, 552, 1413, 767, 768, 1412, 1147, 555, 1148, 1418, 1413, 551, 1413, 556, 555, 561, 1152, 560, 762, 763, 1386, 558, 559, 1150, 1149, 558, 1150, 1129, 1128, 542, 1126, 1127, 1431, 538, 1125, 537, 1126, 1125, 538, 60, 61, 1117, 1119, 533, 1120, 533, 532, 1404, 1404, 1402, 537, 550, 549, 1418, 1418, 548, 542, 576, 575, 1297, 1404, 1399, 1402, 1417, 1298, 570, 556, 1413, 557, 1169, 573, 1170, 573, 572, 1298, 530, 1350, 531, 1131, 1132, 1432, 1114, 1113, 526, 529, 1350, 530, 1108, 62, 1107, 1111, 524, 1112, 522, 1108, 521, 1353, 523, 1351, 1106, 1107, 63, 1104, 517, 1105, 1103, 516, 1104, 1094, 514, 1095, 1098, 1099, 1, 516, 1100, 1099, 1100, 1102, 1101, 516, 1099, 1098, 1297, 1350, 1339, 576, 577, 1172, 579, 1174, 578, 579, 1296, 580, 511, 1352, 512, 512, 1351, 513, 583, 1296, 584, 1333, 1352, 508, 1096, 1, 1095, 1092, 511, 1093, 1092, 1375, 1091, 1090, 509, 1091, 1085, 504, 1086, 1090, 1374, 1089, 1085, 3, 1084, 1086, 1087, 3, 1154, 1153, 561, 1155, 1154, 1156, 562, 1156, 561, 564, 1159, 563, 1030, 1379, 1029, 1188, 1379, 1032, 1164, 1163, 567, 1020, 449, 1021, 1024, 454, 1025, 1188, 1032, 1033, 452, 456, 455, 449, 1190, 450, 462, 1038, 461, 1037, 1189, 1036, 461, 1037, 460, 1033, 1032, 457, 1158, 562, 1159, 567, 1163, 566, 1164, 1165, 1019, 570, 571, 1166, 1174, 1228, 1173, 1168, 1169, 1227, 1017, 1227, 1016, 1167, 1227, 1166, 1020, 1299, 1163, 1164, 1019, 1163, 1203, 1193, 1198, 1039, 463, 1040, 442, 443, 1014, 442, 1013, 441, 441, 1221, 442, 1194, 1190, 1193, 1176, 1008, 1175, 1171, 575, 1172, 437, 1007, 436, 1012, 1228, 1011, 1259, 1179, 1180, 1259, 1177, 1178, 1176, 1259, 1007, 502, 1183, 587, 1184, 1183, 502, 1181, 1002, 1259, 432, 1002, 431, 1183, 1282, 1182, 5, 1080, 4, 5, 995, 1282, 4, 1084, 3, 1228, 1008, 1009, 1006, 435, 1007, 1248, 433, 1257, 980, 979, 413, 429, 1000, 428, 999, 427, 428, 422, 988, 421, 419, 985, 418, 990, 424, 991, 996, 427, 997, 6, 990, 991, 990, 6, 989, 1248, 1257, 1247, 988, 422, 989, 7, 985, 986, 7, 983, 984, 734, 193, 735, 737, 738, 1187, 735, 194, 736, 737, 1042, 736, 727, 728, 1220, 730, 188, 731, 729, 1220, 728, 726, 727, 1217, 462, 1194, 463, 1202, 1204, 1203, 468, 1043, 467, 1047, 1046, 471, 474, 1049, 473, 473, 1048, 472, 475, 474, 1223, 468, 1203, 469, 1051, 1050, 475, 479, 480, 1055, 867, 866, 868, 866, 1222, 865, 478, 479, 1054, 1053, 476, 477, 481, 1057, 480, 484, 483, 1316, 862, 308, 863, 1062, 861, 1061, 1222, 1056, 1057, 1062, 1061, 486, 486, 1061, 485, 1267, 1290, 1316, 1063, 487, 1064, 1290, 487, 1316, 1213, 1223, 1209, 1191, 1198, 1193, 1208, 1202, 1210, 1196, 1201, 1198, 975, 408, 976, 974, 407, 975, 405, 406, 973, 971, 404, 972, 1247, 1257, 1246, 417, 984, 416, 8, 979, 980, 8, 1384, 979, 1326, 973, 9, 407, 974, 406, 950, 14, 949, 958, 959, 12, 1313, 1290, 1289, 1313, 1289, 1314, 1263, 1346, 1268, 1235, 1254, 1210, 1253, 399, 1270, 398, 964, 397, 1269, 1271, 390, 394, 1271, 395, 402, 401, 1349, 404, 971, 403, 968, 402, 969, 967, 966, 400, 961, 395, 962, 964, 963, 397, 960, 12, 959, 952, 951, 384, 856, 857, 1283, 301, 300, 1275, 856, 855, 301, 855, 1283, 854, 299, 852, 298, 852, 851, 298, 296, 850, 295, 1073, 1369, 849, 1072, 1357, 1071, 1067, 1068, 1283, 492, 1312, 493, 488, 1290, 489, 1073, 1072, 497, 849, 1357, 1073, 1075, 499, 1076, 499, 1423, 500, 289, 291, 290, 287, 286, 292, 24, 836, 837, 842, 289, 290, 849, 295, 850, 1074, 1369, 1073, 1079, 1385, 1078, 844, 1385, 843, 354, 917, 353, 1077, 351, 1078, 1385, 22, 841, 23, 840, 841, 355, 1423, 356, 359, 360, 922, 916, 21, 915, 919, 357, 920, 1388, 1348, 367, 1426, 1423, 496, 357, 1423, 358, 360, 1389, 361, 1390, 368, 1348, 1342, 1341, 1348, 932, 370, 933, 369, 368, 1390, 361, 362, 924, 926, 925, 362, 364, 1388, 365, 930, 929, 366, 930, 367, 931, 931, 18, 930, 932, 18, 931, 372, 935, 371, 386, 387, 953, 952, 384, 385, 389, 390, 956, 958, 957, 390, 948, 381, 949, 948, 949, 14, 947, 948, 1405, 950, 384, 951, 374, 937, 373, 374, 379, 375, 941, 376, 377, 941, 375, 376, 15, 1408, 944, 380, 947, 379, 943, 1408, 942, 1408, 16, 942, 1424, 626, 49, 632, 47, 631, 628, 629, 47, 99, 628, 627, 627, 49, 626, 1424, 623, 624, 625, 624, 99, 634, 47, 633, 632, 102, 633, 102, 103, 634, 95, 1415, 96, 97, 98, 623, 98, 97, 101, 629, 99, 630, 102, 101, 97, 638, 637, 107, 636, 46, 635, 639, 109, 640, 640, 45, 639, 103, 104, 635, 103, 1415, 104, 106, 107, 637, 106, 1415, 107, 639, 46, 638, 111, 642, 110, 113, 644, 112, 115, 645, 114, 112, 111, 1419, 109, 1420, 110, 643, 111, 112, 1422, 113, 1430, 623, 1424, 622, 51, 1443, 50, 622, 621, 96, 94, 95, 620, 620, 1425, 619, 1443, 51, 616, 1425, 1443, 619, 1443, 617, 618, 48, 49, 628, 615, 614, 89, 612, 613, 51, 52, 53, 607, 609, 52, 608, 81, 607, 80, 88, 1406, 89, 1419, 1415, 1416, 1414, 89, 1406, 89, 1414, 90, 1419, 1416, 1430, 1371, 1372, 1416, 1414, 1393, 1415, 1414, 1406, 1393, 85, 86, 612, 85, 1406, 86, 85, 84, 1406, 83, 608, 82, 1396, 1395, 1397, 1306, 1394, 1409, 1292, 1355, 1303, 1355, 1372, 1356, 602, 1438, 1439, 609, 608, 83, 606, 607, 53, 53, 1439, 1438, 54, 1439, 53, 606, 1438, 605, 1438, 602, 603, 597, 596, 71, 54, 55, 597, 600, 1439, 599, 597, 598, 54, 56, 592, 55, 595, 594, 68, 595, 68, 69, 70, 69, 1437, 78, 79, 604, 1395, 1396, 1411, 78, 1411, 79, 75, 76, 602, 76, 1411, 77, 1433, 1411, 75, 1370, 1394, 1354, 1370, 1395, 1394, 599, 73, 600, 70, 71, 596, 71, 1433, 72, 598, 73, 599, 1441, 1344, 1434, 1411, 1433, 1410, 1434, 1345, 1410, 1306, 1304, 1280, 64, 65, 591, 592, 56, 591, 771, 230, 772, 231, 65, 64, 589, 64, 590, 590, 56, 589, 64, 772, 231, 231, 772, 230, 592, 66, 593, 592, 65, 66, 228, 229, 769, 66, 230, 1437, 771, 1435, 770, 770, 1435, 769, 1435, 1141, 1412, 1435, 1412, 769, 225, 226, 766, 226, 1436, 227, 1345, 1434, 1344, 223, 1441, 224, 1143, 1144, 1412, 1146, 765, 1145, 765, 764, 224, 763, 764, 1386, 1441, 221, 1344, 1441, 223, 222, 220, 1344, 221, 218, 219, 759, 761, 220, 762, 221, 763, 762, 217, 218, 758, 760, 759, 219, 647, 648, 44, 118, 649, 117, 642, 45, 641, 116, 647, 115, 654, 655, 42, 652, 121, 653, 651, 650, 120, 124, 655, 123, 123, 654, 122, 126, 656, 125, 1421, 656, 657, 659, 658, 127, 1421, 658, 42, 126, 127, 658, 1321, 1383, 1285, 646, 115, 647, 645, 644, 114, 118, 117, 1400, 119, 118, 1400, 1400, 1382, 122, 124, 123, 1401, 659, 127, 128, 1383, 1321, 129, 1419, 1430, 113, 1372, 1430, 1416, 128, 1383, 129, 128, 127, 1383, 1280, 1256, 1376, 1292, 1303, 1288, 1255, 1260, 1279, 1292, 1288, 1287, 41, 42, 659, 659, 128, 660, 131, 130, 1321, 41, 661, 662, 133, 664, 132, 665, 40, 664, 41, 664, 40, 667, 40, 666, 666, 40, 665, 670, 669, 138, 671, 670, 139, 667, 668, 40, 676, 38, 675, 672, 673, 1381, 143, 673, 142, 665, 135, 666, 665, 133, 134, 136, 137, 667, 139, 138, 1358, 141, 1358, 142, 139, 140, 671, 143, 142, 1302, 141, 142, 673, 1321, 1285, 1274, 1287, 1285, 1383, 1250, 1261, 1232, 1265, 1291, 1251, 1302, 1358, 1293, 1272, 1293, 1295, 1265, 1273, 1272, 164, 1273, 165, 1279, 1288, 1376, 1354, 1306, 1305, 215, 1343, 216, 1278, 1343, 1320, 1279, 1376, 1256, 1239, 1255, 1256, 1278, 1230, 1277, 1231, 1230, 1233, 757, 216, 758, 756, 215, 757, 212, 213, 753, 214, 1320, 215, 210, 211, 751, 212, 211, 1320, 203, 204, 744, 1233, 1238, 1231, 216, 757, 215, 757, 1368, 756, 214, 755, 213, 1155, 755, 1368, 1028, 750, 1027, 210, 751, 209, 206, 207, 747, 210, 209, 1320, 207, 1233, 208, 749, 208, 750, 1188, 746, 1379, 747, 207, 748, 203, 1238, 204, 204, 1238, 205, 203, 744, 202, 745, 744, 204, 1240, 1250, 1226, 1260, 1255, 1261, 1225, 1224, 1262, 1240, 1226, 1215, 168, 705, 167, 1250, 1240, 1251, 1214, 1205, 177, 1214, 174, 1249, 1231, 1224, 1225, 200, 1224, 201, 178, 1205, 179, 1206, 1205, 1215, 180, 716, 179, 181, 180, 1205, 181, 182, 718, 192, 183, 1199, 203, 202, 1238, 740, 200, 741, 741, 200, 742, 201, 743, 742, 197, 738, 196, 197, 1200, 198, 1200, 197, 1199, 195, 196, 737, 192, 193, 733, 193, 1199, 194, 190, 184, 191, 732, 191, 733, 722, 184, 185, 187, 186, 189, 729, 188, 730, 186, 187, 723, 1381, 674, 38, 673, 143, 674, 676, 145, 677, 145, 675, 144, 147, 677, 146, 678, 38, 677, 147, 678, 677, 683, 148, 684, 688, 152, 689, 149, 150, 686, 152, 151, 1302, 152, 1302, 153, 686, 150, 687, 686, 908, 1367, 688, 1308, 687, 690, 689, 152, 1367, 37, 682, 681, 37, 680, 147, 680, 679, 684, 1367, 683, 775, 232, 776, 1367, 911, 775, 778, 777, 232, 777, 36, 776, 350, 909, 349, 687, 1308, 686, 344, 903, 343, 348, 906, 347, 234, 349, 235, 234, 350, 349, 347, 905, 346, 345, 344, 1330, 154, 1293, 155, 157, 156, 1294, 693, 157, 694, 1272, 1273, 1294, 690, 691, 1308, 691, 692, 902, 158, 694, 157, 1301, 694, 695, 694, 158, 695, 1294, 1273, 160, 161, 1273, 162, 1273, 164, 163, 161, 698, 160, 1301, 697, 1340, 162, 699, 161, 162, 700, 699, 900, 342, 901, 902, 1301, 901, 903, 904, 1308, 902, 903, 691, 347, 1330, 348, 903, 344, 904, 902, 343, 903, 342, 343, 901, 341, 900, 899, 899, 1301, 898, 338, 897, 337, 897, 1340, 896, 1325, 1319, 1307, 338, 339, 897, 896, 337, 897, 896, 336, 337, 775, 776, 36, 233, 234, 232, 791, 33, 790, 779, 232, 234, 910, 909, 232, 781, 237, 782, 783, 782, 238, 33, 793, 1407, 785, 1361, 784, 787, 786, 241, 239, 783, 238, 240, 239, 1329, 244, 1331, 251, 246, 245, 249, 787, 242, 788, 246, 790, 245, 790, 33, 789, 247, 791, 246, 244, 789, 243, 252, 251, 1331, 248, 246, 249, 249, 250, 800, 247, 794, 793, 247, 795, 794, 798, 799, 31, 795, 247, 797, 799, 798, 248, 1407, 795, 32, 30, 31, 802, 345, 346, 905, 1323, 1330, 343, 242, 1329, 243, 1323, 1329, 1328, 1307, 1319, 338, 1332, 1310, 1335, 1337, 1322, 1338, 1335, 1338, 1332, 249, 800, 248, 251, 250, 245, 802, 252, 803, 802, 251, 252, 1324, 1337, 1331, 254, 805, 253, 257, 258, 808, 257, 1337, 258, 802, 31, 801, 31, 799, 800, 804, 253, 805, 30, 804, 805, 805, 806, 30, 807, 30, 806, 257, 808, 256, 809, 808, 258, 260, 811, 810, 808, 809, 29, 27, 1428, 26, 24, 25, 832, 813, 814, 28, 262, 261, 1338, 1377, 812, 813, 814, 813, 262, 168, 1251, 169, 167, 703, 166, 701, 165, 702, 704, 703, 167, 1249, 169, 1251, 1249, 173, 172, 169, 706, 168, 709, 708, 172, 890, 1244, 1241, 892, 891, 333, 890, 889, 330, 890, 1241, 889, 336, 895, 335, 896, 1340, 895, 886, 885, 327, 330, 329, 1242, 170, 171, 707, 170, 1249, 171, 708, 1241, 707, 706, 169, 707, 712, 175, 713, 173, 174, 710, 711, 710, 174, 709, 710, 1236, 882, 883, 1236, 882, 324, 883, 887, 328, 888, 889, 1241, 888, 326, 327, 885, 1243, 1242, 328, 883, 325, 884, 883, 324, 325, 713, 175, 176, 178, 177, 1205, 718, 719, 1219, 877, 878, 1219, 882, 1236, 881, 1236, 712, 713, 319, 878, 877, 1218, 875, 1219, 880, 879, 320, 880, 881, 713, 881, 880, 322, 323, 1281, 324, 878, 319, 879, 321, 320, 1281, 316, 1237, 317, 1237, 319, 318, 722, 721, 184, 720, 721, 1218, 723, 871, 1218, 725, 727, 726, 872, 1218, 871, 872, 313, 873, 313, 872, 312, 1217, 870, 724, 1237, 318, 317, 316, 317, 875, 316, 315, 1237, 873, 314, 874, 872, 871, 312, 310, 311, 864, 310, 309, 313, 310, 864, 309, 333, 334, 892, 336, 335, 1307, 1325, 1332, 1322, 1335, 1310, 1309, 1310, 1242, 1309, 326, 1243, 327, 1242, 1243, 1309, 1359, 1311, 1336, 262, 1338, 263, 266, 265, 1378, 818, 817, 267, 1380, 270, 1378, 272, 1380, 273, 1335, 1380, 1378, 272, 273, 823, 275, 274, 1365, 264, 815, 263, 816, 815, 265, 819, 27, 818, 29, 1377, 28, 269, 1378, 270, 819, 268, 820, 1429, 817, 27, 819, 818, 268, 819, 820, 27, 270, 821, 269, 825, 26, 824, 827, 828, 25, 277, 828, 276, 824, 26, 823, 28, 1429, 27, 1237, 1336, 320, 1364, 1318, 1317, 1275, 1318, 1276, 305, 1276, 306, 305, 306, 859, 1276, 1237, 307, 301, 1275, 302, 305, 304, 1276, 1318, 1363, 1362, 275, 1365, 276, 1365, 1363, 277, 1363, 280, 279, 297, 296, 1317, 282, 1364, 283, 832, 282, 833, 286, 285, 292, 277, 278, 829, 827, 276, 828, 26, 827, 25, 26, 825, 826, 832, 831, 281, 831, 1366, 830, 1366, 25, 828, 283, 1364, 284, 285, 284, 1364, 283, 834, 282, 836, 24, 835, 288, 289, 838, 24, 837, 23, 24, 833, 834, 285, 836, 284, 1440, 1135, 1136, 1135, 1440, 57, 773, 1440, 1435, 1440, 1136, 1137, 1134, 545, 546, 58, 1431, 1129, 57, 1432, 1135, 1134, 544, 545, 1138, 1435, 1137, 1140, 1139, 547, 549, 1141, 548, 549, 1142, 1141, 1140, 548, 1141, 1140, 547, 548, 549, 550, 1142, 550, 1418, 551, 553, 1144, 552, 1142, 1412, 1141, 1146, 1145, 553, 555, 1147, 554, 1143, 552, 1144, 552, 1143, 551, 555, 554, 1413, 553, 1413, 554, 1149, 1148, 557, 1147, 1386, 1146, 1151, 1150, 559, 1152, 1151, 560, 559, 558, 564, 558, 1149, 557, 559, 560, 1151, 561, 560, 562, 59, 60, 1122, 1119, 1118, 532, 1128, 1129, 1431, 1127, 1128, 1431, 1123, 1124, 59, 1122, 1123, 59, 1120, 533, 1121, 538, 537, 1402, 1118, 1119, 60, 1114, 1115, 61, 1122, 1121, 535, 1119, 1120, 60, 534, 1404, 535, 536, 1122, 535, 533, 1119, 532, 531, 532, 1118, 539, 540, 1127, 538, 539, 1126, 541, 1418, 542, 1403, 1413, 1402, 1399, 1404, 532, 536, 1404, 537, 572, 571, 1298, 1417, 1413, 1403, 1165, 1164, 569, 1162, 566, 1163, 569, 568, 1417, 569, 1417, 570, 574, 1298, 575, 1297, 575, 1298, 1168, 572, 1169, 1168, 571, 572, 1399, 531, 1350, 58, 59, 1431, 1113, 1112, 525, 1115, 1114, 528, 1116, 529, 1117, 1116, 528, 529, 525, 526, 1113, 527, 526, 1350, 1109, 1110, 62, 525, 1112, 524, 1108, 522, 1109, 1110, 1109, 523, 522, 523, 1109, 523, 1353, 524, 522, 1351, 523, 520, 521, 1107, 56, 57, 1440, 1106, 63, 1105, 63, 1103, 1104, 517, 515, 518, 1093, 513, 1094, 515, 516, 1096, 515, 517, 516, 1103, 63, 1102, 1100, 1101, 1442, 63, 1442, 1102, 1096, 1097, 1, 1, 1375, 1095, 1442, 1, 1099, 509, 508, 1352, 1296, 1444, 1339, 1297, 1339, 1444, 582, 1296, 583, 1296, 579, 1444, 578, 1173, 577, 581, 580, 1296, 582, 581, 1296, 1351, 512, 1352, 510, 511, 1092, 1090, 1089, 509, 510, 1352, 511, 505, 1333, 506, 1333, 508, 507, 1179, 582, 583, 1333, 584, 1296, 515, 514, 518, 512, 513, 1093, 514, 515, 1095, 1093, 1094, 1375, 508, 509, 1089, 1090, 1091, 1374, 3, 1374, 2, 1087, 1088, 3, 508, 1088, 507, 505, 1086, 504, 505, 1087, 1086, 503, 502, 587, 1182, 586, 1183, 503, 1084, 502, 503, 1085, 1084, 1153, 1154, 1368, 1152, 1153, 1368, 1155, 1300, 753, 1156, 562, 1157, 559, 563, 560, 557, 565, 558, 1157, 1158, 1300, 1159, 564, 1160, 454, 1027, 1026, 1027, 752, 1300, 748, 749, 1379, 750, 1028, 1379, 1021, 451, 1022, 454, 1024, 453, 1028, 454, 1029, 1027, 454, 1028, 1030, 454, 1031, 1032, 1031, 456, 1035, 1034, 458, 1035, 1188, 1034, 454, 455, 1031, 452, 455, 453, 1194, 460, 1190, 460, 1036, 459, 1042, 737, 1041, 1187, 739, 1189, 461, 1038, 1037, 1189, 1188, 1036, 1035, 458, 459, 461, 460, 1194, 1041, 465, 1042, 1038, 1039, 1187, 1020, 1163, 1019, 1162, 1163, 1299, 1158, 1159, 1300, 565, 566, 1161, 1017, 1018, 1166, 1168, 1167, 571, 1014, 443, 1015, 448, 1018, 447, 1173, 1229, 1172, 1227, 1170, 1229, 1168, 1227, 1167, 1013, 1227, 1012, 1017, 1016, 446, 1013, 1014, 1227, 1010, 1009, 439, 1012, 441, 1013, 451, 452, 1022, 1020, 1021, 1299, 1018, 1017, 447, 1190, 446, 1192, 456, 451, 457, 456, 452, 451, 1203, 466, 1193, 462, 463, 1039, 442, 1192, 443, 1192, 445, 444, 1012, 1011, 441, 1009, 1008, 438, 1190, 448, 447, 445, 446, 1016, 1192, 1191, 1190, 1196, 1191, 1195, 576, 1172, 575, 1174, 1173, 578, 1176, 1175, 580, 581, 1177, 580, 440, 1010, 439, 1011, 1228, 1010, 1006, 1259, 1005, 1004, 433, 1005, 1179, 583, 584, 585, 584, 1333, 1181, 585, 1182, 1003, 1259, 1002, 434, 1006, 1005, 1003, 1004, 1259, 1003, 1002, 432, 1182, 1282, 1001, 1182, 1001, 1181, 1002, 1181, 1001, 502, 1186, 1185, 1185, 1184, 502, 1000, 1001, 1282, 999, 1000, 1282, 998, 427, 999, 998, 1282, 997, 1081, 502, 1082, 502, 1084, 1083, 1086, 3, 1085, 5, 1282, 1080, 1080, 502, 1081, 426, 996, 994, 996, 997, 1282, 437, 438, 1008, 439, 1221, 440, 437, 436, 1221, 434, 435, 1006, 1248, 434, 433, 432, 433, 1003, 1247, 1245, 1216, 1248, 1247, 1197, 430, 1258, 431, 1257, 432, 1258, 426, 994, 993, 426, 425, 427, 424, 1258, 429, 419, 1257, 420, 419, 1246, 1257, 981, 414, 982, 5, 993, 994, 427, 996, 426, 425, 426, 992, 993, 6, 992, 1258, 422, 1257, 422, 1258, 423, 990, 989, 423, 988, 989, 6, 1257, 422, 421, 985, 419, 986, 420, 987, 419, 988, 7, 987, 414, 1246, 415, 417, 1246, 418, 985, 984, 418, 985, 7, 984, 738, 197, 739, 740, 739, 199, 466, 1042, 465, 1041, 1187, 1040, 734, 735, 1044, 195, 736, 194, 470, 1046, 469, 1042, 1043, 736, 1049, 729, 1207, 190, 731, 188, 871, 724, 870, 188, 727, 725, 1051, 475, 1052, 1053, 1220, 1052, 1220, 1050, 1051, 476, 1052, 475, 1040, 464, 1041, 463, 1194, 464, 1202, 1203, 1198, 466, 1203, 467, 1045, 734, 1044, 1043, 468, 1044, 1204, 470, 1203, 470, 1204, 471, 1048, 1047, 472, 474, 473, 1223, 474, 475, 1050, 476, 475, 1223, 1204, 473, 472, 470, 471, 1046, 480, 1213, 481, 476, 1223, 477, 866, 867, 1222, 726, 1217, 725, 1055, 1054, 479, 1056, 1055, 480, 869, 312, 870, 868, 869, 1217, 864, 1222, 863, 1056, 1222, 1055, 479, 478, 1213, 478, 1054, 477, 482, 1058, 481, 1222, 1059, 863, 1056, 480, 1057, 482, 1212, 483, 486, 1316, 487, 1058, 482, 1059, 861, 862, 1061, 309, 863, 308, 861, 1062, 860, 858, 859, 1284, 483, 1059, 482, 485, 1061, 484, 1063, 1284, 1062, 1284, 1283, 857, 1060, 484, 1061, 485, 1316, 486, 1290, 488, 487, 486, 487, 1063, 1066, 491, 1067, 1065, 1284, 1064, 489, 1290, 490, 1312, 492, 491, 1196, 1198, 1191, 1202, 1198, 1201, 1235, 1253, 1254, 1268, 1266, 1211, 1201, 1387, 1210, 1201, 1196, 1387, 1234, 1235, 1387, 1253, 1252, 1349, 412, 1245, 413, 1234, 408, 1252, 1234, 1245, 408, 1245, 410, 409, 406, 1252, 407, 407, 1252, 408, 401, 402, 968, 405, 404, 1252, 415, 1246, 416, 983, 416, 984, 415, 982, 414, 983, 8, 982, 979, 978, 412, 979, 1384, 978, 414, 981, 413, 981, 8, 980, 978, 1384, 977, 974, 975, 9, 8, 9, 1384, 973, 1326, 972, 1326, 970, 971, 9, 10, 1326, 1213, 1209, 1212, 1266, 1267, 1211, 1315, 1266, 1346, 1268, 1346, 1266, 1268, 1211, 1254, 1253, 1263, 1254, 1342, 1315, 1341, 393, 392, 1271, 398, 399, 965, 400, 399, 1253, 398, 1270, 399, 396, 397, 963, 960, 393, 961, 1269, 1263, 1271, 394, 395, 961, 394, 393, 1271, 1252, 404, 1349, 970, 403, 971, 970, 10, 969, 967, 968, 11, 965, 399, 966, 964, 965, 11, 10, 11, 968, 395, 396, 962, 12, 960, 1327, 11, 12, 1327, 958, 391, 959, 958, 390, 391, 957, 958, 13, 957, 956, 390, 303, 857, 302, 303, 858, 857, 1318, 1275, 1317, 299, 1275, 300, 492, 1067, 491, 1065, 1066, 1284, 1283, 1357, 854, 852, 853, 1357, 299, 1317, 1275, 296, 297, 851, 847, 294, 848, 293, 292, 285, 852, 1357, 851, 1068, 1357, 1283, 847, 848, 1369, 849, 848, 294, 491, 1066, 490, 1312, 490, 1290, 495, 496, 1071, 1070, 1357, 1069, 494, 1426, 495, 1069, 1068, 493, 1290, 1313, 1312, 1342, 1289, 1315, 1070, 494, 495, 496, 495, 1426, 498, 1074, 497, 499, 1075, 498, 1074, 498, 1075, 498, 497, 1423, 498, 1423, 499, 1427, 1423, 1426, 844, 290, 845, 843, 290, 844, 294, 293, 1364, 294, 847, 293, 839, 23, 838, 289, 842, 840, 913, 22, 1385, 292, 293, 846, 1385, 844, 1369, 351, 1077, 501, 1075, 1076, 1369, 23, 841, 22, 842, 841, 840, 20, 21, 920, 351, 501, 352, 501, 1076, 500, 355, 917, 354, 351, 352, 915, 22, 913, 914, 916, 915, 352, 912, 351, 914, 915, 22, 914, 352, 501, 353, 355, 354, 1423, 1427, 358, 1423, 359, 922, 358, 919, 918, 356, 917, 21, 916, 925, 1398, 20, 918, 919, 21, 1348, 1389, 1314, 1266, 1315, 1289, 1342, 1348, 1314, 1391, 1348, 1341, 921, 357, 358, 360, 359, 1389, 362, 361, 1389, 1348, 1388, 1389, 1269, 1341, 1315, 1391, 1347, 1392, 380, 373, 1392, 374, 373, 380, 370, 369, 1390, 370, 932, 369, 933, 370, 371, 372, 1390, 373, 919, 920, 21, 19, 20, 1398, 20, 923, 924, 364, 363, 1388, 1389, 1388, 363, 926, 927, 1398, 930, 19, 929, 19, 930, 18, 369, 932, 368, 929, 19, 928, 1398, 927, 928, 933, 18, 932, 936, 935, 372, 940, 17, 939, 955, 389, 956, 387, 388, 954, 387, 386, 1347, 386, 953, 385, 12, 13, 958, 955, 13, 954, 952, 953, 14, 381, 380, 1392, 947, 380, 948, 382, 381, 1392, 384, 1392, 385, 13, 14, 953, 382, 949, 381, 950, 949, 383, 943, 377, 944, 377, 376, 378, 945, 379, 946, 945, 377, 378, 937, 17, 936, 375, 937, 374, 17, 942, 16, 14, 1405, 948, 1405, 15, 945, 14, 15, 1405, 940, 942, 17, 375, 941, 940, 15, 16, 1408, 1425, 1424, 50, 627, 628, 49, 630, 99, 631, 101, 631, 100, 49, 50, 1424, 98, 99, 624, 98, 101, 100, 102, 634, 633, 632, 633, 47, 632, 631, 101, 630, 631, 47, 99, 100, 631, 99, 98, 100, 641, 45, 640, 46, 639, 45, 641, 640, 110, 104, 105, 636, 104, 1415, 105, 107, 108, 638, 109, 108, 1420, 643, 45, 642, 45, 644, 44, 45, 643, 644, 641, 110, 642, 109, 110, 640, 1425, 622, 1424, 1425, 621, 622, 95, 96, 621, 97, 96, 102, 1425, 50, 1443, 93, 619, 92, 620, 619, 94, 617, 1443, 616, 615, 616, 51, 613, 614, 51, 88, 614, 87, 85, 612, 611, 610, 611, 52, 618, 91, 92, 93, 92, 1414, 89, 90, 615, 91, 90, 1414, 1393, 1416, 1415, 1393, 1371, 1416, 86, 87, 613, 86, 1406, 87, 83, 84, 609, 83, 1396, 84, 1406, 1397, 1393, 1406, 1396, 1397, 605, 1438, 604, 603, 78, 604, 607, 608, 52, 607, 81, 608, 75, 602, 601, 600, 601, 1439, 605, 604, 79, 603, 604, 1438, 1439, 54, 599, 598, 599, 54, 74, 600, 73, 595, 55, 594, 79, 80, 605, 79, 1396, 80, 1411, 78, 77, 76, 77, 602, 1396, 83, 82, 81, 82, 608, 71, 72, 597, 74, 73, 1433, 73, 72, 1433, 73, 598, 72, 1409, 1410, 1345, 1411, 1410, 1395, 56, 590, 591, 592, 591, 65, 55, 592, 593, 594, 593, 68, 56, 588, 589, 64, 774, 773, 588, 64, 589, 64, 588, 774, 68, 593, 67, 593, 66, 67, 771, 229, 230, 231, 230, 66, 773, 1435, 772, 1435, 771, 772, 226, 227, 767, 228, 227, 1436, 225, 224, 1436, 223, 224, 764, 766, 1412, 765, 768, 767, 227, 221, 222, 763, 221, 1441, 222, 219, 1344, 220, 219, 218, 1344, 761, 762, 1386, 221, 762, 220, 646, 44, 645, 44, 644, 645, 646, 645, 115, 652, 43, 651, 43, 650, 651, 119, 120, 650, 121, 1400, 122, 654, 43, 653, 43, 652, 653, 1421, 42, 655, 658, 657, 126, 658, 1421, 657, 113, 114, 644, 115, 114, 1422, 648, 117, 649, 648, 116, 117, 653, 122, 654, 653, 121, 122, 1383, 1382, 1287, 124, 1401, 125, 1355, 1400, 1430, 119, 1400, 120, 1292, 1382, 1355, 1401, 1382, 1383, 1303, 1356, 1354, 1303, 1355, 1356, 130, 660, 129, 130, 661, 660, 130, 129, 1321, 128, 129, 660, 663, 662, 132, 663, 41, 662, 663, 132, 664, 131, 132, 662, 669, 670, 39, 40, 669, 39, 40, 668, 669, 1381, 39, 670, 135, 134, 1321, 135, 665, 134, 1358, 138, 1295, 668, 137, 669, 139, 1358, 140, 1358, 141, 140, 1272, 1274, 1265, 1321, 1295, 135, 1264, 1286, 1260, 1287, 1286, 1285, 1272, 1295, 1274, 1358, 1295, 1293, 1280, 1305, 1306, 1303, 1305, 1376, 1343, 1304, 1345, 1343, 1277, 1304, 1303, 1376, 1288, 1280, 1376, 1305, 1230, 1256, 1277, 1279, 1256, 1255, 1344, 217, 1343, 1344, 218, 217, 754, 213, 755, 1343, 215, 1320, 212, 1320, 213, 1278, 1320, 1233, 217, 758, 216, 759, 758, 218, 1155, 754, 755, 756, 755, 214, 1027, 751, 752, 753, 752, 212, 749, 207, 208, 209, 208, 1233, 747, 748, 1379, 749, 748, 207, 204, 205, 745, 206, 205, 1238, 1250, 1291, 1261, 1291, 1260, 1261, 1239, 1225, 1226, 1231, 1225, 1230, 167, 1251, 168, 1273, 1251, 165, 1214, 1215, 1205, 1240, 1215, 1249, 1200, 1262, 1224, 1200, 1206, 1262, 1200, 1199, 1205, 195, 1199, 196, 1205, 180, 179, 178, 179, 715, 201, 202, 743, 201, 1224, 202, 741, 1189, 740, 201, 742, 200, 198, 199, 739, 198, 1200, 199, 735, 193, 194, 195, 194, 1199, 190, 191, 731, 192, 191, 183, 186, 185, 189, 186, 722, 185, 675, 674, 144, 673, 674, 1381, 1302, 145, 144, 143, 144, 674, 684, 148, 685, 681, 148, 683, 677, 145, 146, 147, 146, 149, 152, 688, 151, 150, 151, 687, 690, 152, 153, 154, 153, 1302, 907, 908, 1308, 908, 686, 1308, 35, 36, 1373, 681, 147, 148, 147, 681, 680, 37, 1367, 775, 232, 775, 911, 36, 37, 775, 908, 907, 349, 906, 907, 1308, 688, 689, 1308, 906, 1308, 905, 350, 232, 909, 232, 911, 910, 1293, 156, 155, 691, 154, 692, 1293, 1294, 156, 1293, 1272, 1294, 155, 692, 154, 693, 692, 156, 695, 159, 696, 697, 1301, 696, 697, 160, 698, 159, 160, 696, 162, 163, 700, 162, 1273, 163, 1301, 695, 696, 697, 696, 160, 1301, 900, 901, 902, 901, 343, 345, 904, 344, 345, 905, 904, 345, 1330, 346, 1330, 347, 346, 897, 339, 898, 899, 898, 340, 893, 894, 1244, 896, 895, 336, 341, 340, 1319, 339, 340, 898, 779, 1373, 778, 781, 35, 780, 236, 781, 235, 779, 780, 1373, 233, 232, 350, 778, 232, 779, 348, 235, 349, 236, 235, 1328, 785, 786, 1361, 34, 1361, 788, 783, 784, 35, 785, 784, 240, 1329, 238, 1328, 1329, 239, 238, 245, 790, 789, 788, 789, 34, 245, 244, 251, 788, 243, 789, 795, 1407, 794, 31, 32, 796, 1407, 32, 33, 797, 247, 798, 796, 797, 31, 1330, 1328, 348, 1330, 1323, 1328, 244, 243, 1331, 242, 243, 788, 1323, 1319, 1322, 341, 1319, 342, 1329, 1324, 1331, 1329, 1323, 1324, 799, 248, 800, 250, 249, 245, 254, 1331, 255, 1329, 1331, 243, 1331, 257, 256, 255, 256, 807, 801, 800, 250, 801, 31, 800, 804, 803, 253, 804, 30, 803, 255, 806, 254, 255, 807, 806, 258, 259, 809, 258, 1337, 259, 1377, 29, 810, 812, 261, 813, 260, 261, 811, 165, 1251, 166, 1251, 167, 166, 703, 702, 166, 701, 1244, 700, 1249, 170, 169, 705, 168, 706, 708, 707, 171, 705, 706, 1241, 702, 1244, 701, 702, 703, 1244, 1241, 886, 887, 889, 888, 329, 895, 894, 335, 895, 1340, 894, 171, 172, 708, 171, 1249, 172, 706, 707, 1241, 170, 707, 169, 712, 174, 175, 174, 1214, 175, 1236, 883, 884, 885, 884, 326, 329, 888, 328, 888, 1241, 887, 327, 328, 886, 329, 328, 1242, 177, 176, 1214, 713, 176, 714, 716, 1219, 715, 718, 717, 181, 880, 714, 879, 880, 713, 714, 717, 1219, 716, 717, 718, 1219, 323, 881, 322, 323, 882, 881, 323, 322, 1281, 321, 322, 880, 1219, 879, 715, 1219, 878, 879, 721, 720, 183, 720, 1218, 719, 722, 723, 1218, 724, 723, 187, 873, 1218, 872, 873, 874, 1218, 876, 875, 317, 874, 875, 1218, 308, 315, 314, 313, 314, 873, 870, 312, 871, 313, 312, 310, 335, 334, 1307, 893, 334, 894, 1307, 1310, 1325, 1307, 1242, 1310, 331, 332, 890, 333, 332, 1242, 1311, 1309, 1243, 1380, 1335, 1360, 264, 265, 815, 264, 1338, 265, 268, 1378, 269, 266, 1378, 267, 1359, 1360, 1311, 1380, 1360, 1365, 814, 263, 815, 814, 262, 263, 1429, 28, 814, 266, 267, 817, 268, 267, 1378, 270, 822, 821, 820, 821, 27, 1428, 27, 821, 274, 273, 1380, 274, 824, 273, 1336, 1281, 320, 1336, 1311, 1281, 1275, 1276, 304, 1336, 1276, 1318, 306, 307, 860, 308, 307, 315, 303, 304, 858, 303, 1275, 304, 1318, 1362, 1359, 1365, 1362, 1363, 277, 1363, 278, 1363, 279, 278, 297, 1317, 298, 294, 1364, 295, 1365, 277, 276, 275, 276, 827, 827, 826, 275, 827, 26, 826, 831, 830, 280, 829, 830, 1366, 282, 281, 1364, 282, 832, 281, 835, 834, 283, 835, 24, 834, 835, 284, 836, 835, 283, 284, 57, 58, 1432, 1138, 1137, 546, 1440, 1137, 1435, 1130, 58, 1129, 1130, 1131, 58, 1134, 1432, 1133, 1432, 1132, 1133, 1140, 1435, 1139, 1435, 1138, 1139, 1138, 546, 1139, 543, 1131, 1130, 543, 547, 544, 547, 545, 544, 767, 1412, 766, 1143, 1412, 1142, 1412, 1145, 765, 1412, 1144, 1145, 552, 551, 1413, 550, 551, 1142, 1146, 554, 1147, 1146, 553, 554, 1149, 1386, 1148, 761, 1386, 760, 1151, 1386, 1150, 1386, 1149, 1150, 564, 558, 565, 556, 557, 1148, 1431, 59, 1126, 543, 1129, 542, 543, 1130, 1129, 1115, 1116, 61, 1126, 59, 1125, 59, 1124, 1125, 1113, 1114, 61, 1122, 60, 1121, 60, 1120, 1121, 534, 535, 1121, 536, 535, 1404, 539, 1418, 540, 1418, 541, 540, 543, 542, 548, 541, 542, 1128, 1403, 1402, 1399, 1418, 1402, 1413, 569, 1164, 568, 1164, 567, 568, 1165, 569, 570, 571, 570, 1298, 1403, 1298, 1417, 1297, 1298, 1399, 1118, 60, 1117, 1116, 1117, 61, 1110, 1111, 62, 531, 1117, 530, 1117, 529, 530, 1114, 526, 527, 528, 527, 1350, 1113, 61, 1112, 1111, 1112, 62, 1109, 62, 1108, 523, 524, 1110, 525, 524, 1353, 520, 1107, 519, 1108, 1107, 521, 63, 1104, 1105, 519, 1106, 518, 1105, 518, 1106, 1105, 517, 518, 1100, 516, 1102, 1102, 516, 1103, 1442, 0, 1, 1442, 63, 0, 1096, 516, 1097, 516, 1098, 1097, 528, 1350, 529, 1353, 1350, 526, 578, 1444, 579, 1297, 1444, 576, 576, 1444, 577, 1444, 578, 577, 1176, 580, 1177, 579, 580, 1175, 1339, 1351, 1352, 1339, 1353, 1351, 509, 1352, 510, 1339, 1352, 1333, 506, 507, 1087, 506, 1333, 507, 513, 514, 1094, 519, 514, 1351, 1096, 1095, 515, 1094, 1095, 1375, 510, 1091, 509, 510, 1092, 1091, 1088, 1089, 1374, 1088, 508, 1089, 1374, 3, 1088, 503, 504, 1085, 504, 586, 1333, 758, 1368, 757, 1152, 1368, 1151, 561, 1156, 1154, 1157, 562, 1158, 559, 564, 563, 562, 563, 1159, 1162, 1299, 1161, 1299, 1159, 1160, 1157, 1300, 1156, 1156, 1300, 1155, 1030, 1029, 454, 1029, 1379, 1028, 1025, 1300, 1024, 1025, 1026, 1300, 1031, 1379, 1030, 747, 1379, 746, 1034, 1033, 458, 1034, 1188, 1033, 1023, 453, 1024, 1023, 452, 453, 456, 457, 1032, 458, 457, 1190, 742, 1189, 741, 1188, 1189, 743, 1035, 1036, 1188, 1037, 1036, 460, 460, 459, 1190, 1035, 459, 1036, 1160, 565, 1161, 1160, 564, 565, 1299, 1160, 1161, 1162, 1161, 566, 1165, 1166, 1018, 1167, 1166, 571, 1016, 1227, 1015, 1015, 444, 1016, 574, 1171, 1170, 1169, 1170, 1227, 1171, 1229, 1170, 1228, 1229, 1173, 445, 1016, 444, 1014, 1015, 1227, 1023, 1022, 452, 1021, 1022, 1299, 448, 1020, 1019, 1018, 1019, 1165, 457, 450, 1190, 457, 451, 450, 443, 444, 1015, 443, 1192, 444, 440, 441, 1011, 1192, 442, 1221, 446, 447, 1017, 446, 1190, 447, 1173, 1172, 577, 1171, 1172, 1229, 1228, 1175, 1008, 1228, 1174, 1175, 1228, 1009, 1010, 1011, 1010, 440, 1008, 1007, 437, 1006, 1007, 1259, 1179, 1178, 582, 1179, 1259, 1178, 1181, 1180, 585, 1181, 1259, 1180, 1004, 1005, 1259, 434, 1005, 433, 585, 586, 1182, 586, 504, 587, 586, 587, 1183, 503, 587, 504, 430, 1001, 429, 430, 1002, 1001, 1082, 1083, 1334, 1082, 502, 1083, 4, 1334, 1084, 1082, 1334, 1081, 502, 1080, 1186, 1080, 1282, 1186, 438, 439, 1009, 440, 1221, 441, 435, 436, 1007, 435, 1248, 436, 438, 1221, 439, 438, 437, 1221, 1195, 1248, 1197, 1387, 1196, 1216, 1258, 432, 431, 430, 431, 1002, 429, 428, 424, 999, 428, 1000, 425, 992, 424, 991, 424, 992, 5, 994, 995, 994, 996, 995, 6, 991, 992, 993, 992, 426, 422, 423, 989, 424, 423, 1258, 420, 421, 988, 420, 1257, 421, 7, 986, 987, 988, 987, 420, 417, 418, 984, 419, 418, 1246, 738, 739, 1187, 198, 739, 197, 465, 1041, 464, 1039, 1040, 1187, 735, 736, 1043, 737, 736, 195, 732, 733, 1207, 734, 733, 193, 730, 1207, 729, 732, 731, 191, 727, 188, 728, 188, 725, 724, 731, 1207, 730, 731, 732, 1207, 465, 464, 1193, 463, 464, 1040, 1203, 468, 467, 466, 467, 1042, 1045, 1044, 469, 1043, 1044, 735, 1203, 470, 469, 468, 469, 1044, 473, 1049, 1048, 1047, 1048, 1207, 1220, 1051, 1052, 1053, 1052, 476, 471, 472, 1047, 471, 1204, 472, 870, 1217, 869, 1217, 867, 868, 1220, 1054, 1217, 1220, 1053, 1054, 312, 868, 311, 868, 312, 869, 311, 866, 865, 311, 868, 866, 478, 477, 1213, 1053, 477, 1054, 1058, 1057, 481, 1058, 1222, 1057, 479, 1213, 480, 1223, 1213, 477, 862, 863, 1060, 864, 863, 309, 1284, 860, 1062, 1284, 859, 860, 483, 1060, 1059, 1058, 1059, 1222, 485, 484, 1316, 483, 484, 1060, 1212, 1316, 483, 1212, 1267, 1316, 488, 1065, 1064, 1063, 1064, 1284, 1194, 1193, 464, 1191, 1193, 1190, 1204, 1209, 1223, 1208, 1209, 1202, 1197, 1216, 1196, 1197, 1247, 1216, 1235, 1210, 1387, 1208, 1210, 1254, 410, 1245, 411, 1245, 412, 411, 409, 408, 1245, 407, 408, 975, 1235, 1252, 1253, 1235, 1234, 1252, 983, 415, 416, 417, 416, 1246, 8, 981, 982, 983, 982, 415, 412, 413, 979, 414, 413, 1245, 975, 976, 9, 409, 976, 408, 976, 410, 977, 978, 977, 411, 405, 972, 404, 405, 973, 972, 1212, 1211, 1267, 1208, 1211, 1209, 1267, 1289, 1290, 1267, 1266, 1289, 1268, 1254, 1263, 1208, 1254, 1211, 1263, 1269, 1346, 1269, 1315, 1346, 402, 1349, 403, 1253, 1349, 400, 397, 1270, 398, 397, 396, 1270, 1270, 395, 1271, 1270, 396, 395, 970, 402, 403, 404, 403, 1349, 10, 968, 969, 970, 969, 402, 967, 11, 966, 11, 965, 966, 963, 962, 396, 961, 1327, 960, 963, 1327, 962, 963, 11, 1327, 392, 959, 391, 392, 960, 959, 856, 302, 857, 856, 301, 302, 853, 300, 854, 853, 299, 300, 1066, 1283, 1284, 1066, 1067, 1283, 853, 854, 1357, 855, 854, 301, 1317, 299, 298, 297, 298, 851, 849, 294, 295, 296, 295, 1317, 1357, 849, 850, 851, 850, 296, 1312, 491, 490, 489, 490, 1065, 494, 1069, 493, 494, 1070, 1069, 494, 493, 1426, 492, 493, 1068, 1357, 1070, 1071, 1072, 1071, 496, 848, 849, 1369, 1072, 1073, 1357, 1073, 497, 1074, 496, 497, 1072, 291, 287, 292, 289, 287, 291, 845, 292, 846, 845, 291, 292, 288, 838, 286, 837, 286, 838, 23, 837, 838, 842, 290, 843, 845, 1369, 844, 847, 846, 293, 847, 1369, 846, 1075, 1369, 1074, 841, 843, 1385, 841, 842, 843, 354, 500, 1423, 501, 500, 353, 1385, 1077, 1078, 351, 1079, 1078, 913, 912, 914, 913, 1385, 912, 354, 353, 500, 352, 353, 916, 357, 919, 356, 355, 356, 918, 918, 21, 917, 1342, 1314, 1289, 1427, 1314, 1389, 362, 1389, 363, 1427, 1389, 359, 359, 358, 1427, 921, 358, 922, 923, 361, 924, 923, 360, 361, 1341, 1347, 1391, 1341, 1269, 1347, 371, 1390, 372, 371, 370, 1390, 931, 368, 932, 931, 367, 368, 923, 20, 922, 20, 921, 922, 925, 924, 362, 925, 20, 924, 926, 363, 927, 926, 362, 363, 366, 365, 1388, 927, 365, 928, 929, 928, 366, 1398, 928, 19, 18, 933, 934, 935, 934, 371, 389, 388, 1347, 389, 955, 388, 386, 385, 1347, 952, 385, 953, 957, 13, 956, 13, 955, 956, 13, 953, 954, 955, 954, 388, 382, 1392, 383, 1391, 1392, 1390, 382, 383, 949, 384, 383, 1392, 952, 14, 951, 14, 950, 951, 378, 375, 379, 378, 376, 375, 378, 379, 945, 380, 379, 374, 375, 938, 937, 937, 938, 17, 947, 1405, 946, 1405, 945, 946, 377, 945, 944, 943, 944, 1408, 943, 942, 941, 942, 940, 941]
    normal3f[] normals = [
        (0, 0, 1),
        (0, 0, 1),
        (0, 0, 1),
        (0, 0, 1),
        (0, 0, 1),
        (0, 0, 1),
        (-0, -0, 1),
        (-0, -0, 1),
        (-0, -0, 1),
        (-0.0131909315, -0.847895847, 0.529998709),
        (-0.0131909315, -0.847895847, 0.529998709),
        (-0.0131909315, -0.847895847, 0.529998709),
        (0, 0, 1),
        (0, 0, 1),
        (0, 0, 1),
        (0, -0, 1),
        (0, -0, 1),
        (0, -0, 1),
        (0.847618762, 0.0253709017, 0.529998823),
        (0.847618762, 0.0253709017, 0.529998823),
        (0.847618762, 0.0253709017, 0.529998823),
        (0, 0, 1),
        (0, 0, 1),
        (0, 0, 1),
        (0, 0, 1),
        (0, 0, 1),
        (0, 0, 1),
        (0, 0, 1),
        (0, 0, 1),
        (0, 0, 1),
        (0, 0, 1),
        (0, 0, 1),
        (0, 0, 1),
        (0, 0, 1),
        (0, 0, 1),
        (0, 0, 1),
        (-0.00389958683, -0.847989475, 0.52999872),
        (-0.00389958683, -0.847989475, 0.52999872),
        (-0.00389958683, -0.847989475, 0.52999872),
        (0, 0, 1),
        (0, 0, 1),
        (0, 0, 1),
        (0.847973611, 0.00647122192, 0.529998941),
        (0.847973611, 0.00647122192, 0.529998941),
        (0.847973611, 0.00647122192, 0.529998941),
        (0, 0, 1),
        (0, 0, 1),
        (0, 0, 1),
        (0, 0, 1),
        (0, 0, 1),
        (0, 0, 1),
        (-0, 0, 1),
        (-0, 0, 1),
        (-0, 0, 1),
        (0, 0, 1),
        (0, 0, 1),
        (0, 0, 1),
        (0, 0, 1),
        (0, 0, 1),
        (0, 0, 1),
        (0, -0, 1),
        (0, -0, 1),
        (0, -0, 1),
        (-0, -0, 1),
        (-0, -0, 1),
        (-0, -0, 1),
        (0, 0, 1),
        (0, 0, 1),
        (0, 0, 1),
        (0, 0, 1),
        (0, 0, 1),
        (0, 0, 1),
        (0.0215865253, -0.847723349, 0.529999193),
        (0.0215865253, -0.847723349, 0.529999193),
        (0.0215865253, -0.847723349, 0.529999193),
        (0, 0, 1),
        (0, 0, 1),
        (0, 0, 1),
        (0, 0, 1),
        (0, 0, 1),
        (0, 0, 1),
        (0, 0, 1),
        (0, 0, 1),
        (0, 0, 1),
        (-0.0297759811, 0.847475331, 0.529999014),
        (-0.0297759811, 0.847475331, 0.529999014),
        (-0.0297759811, 0.847475331, 0.529999014),
        (-0.847315918, 0.0340101754, 0.529999097),
        (-0.847315918, 0.0340101754, 0.529999097),
        (-0.847315918, 0.0340101754, 0.529999097),
        (0, 0, 1),
        (0, 0, 1),
        (0, 0, 1),
        (0, 0, 1),
        (0, 0, 1),
        (0, 0, 1),
        (0, -0, 1),
        (0, -0, 1),
        (0, -0, 1),
        (-0.0191045367, -0.847783134, 0.529998845),
        (-0.0191045367, -0.847783134, 0.529998845),
        (-0.0191045367, -0.847783134, 0.529998845),
        (-0.0211076947, 0.84773572, 0.529998693),
        (-0.0211076947, 0.84773572, 0.529998693),
        (-0.0211076947, 0.84773572, 0.529998693),
        (0, 0, 1),
        (0, 0, 1),
        (0, 0, 1),
        (-0.847972535, 0.00665989842, 0.529998326),
        (-0.847972535, 0.00665989842, 0.529998326),
        (-0.847972535, 0.00665989842, 0.529998326),
        (-0.844840555, 0.0731105034, 0.529999332),
        (-0.844840555, 0.0731105034, 0.529999332),
        (-0.844840555, 0.0731105034, 0.529999332),
        (0, -0, 1),
        (0, -0, 1),
        (0, -0, 1),
        (0, 0, 1),
        (0, 0, 1),
        (0, 0, 1),
        (0, 0, 1),
        (0, 0, 1),
        (0, 0, 1),
        (-0.847080213, -0.0394441121, 0.529999317),
        (-0.847080213, -0.0394441121, 0.529999317),
        (-0.847080213, -0.0394441121, 0.529999317),
        (0, 0, 1),
        (0, 0, 1),
        (0, 0, 1),
        (-0, 0, 1),
        (-0, 0, 1),
        (-0, 0, 1),
        (0, 0, 1),
        (0, 0, 1),
        (0, 0, 1),
        (-0.00937395595, 0.84794631, 0.529999231),
        (-0.00937395595, 0.84794631, 0.529999231),
        (-0.00937395595, 0.84794631, 0.529999231),
        (0.00636999797, 0.847974299, 0.529999067),
        (0.00636999797, 0.847974299, 0.529999067),
        (0.00636999797, 0.847974299, 0.529999067),
        (-0.0192672517, -0.839913726, 0.542377826),
        (-0.0192672517, -0.839913726, 0.542377826),
        (-0.0192672517, -0.839913726, 0.542377826),
        (0, -0, 1),
        (0, -0, 1),
        (0, -0, 1),
        (-0, 0, 1),
        (-0, 0, 1),
        (-0, 0, 1),
        (-0, 0, 1),
        (-0, 0, 1),
        (-0, 0, 1),
        (-0.847345353, 0.033280209, 0.529998378),
        (-0.847345353, 0.033280209, 0.529998378),
        (-0.847345353, 0.033280209, 0.529998378),
        (0, 0, 1),
        (0, 0, 1),
        (0, 0, 1),
        (-0, 0, 1),
        (-0, 0, 1),
        (-0, 0, 1),
        (-0.0212192645, -0.847732983, 0.529998616),
        (-0.0212192645, -0.847732983, 0.529998616),
        (-0.0212192645, -0.847732983, 0.529998616),
        (0.0748011009, 0.844693163, 0.529998355),
        (0.0748011009, 0.844693163, 0.529998355),
        (0.0748011009, 0.844693163, 0.529998355),
        (0, -0, 1),
        (0, -0, 1),
        (0, -0, 1),
        (0, 0, 1),
        (0, 0, 1),
        (0, 0, 1),
        (0.847695442, 0.0226570087, 0.529999149),
        (0.847695442, 0.0226570087, 0.529999149),
        (0.847695442, 0.0226570087, 0.529999149),
        (0, -0, 1),
        (0, -0, 1),
        (0, -0, 1),
        (-0.0022770604, 0.847995153, 0.52999909),
        (-0.0022770604, 0.847995153, 0.52999909),
        (-0.0022770604, 0.847995153, 0.52999909),
        (-0.00393498664, 0.845952251, 0.533244133),
        (-0.00393498664, 0.845952251, 0.533244133),
        (-0.00393498664, 0.845952251, 0.533244133),
        (0, -0, 1),
        (0, -0, 1),
        (0, -0, 1),
        (-0.847998304, 0, 0.52999894),
        (-0.847998304, 0, 0.52999894),
        (-0.847998304, 0, 0.52999894),
        (-0.847993261, -0.00292448007, 0.52999894),
        (-0.847993261, -0.00292448007, 0.52999894),
        (-0.847993261, -0.00292448007, 0.52999894),
        (0, 0, 1),
        (0, 0, 1),
        (0, 0, 1),
        (0.0165497473, -0.851570824, 0.52397828),
        (0.0165497473, -0.851570824, 0.52397828),
        (0.0165497473, -0.851570824, 0.52397828),
        (0, 0, 1),
        (0, 0, 1),
        (0, 0, 1),
        (0, 0, 1),
        (0, 0, 1),
        (0, 0, 1),
        (-0, 0, 1),
        (-0, 0, 1),
        (-0, 0, 1),
        (0, 0, 1),
        (0, 0, 1),
        (0, 0, 1),
        (0, -0, 1),
        (0, -0, 1),
        (0, -0, 1),
        (-0.847972197, 0.00665658218, 0.529998909),
        (-0.847972197, 0.00665658218, 0.529998909),
        (-0.847972197, 0.00665658218, 0.529998909),
        (-0, 0, 1),
        (-0, 0, 1),
        (-0, 0, 1),
        (-0.847180337, 0.0372401317, 0.529998725),
        (-0.847180337, 0.0372401317, 0.529998725),
        (-0.847180337, 0.0372401317, 0.529998725),
        (0.847486523, -0.0294552232, 0.52999904),
        (0.847486523, -0.0294552232, 0.52999904),
        (0.847486523, -0.0294552232, 0.52999904),
        (0, 0, 1),
        (0, 0, 1),
        (0, 0, 1),
        (0, 0, 1),
        (0, 0, 1),
        (0, 0, 1),
        (0, 0, 1),
        (0, 0, 1),
        (0, 0, 1),
        (-0.847179787, 0.0372436117, 0.529999361),
        (-0.847179787, 0.0372436117, 0.529999361),
        (-0.847179787, 0.0372436117, 0.529999361),
        (-0.847359033, 0.0329166377, 0.529999211),
        (-0.847359033, 0.0329166377, 0.529999211),
        (-0.847359033, 0.0329166377, 0.529999211),
        (0, 0, 1),
        (0, 0, 1),
        (0, 0, 1),
        (0, 0, 1),
        (0, 0, 1),
        (0, 0, 1),
        (-0.846225222, 0.0548043282, 0.529999395),
        (-0.846225222, 0.0548043282, 0.529999395),
        (-0.846225222, 0.0548043282, 0.529999395),
        (-0, 0, 1),
        (-0, 0, 1),
        (-0, 0, 1),
        (-0, -0, 1),
        (-0, -0, 1),
        (-0, -0, 1),
        (0, 0, 1),
        (0, 0, 1),
        (0, 0, 1),
        (-0, 0, 1),
        (-0, 0, 1),
        (-0, 0, 1),
        (0, -0, 1),
        (0, -0, 1),
        (0, -0, 1),
        (-0.0639781198, -0.845581456, 0.52999887),
        (-0.0639781198, -0.845581456, 0.52999887),
        (-0.0639781198, -0.845581456, 0.52999887),
        (0, -0, 1),
        (0, -0, 1),
        (0, -0, 1),
        (0, 0, 1),
        (0, 0, 1),
        (0, 0, 1),
        (0.0316444625, 0.847407609, 0.529999031),
        (0.0316444625, 0.847407609, 0.529999031),
        (0.0316444625, 0.847407609, 0.529999031),
        (-0, 0, 1),
        (-0, 0, 1),
        (-0, 0, 1),
        (-0.0352548781, 0.847265118, 0.529998975),
        (-0.0352548781, 0.847265118, 0.529998975),
        (-0.0352548781, 0.847265118, 0.529998975),
        (0, 0, 1),
        (0, 0, 1),
        (0, 0, 1),
        (0, 0, 1),
        (0, 0, 1),
        (0, 0, 1),
        (0, 0, 1),
        (0, 0, 1),
        (0, 0, 1),
        (-0.847457129, 0.0302902347, 0.529998978),
        (-0.847457129, 0.0302902347, 0.529998978),
        (-0.847457129, 0.0302902347, 0.529998978),
        (0, 0, 1),
        (0, 0, 1),
        (0, 0, 1),
        (0, 0, 1),
        (0, 0, 1),
        (0, 0, 1),
        (0, -0, 1),
        (0, -0, 1),
        (0, -0, 1),
        (0, -0, 1),
        (0, -0, 1),
        (0, -0, 1),
        (0, 0, 1),
        (0, 0, 1),
        (0, 0, 1),
        (0, 0, 1),
        (0, 0, 1),
        (0, 0, 1),
        (-0.041017561, -0.84700589, 0.529998662),
        (-0.041017561, -0.84700589, 0.529998662),
        (-0.041017561, -0.84700589, 0.529998662),
        (0, 0, 1),
        (0, 0, 1),
        (0, 0, 1),
        (0, 0, 1),
        (0, 0, 1),
        (0, 0, 1),
        (-0.0175943529, 0.847816172, 0.52999828),
        (-0.0175943529, 0.847816172, 0.52999828),
        (-0.0175943529, 0.847816172, 0.52999828),
        (0, -0, 1),
        (0, -0, 1),
        (0, -0, 1),
        (0, 0, 1),
        (0, 0, 1),
        (0, 0, 1),
        (0, 0, 1),
        (0, 0, 1),
        (0, 0, 1),
        (-0, 0, 1),
        (-0, 0, 1),
        (-0, 0, 1),
        (-0, 0, 1),
        (-0, 0, 1),
        (-0, 0, 1),
        (0, -0, 1),
        (0, -0, 1),
        (0, -0, 1),
        (0, 0, 1),
        (0, 0, 1),
        (0, 0, 1),
        (0, -0, 1),
        (0, -0, 1),
        (0, -0, 1),
        (0, 0, 1),
        (0, 0, 1),
        (0, 0, 1),
        (0, -0, 1),
        (0, -0, 1),
        (0, -0, 1),
        (0.846812144, -0.0448314756, 0.529999369),
        (0.846812144, -0.0448314756, 0.529999369),
        (0.846812144, -0.0448314756, 0.529999369),
        (-0.845767717, 0.0614647197, 0.529999111),
        (-0.845767717, 0.0614647197, 0.529999111),
        (-0.845767717, 0.0614647197, 0.529999111),
        (-0.84780347, 0.0181597245, 0.529999529),
        (-0.84780347, 0.0181597245, 0.529999529),
        (-0.84780347, 0.0181597245, 0.529999529),
        (0.847947009, 0.009318099, 0.529999098),
        (0.847947009, 0.009318099, 0.529999098),
        (0.847947009, 0.009318099, 0.529999098),
        (0.0168459106, 0.847831068, 0.52999877),
        (0.0168459106, 0.847831068, 0.52999877),
        (0.0168459106, 0.847831068, 0.52999877),
        (0.0022770604, 0.847995153, 0.52999909),
        (0.0022770604, 0.847995153, 0.52999909),
        (0.0022770604, 0.847995153, 0.52999909),
        (0, 0, 1),
        (0, 0, 1),
        (0, 0, 1),
        (0, -0, 1),
        (0, -0, 1),
        (0, -0, 1),
        (-0.856320536, 0.031552629, 0.515479942),
        (-0.856320536, 0.031552629, 0.515479942),
        (-0.856320536, 0.031552629, 0.515479942),
        (-0, -0, 1),
        (-0, -0, 1),
        (-0, -0, 1),
        (-0.847405411, -0.0316976509, 0.529999366),
        (-0.847405411, -0.0316976509, 0.529999366),
        (-0.847405411, -0.0316976509, 0.529999366),
        (0.0206413653, -0.84774682, 0.529999305),
        (0.0206413653, -0.84774682, 0.529999305),
        (0.0206413653, -0.84774682, 0.529999305),
        (-0, 0, 1),
        (-0, 0, 1),
        (-0, 0, 1),
        (0, 0, 1),
        (0, 0, 1),
        (0, 0, 1),
        (0, 0, 1),
        (0, 0, 1),
        (0, 0, 1),
        (0.00579392202, -0.847978463, 0.529999015),
        (0.00579392202, -0.847978463, 0.529999015),
        (0.00579392202, -0.847978463, 0.529999015),
        (0, 0, 1),
        (0, 0, 1),
        (0, 0, 1),
        (-0.024035444, -0.847657359, 0.529999339),
        (-0.024035444, -0.847657359, 0.529999339),
        (-0.024035444, -0.847657359, 0.529999339),
        (-0, 0, 1),
        (-0, 0, 1),
        (-0, 0, 1),
        (-0.0212201147, -0.847732867, 0.529998768),
        (-0.0212201147, -0.847732867, 0.529998768),
        (-0.0212201147, -0.847732867, 0.529998768),
        (-0.754339626, -0.274006043, 0.596567194),
        (-0.754339626, -0.274006043, 0.596567194),
        (-0.754339626, -0.274006043, 0.596567194),
        (0, 0, 1),
        (0, 0, 1),
        (0, 0, 1),
        (0.847553151, -0.0274820395, 0.529998485),
        (0.847553151, -0.0274820395, 0.529998485),
        (0.847553151, -0.0274820395, 0.529998485),
        (-0.847998312, -0.00071614556, 0.529998444),
        (-0.847998312, -0.00071614556, 0.529998444),
        (-0.847998312, -0.00071614556, 0.529998444),
        (0, 0, 1),
        (0, 0, 1),
        (0, 0, 1),
        (-0, 0, 1),
        (-0, 0, 1),
        (-0, 0, 1),
        (0, 0, 1),
        (0, 0, 1),
        (0, 0, 1),
        (0, 0, 1),
        (0, 0, 1),
        (0, 0, 1),
        (-0.84799457, -0.0026197061, 0.52999844),
        (-0.84799457, -0.0026197061, 0.52999844),
        (-0.84799457, -0.0026197061, 0.52999844),
        (-0.847993425, -0.00292305889, 0.529998685),
        (-0.847993425, -0.00292305889, 0.529998685),
        (-0.847993425, -0.00292305889, 0.529998685),
        (0, -0, 1),
        (0, -0, 1),
        (0, -0, 1),
        (-0, 0, 1),
        (-0, 0, 1),
        (-0, 0, 1),
        (0.847715472, -0.0218865868, 0.529999486),
        (0.847715472, -0.0218865868, 0.529999486),
        (0.847715472, -0.0218865868, 0.529999486),
        (0, 0, 1),
        (0, 0, 1),
        (0, 0, 1),
        (0.847650716, -0.0242726783, 0.529999151),
        (0.847650716, -0.0242726783, 0.529999151),
        (0.847650716, -0.0242726783, 0.529999151),
        (0.0643732542, 0.84555151, 0.5299988),
        (0.0643732542, 0.84555151, 0.5299988),
        (0.0643732542, 0.84555151, 0.5299988),
        (0, 0, 1),
        (0, 0, 1),
        (0, 0, 1),
        (-0, 0, 1),
        (-0, 0, 1),
        (-0, 0, 1),
        (0, 0, 1),
        (0, 0, 1),
        (0, 0, 1),
        (0.103047539, 0.841713951, 0.529998896),
        (0.103047539, 0.841713951, 0.529998896),
        (0.103047539, 0.841713951, 0.529998896),
        (-0.847405411, 0.0316976509, 0.529999366),
        (-0.847405411, 0.0316976509, 0.529999366),
        (-0.847405411, 0.0316976509, 0.529999366),
        (0.103054949, 0.841712833, 0.52999923),
        (0.103054949, 0.841712833, 0.52999923),
        (0.103054949, 0.841712833, 0.52999923),
        (0, 0, 1),
        (0, 0, 1),
        (0, 0, 1),
        (0, 0, 1),
        (0, 0, 1),
        (0, 0, 1),
        (0, 0, 1),
        (0, 0, 1),
        (0, 0, 1),
        (0, 0, 1),
        (0, 0, 1),
        (0, 0, 1),
        (0, 0, 1),
        (0, 0, 1),
        (0, 0, 1),
        (0, 0, 1),
        (0, 0, 1),
        (0, 0, 1),
        (-0.847809172, -0.0178973996, 0.52999933),
        (-0.847809172, -0.0178973996, 0.52999933),
        (-0.847809172, -0.0178973996, 0.52999933),
        (-0.847809175, 0.0178972887, 0.52999933),
        (-0.847809175, 0.0178972887, 0.52999933),
        (-0.847809175, 0.0178972887, 0.52999933),
        (0, 0, 1),
        (0, 0, 1),
        (0, 0, 1),
        (-0, 0, 1),
        (-0, 0, 1),
        (-0, 0, 1),
        (0, 0, 1),
        (0, 0, 1),
        (0, 0, 1),
        (-0.00755530023, 0.84796488, 0.529998566),
        (-0.00755530023, 0.84796488, 0.529998566),
        (-0.00755530023, 0.84796488, 0.529998566),
        (0.00660727187, 0.847972474, 0.529999082),
        (0.00660727187, 0.847972474, 0.529999082),
        (0.00660727187, 0.847972474, 0.529999082),
        (-0, 0, 1),
        (-0, 0, 1),
        (-0, 0, 1),
        (0.115532256, 0.840091325, 0.529998928),
        (0.115532256, 0.840091325, 0.529998928),
        (0.115532256, 0.840091325, 0.529998928),
        (-0.0905682504, -0.843148135, 0.529998693),
        (-0.0905682504, -0.843148135, 0.529998693),
        (-0.0905682504, -0.843148135, 0.529998693),
        (0.0642178795, 0.845563359, 0.529998745),
        (0.0642178795, 0.845563359, 0.529998745),
        (0.0642178795, 0.845563359, 0.529998745),
        (-0.0642171469, -0.845562938, 0.529999506),
        (-0.0642171469, -0.845562938, 0.529999506),
        (-0.0642171469, -0.845562938, 0.529999506),
        (-0, 0, 1),
        (-0, 0, 1),
        (-0, 0, 1),
        (0, 0, 1),
        (0, 0, 1),
        (0, 0, 1),
        (-0.0634618826, -0.845620415, 0.529998777),
        (-0.0634618826, -0.845620415, 0.529998777),
        (-0.0634618826, -0.845620415, 0.529998777),
        (0, 0, 1),
        (0, 0, 1),
        (0, 0, 1),
        (0, 0, 1),
        (0, 0, 1),
        (0, 0, 1),
        (0, 0, 1),
        (0, 0, 1),
        (0, 0, 1),
        (0.0340214511, 0.847315574, 0.529998924),
        (0.0340214511, 0.847315574, 0.529998924),
        (0.0340214511, 0.847315574, 0.529998924),
        (-0, 0, 1),
        (-0, 0, 1),
        (-0, 0, 1),
        (0, 0, 1),
        (0, 0, 1),
        (0, 0, 1),
        (0.000942549877, 0.847997868, 0.5299988),
        (0.000942549877, 0.847997868, 0.5299988),
        (0.000942549877, 0.847997868, 0.5299988),
        (0.036689284, 0.847204534, 0.529998466),
        (0.036689284, 0.847204534, 0.529998466),
        (0.036689284, 0.847204534, 0.529998466),
        (0.852845124, -0.0429357267, 0.520395733),
        (0.852845124, -0.0429357267, 0.520395733),
        (0.852845124, -0.0429357267, 0.520395733),
        (-0.0269218408, -0.847570874, 0.529998894),
        (-0.0269218408, -0.847570874, 0.529998894),
        (-0.0269218408, -0.847570874, 0.529998894),
        (0.847809007, -0.0179129818, 0.529999069),
        (0.847809007, -0.0179129818, 0.529999069),
        (0.847809007, -0.0179129818, 0.529999069),
        (0, 0, 1),
        (0, 0, 1),
        (0, 0, 1),
        (-0, 0, 1),
        (-0, 0, 1),
        (-0, 0, 1),
        (-0.0240309032, -0.847657996, 0.529998525),
        (-0.0240309032, -0.847657996, 0.529998525),
        (-0.0240309032, -0.847657996, 0.529998525),
        (0, -0, 1),
        (0, -0, 1),
        (0, -0, 1),
        (0, 0, 1),
        (0, 0, 1),
        (0, 0, 1),
        (0.00898706428, -0.847950537, 0.529999169),
        (0.00898706428, -0.847950537, 0.529999169),
        (0.00898706428, -0.847950537, 0.529999169),
        (0.017767324, -0.847812294, 0.529998713),
        (0.017767324, -0.847812294, 0.529998713),
        (0.017767324, -0.847812294, 0.529998713),
        (0, 0, 1),
        (0, 0, 1),
        (0, 0, 1),
        (0.00494923386, -0.847193621, 0.531261211),
        (0.00494923386, -0.847193621, 0.531261211),
        (0.00494923386, -0.847193621, 0.531261211),
        (0, 0, 1),
        (0, 0, 1),
        (0, 0, 1),
        (0.847944706, 0.00953608275, 0.529998905),
        (0.847944706, 0.00953608275, 0.529998905),
        (0.847944706, 0.00953608275, 0.529998905),
        (-0, -0, 1),
        (-0, -0, 1),
        (-0, -0, 1),
        (-0.844483163, 0.0771302315, 0.529999164),
        (-0.844483163, 0.0771302315, 0.529999164),
        (-0.844483163, 0.0771302315, 0.529999164),
        (0, 0, 1),
        (0, 0, 1),
        (0, 0, 1),
        (0, -0, 1),
        (0, -0, 1),
        (0, -0, 1),
        (-0.844413723, 0.077887, 0.529999131),
        (-0.844413723, 0.077887, 0.529999131),
        (-0.844413723, 0.077887, 0.529999131),
        (0, 0, 1),
        (0, 0, 1),
        (0, 0, 1),
        (0, 0, 1),
        (0, 0, 1),
        (0, 0, 1),
        (0, 0, 1),
        (0, 0, 1),
        (0, 0, 1),
        (0, 0, 1),
        (0, 0, 1),
        (0, 0, 1),
        (-0.0211056275, 0.847735545, 0.529999055),
        (-0.0211056275, 0.847735545, 0.529999055),
        (-0.0211056275, 0.847735545, 0.529999055),
        (0, -0, 1),
        (0, -0, 1),
        (0, -0, 1),
        (0, 0, 1),
        (0, 0, 1),
        (0, 0, 1),
        (-0, 0, 1),
        (-0, 0, 1),
        (-0, 0, 1),
        (0, 0, 1),
        (0, 0, 1),
        (0, 0, 1),
        (0, 0, 1),
        (0, 0, 1),
        (0, 0, 1),
        (0.847979787, 0.00556320383, 0.52999937),
        (0.847979787, 0.00556320383, 0.52999937),
        (0.847979787, 0.00556320383, 0.52999937),
        (0.847730855, -0.0213048481, 0.529998586),
        (0.847730855, -0.0213048481, 0.529998586),
        (0.847730855, -0.0213048481, 0.529998586),
        (0, 0, 1),
        (0, 0, 1),
        (0, 0, 1),
        (-0, 0, 1),
        (-0, 0, 1),
        (-0, 0, 1),
        (0, 0, 1),
        (0, 0, 1),
        (0, 0, 1),
        (0, 0, 1),
        (0, 0, 1),
        (0, 0, 1),
        (0.84143066, -0.105337059, 0.529998631),
        (0.84143066, -0.105337059, 0.529998631),
        (0.84143066, -0.105337059, 0.529998631),
        (0, 0, 1),
        (0, 0, 1),
        (0, 0, 1),
        (0, 0, 1),
        (0, 0, 1),
        (0, 0, 1),
        (-0.842663842, 0.0949658882, 0.529999178),
        (-0.842663842, 0.0949658882, 0.529999178),
        (-0.842663842, 0.0949658882, 0.529999178),
        (0, 0, 1),
        (0, 0, 1),
        (0, 0, 1),
        (0, 0, 1),
        (0, 0, 1),
        (0, 0, 1),
        (0.847758414, -0.0201646213, 0.529999112),
        (0.847758414, -0.0201646213, 0.529999112),
        (0.847758414, -0.0201646213, 0.529999112),
        (0, 0, 1),
        (0, 0, 1),
        (0, 0, 1),
        (-0, 0, 1),
        (-0, 0, 1),
        (-0, 0, 1),
        (0, 0, 1),
        (0, 0, 1),
        (0, 0, 1),
        (0.847973497, 0.0064722033, 0.529999112),
        (0.847973497, 0.0064722033, 0.529999112),
        (0.847973497, 0.0064722033, 0.529999112),
        (0.846618853, -0.0483495443, 0.529998904),
        (0.846618853, -0.0483495443, 0.529998904),
        (0.846618853, -0.0483495443, 0.529998904),
        (0.0366916687, 0.847204169, 0.529998884),
        (0.0366916687, 0.847204169, 0.529998884),
        (0.0366916687, 0.847204169, 0.529998884),
        (-0.0146301867, 0.847872255, 0.529998677),
        (-0.0146301867, 0.847872255, 0.529998677),
        (-0.0146301867, 0.847872255, 0.529998677),
        (0, 0, 1),
        (0, 0, 1),
        (0, 0, 1),
        (-0, -0, 1),
        (-0, -0, 1),
        (-0, -0, 1),
        (0, 0, 1),
        (0, 0, 1),
        (0, 0, 1),
        (-0.854915754, 0.0265763903, 0.518085658),
        (-0.854915754, 0.0265763903, 0.518085658),
        (-0.854915754, 0.0265763903, 0.518085658),
        (0, 0, 1),
        (0, 0, 1),
        (0, 0, 1),
        (0.0446861778, 0.846820092, 0.529998941),
        (0.0446861778, 0.846820092, 0.529998941),
        (0.0446861778, 0.846820092, 0.529998941),
        (0.832507646, 0.0893102888, 0.546767494),
        (0.832507646, 0.0893102888, 0.546767494),
        (0.832507646, 0.0893102888, 0.546767494),
        (0, 0, 1),
        (0, 0, 1),
        (0, 0, 1),
        (0, 0, 1),
        (0, 0, 1),
        (0, 0, 1),
        (-0, 0, 1),
        (-0, 0, 1),
        (-0, 0, 1),
        (0, -0, 1),
        (0, -0, 1),
        (0, -0, 1),
        (-0.847738397, -0.0209857772, 0.529999252),
        (-0.847738397, -0.0209857772, 0.529999252),
        (-0.847738397, -0.0209857772, 0.529999252),
        (0, 0, 1),
        (0, 0, 1),
        (0, 0, 1),
        (0.0203878481, -0.847753176, 0.529998951),
        (0.0203878481, -0.847753176, 0.529998951),
        (0.0203878481, -0.847753176, 0.529998951),
        (-0.847405962, -0.0316940412, 0.529998701),
        (-0.847405962, -0.0316940412, 0.529998701),
        (-0.847405962, -0.0316940412, 0.529998701),
        (-0.847113927, -0.038723638, 0.529998561),
        (-0.847113927, -0.038723638, 0.529998561),
        (-0.847113927, -0.038723638, 0.529998561),
        (0, 0, 1),
        (0, 0, 1),
        (0, 0, 1),
        (0, 0, 1),
        (0, 0, 1),
        (0, 0, 1),
        (-0.847045308, -0.0401966246, 0.529998563),
        (-0.847045308, -0.0401966246, 0.529998563),
        (-0.847045308, -0.0401966246, 0.529998563),
        (-0.847607745, -0.0257366604, 0.529998806),
        (-0.847607745, -0.0257366604, 0.529998806),
        (-0.847607745, -0.0257366604, 0.529998806),
        (0.020157325, -0.847758516, 0.529999227),
        (0.020157325, -0.847758516, 0.529999227),
        (0.020157325, -0.847758516, 0.529999227),
        (0, 0, 1),
        (0, 0, 1),
        (0, 0, 1),
        (0.0236246851, -0.847669416, 0.529998525),
        (0.0236246851, -0.847669416, 0.529998525),
        (0.0236246851, -0.847669416, 0.529998525),
        (0, 0, 1),
        (0, 0, 1),
        (0, 0, 1),
        (0, 0, 1),
        (0, 0, 1),
        (0, 0, 1),
        (-0, 0, 1),
        (-0, 0, 1),
        (-0, 0, 1),
        (0.0207602507, -0.847744273, 0.529998736),
        (0.0207602507, -0.847744273, 0.529998736),
        (0.0207602507, -0.847744273, 0.529998736),
        (-0, 0, 1),
        (-0, 0, 1),
        (-0, 0, 1),
        (0, 0, 1),
        (0, 0, 1),
        (0, 0, 1),
        (-0.0203852435, -0.847753239, 0.52999895),
        (-0.0203852435, -0.847753239, 0.52999895),
        (-0.0203852435, -0.847753239, 0.52999895),
        (0, 0, 1),
        (0, 0, 1),
        (0, 0, 1),
        (0, 0, 1),
        (0, 0, 1),
        (0, 0, 1),
        (0, 0, 1),
        (0, 0, 1),
        (0, 0, 1),
        (0.847486481, -0.0294547037, 0.529999136),
        (0.847486481, -0.0294547037, 0.529999136),
        (0.847486481, -0.0294547037, 0.529999136),
        (-0, 0, 1),
        (-0, 0, 1),
        (-0, 0, 1),
        (0, 0, 1),
        (0, 0, 1),
        (0, 0, 1),
        (0, 0, 1),
        (0, 0, 1),
        (0, 0, 1),
        (0, 0, 1),
        (0, 0, 1),
        (0, 0, 1),
        (0, 0, 1),
        (0, 0, 1),
        (0, 0, 1),
        (-0, 0, 1),
        (-0, 0, 1),
        (-0, 0, 1),
        (0, 0, 1),
        (0, 0, 1),
        (0, 0, 1),
        (-0, 0, 1),
        (-0, 0, 1),
        (-0, 0, 1),
        (0, 0, 1),
        (0, 0, 1),
        (0, 0, 1),
        (-0.847982365, -0.0051767808, 0.52999916),
        (-0.847982365, -0.0051767808, 0.52999916),
        (-0.847982365, -0.0051767808, 0.52999916),
        (0, -0, 1),
        (0, -0, 1),
        (0, -0, 1),
        (0, 0, 1),
        (0, 0, 1),
        (0, 0, 1),
        (-0, -0, 1),
        (-0, -0, 1),
        (-0, -0, 1),
        (-0, 0, 1),
        (-0, 0, 1),
        (-0, 0, 1),
        (0, 0, 1),
        (0, 0, 1),
        (0, 0, 1),
        (0, 0, 1),
        (0, 0, 1),
        (0, 0, 1),
        (-0, 0, 1),
        (-0, 0, 1),
        (-0, 0, 1),
        (0, 0, 1),
        (0, 0, 1),
        (0, 0, 1),
        (0, -0, 1),
        (0, -0, 1),
        (0, -0, 1),
        (-0.847765681, 0.0198727875, 0.529998511),
        (-0.847765681, 0.0198727875, 0.529998511),
        (-0.847765681, 0.0198727875, 0.529998511),
        (0, 0, 1),
        (0, 0, 1),
        (0, 0, 1),
        (0, 0, 1),
        (0, 0, 1),
        (0, 0, 1),
        (-0, 0, 1),
        (-0, 0, 1),
        (-0, 0, 1),
        (0, 0, 1),
        (0, 0, 1),
        (0, 0, 1),
        (0, 0, 1),
        (0, 0, 1),
        (0, 0, 1),
        (0, 0, 1),
        (0, 0, 1),
        (0, 0, 1),
        (0, 0, 1),
        (0, 0, 1),
        (0, 0, 1),
        (0.846183466, -0.0554560289, 0.529998275),
        (0.846183466, -0.0554560289, 0.529998275),
        (0.846183466, -0.0554560289, 0.529998275),
        (0.846398195, -0.0520682116, 0.529999054),
        (0.846398195, -0.0520682116, 0.529999054),
        (0.846398195, -0.0520682116, 0.529999054),
        (0, 0, 1),
        (0, 0, 1),
        (0, 0, 1),
        (0.847650563, -0.0242707141, 0.529999487),
        (0.847650563, -0.0242707141, 0.529999487),
        (0.847650563, -0.0242707141, 0.529999487),
        (0.846187684, -0.0553916355, 0.529998274),
        (0.846187684, -0.0553916355, 0.529998274),
        (0.846187684, -0.0553916355, 0.529998274),
        (0.0996762986, 0.842120019, 0.529998593),
        (0.0996762986, 0.842120019, 0.529998593),
        (0.0996762986, 0.842120019, 0.529998593),
        (0, 0, 1),
        (0, 0, 1),
        (0, 0, 1),
        (0, 0, 1),
        (0, 0, 1),
        (0, 0, 1),
        (0.064396233, 0.845549775, 0.529998777),
        (0.064396233, 0.845549775, 0.529998777),
        (0.064396233, 0.845549775, 0.529998777),
        (0.845950568, -0.0589002503, 0.529998488),
        (0.845950568, -0.0589002503, 0.529998488),
        (0.845950568, -0.0589002503, 0.529998488),
        (-0, 0, 1),
        (-0, 0, 1),
        (-0, 0, 1),
        (0, 0, 1),
        (0, 0, 1),
        (0, 0, 1),
        (0.0810904387, 0.844112215, 0.529998971),
        (0.0810904387, 0.844112215, 0.529998971),
        (0.0810904387, 0.844112215, 0.529998971),
        (0, 0, 1),
        (0, 0, 1),
        (0, 0, 1),
        (-0, -0, 1),
        (-0, -0, 1),
        (-0, -0, 1),
        (0, 0, 1),
        (0, 0, 1),
        (0, 0, 1),
        (-0.847322436, 0.0107918609, 0.530969138),
        (-0.847322436, 0.0107918609, 0.530969138),
        (-0.847322436, 0.0107918609, 0.530969138),
        (0, 0, 1),
        (0, 0, 1),
        (0, 0, 1),
        (0.109131661, 0.840946963, 0.529998572),
        (0.109131661, 0.840946963, 0.529998572),
        (0.109131661, 0.840946963, 0.529998572),
        (-0.109133252, -0.840946457, 0.529999046),
        (-0.109133252, -0.840946457, 0.529999046),
        (-0.109133252, -0.840946457, 0.529999046),
        (-0, -0, 1),
        (-0, -0, 1),
        (-0, -0, 1),
        (0, 0, 1),
        (0, 0, 1),
        (0, 0, 1),
        (-0, 0, 1),
        (-0, 0, 1),
        (-0, 0, 1),
        (0.115530152, 0.840091863, 0.529998534),
        (0.115530152, 0.840091863, 0.529998534),
        (0.115530152, 0.840091863, 0.529998534),
        (-0.125767114, -0.83862018, 0.529998893),
        (-0.125767114, -0.83862018, 0.529998893),
        (-0.125767114, -0.83862018, 0.529998893),
        (0, 0, 1),
        (0, 0, 1),
        (0, 0, 1),
        (-0, 0, 1),
        (-0, 0, 1),
        (-0, 0, 1),
        (0, 0, 1),
        (0, 0, 1),
        (0, 0, 1),
        (0, -0, 1),
        (0, -0, 1),
        (0, -0, 1),
        (0, -0, 1),
        (0, -0, 1),
        (0, -0, 1),
        (0, 0, 1),
        (0, 0, 1),
        (0, 0, 1),
        (0, -0, 1),
        (0, -0, 1),
        (0, -0, 1),
        (-0.875746074, -0.0578491073, 0.479293536),
        (-0.875746074, -0.0578491073, 0.479293536),
        (-0.875746074, -0.0578491073, 0.479293536),
        (0, -0, 1),
        (0, -0, 1),
        (0, -0, 1),
        (0, 0, 1),
        (0, 0, 1),
        (0, 0, 1),
        (0, -0, 1),
        (0, -0, 1),
        (0, -0, 1),
        (0, 0, 1),
        (0, 0, 1),
        (0, 0, 1),
        (-0, -0, 1),
        (-0, -0, 1),
        (-0, -0, 1),
        (-0.052877105, 0.84634808, 0.529998999),
        (-0.052877105, 0.84634808, 0.529998999),
        (-0.052877105, 0.84634808, 0.529998999),
        (-0.00566744306, 0.847979241, 0.529999139),
        (-0.00566744306, 0.847979241, 0.529999139),
        (-0.00566744306, 0.847979241, 0.529999139),
        (0, -0, 1),
        (0, -0, 1),
        (0, -0, 1),
        (-0.00637021664, 0.847974326, 0.529999022),
        (-0.00637021664, 0.847974326, 0.529999022),
        (-0.00637021664, 0.847974326, 0.529999022),
        (-0.0530561655, 0.84633688, 0.52999899),
        (-0.0530561655, 0.84633688, 0.52999899),
        (-0.0530561655, 0.84633688, 0.52999899),
        (0, 0, 1),
        (0, 0, 1),
        (0, 0, 1),
        (0, 0, 1),
        (0, 0, 1),
        (0, 0, 1),
        (-0.0996764998, -0.84211984, 0.52999884),
        (-0.0996764998, -0.84211984, 0.52999884),
        (-0.0996764998, -0.84211984, 0.52999884),
        (0, 0, 1),
        (0, 0, 1),
        (0, 0, 1),
        (0.106762697, 0.841250778, 0.52999892),
        (0.106762697, 0.841250778, 0.52999892),
        (0.106762697, 0.841250778, 0.52999892),
        (0.0634631085, 0.845620322, 0.529998777),
        (0.0634631085, 0.845620322, 0.529998777),
        (0.0634631085, 0.845620322, 0.529998777),
        (-0, -0, 1),
        (-0, -0, 1),
        (-0, -0, 1),
        (0, 0, 1),
        (0, 0, 1),
        (0, 0, 1),
        (0, 0, 1),
        (0, 0, 1),
        (0, 0, 1),
        (-0, 0, 1),
        (-0, 0, 1),
        (-0, 0, 1),
        (0, 0, 1),
        (0, 0, 1),
        (0, 0, 1),
        (0.0643713081, 0.845551876, 0.529998453),
        (0.0643713081, 0.845551876, 0.529998453),
        (0.0643713081, 0.845551876, 0.529998453),
        (0.0683433381, 0.845240021, 0.52999858),
        (0.0683433381, 0.845240021, 0.52999858),
        (0.0683433381, 0.845240021, 0.52999858),
        (0.0748024091, 0.844692904, 0.529998582),
        (0.0748024091, 0.844692904, 0.529998582),
        (0.0748024091, 0.844692904, 0.529998582),
        (-0.0643971779, -0.845549703, 0.529998777),
        (-0.0643971779, -0.845549703, 0.529998777),
        (-0.0643971779, -0.845549703, 0.529998777),
        (0.839960618, -0.116477553, 0.529999188),
        (0.839960618, -0.116477553, 0.529999188),
        (0.839960618, -0.116477553, 0.529999188),
        (-0.106762846, -0.84125082, 0.529998824),
        (-0.106762846, -0.84125082, 0.529998824),
        (-0.106762846, -0.84125082, 0.529998824),
        (-0.0960573593, -0.842540333, 0.52999884),
        (-0.0960573593, -0.842540333, 0.52999884),
        (-0.0960573593, -0.842540333, 0.52999884),
        (0, 0, 1),
        (0, 0, 1),
        (0, 0, 1),
        (0, 0, 1),
        (0, 0, 1),
        (0, 0, 1),
        (0, 0, 1),
        (0, 0, 1),
        (0, 0, 1),
        (0, 0, 1),
        (0, 0, 1),
        (0, 0, 1),
        (0, -0, 1),
        (0, -0, 1),
        (0, -0, 1),
        (0, 0, 1),
        (0, 0, 1),
        (0, 0, 1),
        (0, 0, 1),
        (0, 0, 1),
        (0, 0, 1),
        (0, 0, 1),
        (0, 0, 1),
        (0, 0, 1),
        (0, 0, 1),
        (0, 0, 1),
        (0, 0, 1),
        (-0, 0, 1),
        (-0, 0, 1),
        (-0, 0, 1),
        (0.00894110519, 0.847951266, 0.529998781),
        (0.00894110519, 0.847951266, 0.529998781),
        (0.00894110519, 0.847951266, 0.529998781),
        (-0.0219199818, 0.847715045, 0.529998789),
        (-0.0219199818, 0.847715045, 0.529998789),
        (-0.0219199818, 0.847715045, 0.529998789),
        (0, 0, 1),
        (0, 0, 1),
        (0, 0, 1),
        (-0.0727478956, -0.823260297, 0.562983328),
        (-0.0727478956, -0.823260297, 0.562983328),
        (-0.0727478956, -0.823260297, 0.562983328),
        (-0.01910544, -0.847783211, 0.529998688),
        (-0.01910544, -0.847783211, 0.529998688),
        (-0.01910544, -0.847783211, 0.529998688),
        (-0.115571018, -0.830651559, 0.544666254),
        (-0.115571018, -0.830651559, 0.544666254),
        (-0.115571018, -0.830651559, 0.544666254),
        (-0.842281712, -0.0315788328, 0.538111786),
        (-0.842281712, -0.0315788328, 0.538111786),
        (-0.842281712, -0.0315788328, 0.538111786),
        (-0.847191042, 0.0369913721, 0.529999034),
        (-0.847191042, 0.0369913721, 0.529999034),
        (-0.847191042, 0.0369913721, 0.529999034),
        (0, 0, 1),
        (0, 0, 1),
        (0, 0, 1),
        (-0.842062734, 0.10015801, 0.529998797),
        (-0.842062734, 0.10015801, 0.529998797),
        (-0.842062734, 0.10015801, 0.529998797),
        (-0, 0, 1),
        (-0, 0, 1),
        (-0, 0, 1),
        (-0.0227245303, -0.847693587, 0.529999224),
        (-0.0227245303, -0.847693587, 0.529999224),
        (-0.0227245303, -0.847693587, 0.529999224),
        (0, 0, 1),
        (0, 0, 1),
        (0, 0, 1),
        (-0, -0, 1),
        (-0, -0, 1),
        (-0, -0, 1),
        (-0.0150348407, -0.847865071, 0.529998844),
        (-0.0150348407, -0.847865071, 0.529998844),
        (-0.0150348407, -0.847865071, 0.529998844),
        (-0.0227216857, -0.847693986, 0.529998708),
        (-0.0227216857, -0.847693986, 0.529998708),
        (-0.0227216857, -0.847693986, 0.529998708),
        (-0.0238827689, -0.84766208, 0.52999869),
        (-0.0238827689, -0.84766208, 0.52999869),
        (-0.0238827689, -0.84766208, 0.52999869),
        (0.0430574519, 0.846904273, 0.529999253),
        (0.0430574519, 0.846904273, 0.529999253),
        (0.0430574519, 0.846904273, 0.529999253),
        (0, 0, 1),
        (0, 0, 1),
        (0, 0, 1),
        (-0.00898701792, -0.847950543, 0.529999161),
        (-0.00898701792, -0.847950543, 0.529999161),
        (-0.00898701792, -0.847950543, 0.529999161),
        (0, -0.847998304, 0.52999894),
        (0, -0.847998304, 0.52999894),
        (0, -0.847998304, 0.52999894),
        (0.0238827693, -0.847662093, 0.529998669),
        (0.0238827693, -0.847662093, 0.529998669),
        (0.0238827693, -0.847662093, 0.529998669),
        (0, 0, 1),
        (0, 0, 1),
        (0, 0, 1),
        (0, -0, 1),
        (0, -0, 1),
        (0, -0, 1),
        (0, 0, 1),
        (0, 0, 1),
        (0, 0, 1),
        (0, -0, 1),
        (0, -0, 1),
        (0, -0, 1),
        (0.354590958, -0.785572386, 0.507090997),
        (0.354590958, -0.785572386, 0.507090997),
        (0.354590958, -0.785572386, 0.507090997),
        (0, 0, 1),
        (0, 0, 1),
        (0, 0, 1),
        (0.0410164579, 0.847005941, 0.529998667),
        (0.0410164579, 0.847005941, 0.529998667),
        (0.0410164579, 0.847005941, 0.529998667),
        (0, -0, 1),
        (0, -0, 1),
        (0, -0, 1),
        (0, 0, 1),
        (0, 0, 1),
        (0, 0, 1),
        (0, -0, 1),
        (0, -0, 1),
        (0, -0, 1),
        (0, -0, 1),
        (0, -0, 1),
        (0, -0, 1),
        (0.847764941, -0.0198935265, 0.529998918),
        (0.847764941, -0.0198935265, 0.529998918),
        (0.847764941, -0.0198935265, 0.529998918),
        (0.847944655, -0.0095356443, 0.529998993),
        (0.847944655, -0.0095356443, 0.529998993),
        (0.847944655, -0.0095356443, 0.529998993),
        (-0, 0, 1),
        (-0, 0, 1),
        (-0, 0, 1),
        (0, 0, 1),
        (0, 0, 1),
        (0, 0, 1),
        (0, 0, 1),
        (0, 0, 1),
        (0, 0, 1),
        (0, 0, 1),
        (0, 0, 1),
        (0, 0, 1),
        (-0.00243005024, -0.8470617, 0.531489013),
        (-0.00243005024, -0.8470617, 0.531489013),
        (-0.00243005024, -0.8470617, 0.531489013),
        (-0, 0, 1),
        (-0, 0, 1),
        (-0, 0, 1),
        (0, 0, 1),
        (0, 0, 1),
        (0, 0, 1),
        (0, -0, 1),
        (0, -0, 1),
        (0, -0, 1),
        (0.018583407, 0.847794363, 0.52999941),
        (0.018583407, 0.847794363, 0.52999941),
        (0.018583407, 0.847794363, 0.52999941),
        (0, 0, 1),
        (0, 0, 1),
        (0, 0, 1),
        (0.0249979023, 0.847629761, 0.529998956),
        (0.0249979023, 0.847629761, 0.529998956),
        (0.0249979023, 0.847629761, 0.529998956),
        (0, 0, 1),
        (0, 0, 1),
        (0, 0, 1),
        (-0.0104016212, -0.847934652, 0.52999871),
        (-0.0104016212, -0.847934652, 0.52999871),
        (-0.0104016212, -0.847934652, 0.52999871),
        (-0.0150741594, -0.847864716, 0.529998295),
        (-0.0150741594, -0.847864716, 0.529998295),
        (-0.0150741594, -0.847864716, 0.529998295),
        (0, -0, 1),
        (0, -0, 1),
        (0, -0, 1),
        (-0.0161037186, -0.84784518, 0.529999265),
        (-0.0161037186, -0.84784518, 0.529999265),
        (-0.0161037186, -0.84784518, 0.529999265),
        (0, 0, 1),
        (0, 0, 1),
        (0, 0, 1),
        (-0.0455761672, 0.846772724, 0.529998836),
        (-0.0455761672, 0.846772724, 0.529998836),
        (-0.0455761672, 0.846772724, 0.529998836),
        (0.0104746109, -0.847933448, 0.529999198),
        (0.0104746109, -0.847933448, 0.529999198),
        (0.0104746109, -0.847933448, 0.529999198),
        (-0, 0, 1),
        (-0, 0, 1),
        (-0, 0, 1),
        (0, 0, 1),
        (0, 0, 1),
        (0, 0, 1),
        (-0.0157091854, 0.847853199, 0.529998278),
        (-0.0157091854, 0.847853199, 0.529998278),
        (-0.0157091854, 0.847853199, 0.529998278),
        (0, 0, 1),
        (0, 0, 1),
        (0, 0, 1),
        (-0, 0, 1),
        (-0, 0, 1),
        (-0, 0, 1),
        (0, 0, 1),
        (0, 0, 1),
        (0, 0, 1),
        (0.0175956341, -0.847815742, 0.529998926),
        (0.0175956341, -0.847815742, 0.529998926),
        (0.0175956341, -0.847815742, 0.529998926),
        (-0, 0, 1),
        (-0, 0, 1),
        (-0, 0, 1),
        (0, -0, 1),
        (0, -0, 1),
        (0, -0, 1),
        (-0, 0, 1),
        (-0, 0, 1),
        (-0, 0, 1),
        (-0, 0, 1),
        (-0, 0, 1),
        (-0, 0, 1),
        (0, -0, 1),
        (0, -0, 1),
        (0, -0, 1),
        (0, 0, 1),
        (0, 0, 1),
        (0, 0, 1),
        (-0.844386148, 0.0781886859, 0.529998644),
        (-0.844386148, 0.0781886859, 0.529998644),
        (-0.844386148, 0.0781886859, 0.529998644),
        (0.851538706, -0.0666502325, 0.520038055),
        (0.851538706, -0.0666502325, 0.520038055),
        (0.851538706, -0.0666502325, 0.520038055),
        (0, 0, 1),
        (0, 0, 1),
        (0, 0, 1),
        (-0, 0, 1),
        (-0, 0, 1),
        (-0, 0, 1),
        (-0.847939847, -0.0099636492, 0.529998813),
        (-0.847939847, -0.0099636492, 0.529998813),
        (-0.847939847, -0.0099636492, 0.529998813),
        (-0, 0, 1),
        (-0, 0, 1),
        (-0, 0, 1),
        (0, 0, 1),
        (0, 0, 1),
        (0, 0, 1),
        (0, -0, 1),
        (0, -0, 1),
        (0, -0, 1),
        (0, 0, 1),
        (0, 0, 1),
        (0, 0, 1),
        (0, 0, 1),
        (0, 0, 1),
        (0, 0, 1),
        (0, 0, 1),
        (0, 0, 1),
        (0, 0, 1),
        (-0, 0, 1),
        (-0, 0, 1),
        (-0, 0, 1),
        (0.846294663, -0.0537299177, 0.529998528),
        (0.846294663, -0.0537299177, 0.529998528),
        (0.846294663, -0.0537299177, 0.529998528),
        (0.844880377, -0.0726536665, 0.529998674),
        (0.844880377, -0.0726536665, 0.529998674),
        (0.844880377, -0.0726536665, 0.529998674),
        (-0.843667738, 0.0855896554, 0.529999206),
        (-0.843667738, 0.0855896554, 0.529999206),
        (-0.843667738, 0.0855896554, 0.529999206),
        (-0.847989049, 0.00402950843, 0.529998429),
        (-0.847989049, 0.00402950843, 0.529998429),
        (-0.847989049, 0.00402950843, 0.529998429),
        (0, 0, 1),
        (0, 0, 1),
        (0, 0, 1),
        (0.847904683, 0.0125992817, 0.529998969),
        (0.847904683, 0.0125992817, 0.529998969),
        (0.847904683, 0.0125992817, 0.529998969),
        (0, 0, 1),
        (0, 0, 1),
        (0, 0, 1),
        (0, -0, 1),
        (0, -0, 1),
        (0, -0, 1),
        (0.847946076, -0.00942228478, 0.529998748),
        (0.847946076, -0.00942228478, 0.529998748),
        (0.847946076, -0.00942228478, 0.529998748),
        (0, 0, 1),
        (0, 0, 1),
        (0, 0, 1),
        (0.847695458, -0.0226568989, 0.529999128),
        (0.847695458, -0.0226568989, 0.529999128),
        (0.847695458, -0.0226568989, 0.529999128),
        (0, 0, 1),
        (0, 0, 1),
        (0, 0, 1),
        (0.847935393, 0.010323092, 0.52999906),
        (0.847935393, 0.010323092, 0.52999906),
        (0.847935393, 0.010323092, 0.52999906),
        (0.84790469, -0.0125992818, 0.529998958),
        (0.84790469, -0.0125992818, 0.529998958),
        (0.84790469, -0.0125992818, 0.529998958),
        (0.847931943, 0.0106047594, 0.529999017),
        (0.847931943, 0.0106047594, 0.529999017),
        (0.847931943, 0.0106047594, 0.529999017),
        (-0, 0, 1),
        (-0, 0, 1),
        (-0, 0, 1),
        (0, 0, 1),
        (0, 0, 1),
        (0, 0, 1),
        (0.847900822, 0.0128696893, 0.529998649),
        (0.847900822, 0.0128696893, 0.529998649),
        (0.847900822, 0.0128696893, 0.529998649),
        (0.846812486, -0.0448372486, 0.529998335),
        (0.846812486, -0.0448372486, 0.529998335),
        (0.846812486, -0.0448372486, 0.529998335),
        (0, 0, 1),
        (0, 0, 1),
        (0, 0, 1),
        (0, -0, 1),
        (0, -0, 1),
        (0, -0, 1),
        (0.847228889, -0.0361118361, 0.529999193),
        (0.847228889, -0.0361118361, 0.529999193),
        (0.847228889, -0.0361118361, 0.529999193),
        (0, -0, 1),
        (0, -0, 1),
        (0, -0, 1),
        (-0.844750618, 0.0741451551, 0.529998952),
        (-0.844750618, 0.0741451551, 0.529998952),
        (-0.844750618, 0.0741451551, 0.529998952),
        (-0.847125931, 0.0384559752, 0.529998863),
        (-0.847125931, 0.0384559752, 0.529998863),
        (-0.847125931, 0.0384559752, 0.529998863),
        (0, -0, 1),
        (0, -0, 1),
        (0, -0, 1),
        (0, 0, 1),
        (0, 0, 1),
        (0, 0, 1),
        (0.042877764, 0.846913617, 0.529998889),
        (0.042877764, 0.846913617, 0.529998889),
        (0.042877764, 0.846913617, 0.529998889),
        (0, -0, 1),
        (0, -0, 1),
        (0, -0, 1),
        (0.0396971265, 0.847407931, 0.529456265),
        (0.0396971265, 0.847407931, 0.529456265),
        (0.0396971265, 0.847407931, 0.529456265),
        (0.00393437246, 0.845815846, 0.533460472),
        (0.00393437246, 0.845815846, 0.533460472),
        (0.00393437246, 0.845815846, 0.533460472),
        (-0, 0, 1),
        (-0, 0, 1),
        (-0, 0, 1),
        (-0.84730337, 0.0343169337, 0.529999384),
        (-0.84730337, 0.0343169337, 0.529999384),
        (-0.84730337, 0.0343169337, 0.529999384),
        (-0, 0, 1),
        (-0, 0, 1),
        (-0, 0, 1),
        (0, 0, 1),
        (0, 0, 1),
        (0, 0, 1),
        (0, 0, 1),
        (0, 0, 1),
        (0, 0, 1),
        (-0, 0, 1),
        (-0, 0, 1),
        (-0, 0, 1),
        (0, -0, 1),
        (0, -0, 1),
        (0, -0, 1),
        (0, -0, 1),
        (0, -0, 1),
        (0, -0, 1),
        (-0.0242712624, 0.847650796, 0.529999089),
        (-0.0242712624, 0.847650796, 0.529999089),
        (-0.0242712624, 0.847650796, 0.529999089),
        (0.00853755554, 0.847955437, 0.529998761),
        (0.00853755554, 0.847955437, 0.529998761),
        (0.00853755554, 0.847955437, 0.529998761),
        (0.0297759805, 0.847475314, 0.52999904),
        (0.0297759805, 0.847475314, 0.52999904),
        (0.0297759805, 0.847475314, 0.52999904),
        (0, 0, 1),
        (0, 0, 1),
        (0, 0, 1),
        (0, -0, 1),
        (0, -0, 1),
        (0, -0, 1),
        (0.847758307, 0.0201654215, 0.529999253),
        (0.847758307, 0.0201654215, 0.529999253),
        (0.847758307, 0.0201654215, 0.529999253),
        (0.847730544, 0.0213009442, 0.529999241),
        (0.847730544, 0.0213009442, 0.529999241),
        (0.847730544, 0.0213009442, 0.529999241),
        (0.0352547074, 0.847265145, 0.529998943),
        (0.0352547074, 0.847265145, 0.529998943),
        (0.0352547074, 0.847265145, 0.529998943),
        (0.847815203, 0.0176228221, 0.529998884),
        (0.847815203, 0.0176228221, 0.529998884),
        (0.847815203, 0.0176228221, 0.529998884),
        (0, 0, 1),
        (0, 0, 1),
        (0, 0, 1),
        (-0.00241850082, 0.845771115, 0.533540413),
        (-0.00241850082, 0.845771115, 0.533540413),
        (-0.00241850082, 0.845771115, 0.533540413),
        (-0, 0, 1),
        (-0, 0, 1),
        (-0, 0, 1),
        (0, 0, 1),
        (0, 0, 1),
        (0, 0, 1),
        (0.0205643169, -0.847749348, 0.529998256),
        (0.0205643169, -0.847749348, 0.529998256),
        (0.0205643169, -0.847749348, 0.529998256),
        (0.011024792, -0.850967646, 0.52510239),
        (0.011024792, -0.850967646, 0.52510239),
        (0.011024792, -0.850967646, 0.52510239),
        (-0.847824946, -0.0171252102, 0.529999611),
        (-0.847824946, -0.0171252102, 0.529999611),
        (-0.847824946, -0.0171252102, 0.529999611),
        (0, 0, 1),
        (0, 0, 1),
        (0, 0, 1),
        (-0, 0, 1),
        (-0, 0, 1),
        (-0, 0, 1),
        (0, 0, 1),
        (0, 0, 1),
        (0, 0, 1),
        (-0.847765168, -0.0198667957, 0.529999557),
        (-0.847765168, -0.0198667957, 0.529999557),
        (-0.847765168, -0.0198667957, 0.529999557),
        (0, 0, 1),
        (0, 0, 1),
        (0, 0, 1),
        (0, 0, 1),
        (0, 0, 1),
        (0, 0, 1),
        (0, -0, 1),
        (0, -0, 1),
        (0, -0, 1),
        (0, 0, 1),
        (0, 0, 1),
        (0, 0, 1),
        (-0.847816362, -0.0175781928, 0.529998513),
        (-0.847816362, -0.0175781928, 0.529998513),
        (-0.847816362, -0.0175781928, 0.529998513),
        (0, 0, 1),
        (0, 0, 1),
        (0, 0, 1),
        (-0, -0, 1),
        (-0, -0, 1),
        (-0, -0, 1),
        (0, 0, 1),
        (0, 0, 1),
        (0, 0, 1),
        (0.020560701, -0.847749036, 0.529998896),
        (0.020560701, -0.847749036, 0.529998896),
        (0.020560701, -0.847749036, 0.529998896),
        (0.021217823, -0.847732912, 0.529998787),
        (0.021217823, -0.847732912, 0.529998787),
        (0.021217823, -0.847732912, 0.529998787),
        (0.0236284462, -0.847668894, 0.529999191),
        (0.0236284462, -0.847668894, 0.529999191),
        (0.0236284462, -0.847668894, 0.529999191),
        (-0, 0, 1),
        (-0, 0, 1),
        (-0, 0, 1),
        (0.0145051587, -0.847874089, 0.529999179),
        (0.0145051587, -0.847874089, 0.529999179),
        (0.0145051587, -0.847874089, 0.529999179),
        (-0.0083906555, -0.847956642, 0.52999918),
        (-0.0083906555, -0.847956642, 0.52999918),
        (-0.0083906555, -0.847956642, 0.52999918),
        (0.00839264016, -0.847956847, 0.52999882),
        (0.00839264016, -0.847956847, 0.52999882),
        (0.00839264016, -0.847956847, 0.52999882),
        (0.0240310241, -0.847657993, 0.529998525),
        (0.0240310241, -0.847657993, 0.529998525),
        (0.0240310241, -0.847657993, 0.529998525),
        (0, -0, 1),
        (0, -0, 1),
        (0, -0, 1),
        (-0, 0, 1),
        (-0, 0, 1),
        (-0, 0, 1),
        (0, -0, 1),
        (0, -0, 1),
        (0, -0, 1),
        (0.00442206073, -0.847986866, 0.529998793),
        (0.00442206073, -0.847986866, 0.529998793),
        (0.00442206073, -0.847986866, 0.529998793),
        (0.00390138443, -0.847989193, 0.529999158),
        (0.00390138443, -0.847989193, 0.529999158),
        (0.00390138443, -0.847989193, 0.529999158),
        (0, 0, 1),
        (0, 0, 1),
        (0, 0, 1),
        (0, 0, 1),
        (0, 0, 1),
        (0, 0, 1),
        (0.00442369851, -0.847986675, 0.529999085),
        (0.00442369851, -0.847986675, 0.529999085),
        (0.00442369851, -0.847986675, 0.529999085),
        (0, 0, 1),
        (0, 0, 1),
        (0, 0, 1),
        (-0.00442872179, -0.847986831, 0.529998793),
        (-0.00442872179, -0.847986831, 0.529998793),
        (-0.00442872179, -0.847986831, 0.529998793),
        (0, 0, 1),
        (0, 0, 1),
        (0, 0, 1),
        (0, 0, 1),
        (0, 0, 1),
        (0, 0, 1),
        (0, 0, 1),
        (0, 0, 1),
        (0, 0, 1),
        (0, 0, 1),
        (0, 0, 1),
        (0, 0, 1),
        (0, -0, 1),
        (0, -0, 1),
        (0, -0, 1),
        (-0.0145051587, -0.847874089, 0.529999179),
        (-0.0145051587, -0.847874089, 0.529999179),
        (-0.0145051587, -0.847874089, 0.529999179),
        (0, -0, 1),
        (0, -0, 1),
        (0, -0, 1),
        (0, -0, 1),
        (0, -0, 1),
        (0, -0, 1),
        (0, 0, 1),
        (0, 0, 1),
        (0, 0, 1),
        (0, -0, 1),
        (0, -0, 1),
        (0, -0, 1),
        (-0, -0, 1),
        (-0, -0, 1),
        (-0, -0, 1),
        (0, -0, 1),
        (0, -0, 1),
        (0, -0, 1),
        (0, 0, 1),
        (0, 0, 1),
        (0, 0, 1),
        (-0.0165387168, -0.851003245, 0.524899941),
        (-0.0165387168, -0.851003245, 0.524899941),
        (-0.0165387168, -0.851003245, 0.524899941),
        (-0, 0, 1),
        (-0, 0, 1),
        (-0, 0, 1),
        (0, 0, 1),
        (0, 0, 1),
        (0, 0, 1),
        (0, 0, 1),
        (0, 0, 1),
        (0, 0, 1),
        (0, -0, 1),
        (0, -0, 1),
        (0, -0, 1),
        (0.847214253, -0.0364584357, 0.52999886),
        (0.847214253, -0.0364584357, 0.52999886),
        (0.847214253, -0.0364584357, 0.52999886),
        (0, -0, 1),
        (0, -0, 1),
        (0, -0, 1),
        (0.847400145, -0.0318466594, 0.529998853),
        (0.847400145, -0.0318466594, 0.529998853),
        (0.847400145, -0.0318466594, 0.529998853),
        (0, 0, 1),
        (0, 0, 1),
        (0, 0, 1),
        (0.84755238, -0.0274874805, 0.529999436),
        (0.84755238, -0.0274874805, 0.529999436),
        (0.84755238, -0.0274874805, 0.529999436),
        (0.847845663, -0.0160650537, 0.529999666),
        (0.847845663, -0.0160650537, 0.529999666),
        (0.847845663, -0.0160650537, 0.529999666),
        (0.84784601, -0.016068821, 0.529998997),
        (0.84784601, -0.016068821, 0.529998997),
        (0.84784601, -0.016068821, 0.529998997),
        (0.846287948, -0.053834585, 0.529998629),
        (0.846287948, -0.053834585, 0.529998629),
        (0.846287948, -0.053834585, 0.529998629),
        (0.846287838, -0.0538323672, 0.52999903),
        (0.846287838, -0.0538323672, 0.52999903),
        (0.846287838, -0.0538323672, 0.52999903),
        (-0, 0, 1),
        (-0, 0, 1),
        (-0, 0, 1),
        (-0, 0, 1),
        (-0, 0, 1),
        (-0, 0, 1),
        (0, 0, 1),
        (0, 0, 1),
        (0, 0, 1),
        (-0.84798237, -0.00517673871, 0.529999152),
        (-0.84798237, -0.00517673871, 0.529999152),
        (-0.84798237, -0.00517673871, 0.529999152),
        (0, 0, 1),
        (0, 0, 1),
        (0, 0, 1),
        (-0.847997993, -0.000719022744, 0.529998949),
        (-0.847997993, -0.000719022744, 0.529998949),
        (-0.847997993, -0.000719022744, 0.529998949),
        (0, 0, 1),
        (0, 0, 1),
        (0, 0, 1),
        (0, 0, 1),
        (0, 0, 1),
        (0, 0, 1),
        (0, 0, 1),
        (0, 0, 1),
        (0, 0, 1),
        (0, -0, 1),
        (0, -0, 1),
        (0, -0, 1),
        (-0.847972535, -0.00665989842, 0.529998326),
        (-0.847972535, -0.00665989842, 0.529998326),
        (-0.847972535, -0.00665989842, 0.529998326),
        (0, -0, 1),
        (0, -0, 1),
        (0, -0, 1),
        (-0, -0, 1),
        (-0, -0, 1),
        (-0, -0, 1),
        (0, 0, 1),
        (0, 0, 1),
        (0, 0, 1),
        (0, 0, 1),
        (0, 0, 1),
        (0, 0, 1),
        (0, 0, 1),
        (0, 0, 1),
        (0, 0, 1),
        (-0, 0, 1),
        (-0, 0, 1),
        (-0, 0, 1),
        (-0, 0, 1),
        (-0, 0, 1),
        (-0, 0, 1),
        (0, 0, 1),
        (0, 0, 1),
        (0, 0, 1),
        (0, 0, 1),
        (0, 0, 1),
        (0, 0, 1),
        (0, 0, 1),
        (0, 0, 1),
        (0, 0, 1),
        (-0.847833559, 0.0167266423, 0.529998562),
        (-0.847833559, 0.0167266423, 0.529998562),
        (-0.847833559, 0.0167266423, 0.529998562),
        (-0.847616229, 0.0254479919, 0.529999177),
        (-0.847616229, 0.0254479919, 0.529999177),
        (-0.847616229, 0.0254479919, 0.529999177),
        (-0.847113927, 0.038723638, 0.529998561),
        (-0.847113927, 0.038723638, 0.529998561),
        (-0.847113927, 0.038723638, 0.529998561),
        (0, 0, 1),
        (0, 0, 1),
        (0, 0, 1),
        (0, -0, 1),
        (0, -0, 1),
        (0, -0, 1),
        (-0.847765168, 0.0198667957, 0.529999557),
        (-0.847765168, 0.0198667957, 0.529999557),
        (-0.847765168, 0.0198667957, 0.529999557),
        (-0, 0, 1),
        (-0, 0, 1),
        (-0, 0, 1),
        (-0, 0, 1),
        (-0, 0, 1),
        (-0, 0, 1),
        (0, 0, 1),
        (0, 0, 1),
        (0, 0, 1),
        (0, 0, 1),
        (0, 0, 1),
        (0, 0, 1),
        (0, -0, 1),
        (0, -0, 1),
        (0, -0, 1),
        (0, 0, 1),
        (0, 0, 1),
        (0, 0, 1),
        (0, -0, 1),
        (0, -0, 1),
        (0, -0, 1),
        (0, 0, 1),
        (0, 0, 1),
        (0, 0, 1),
        (0, 0, 1),
        (0, 0, 1),
        (0, 0, 1),
        (0, 0, 1),
        (0, 0, 1),
        (0, 0, 1),
        (-0, 0, 1),
        (-0, 0, 1),
        (-0, 0, 1),
        (0.843914869, -0.0831206342, 0.52999873),
        (0.843914869, -0.0831206342, 0.52999873),
        (0.843914869, -0.0831206342, 0.52999873),
        (0.845893942, -0.0597084431, 0.529998435),
        (0.845893942, -0.0597084431, 0.529998435),
        (0.845893942, -0.0597084431, 0.529998435),
        (0, -0, 1),
        (0, -0, 1),
        (0, -0, 1),
        (0, -0, 1),
        (0, -0, 1),
        (0, -0, 1),
        (0, -0, 1),
        (0, -0, 1),
        (0, -0, 1),
        (0, 0, 1),
        (0, 0, 1),
        (0, 0, 1),
        (0.846402439, -0.0519991818, 0.529999054),
        (0.846402439, -0.0519991818, 0.529999054),
        (0.846402439, -0.0519991818, 0.529999054),
        (-0, 0, 1),
        (-0, 0, 1),
        (-0, 0, 1),
        (0, 0, 1),
        (0, 0, 1),
        (0, 0, 1),
        (0, 0, 1),
        (0, 0, 1),
        (0, 0, 1),
        (0, 0, 1),
        (0, 0, 1),
        (0, 0, 1),
        (0.847101059, -0.0389953598, 0.529999206),
        (0.847101059, -0.0389953598, 0.529999206),
        (0.847101059, -0.0389953598, 0.529999206),
        (0, 0, 1),
        (0, 0, 1),
        (0, 0, 1),
        (-0, 0, 1),
        (-0, 0, 1),
        (-0, 0, 1),
        (0, 0, 1),
        (0, 0, 1),
        (0, 0, 1),
        (0, 0, 1),
        (0, 0, 1),
        (0, 0, 1),
        (0, 0, 1),
        (0, 0, 1),
        (0, 0, 1),
        (0.84348871, -0.0873359844, 0.529999266),
        (0.84348871, -0.0873359844, 0.529999266),
        (0.84348871, -0.0873359844, 0.529999266),
        (0, 0, 1),
        (0, 0, 1),
        (0, 0, 1),
        (0, 0, 1),
        (0, 0, 1),
        (0, 0, 1),
        (0, 0, 1),
        (0, 0, 1),
        (0, 0, 1),
        (-0, 0, 1),
        (-0, 0, 1),
        (-0, 0, 1),
        (0, 0, 1),
        (0, 0, 1),
        (0, 0, 1),
        (0, -0, 1),
        (0, -0, 1),
        (0, -0, 1),
        (-0, 0, 1),
        (-0, 0, 1),
        (-0, 0, 1),
        (0.844623325, -0.0755795837, 0.529999212),
        (0.844623325, -0.0755795837, 0.529999212),
        (0.844623325, -0.0755795837, 0.529999212),
        (0.0871861473, 0.843504601, 0.529998645),
        (0.0871861473, 0.843504601, 0.529998645),
        (0.0871861473, 0.843504601, 0.529998645),
        (0, 0, 1),
        (0, 0, 1),
        (0, 0, 1),
        (-0.847801261, 0.0182835118, 0.529998807),
        (-0.847801261, 0.0182835118, 0.529998807),
        (-0.847801261, 0.0182835118, 0.529998807),
        (0, 0, 1),
        (0, 0, 1),
        (0, 0, 1),
        (0, -0, 1),
        (0, -0, 1),
        (0, -0, 1),
        (0, 0, 1),
        (0, 0, 1),
        (0, 0, 1),
        (0, -0, 1),
        (0, -0, 1),
        (0, -0, 1),
        (0.126140212, 0.838564035, 0.529999062),
        (0.126140212, 0.838564035, 0.529999062),
        (0.126140212, 0.838564035, 0.529999062),
        (-0, -0, 1),
        (-0, -0, 1),
        (-0, -0, 1),
        (0.125731565, 0.838625444, 0.529998998),
        (0.125731565, 0.838625444, 0.529998998),
        (0.125731565, 0.838625444, 0.529998998),
        (0, 0, 1),
        (0, 0, 1),
        (0, 0, 1),
        (0, 0, 1),
        (0, 0, 1),
        (0, 0, 1),
        (0, 0, 1),
        (0, 0, 1),
        (0, 0, 1),
        (0, 0, 1),
        (0, 0, 1),
        (0, 0, 1),
        (0, 0, 1),
        (0, 0, 1),
        (0, 0, 1),
        (-0.103054229, -0.841713129, 0.5299989),
        (-0.103054229, -0.841713129, 0.5299989),
        (-0.103054229, -0.841713129, 0.5299989),
        (-0.105270067, -0.841438782, 0.529999046),
        (-0.105270067, -0.841438782, 0.529999046),
        (-0.105270067, -0.841438782, 0.529999046),
        (-0.115393316, -0.840110167, 0.52999933),
        (-0.115393316, -0.840110167, 0.52999933),
        (-0.115393316, -0.840110167, 0.52999933),
        (0.125903697, 0.838599662, 0.52999893),
        (0.125903697, 0.838599662, 0.52999893),
        (0.125903697, 0.838599662, 0.52999893),
        (0.125731329, 0.838625506, 0.529998956),
        (0.125731329, 0.838625506, 0.529998956),
        (0.125731329, 0.838625506, 0.529998956),
        (0.125750311, 0.838622823, 0.529998698),
        (0.125750311, 0.838622823, 0.529998698),
        (0.125750311, 0.838622823, 0.529998698),
        (0, 0, 1),
        (0, 0, 1),
        (0, 0, 1),
        (0.12586417, 0.838605714, 0.529998743),
        (0.12586417, 0.838605714, 0.529998743),
        (0.12586417, 0.838605714, 0.529998743),
        (0, 0, 1),
        (0, 0, 1),
        (0, 0, 1),
        (0, 0, 1),
        (0, 0, 1),
        (0, 0, 1),
        (0, -0, 1),
        (0, -0, 1),
        (0, -0, 1),
        (0, -0, 1),
        (0, -0, 1),
        (0, -0, 1),
        (-0.125750801, -0.838622744, 0.529998706),
        (-0.125750801, -0.838622744, 0.529998706),
        (-0.125750801, -0.838622744, 0.529998706),
        (-0, 0, 1),
        (-0, 0, 1),
        (-0, 0, 1),
        (-0, -0, 1),
        (-0, -0, 1),
        (-0, -0, 1),
        (-0.11553323, -0.840091436, 0.52999854),
        (-0.11553323, -0.840091436, 0.52999854),
        (-0.11553323, -0.840091436, 0.52999854),
        (0, 0, 1),
        (0, 0, 1),
        (0, 0, 1),
        (-0, 0, 1),
        (-0, 0, 1),
        (-0, 0, 1),
        (0, 0, 1),
        (0, 0, 1),
        (0, 0, 1),
        (-0.872639799, 0.0629996399, 0.484283829),
        (-0.872639799, 0.0629996399, 0.484283829),
        (-0.872639799, 0.0629996399, 0.484283829),
        (-0.847173977, 0.0373747302, 0.529999417),
        (-0.847173977, 0.0373747302, 0.529999417),
        (-0.847173977, 0.0373747302, 0.529999417),
        (-0.846225648, 0.0548019568, 0.529998961),
        (-0.846225648, 0.0548019568, 0.529998961),
        (-0.846225648, 0.0548019568, 0.529998961),
        (0, 0, 1),
        (0, 0, 1),
        (0, 0, 1),
        (0, 0, 1),
        (0, 0, 1),
        (0, 0, 1),
        (0, 0, 1),
        (0, 0, 1),
        (0, 0, 1),
        (-0.847809673, 0.0178929829, 0.529998679),
        (-0.847809673, 0.0178929829, 0.529998679),
        (-0.847809673, 0.0178929829, 0.529998679),
        (0, 0, 1),
        (0, 0, 1),
        (0, 0, 1),
        (-0.846225648, -0.0548019568, 0.529998961),
        (-0.846225648, -0.0548019568, 0.529998961),
        (-0.846225648, -0.0548019568, 0.529998961),
        (-0.875731292, -0.0585562032, 0.479234676),
        (-0.875731292, -0.0585562032, 0.479234676),
        (-0.875731292, -0.0585562032, 0.479234676),
        (-0.847174709, -0.0373703281, 0.529998558),
        (-0.847174709, -0.0373703281, 0.529998558),
        (-0.847174709, -0.0373703281, 0.529998558),
        (-0.847080494, 0.0394422531, 0.529999005),
        (-0.847080494, 0.0394422531, 0.529999005),
        (-0.847080494, 0.0394422531, 0.529999005),
        (0, 0, 1),
        (0, 0, 1),
        (0, 0, 1),
        (0, 0, 1),
        (0, 0, 1),
        (0, 0, 1),
        (0, 0, 1),
        (0, 0, 1),
        (0, 0, 1),
        (0, 0, 1),
        (0, 0, 1),
        (0, 0, 1),
        (-0.847468733, -0.029965639, 0.529998875),
        (-0.847468733, -0.029965639, 0.529998875),
        (-0.847468733, -0.029965639, 0.529998875),
        (-0.847992227, 0.0032709788, 0.52999857),
        (-0.847992227, 0.0032709788, 0.52999857),
        (-0.847992227, 0.0032709788, 0.52999857),
        (0, 0, 1),
        (0, 0, 1),
        (0, 0, 1),
        (-0, 0, 1),
        (-0, 0, 1),
        (-0, 0, 1),
        (-0.0309491336, 0.847433378, 0.529998887),
        (-0.0309491336, 0.847433378, 0.529998887),
        (-0.0309491336, 0.847433378, 0.529998887),
        (-0.407439199, 0.719106025, 0.562920798),
        (-0.407439199, 0.719106025, 0.562920798),
        (-0.407439199, 0.719106025, 0.562920798),
        (-0.000942545475, 0.847997868, 0.5299988),
        (-0.000942545475, 0.847997868, 0.5299988),
        (-0.000942545475, 0.847997868, 0.5299988),
        (0, 0, 1),
        (0, 0, 1),
        (0, 0, 1),
        (0, 0, 1),
        (0, 0, 1),
        (0, 0, 1),
        (-0.030948588, 0.847433457, 0.529998793),
        (-0.030948588, 0.847433457, 0.529998793),
        (-0.030948588, 0.847433457, 0.529998793),
        (0.026124614, 0.847595703, 0.529999084),
        (0.026124614, 0.847595703, 0.529999084),
        (0.026124614, 0.847595703, 0.529999084),
        (-0, 0, 1),
        (-0, 0, 1),
        (-0, 0, 1),
        (-0.034020645, 0.847315687, 0.529998795),
        (-0.034020645, 0.847315687, 0.529998795),
        (-0.034020645, 0.847315687, 0.529998795),
        (-0, 0, 1),
        (-0, 0, 1),
        (-0, 0, 1),
        (0, -0, 1),
        (0, -0, 1),
        (0, -0, 1),
        (-0.00894244259, 0.847951386, 0.529998566),
        (-0.00894244259, 0.847951386, 0.529998566),
        (-0.00894244259, 0.847951386, 0.529998566),
        (0, 0, 1),
        (0, 0, 1),
        (0, 0, 1),
        (0, 0, 1),
        (0, 0, 1),
        (0, 0, 1),
        (0.0941936404, 0.842750895, 0.529998573),
        (0.0941936404, 0.842750895, 0.529998573),
        (0.0941936404, 0.842750895, 0.529998573),
        (0, 0, 1),
        (0, 0, 1),
        (0, 0, 1),
        (0, -0, 1),
        (0, -0, 1),
        (0, -0, 1),
        (-0.0941949098, -0.842750276, 0.529999331),
        (-0.0941949098, -0.842750276, 0.529999331),
        (-0.0941949098, -0.842750276, 0.529999331),
        (0, -0, 1),
        (0, -0, 1),
        (0, -0, 1),
        (-0, 0, 1),
        (-0, 0, 1),
        (-0, 0, 1),
        (0.0642141444, 0.84556323, 0.529999404),
        (0.0642141444, 0.84556323, 0.529999404),
        (0.0642141444, 0.84556323, 0.529999404),
        (0, -0, 1),
        (0, -0, 1),
        (0, -0, 1),
        (0.0640485719, 0.845576088, 0.529998924),
        (0.0640485719, 0.845576088, 0.529998924),
        (0.0640485719, 0.845576088, 0.529998924),
        (0, 0, 1),
        (0, 0, 1),
        (0, 0, 1),
        (0, 0, 1),
        (0, 0, 1),
        (0, 0, 1),
        (-0, 0, 1),
        (-0, 0, 1),
        (-0, 0, 1),
        (-0.0746614936, -0.844705028, 0.529999129),
        (-0.0746614936, -0.844705028, 0.529999129),
        (-0.0746614936, -0.844705028, 0.529999129),
        (-0, -0, 1),
        (-0, -0, 1),
        (-0, -0, 1),
        (0, 0, 1),
        (0, 0, 1),
        (0, 0, 1),
        (0, 0, 1),
        (0, 0, 1),
        (0, 0, 1),
        (0.063980965, 0.845581134, 0.52999904),
        (0.063980965, 0.845581134, 0.52999904),
        (0.063980965, 0.845581134, 0.52999904),
        (0.0643568841, 0.845552974, 0.529998453),
        (0.0643568841, 0.845552974, 0.529998453),
        (0.0643568841, 0.845552974, 0.529998453),
        (-0.0643770948, -0.845550741, 0.52999956),
        (-0.0643770948, -0.845550741, 0.52999956),
        (-0.0643770948, -0.845550741, 0.52999956),
        (-0.0640539999, -0.845575808, 0.529998715),
        (-0.0640539999, -0.845575808, 0.529998715),
        (-0.0640539999, -0.845575808, 0.529998715),
        (-0, -0, 1),
        (-0, -0, 1),
        (-0, -0, 1),
        (-0.074800808, -0.844692568, 0.529999344),
        (-0.074800808, -0.844692568, 0.529999344),
        (-0.074800808, -0.844692568, 0.529999344),
        (0.367382875, 0.746865187, 0.554276299),
        (0.367382875, 0.746865187, 0.554276299),
        (0.367382875, 0.746865187, 0.554276299),
        (-0, -0, 1),
        (-0, -0, 1),
        (-0, -0, 1),
        (0, -0, 1),
        (0, -0, 1),
        (0, -0, 1),
        (-0.08109353, -0.844111833, 0.529999107),
        (-0.08109353, -0.844111833, 0.529999107),
        (-0.08109353, -0.844111833, 0.529999107),
        (-0.0643949649, -0.845549626, 0.529999168),
        (-0.0643949649, -0.845549626, 0.529999168),
        (-0.0643949649, -0.845549626, 0.529999168),
        (-0.0747995455, -0.844692826, 0.529999112),
        (-0.0747995455, -0.844692826, 0.529999112),
        (-0.0747995455, -0.844692826, 0.529999112),
        (0.841430298, -0.10533867, 0.529998885),
        (0.841430298, -0.10533867, 0.529998885),
        (0.841430298, -0.10533867, 0.529998885),
        (0, -0, 1),
        (0, -0, 1),
        (0, -0, 1),
        (0, -0, 1),
        (0, -0, 1),
        (0, -0, 1),
        (0, 0, 1),
        (0, 0, 1),
        (0, 0, 1),
        (0, -0, 1),
        (0, -0, 1),
        (0, -0, 1),
        (0, -0, 1),
        (0, -0, 1),
        (0, -0, 1),
        (0, 0, 1),
        (0, 0, 1),
        (0, 0, 1),
        (0, 0, 1),
        (0, 0, 1),
        (0, 0, 1),
        (-0.00134380329, 0.847997058, 0.529999229),
        (-0.00134380329, 0.847997058, 0.529999229),
        (-0.00134380329, 0.847997058, 0.529999229),
        (0, 0, 1),
        (0, 0, 1),
        (0, 0, 1),
        (0, 0, 1),
        (0, 0, 1),
        (0, 0, 1),
        (-0.00636983903, 0.847974371, 0.529998954),
        (-0.00636983903, 0.847974371, 0.529998954),
        (-0.00636983903, 0.847974371, 0.529998954),
        (0, -0, 1),
        (0, -0, 1),
        (0, -0, 1),
        (0, 0.847998304, 0.52999894),
        (0, 0.847998304, 0.52999894),
        (0, 0.847998304, 0.52999894),
        (-0.00937074711, 0.847946706, 0.529998654),
        (-0.00937074711, 0.847946706, 0.529998654),
        (-0.00937074711, 0.847946706, 0.529998654),
        (0, -0, 1),
        (0, -0, 1),
        (0, -0, 1),
        (-0, 0, 1),
        (-0, 0, 1),
        (-0, 0, 1),
        (0, 0, 1),
        (0, 0, 1),
        (0, 0, 1),
        (0, -0, 1),
        (0, -0, 1),
        (0, -0, 1),
        (0, -0, 1),
        (0, -0, 1),
        (0, -0, 1),
        (0, 0, 1),
        (0, 0, 1),
        (0, 0, 1),
        (0, 0, 1),
        (0, 0, 1),
        (0, 0, 1),
        (0, 0, 1),
        (0, 0, 1),
        (0, 0, 1),
        (-0, 0, 1),
        (-0, 0, 1),
        (-0, 0, 1),
        (0.0056639602, 0.847979621, 0.529998567),
        (0.0056639602, 0.847979621, 0.529998567),
        (0.0056639602, 0.847979621, 0.529998567),
        (-0.0261243162, 0.847595745, 0.529999032),
        (-0.0261243162, 0.847595745, 0.529999032),
        (-0.0261243162, 0.847595745, 0.529999032),
        (0.034020645, 0.847315687, 0.529998795),
        (0.034020645, 0.847315687, 0.529998795),
        (0.034020645, 0.847315687, 0.529998795),
        (0.000944187133, 0.847998069, 0.529998475),
        (0.000944187133, 0.847998069, 0.529998475),
        (0.000944187133, 0.847998069, 0.529998475),
        (-0, -0, 1),
        (-0, -0, 1),
        (-0, -0, 1),
        (-0, 0, 1),
        (-0, 0, 1),
        (-0, 0, 1),
        (0, 0, 1),
        (0, 0, 1),
        (0, 0, 1),
        (0, 0, 1),
        (0, 0, 1),
        (0, 0, 1),
        (0, 0, 1),
        (0, 0, 1),
        (0, 0, 1),
        (0, 0, 1),
        (0, 0, 1),
        (0, 0, 1),
        (0, 0, 1),
        (0, 0, 1),
        (0, 0, 1),
        (0, 0, 1),
        (0, 0, 1),
        (0, 0, 1),
        (-0, 0, 1),
        (-0, 0, 1),
        (-0, 0, 1),
        (-0.0187555712, -0.83999946, 0.542262977),
        (-0.0187555712, -0.83999946, 0.542262977),
        (-0.0187555712, -0.83999946, 0.542262977),
        (-0.84602783, 0.0577792615, 0.529998554),
        (-0.84602783, 0.0577792615, 0.529998554),
        (-0.84602783, 0.0577792615, 0.529998554),
        (0, -0, 1),
        (0, -0, 1),
        (0, -0, 1),
        (-0, 0, 1),
        (-0, 0, 1),
        (-0, 0, 1),
        (-0, 0, 1),
        (-0, 0, 1),
        (-0, 0, 1),
        (0, 0, 1),
        (0, 0, 1),
        (0, 0, 1),
        (-0.84448388, 0.0771268795, 0.52999851),
        (-0.84448388, 0.0771268795, 0.52999851),
        (-0.84448388, 0.0771268795, 0.52999851),
        (0, -0, 1),
        (0, -0, 1),
        (0, -0, 1),
        (0, 0, 1),
        (0, 0, 1),
        (0, 0, 1),
        (-0.842063176, 0.100152072, 0.529999217),
        (-0.842063176, 0.100152072, 0.529999217),
        (-0.842063176, 0.100152072, 0.529999217),
        (-0, 0, 1),
        (-0, 0, 1),
        (-0, 0, 1),
        (-0.847876018, 0.0143953349, 0.529999088),
        (-0.847876018, 0.0143953349, 0.529999088),
        (-0.847876018, 0.0143953349, 0.529999088),
        (-0.847895033, 0.0132279823, 0.529999088),
        (-0.847895033, 0.0132279823, 0.529999088),
        (-0.847895033, 0.0132279823, 0.529999088),
        (-0.0177673238, -0.847812284, 0.529998729),
        (-0.0177673238, -0.847812284, 0.529998729),
        (-0.0177673238, -0.847812284, 0.529998729),
        (0, 0, 1),
        (0, 0, 1),
        (0, 0, 1),
        (-0.0238870959, -0.847661486, 0.529999445),
        (-0.0238870959, -0.847661486, 0.529999445),
        (-0.0238870959, -0.847661486, 0.529999445),
        (-0.0272889147, -0.847558791, 0.529999444),
        (-0.0272889147, -0.847558791, 0.529999444),
        (-0.0272889147, -0.847558791, 0.529999444),
        (0, 0, 1),
        (0, 0, 1),
        (0, 0, 1),
        (-0.00579389235, -0.84797846, 0.52999902),
        (-0.00579389235, -0.84797846, 0.52999902),
        (-0.00579389235, -0.84797846, 0.52999902),
        (-0, -0, 1),
        (-0, -0, 1),
        (-0, -0, 1),
        (0, 0, 1),
        (0, 0, 1),
        (0, 0, 1),
        (0, 0, 1),
        (0, 0, 1),
        (0, 0, 1),
        (0, 0, 1),
        (0, 0, 1),
        (0, 0, 1),
        (0, 0, 1),
        (0, 0, 1),
        (0, 0, 1),
        (0, -0, 1),
        (0, -0, 1),
        (0, -0, 1),
        (0, 0, 1),
        (0, 0, 1),
        (0, 0, 1),
        (-0, 0, 1),
        (-0, 0, 1),
        (-0, 0, 1),
        (0.0410195991, 0.847005422, 0.529999253),
        (0.0410195991, 0.847005422, 0.529999253),
        (0.0410195991, 0.847005422, 0.529999253),
        (0, 0, 1),
        (0, 0, 1),
        (0, 0, 1),
        (0, -0, 1),
        (0, -0, 1),
        (0, -0, 1),
        (0, 0, 1),
        (0, 0, 1),
        (0, 0, 1),
        (0.0119390365, -0.847914538, 0.529998487),
        (0.0119390365, -0.847914538, 0.529998487),
        (0.0119390365, -0.847914538, 0.529998487),
        (0, -0, 1),
        (0, -0, 1),
        (0, -0, 1),
        (-0, 0, 1),
        (-0, 0, 1),
        (-0, 0, 1),
        (0.0191054403, -0.847783222, 0.529998671),
        (0.0191054403, -0.847783222, 0.529998671),
        (0.0191054403, -0.847783222, 0.529998671),
        (0.026920423, -0.847571036, 0.529998707),
        (0.026920423, -0.847571036, 0.529998707),
        (0.026920423, -0.847571036, 0.529998707),
        (-0, 0, 1),
        (-0, 0, 1),
        (-0, 0, 1),
        (0, 0, 1),
        (0, 0, 1),
        (0, 0, 1),
        (0.0171670241, -0.847824462, 0.529999032),
        (0.0171670241, -0.847824462, 0.529999032),
        (0.0171670241, -0.847824462, 0.529999032),
        (0.0192834554, -0.840632263, 0.541262919),
        (0.0192834554, -0.840632263, 0.541262919),
        (0.0192834554, -0.840632263, 0.541262919),
        (0.847521249, 0.0284314676, 0.529999419),
        (0.847521249, 0.0284314676, 0.529999419),
        (0.847521249, 0.0284314676, 0.529999419),
        (-0, 0, 1),
        (-0, 0, 1),
        (-0, 0, 1),
        (0.883110224, 0.220614041, 0.414060114),
        (0.883110224, 0.220614041, 0.414060114),
        (0.883110224, 0.220614041, 0.414060114),
        (0, 0, 1),
        (0, 0, 1),
        (0, 0, 1),
        (0.864265018, 0.0375769308, 0.501631291),
        (0.864265018, 0.0375769308, 0.501631291),
        (0.864265018, 0.0375769308, 0.501631291),
        (0, 0, 1),
        (0, 0, 1),
        (0, 0, 1),
        (-0.0275190852, 0.847551644, 0.529998973),
        (-0.0275190852, 0.847551644, 0.529998973),
        (-0.0275190852, 0.847551644, 0.529998973),
        (-0.0455779385, 0.846772432, 0.529999151),
        (-0.0455779385, 0.846772432, 0.529999151),
        (-0.0455779385, 0.846772432, 0.529999151),
        (-0, 0, 1),
        (-0, 0, 1),
        (-0, 0, 1),
        (0, 0, 1),
        (0, 0, 1),
        (0, 0, 1),
        (0, 0, 1),
        (0, 0, 1),
        (0, 0, 1),
        (-0, 0, 1),
        (-0, 0, 1),
        (-0, 0, 1),
        (0, 0, 1),
        (0, 0, 1),
        (0, 0, 1),
        (-0, -0, 1),
        (-0, -0, 1),
        (-0, -0, 1),
        (0.847944661, 0.00953564436, 0.529998985),
        (0.847944661, 0.00953564436, 0.529998985),
        (0.847944661, 0.00953564436, 0.529998985),
        (-0, -0, 1),
        (-0, -0, 1),
        (-0, -0, 1),
        (0.847997821, -0.000129174099, 0.529999698),
        (0.847997821, -0.000129174099, 0.529999698),
        (0.847997821, -0.000129174099, 0.529999698),
        (0.847521233, -0.0284314671, 0.529999444),
        (0.847521233, -0.0284314671, 0.529999444),
        (0.847521233, -0.0284314671, 0.529999444),
        (0, -0, 1),
        (0, -0, 1),
        (0, -0, 1),
        (-0, 0, 1),
        (-0, 0, 1),
        (-0, 0, 1),
        (0, 0, 1),
        (0, 0, 1),
        (0, 0, 1),
        (-0.834852525, 0.138401175, 0.532791119),
        (-0.834852525, 0.138401175, 0.532791119),
        (-0.834852525, 0.138401175, 0.532791119),
        (0, 0, 1),
        (0, 0, 1),
        (0, 0, 1),
        (-0.0163787258, 0.843872639, 0.536293489),
        (-0.0163787258, 0.843872639, 0.536293489),
        (-0.0163787258, 0.843872639, 0.536293489),
        (0.00635611837, 0.847974673, 0.529998635),
        (0.00635611837, 0.847974673, 0.529998635),
        (0.00635611837, 0.847974673, 0.529998635),
        (0, 0, 1),
        (0, 0, 1),
        (0, 0, 1),
        (0, 0, 1),
        (0, 0, 1),
        (0, 0, 1),
        (0.0150777776, 0.847864185, 0.529999041),
        (0.0150777776, 0.847864185, 0.529999041),
        (0.0150777776, 0.847864185, 0.529999041),
        (-0.0131886347, -0.847896144, 0.529998292),
        (-0.0131886347, -0.847896144, 0.529998292),
        (-0.0131886347, -0.847896144, 0.529998292),
        (-0.00479060701, -0.846704007, 0.532042643),
        (-0.00479060701, -0.846704007, 0.532042643),
        (-0.00479060701, -0.846704007, 0.532042643),
        (0, 0, 1),
        (0, 0, 1),
        (0, 0, 1),
        (0, 0, 1),
        (0, 0, 1),
        (0, 0, 1),
        (0, -0, 1),
        (0, -0, 1),
        (0, -0, 1),
        (-0.843688442, 0.0853888004, 0.529998648),
        (-0.843688442, 0.0853888004, 0.529998648),
        (-0.843688442, 0.0853888004, 0.529998648),
        (0, 0, 1),
        (0, 0, 1),
        (0, 0, 1),
        (-0.843293444, 0.0892025483, 0.529999126),
        (-0.843293444, 0.0892025483, 0.529999126),
        (-0.843293444, 0.0892025483, 0.529999126),
        (-0.844758723, 0.0740514866, 0.529999129),
        (-0.844758723, 0.0740514866, 0.529999129),
        (-0.844758723, 0.0740514866, 0.529999129),
        (0.00480739393, 0.848846584, 0.52861741),
        (0.00480739393, 0.848846584, 0.52861741),
        (0.00480739393, 0.848846584, 0.52861741),
        (0.0131898606, 0.847895655, 0.529999043),
        (0.0131898606, 0.847895655, 0.529999043),
        (0.0131898606, 0.847895655, 0.529999043),
        (-0, 0, 1),
        (-0, 0, 1),
        (-0, 0, 1),
        (0.0251625393, 0.847624602, 0.529999415),
        (0.0251625393, 0.847624602, 0.529999415),
        (0.0251625393, 0.847624602, 0.529999415),
        (0, 0, 1),
        (0, 0, 1),
        (0, 0, 1),
        (-0, 0, 1),
        (-0, 0, 1),
        (-0, 0, 1),
        (0, 0, 1),
        (0, 0, 1),
        (0, 0, 1),
        (0, -0, 1),
        (0, -0, 1),
        (0, -0, 1),
        (0, 0, 1),
        (0, 0, 1),
        (0, 0, 1),
        (0, -0, 1),
        (0, -0, 1),
        (0, -0, 1),
        (0, 0, 1),
        (0, 0, 1),
        (0, 0, 1),
        (-0.845187725, 0.0689854403, 0.529998791),
        (-0.845187725, 0.0689854403, 0.529998791),
        (-0.845187725, 0.0689854403, 0.529998791),
        (-0.0410165596, -0.847006046, 0.52999849),
        (-0.0410165596, -0.847006046, 0.52999849),
        (-0.0410165596, -0.847006046, 0.52999849),
        (-0.0249997892, -0.847629885, 0.529998668),
        (-0.0249997892, -0.847629885, 0.529998668),
        (-0.0249997892, -0.847629885, 0.529998668),
        (0, -0, 1),
        (0, -0, 1),
        (0, -0, 1),
        (-0, 0, 1),
        (-0, 0, 1),
        (-0, 0, 1),
        (0, 0, 1),
        (0, 0, 1),
        (0, 0, 1),
        (-0.00125944096, 0.847997343, 0.529998981),
        (-0.00125944096, 0.847997343, 0.529998981),
        (-0.00125944096, 0.847997343, 0.529998981),
        (0.0377117108, -0.847159317, 0.52999898),
        (0.0377117108, -0.847159317, 0.52999898),
        (0.0377117108, -0.847159317, 0.52999898),
        (-0, 0, 1),
        (-0, 0, 1),
        (-0, 0, 1),
        (0, 0, 1),
        (0, 0, 1),
        (0, 0, 1),
        (0, 0, 1),
        (0, 0, 1),
        (0, 0, 1),
        (0, -0, 1),
        (0, -0, 1),
        (0, -0, 1),
        (-0.0191673732, 0.847796312, 0.529975495),
        (-0.0191673732, 0.847796312, 0.529975495),
        (-0.0191673732, 0.847796312, 0.529975495),
        (-0.00888963046, 0.849040757, 0.52825256),
        (-0.00888963046, 0.849040757, 0.52825256),
        (-0.00888963046, 0.849040757, 0.52825256),
        (0, 0, 1),
        (0, 0, 1),
        (0, 0, 1),
        (0.0157128983, -0.847852433, 0.529999394),
        (0.0157128983, -0.847852433, 0.529999394),
        (0.0157128983, -0.847852433, 0.529999394),
        (0, -0, 1),
        (0, -0, 1),
        (0, -0, 1),
        (0, 0, 1),
        (0, 0, 1),
        (0, 0, 1),
        (0, 0, 1),
        (0, 0, 1),
        (0, 0, 1),
        (0, 0, 1),
        (0, 0, 1),
        (0, 0, 1),
        (0, 0, 1),
        (0, 0, 1),
        (0, 0, 1),
        (0.0276819882, -0.847546273, 0.529999078),
        (0.0276819882, -0.847546273, 0.529999078),
        (0.0276819882, -0.847546273, 0.529999078),
        (0, 0, 1),
        (0, 0, 1),
        (0, 0, 1),
        (0.847798686, 0.0183862932, 0.52999937),
        (0.847798686, 0.0183862932, 0.52999937),
        (0.847798686, 0.0183862932, 0.52999937),
        (0.00887729345, -0.847951676, 0.529999197),
        (0.00887729345, -0.847951676, 0.529999197),
        (0.00887729345, -0.847951676, 0.529999197),
        (0.200846595, -0.830189435, 0.52004437),
        (0.200846595, -0.830189435, 0.52004437),
        (0.200846595, -0.830189435, 0.52004437),
        (0.847791198, -0.0187580184, 0.529998322),
        (0.847791198, -0.0187580184, 0.529998322),
        (0.847791198, -0.0187580184, 0.529998322),
        (0.847833235, -0.0167150839, 0.529999445),
        (0.847833235, -0.0167150839, 0.529999445),
        (0.847833235, -0.0167150839, 0.529999445),
        (0.847730541, -0.0213010536, 0.529999241),
        (0.847730541, -0.0213010536, 0.529999241),
        (0.847730541, -0.0213010536, 0.529999241),
        (0.000706538392, -0.848153623, 0.529749878),
        (0.000706538392, -0.848153623, 0.529749878),
        (0.000706538392, -0.848153623, 0.529749878),
        (0, 0, 1),
        (0, 0, 1),
        (0, 0, 1),
        (-0, 0, 1),
        (-0, 0, 1),
        (-0, 0, 1),
        (-0, 0, 1),
        (-0, 0, 1),
        (-0, 0, 1),
        (0.847790907, -0.018754777, 0.529998902),
        (0.847790907, -0.018754777, 0.529998902),
        (0.847790907, -0.018754777, 0.529998902),
        (0, 0, 1),
        (0, 0, 1),
        (0, 0, 1),
        (0, 0, 1),
        (0, 0, 1),
        (0, 0, 1),
        (0.843756138, -0.0847173879, 0.529998627),
        (0.843756138, -0.0847173879, 0.529998627),
        (0.843756138, -0.0847173879, 0.529998627),
        (0, 0, 1),
        (0, 0, 1),
        (0, 0, 1),
        (0.843266872, -0.0894521496, 0.529999335),
        (0.843266872, -0.0894521496, 0.529999335),
        (0.843266872, -0.0894521496, 0.529999335),
        (0, 0, 1),
        (0, 0, 1),
        (0, 0, 1),
        (-0, 0, 1),
        (-0, 0, 1),
        (-0, 0, 1),
        (0.851340224, -0.0671689708, 0.520296216),
        (0.851340224, -0.0671689708, 0.520296216),
        (0.851340224, -0.0671689708, 0.520296216),
        (0, 0, 1),
        (0, 0, 1),
        (0, 0, 1),
        (-0, 0, 1),
        (-0, 0, 1),
        (-0, 0, 1),
        (-0, 0, 1),
        (-0, 0, 1),
        (-0, 0, 1),
        (0, 0, 1),
        (0, 0, 1),
        (0, 0, 1),
        (-0.847718554, 0.021794058, 0.52999837),
        (-0.847718554, 0.021794058, 0.52999837),
        (-0.847718554, 0.021794058, 0.52999837),
        (-0.847986275, -0.0045047685, 0.529999043),
        (-0.847986275, -0.0045047685, 0.529999043),
        (-0.847986275, -0.0045047685, 0.529999043),
        (-0.847939758, -0.00996440006, 0.529998941),
        (-0.847939758, -0.00996440006, 0.529998941),
        (-0.847939758, -0.00996440006, 0.529998941),
        (-0.847860303, -0.0152984914, 0.529998927),
        (-0.847860303, -0.0152984914, 0.529998927),
        (-0.847860303, -0.0152984914, 0.529998927),
        (0, 0, 1),
        (0, 0, 1),
        (0, 0, 1),
        (-0, 0, 1),
        (-0, 0, 1),
        (-0, 0, 1),
        (-0.84798989, 0.00380172264, 0.529998768),
        (-0.84798989, 0.00380172264, 0.529998768),
        (-0.84798989, 0.00380172264, 0.529998768),
        (-0.843664871, 0.0856186649, 0.529999084),
        (-0.843664871, 0.0856186649, 0.529999084),
        (-0.843664871, 0.0856186649, 0.529999084),
        (0, -0, 1),
        (0, -0, 1),
        (0, -0, 1),
        (0, 0, 1),
        (0, 0, 1),
        (0, 0, 1),
        (-0.845224667, 0.0685257378, 0.529999514),
        (-0.845224667, 0.0685257378, 0.529999514),
        (-0.845224667, 0.0685257378, 0.529999514),
        (-0.847105347, 0.038911533, 0.529998513),
        (-0.847105347, 0.038911533, 0.529998513),
        (-0.847105347, 0.038911533, 0.529998513),
        (-0.841662281, 0.103467603, 0.529999113),
        (-0.841662281, 0.103467603, 0.529999113),
        (-0.841662281, 0.103467603, 0.529999113),
        (-0, 0, 1),
        (-0, 0, 1),
        (-0, 0, 1),
        (0.838264166, -0.128118629, 0.529998872),
        (0.838264166, -0.128118629, 0.529998872),
        (0.838264166, -0.128118629, 0.529998872),
        (0, 0, 1),
        (0, 0, 1),
        (0, 0, 1),
        (0, 0, 1),
        (0, 0, 1),
        (0, 0, 1),
        (-0.841689607, 0.103244797, 0.529999168),
        (-0.841689607, 0.103244797, 0.529999168),
        (-0.841689607, 0.103244797, 0.529999168),
        (-0.841689596, 0.103246456, 0.529998862),
        (-0.841689596, 0.103246456, 0.529998862),
        (-0.841689596, 0.103246456, 0.529998862),
        (0, 0, 1),
        (0, 0, 1),
        (0, 0, 1),
        (-0.843668281, 0.0855871968, 0.529998739),
        (-0.843668281, 0.0855871968, 0.529998739),
        (-0.843668281, 0.0855871968, 0.529998739),
        (0, 0, 1),
        (0, 0, 1),
        (0, 0, 1),
        (0, 0, 1),
        (0, 0, 1),
        (0, 0, 1),
        (0, 0, 1),
        (0, 0, 1),
        (0, 0, 1),
        (0, 0, 1),
        (0, 0, 1),
        (0, 0, 1),
        (0, -0, 1),
        (0, -0, 1),
        (0, -0, 1),
        (0.847997164, 0.00137473197, 0.529998981),
        (0.847997164, 0.00137473197, 0.529998981),
        (0.847997164, 0.00137473197, 0.529998981),
        (0.847975793, -0.0061656408, 0.529999093),
        (0.847975793, -0.0061656408, 0.529999093),
        (0.847975793, -0.0061656408, 0.529999093),
        (0.847932108, -0.0106049981, 0.529998749),
        (0.847932108, -0.0106049981, 0.529998749),
        (0.847932108, -0.0106049981, 0.529998749),
        (0.847924457, -0.0111857842, 0.529999051),
        (0.847924457, -0.0111857842, 0.529999051),
        (0.847924457, -0.0111857842, 0.529999051),
        (0, 0, 1),
        (0, 0, 1),
        (0, 0, 1),
        (0.847900435, -0.0128727513, 0.529999192),
        (0.847900435, -0.0128727513, 0.529999192),
        (0.847900435, -0.0128727513, 0.529999192),
        (0, 0, 1),
        (0, 0, 1),
        (0, 0, 1),
        (0, 0, 1),
        (0, 0, 1),
        (0, 0, 1),
        (0, 0, 1),
        (0, 0, 1),
        (0, 0, 1),
        (0.847945839, -0.00942420305, 0.529999093),
        (0.847945839, -0.00942420305, 0.529999093),
        (0.847945839, -0.00942420305, 0.529999093),
        (-0, -0, 1),
        (-0, -0, 1),
        (-0, -0, 1),
        (0, 0, 1),
        (0, 0, 1),
        (0, 0, 1),
        (0, 0, 1),
        (0, 0, 1),
        (0, 0, 1),
        (-0, 0, 1),
        (-0, 0, 1),
        (-0, 0, 1),
        (0, 0, 1),
        (0, 0, 1),
        (0, 0, 1),
        (0, 0, 1),
        (0, 0, 1),
        (0, 0, 1),
        (0, 0, 1),
        (0, 0, 1),
        (0, 0, 1),
        (0.84793213, 0.0106032585, 0.529998749),
        (0.84793213, 0.0106032585, 0.529998749),
        (0.84793213, 0.0106032585, 0.529998749),
        (-0, 0, 1),
        (-0, 0, 1),
        (-0, 0, 1),
        (0, 0, 1),
        (0, 0, 1),
        (0, 0, 1),
        (0, -0, 1),
        (0, -0, 1),
        (0, -0, 1),
        (0.847935399, -0.0103230392, 0.529999051),
        (0.847935399, -0.0103230392, 0.529999051),
        (0.847935399, -0.0103230392, 0.529999051),
        (0.847998304, 0, 0.52999894),
        (0.847998304, 0, 0.52999894),
        (0.847998304, 0, 0.52999894),
        (0.847935358, 0.0103233738, 0.52999911),
        (0.847935358, 0.0103233738, 0.52999911),
        (0.847935358, 0.0103233738, 0.52999911),
        (0.847997165, -0.00137473197, 0.52999898),
        (0.847997165, -0.00137473197, 0.52999898),
        (0.847997165, -0.00137473197, 0.52999898),
        (0.847946075, 0.00942233204, 0.529998748),
        (0.847946075, 0.00942233204, 0.529998748),
        (0.847946075, 0.00942233204, 0.529998748),
        (-0, 0, 1),
        (-0, 0, 1),
        (-0, 0, 1),
        (0.847833416, 0.0167170018, 0.529999094),
        (0.847833416, 0.0167170018, 0.529999094),
        (0.847833416, 0.0167170018, 0.529999094),
        (-0, 0, 1),
        (-0, 0, 1),
        (-0, 0, 1),
        (0, -0, 1),
        (0, -0, 1),
        (0, -0, 1),
        (0.845124475, -0.0697560689, 0.529998786),
        (0.845124475, -0.0697560689, 0.529998786),
        (0.845124475, -0.0697560689, 0.529998786),
        (-0, 0, 1),
        (-0, 0, 1),
        (-0, 0, 1),
        (0.847228973, -0.0361130379, 0.529998976),
        (0.847228973, -0.0361130379, 0.529998976),
        (0.847228973, -0.0361130379, 0.529998976),
        (0.84656111, -0.0493493437, 0.52999899),
        (0.84656111, -0.0493493437, 0.52999899),
        (0.84656111, -0.0493493437, 0.52999899),
        (0.845936326, -0.059104579, 0.529998473),
        (0.845936326, -0.059104579, 0.529998473),
        (0.845936326, -0.059104579, 0.529998473),
        (0, 0, 1),
        (0, 0, 1),
        (0, 0, 1),
        (0, 0, 1),
        (0, 0, 1),
        (0, 0, 1),
        (0, -0, 1),
        (0, -0, 1),
        (0, -0, 1),
        (-0, 0, 1),
        (-0, 0, 1),
        (-0, 0, 1),
        (0, 0, 1),
        (0, 0, 1),
        (0, 0, 1),
        (-0.847667266, 0.0237034545, 0.529998446),
        (-0.847667266, 0.0237034545, 0.529998446),
        (-0.847667266, 0.0237034545, 0.529998446),
        (0, 0, 1),
        (0, 0, 1),
        (0, 0, 1),
        (-0.847303512, 0.0343160038, 0.529999217),
        (-0.847303512, 0.0343160038, 0.529999217),
        (-0.847303512, 0.0343160038, 0.529999217),
        (-0, 0, 1),
        (-0, 0, 1),
        (-0, 0, 1),
        (0, 0, 1),
        (0, 0, 1),
        (0, 0, 1),
        (0, 0, 1),
        (0, 0, 1),
        (0, 0, 1),
        (0, 0, 1),
        (0, 0, 1),
        (0, 0, 1),
        (0.0431094374, 0.850942808, 0.523486307),
        (0.0431094374, 0.850942808, 0.523486307),
        (0.0431094374, 0.850942808, 0.523486307),
        (0.845936375, -0.0591042964, 0.529998426),
        (0.845936375, -0.0591042964, 0.529998426),
        (0.845936375, -0.0591042964, 0.529998426),
        (0, 0, 1),
        (0, 0, 1),
        (0, 0, 1),
        (0, 0, 1),
        (0, 0, 1),
        (0, 0, 1),
        (0, 0, 1),
        (0, 0, 1),
        (0, 0, 1),
        (-0.0146273793, 0.847871969, 0.529999212),
        (-0.0146273793, 0.847871969, 0.529999212),
        (-0.0146273793, 0.847871969, 0.529999212),
        (-0.852450872, 0.03523071, 0.52161893),
        (-0.852450872, 0.03523071, 0.52161893),
        (-0.852450872, 0.03523071, 0.52161893),
        (0, -0, 1),
        (0, -0, 1),
        (0, -0, 1),
        (0, 0, 1),
        (0, 0, 1),
        (0, 0, 1),
        (-0, 0, 1),
        (-0, 0, 1),
        (-0, 0, 1),
        (-0.0242710041, 0.847650832, 0.529999043),
        (-0.0242710041, 0.847650832, 0.529999043),
        (-0.0242710041, 0.847650832, 0.529999043),
        (0, -0, 1),
        (0, -0, 1),
        (0, -0, 1),
        (-0.0397949529, 0.847063998, 0.529999004),
        (-0.0397949529, 0.847063998, 0.529999004),
        (-0.0397949529, 0.847063998, 0.529999004),
        (-0, 0, 1),
        (-0, 0, 1),
        (-0, 0, 1),
        (0, -0, 1),
        (0, -0, 1),
        (0, -0, 1),
        (-0, 0, 1),
        (-0, 0, 1),
        (-0, 0, 1),
        (-0, 0, 1),
        (-0, 0, 1),
        (-0, 0, 1),
        (0, 0, 1),
        (0, 0, 1),
        (0, 0, 1),
        (0, 0, 1),
        (0, 0, 1),
        (0, 0, 1),
        (0.024421495, 0.847646624, 0.52999886),
        (0.024421495, 0.847646624, 0.52999886),
        (0.024421495, 0.847646624, 0.52999886),
        (0, 0, 1),
        (0, 0, 1),
        (0, 0, 1),
        (-0.0168459108, 0.847831077, 0.529998755),
        (-0.0168459108, 0.847831077, 0.529998755),
        (-0.0168459108, 0.847831077, 0.529998755),
        (-0.00853647791, 0.847955333, 0.529998945),
        (-0.00853647791, 0.847955333, 0.529998945),
        (-0.00853647791, 0.847955333, 0.529998945),
        (0, 0, 1),
        (0, 0, 1),
        (0, 0, 1),
        (0.0168470421, 0.847830924, 0.529998963),
        (0.0168470421, 0.847830924, 0.529998963),
        (0.0168470421, 0.847830924, 0.529998963),
        (0.0230091056, 0.847686194, 0.529998771),
        (0.0230091056, 0.847686194, 0.529998771),
        (0.0230091056, 0.847686194, 0.529998771),
        (0, -0, 1),
        (0, -0, 1),
        (0, -0, 1),
        (0, -0, 1),
        (0, -0, 1),
        (0, -0, 1),
        (0.0397923935, 0.84706437, 0.529998602),
        (0.0397923935, 0.84706437, 0.529998602),
        (0.0397923935, 0.84706437, 0.529998602),
        (0.847900444, 0.012872686, 0.529999181),
        (0.847900444, 0.012872686, 0.529999181),
        (0.847900444, 0.012872686, 0.529999181),
        (0.847833244, 0.0167150841, 0.52999943),
        (0.847833244, 0.0167150841, 0.52999943),
        (0.847833244, 0.0167150841, 0.52999943),
        (0.847979858, -0.00556392992, 0.529999248),
        (0.847979858, -0.00556392992, 0.529999248),
        (0.847979858, -0.00556392992, 0.529999248),
        (0.847798674, -0.0183863886, 0.529999386),
        (0.847798674, -0.0183863886, 0.529999386),
        (0.847798674, -0.0183863886, 0.529999386),
        (0.847790916, 0.0187548715, 0.529998885),
        (0.847790916, 0.0187548715, 0.529998885),
        (0.847790916, 0.0187548715, 0.529998885),
        (0, 0, 1),
        (0, 0, 1),
        (0, 0, 1),
        (-0, 0, 1),
        (-0, 0, 1),
        (-0, 0, 1),
        (0.847758428, 0.0201645191, 0.529999094),
        (0.847758428, 0.0201645191, 0.529999094),
        (0.847758428, 0.0201645191, 0.529999094),
        (0.0352561898, 0.847264909, 0.529999222),
        (0.0352561898, 0.847264909, 0.529999222),
        (0.0352561898, 0.847264909, 0.529999222),
        (0, 0, 1),
        (0, 0, 1),
        (0, 0, 1),
        (-0.0024323147, 0.850896133, 0.525328331),
        (-0.0024323147, 0.850896133, 0.525328331),
        (-0.0024323147, 0.850896133, 0.525328331),
        (-0.364580879, 0.874854395, 0.318920947),
        (-0.364580879, 0.874854395, 0.318920947),
        (-0.364580879, 0.874854395, 0.318920947),
        (0, 0, 1),
        (0, 0, 1),
        (0, 0, 1),
        (0.847730857, 0.0213047368, 0.529998586),
        (0.847730857, 0.0213047368, 0.529998586),
        (0.847730857, 0.0213047368, 0.529998586),
        (0, -0, 1),
        (0, -0, 1),
        (0, -0, 1),
        (0, -0, 1),
        (0, -0, 1),
        (0, -0, 1),
        (0, 0, 1),
        (0, 0, 1),
        (0, 0, 1),
        (0, 0, 1),
        (0, 0, 1),
        (0, 0, 1),
        (0, -0, 1),
        (0, -0, 1),
        (0, -0, 1),
        (0.00977675459, -0.85069267, 0.525572447),
        (0.00977675459, -0.85069267, 0.525572447),
        (0.00977675459, -0.85069267, 0.525572447),
        (-0, 0, 1),
        (-0, 0, 1),
        (-0, 0, 1),
        (0, 0, 1),
        (0, 0, 1),
        (0, 0, 1),
        (0.0194039514, -0.851561585, 0.523895366),
        (0.0194039514, -0.851561585, 0.523895366),
        (0.0194039514, -0.851561585, 0.523895366),
        (0, 0, 1),
        (0, 0, 1),
        (0, 0, 1),
        (-0.847825539, -0.017120744, 0.529998807),
        (-0.847825539, -0.017120744, 0.529998807),
        (-0.847825539, -0.017120744, 0.529998807),
        (-0.847801037, -0.0182810371, 0.529999251),
        (-0.847801037, -0.0182810371, 0.529999251),
        (-0.847801037, -0.0182810371, 0.529999251),
        (0, -0, 1),
        (0, -0, 1),
        (0, -0, 1),
        (0.0201518624, -0.847759253, 0.529998256),
        (0.0201518624, -0.847759253, 0.529998256),
        (0.0201518624, -0.847759253, 0.529998256),
        (0, -0, 1),
        (0, -0, 1),
        (0, -0, 1),
        (-0.848968458, -0.00306507942, 0.528434635),
        (-0.848968458, -0.00306507942, 0.528434635),
        (-0.848968458, -0.00306507942, 0.528434635),
        (0, 0, 1),
        (0, 0, 1),
        (0, 0, 1),
        (-0.847180337, -0.0372401317, 0.529998725),
        (-0.847180337, -0.0372401317, 0.529998725),
        (-0.847180337, -0.0372401317, 0.529998725),
        (0, 0, 1),
        (0, 0, 1),
        (0, 0, 1),
        (-0.847113355, -0.0387273018, 0.529999207),
        (-0.847113355, -0.0387273018, 0.529999207),
        (-0.847113355, -0.0387273018, 0.529999207),
        (0, 0, 1),
        (0, 0, 1),
        (0, 0, 1),
        (-0.847738615, -0.020988241, 0.529998807),
        (-0.847738615, -0.020988241, 0.529998807),
        (-0.847738615, -0.020988241, 0.529998807),
        (0, -0, 1),
        (0, -0, 1),
        (0, -0, 1),
        (-0.847179787, -0.0372436117, 0.529999361),
        (-0.847179787, -0.0372436117, 0.529999361),
        (-0.847179787, -0.0372436117, 0.529999361),
        (-0, -0, 1),
        (-0, -0, 1),
        (-0, -0, 1),
        (0, 0, 1),
        (0, 0, 1),
        (0, 0, 1),
        (-0.847616055, -0.0254457594, 0.529999563),
        (-0.847616055, -0.0254457594, 0.529999563),
        (-0.847616055, -0.0254457594, 0.529999563),
        (-0.847816051, -0.0175747344, 0.529999124),
        (-0.847816051, -0.0175747344, 0.529999124),
        (-0.847816051, -0.0175747344, 0.529999124),
        (-0.847874106, -0.0145267533, 0.52999856),
        (-0.847874106, -0.0145267533, 0.52999856),
        (-0.847874106, -0.0145267533, 0.52999856),
        (0, 0, 1),
        (0, 0, 1),
        (0, 0, 1),
        (0, -0, 1),
        (0, -0, 1),
        (0, -0, 1),
        (-0.847765681, -0.0198727875, 0.529998511),
        (-0.847765681, -0.0198727875, 0.529998511),
        (-0.847765681, -0.0198727875, 0.529998511),
        (0, 0, 1),
        (0, 0, 1),
        (0, 0, 1),
        (-0, 0, 1),
        (-0, 0, 1),
        (-0, 0, 1),
        (0, 0, 1),
        (0, 0, 1),
        (0, 0, 1),
        (0.0211131556, -0.847735457, 0.529998896),
        (0.0211131556, -0.847735457, 0.529998896),
        (0.0211131556, -0.847735457, 0.529998896),
        (0.0212187428, -0.847732786, 0.529998951),
        (0.0212187428, -0.847732786, 0.529998951),
        (0.0212187428, -0.847732786, 0.529998951),
        (-0, 0, 1),
        (-0, 0, 1),
        (-0, 0, 1),
        (-0, 0, 1),
        (-0, 0, 1),
        (-0, 0, 1),
        (0, 0, 1),
        (0, 0, 1),
        (0, 0, 1),
        (0, -0, 1),
        (0, -0, 1),
        (0, -0, 1),
        (0, 0, 1),
        (0, 0, 1),
        (0, 0, 1),
        (0.0207634711, -0.847743828, 0.529999321),
        (0.0207634711, -0.847743828, 0.529999321),
        (0.0207634711, -0.847743828, 0.529999321),
        (0, 0, 1),
        (0, 0, 1),
        (0, 0, 1),
        (0, 0, 1),
        (0, 0, 1),
        (0, 0, 1),
        (-0, 0, 1),
        (-0, 0, 1),
        (-0, 0, 1),
        (-0.00389755396, -0.847989712, 0.529998356),
        (-0.00389755396, -0.847989712, 0.529998356),
        (-0.00389755396, -0.847989712, 0.529998356),
        (0, -0, 1),
        (0, -0, 1),
        (0, -0, 1),
        (0, 0, 1),
        (0, 0, 1),
        (0, 0, 1),
        (-0, 0, 1),
        (-0, 0, 1),
        (-0, 0, 1),
        (0, 0, 1),
        (0, 0, 1),
        (0, 0, 1),
        (-0, 0, 1),
        (-0, 0, 1),
        (-0, 0, 1),
        (0, 0, 1),
        (0, 0, 1),
        (0, 0, 1),
        (0, -0, 1),
        (0, -0, 1),
        (0, -0, 1),
        (0, 0, 1),
        (0, 0, 1),
        (0, 0, 1),
        (0.00509179774, -0.847983089, 0.529998825),
        (0.00509179774, -0.847983089, 0.529998825),
        (0.00509179774, -0.847983089, 0.529998825),
        (0, 0, 1),
        (0, 0, 1),
        (0, 0, 1),
        (0, -0, 1),
        (0, -0, 1),
        (0, -0, 1),
        (0.00164915072, -0.847996674, 0.529998982),
        (0.00164915072, -0.847996674, 0.529998982),
        (0.00164915072, -0.847996674, 0.529998982),
        (0, -0, 1),
        (0, -0, 1),
        (0, -0, 1),
        (0, 0, 1),
        (0, 0, 1),
        (0, 0, 1),
        (0, 0, 1),
        (0, 0, 1),
        (0, 0, 1),
        (0, 0, 1),
        (0, 0, 1),
        (0, 0, 1),
        (0, 0, 1),
        (0, 0, 1),
        (0, 0, 1),
        (0.00164567147, -0.847997072, 0.529998356),
        (0.00164567147, -0.847997072, 0.529998356),
        (0.00164567147, -0.847997072, 0.529998356),
        (0, 0, 1),
        (0, 0, 1),
        (0, 0, 1),
        (0, 0, 1),
        (0, 0, 1),
        (0, 0, 1),
        (0, 0, 1),
        (0, 0, 1),
        (0, 0, 1),
        (0, 0, 1),
        (0, 0, 1),
        (0, 0, 1),
        (0, 0, 1),
        (0, 0, 1),
        (0, 0, 1),
        (-0.0206413766, -0.847746986, 0.52999904),
        (-0.0206413766, -0.847746986, 0.52999904),
        (-0.0206413766, -0.847746986, 0.52999904),
        (0, 0, 1),
        (0, 0, 1),
        (0, 0, 1),
        (0, 0, 1),
        (0, 0, 1),
        (0, 0, 1),
        (0, 0, 1),
        (0, 0, 1),
        (0, 0, 1),
        (0, 0, 1),
        (0, 0, 1),
        (0, 0, 1),
        (-0.0211132621, -0.847735442, 0.529998915),
        (-0.0211132621, -0.847735442, 0.529998915),
        (-0.0211132621, -0.847735442, 0.529998915),
        (-0.021112435, -0.847735555, 0.529998768),
        (-0.021112435, -0.847735555, 0.529998768),
        (-0.021112435, -0.847735555, 0.529998768),
        (-0, 0, 1),
        (-0, 0, 1),
        (-0, 0, 1),
        (-0.0050906583, -0.847983094, 0.529998828),
        (-0.0050906583, -0.847983094, 0.529998828),
        (-0.0050906583, -0.847983094, 0.529998828),
        (0, 0, 1),
        (0, 0, 1),
        (0, 0, 1),
        (0, -0, 1),
        (0, -0, 1),
        (0, -0, 1),
        (-0.0207602507, -0.847744273, 0.529998736),
        (-0.0207602507, -0.847744273, 0.529998736),
        (-0.0207602507, -0.847744273, 0.529998736),
        (0, 0, 1),
        (0, 0, 1),
        (0, 0, 1),
        (0, 0, 1),
        (0, 0, 1),
        (0, 0, 1),
        (0, -0, 1),
        (0, -0, 1),
        (0, -0, 1),
        (-0, 0, 1),
        (-0, 0, 1),
        (-0, 0, 1),
        (-0.0236285656, -0.847668877, 0.529999213),
        (-0.0236285656, -0.847668877, 0.529999213),
        (-0.0236285656, -0.847668877, 0.529999213),
        (-0.0206442566, -0.847747235, 0.529998528),
        (-0.0206442566, -0.847747235, 0.529998528),
        (-0.0206442566, -0.847747235, 0.529998528),
        (0, 0, 1),
        (0, 0, 1),
        (0, 0, 1),
        (-0.0215864154, -0.84772334, 0.529999212),
        (-0.0215864154, -0.84772334, 0.529999212),
        (-0.0215864154, -0.84772334, 0.529999212),
        (0, 0, 1),
        (0, 0, 1),
        (0, 0, 1),
        (-0, 0, 1),
        (-0, 0, 1),
        (-0, 0, 1),
        (0, 0, 1),
        (0, 0, 1),
        (0, 0, 1),
        (0, 0, 1),
        (0, 0, 1),
        (0, 0, 1),
        (-0.204476249, -0.828918739, 0.520656497),
        (-0.204476249, -0.828918739, 0.520656497),
        (-0.204476249, -0.828918739, 0.520656497),
        (0, 0, 1),
        (0, 0, 1),
        (0, 0, 1),
        (0.847018107, -0.0407528233, 0.529999561),
        (0.847018107, -0.0407528233, 0.529999561),
        (0.847018107, -0.0407528233, 0.529999561),
        (0, 0, 1),
        (0, 0, 1),
        (0, 0, 1),
        (-0.0110198301, -0.850589028, 0.525715579),
        (-0.0110198301, -0.850589028, 0.525715579),
        (-0.0110198301, -0.850589028, 0.525715579),
        (0, 0, 1),
        (0, 0, 1),
        (0, 0, 1),
        (0.826655067, 0.240680889, 0.50863947),
        (0.826655067, 0.240680889, 0.50863947),
        (0.826655067, 0.240680889, 0.50863947),
        (0.847018404, -0.0407509422, 0.529999229),
        (0.847018404, -0.0407509422, 0.529999229),
        (0.847018404, -0.0407509422, 0.529999229),
        (-0.0201573247, -0.847758505, 0.529999245),
        (-0.0201573247, -0.847758505, 0.529999245),
        (-0.0201573247, -0.847758505, 0.529999245),
        (-0.0193208711, -0.84777798, 0.529999245),
        (-0.0193208711, -0.84777798, 0.529999245),
        (-0.0193208711, -0.84777798, 0.529999245),
        (0.847400295, -0.0318487732, 0.529998486),
        (0.847400295, -0.0318487732, 0.529998486),
        (0.847400295, -0.0318487732, 0.529998486),
        (0, -0, 1),
        (0, -0, 1),
        (0, -0, 1),
        (0, 0, 1),
        (0, 0, 1),
        (0, 0, 1),
        (-0, 0, 1),
        (-0, 0, 1),
        (-0, 0, 1),
        (0, 0, 1),
        (0, 0, 1),
        (0, 0, 1),
        (0, -0, 1),
        (0, -0, 1),
        (0, -0, 1),
        (0.847809043, -0.017913398, 0.529998996),
        (0.847809043, -0.017913398, 0.529998996),
        (0.847809043, -0.017913398, 0.529998996),
        (0, 0, 1),
        (0, 0, 1),
        (0, 0, 1),
        (-0, 0, 1),
        (-0, 0, 1),
        (-0, 0, 1),
        (0, 0, 1),
        (0, 0, 1),
        (0, 0, 1),
        (0, -0, 1),
        (0, -0, 1),
        (0, -0, 1),
        (0, 0, 1),
        (0, 0, 1),
        (0, 0, 1),
        (0.847761053, -0.0200386226, 0.52999967),
        (0.847761053, -0.0200386226, 0.52999967),
        (0.847761053, -0.0200386226, 0.52999967),
        (-0, 0, 1),
        (-0, 0, 1),
        (-0, 0, 1),
        (0, -0, 1),
        (0, -0, 1),
        (0, -0, 1),
        (-0, 0, 1),
        (-0, 0, 1),
        (-0, 0, 1),
        (0, 0, 1),
        (0, 0, 1),
        (0, 0, 1),
        (0.845906946, -0.0595169681, 0.529999217),
        (0.845906946, -0.0595169681, 0.529999217),
        (0.845906946, -0.0595169681, 0.529999217),
        (0.846607311, -0.048554257, 0.529998627),
        (0.846607311, -0.048554257, 0.529998627),
        (0.846607311, -0.048554257, 0.529998627),
        (0.847038882, -0.040325257, 0.529999063),
        (0.847038882, -0.040325257, 0.529999063),
        (0.847038882, -0.040325257, 0.529999063),
        (0.845231133, -0.0684482499, 0.529999216),
        (0.845231133, -0.0684482499, 0.529999216),
        (0.845231133, -0.0684482499, 0.529999216),
        (0.845906991, -0.059518005, 0.529999028),
        (0.845906991, -0.059518005, 0.529999028),
        (0.845906991, -0.059518005, 0.529999028),
        (0, 0, 1),
        (0, 0, 1),
        (0, 0, 1),
        (-0.847982438, -0.00516560175, 0.529999152),
        (-0.847982438, -0.00516560175, 0.529999152),
        (-0.847982438, -0.00516560175, 0.529999152),
        (0, 0, 1),
        (0, 0, 1),
        (0, 0, 1),
        (-0.847934273, -0.010452127, 0.529998323),
        (-0.847934273, -0.010452127, 0.529998323),
        (-0.847934273, -0.010452127, 0.529998323),
        (0, -0, 1),
        (0, -0, 1),
        (0, -0, 1),
        (-0.84799457, 0.0026197061, 0.52999844),
        (-0.84799457, 0.0026197061, 0.52999844),
        (-0.84799457, 0.0026197061, 0.52999844),
        (-0.847988625, -0.00405042864, 0.529998949),
        (-0.847988625, -0.00405042864, 0.529998949),
        (-0.847988625, -0.00405042864, 0.529998949),
        (-0.847998304, 0, 0.52999894),
        (-0.847998304, 0, 0.52999894),
        (-0.847998304, 0, 0.52999894),
        (-0.847993261, 0.00292448007, 0.52999894),
        (-0.847993261, 0.00292448007, 0.52999894),
        (-0.847993261, 0.00292448007, 0.52999894),
        (-0.847994413, -0.0026210917, 0.529998685),
        (-0.847994413, -0.0026210917, 0.529998685),
        (-0.847994413, -0.0026210917, 0.529998685),
        (-0, 0, 1),
        (-0, 0, 1),
        (-0, 0, 1),
        (-0.847988625, 0.00405042864, 0.529998949),
        (-0.847988625, 0.00405042864, 0.529998949),
        (-0.847988625, 0.00405042864, 0.529998949),
        (0, -0, 1),
        (0, -0, 1),
        (0, -0, 1),
        (-0.847997993, 0.000719022744, 0.529998949),
        (-0.847997993, 0.000719022744, 0.529998949),
        (-0.847997993, 0.000719022744, 0.529998949),
        (0, 0, 1),
        (0, 0, 1),
        (0, 0, 1),
        (-0.847934021, -0.0104495411, 0.529998776),
        (-0.847934021, -0.0104495411, 0.529998776),
        (-0.847934021, -0.0104495411, 0.529998776),
        (-0.847833559, -0.0167266423, 0.529998562),
        (-0.847833559, -0.0167266423, 0.529998562),
        (-0.847833559, -0.0167266423, 0.529998562),
        (-0, 0, 1),
        (-0, 0, 1),
        (-0, 0, 1),
        (0, 0, 1),
        (0, 0, 1),
        (0, 0, 1),
        (0, -0, 1),
        (0, -0, 1),
        (0, -0, 1),
        (-0, 0, 1),
        (-0, 0, 1),
        (-0, 0, 1),
        (-0.847988487, 0.00405162416, 0.52999916),
        (-0.847988487, 0.00405162416, 0.52999916),
        (-0.847988487, 0.00405162416, 0.52999916),
        (0, 0, 1),
        (0, 0, 1),
        (0, 0, 1),
        (0, -0, 1),
        (0, -0, 1),
        (0, -0, 1),
        (0, 0, 1),
        (0, 0, 1),
        (0, 0, 1),
        (-0, 0, 1),
        (-0, 0, 1),
        (-0, 0, 1),
        (0, 0, 1),
        (0, 0, 1),
        (0, 0, 1),
        (0, -0, 1),
        (0, -0, 1),
        (0, -0, 1),
        (-0, 0, 1),
        (-0, 0, 1),
        (-0, 0, 1),
        (0, 0, 1),
        (0, 0, 1),
        (0, 0, 1),
        (0, -0, 1),
        (0, -0, 1),
        (0, -0, 1),
        (0, 0, 1),
        (0, 0, 1),
        (0, 0, 1),
        (-0.847982364, 0.00517698975, 0.529999159),
        (-0.847982364, 0.00517698975, 0.529999159),
        (-0.847982364, 0.00517698975, 0.529999159),
        (-0, 0, 1),
        (-0, 0, 1),
        (-0, 0, 1),
        (-0, 0, 1),
        (-0, 0, 1),
        (-0, 0, 1),
        (-0.847874106, 0.0145267533, 0.52999856),
        (-0.847874106, 0.0145267533, 0.52999856),
        (-0.847874106, 0.0145267533, 0.52999856),
        (0, 0, 1),
        (0, 0, 1),
        (0, 0, 1),
        (0, 0, 1),
        (0, 0, 1),
        (0, 0, 1),
        (0, 0, 1),
        (0, 0, 1),
        (0, 0, 1),
        (0, 0, 1),
        (0, 0, 1),
        (0, 0, 1),
        (-0.847113355, 0.0387273018, 0.529999207),
        (-0.847113355, 0.0387273018, 0.529999207),
        (-0.847113355, 0.0387273018, 0.529999207),
        (-0.847045308, 0.0401966246, 0.529998563),
        (-0.847045308, 0.0401966246, 0.529998563),
        (-0.847045308, 0.0401966246, 0.529998563),
        (0, -0, 1),
        (0, -0, 1),
        (0, -0, 1),
        (0, 0, 1),
        (0, 0, 1),
        (0, 0, 1),
        (0, -0, 1),
        (0, -0, 1),
        (0, -0, 1),
        (-0.847607794, 0.0257372463, 0.529998699),
        (-0.847607794, 0.0257372463, 0.529998699),
        (-0.847607794, 0.0257372463, 0.529998699),
        (-0.847816362, 0.0175781928, 0.529998513),
        (-0.847816362, 0.0175781928, 0.529998513),
        (-0.847816362, 0.0175781928, 0.529998513),
        (-0.847833145, 0.0167298064, 0.529999124),
        (-0.847833145, 0.0167298064, 0.529999124),
        (-0.847833145, 0.0167298064, 0.529999124),
        (-0.847616055, 0.0254457594, 0.529999563),
        (-0.847616055, 0.0254457594, 0.529999563),
        (-0.847616055, 0.0254457594, 0.529999563),
        (-0, 0, 1),
        (-0, 0, 1),
        (-0, 0, 1),
        (-0, 0, 1),
        (-0, 0, 1),
        (-0, 0, 1),
        (-0.847045164, 0.0401975296, 0.529998726),
        (-0.847045164, 0.0401975296, 0.529998726),
        (-0.847045164, 0.0401975296, 0.529998726),
        (-0, 0, 1),
        (-0, 0, 1),
        (-0, 0, 1),
        (-0.847405962, 0.0316940412, 0.529998701),
        (-0.847405962, 0.0316940412, 0.529998701),
        (-0.847405962, 0.0316940412, 0.529998701),
        (-0, 0, 1),
        (-0, 0, 1),
        (-0, 0, 1),
        (0, 0, 1),
        (0, 0, 1),
        (0, 0, 1),
        (0, 0, 1),
        (0, 0, 1),
        (0, 0, 1),
        (-0, 0, 1),
        (-0, 0, 1),
        (-0, 0, 1),
        (0, 0, 1),
        (0, 0, 1),
        (0, 0, 1),
        (0, 0, 1),
        (0, 0, 1),
        (0, 0, 1),
        (0, -0, 1),
        (0, -0, 1),
        (0, -0, 1),
        (0, 0, 1),
        (0, 0, 1),
        (0, 0, 1),
        (0, 0, 1),
        (0, 0, 1),
        (0, 0, 1),
        (0, 0, 1),
        (0, 0, 1),
        (0, 0, 1),
        (0, 0, 1),
        (0, 0, 1),
        (0, 0, 1),
        (0, 0, 1),
        (0, 0, 1),
        (0, 0, 1),
        (0, 0, 1),
        (0, 0, 1),
        (0, 0, 1),
        (0, 0, 1),
        (0, 0, 1),
        (0, 0, 1),
        (0, 0, 1),
        (0, 0, 1),
        (0, 0, 1),
        (0, 0, 1),
        (0, 0, 1),
        (0, 0, 1),
        (0.844311051, -0.07899099, 0.529999313),
        (0.844311051, -0.07899099, 0.529999313),
        (0.844311051, -0.07899099, 0.529999313),
        (0.843677859, -0.0854927805, 0.529998732),
        (0.843677859, -0.0854927805, 0.529998732),
        (0.843677859, -0.0854927805, 0.529998732),
        (0.845893841, -0.0597055323, 0.529998924),
        (0.845893841, -0.0597055323, 0.529998924),
        (0.845893841, -0.0597055323, 0.529998924),
        (0, 0, 1),
        (0, 0, 1),
        (0, 0, 1),
        (0.846402558, -0.0520015859, 0.529998627),
        (0.846402558, -0.0520015859, 0.529998627),
        (0.846402558, -0.0520015859, 0.529998627),
        (0, -0, 1),
        (0, -0, 1),
        (0, -0, 1),
        (0.847521759, -0.0284186456, 0.529999291),
        (0.847521759, -0.0284186456, 0.529999291),
        (0.847521759, -0.0284186456, 0.529999291),
        (0, -0, 1),
        (0, -0, 1),
        (0, -0, 1),
        (0.843677164, -0.0854960063, 0.529999316),
        (0.843677164, -0.0854960063, 0.529999316),
        (0.843677164, -0.0854960063, 0.529999316),
        (-0, 0, 1),
        (-0, 0, 1),
        (-0, 0, 1),
        (0.84489723, -0.07245428, 0.529999102),
        (0.84489723, -0.07245428, 0.529999102),
        (0.84489723, -0.07245428, 0.529999102),
        (0, 0, 1),
        (0, 0, 1),
        (0, 0, 1),
        (0, 0, 1),
        (0, 0, 1),
        (0, 0, 1),
        (0.846183119, -0.0554579735, 0.529998625),
        (0.846183119, -0.0554579735, 0.529998625),
        (0.846183119, -0.0554579735, 0.529998625),
        (0.847276408, -0.0349798301, 0.52999915),
        (0.847276408, -0.0349798301, 0.52999915),
        (0.847276408, -0.0349798301, 0.52999915),
        (0, -0, 1),
        (0, -0, 1),
        (0, -0, 1),
        (0, 0, 1),
        (0, 0, 1),
        (0, 0, 1),
        (0.846187526, -0.0553925317, 0.529998432),
        (0.846187526, -0.0553925317, 0.529998432),
        (0.846187526, -0.0553925317, 0.529998432),
        (0, 0, 1),
        (0, 0, 1),
        (0, 0, 1),
        (0.847276472, -0.0349808327, 0.529998982),
        (0.847276472, -0.0349808327, 0.529998982),
        (0.847276472, -0.0349808327, 0.529998982),
        (0, 0, 1),
        (0, 0, 1),
        (0, 0, 1),
        (0, 0, 1),
        (0, 0, 1),
        (0, 0, 1),
        (0.84710098, -0.0389958464, 0.529999297),
        (0.84710098, -0.0389958464, 0.529999297),
        (0.84710098, -0.0389958464, 0.529999297),
        (0.847521804, -0.0284192019, 0.529999189),
        (0.847521804, -0.0284192019, 0.529999189),
        (0.847521804, -0.0284192019, 0.529999189),
        (0, 0, 1),
        (0, 0, 1),
        (0, 0, 1),
        (-0, 0, 1),
        (-0, 0, 1),
        (-0, 0, 1),
        (0, 0, 1),
        (0, 0, 1),
        (0, 0, 1),
        (-0, 0, 1),
        (-0, 0, 1),
        (-0, 0, 1),
        (0.0941942931, 0.842750747, 0.529998692),
        (0.0941942931, 0.842750747, 0.529998692),
        (0.0941942931, 0.842750747, 0.529998692),
        (0, -0, 1),
        (0, -0, 1),
        (0, -0, 1),
        (-0, 0, 1),
        (-0, 0, 1),
        (-0, 0, 1),
        (0, 0, 1),
        (0, 0, 1),
        (0, 0, 1),
        (0, -0, 1),
        (0, -0, 1),
        (0, -0, 1),
        (0, 0, 1),
        (0, 0, 1),
        (0, 0, 1),
        (0, 0, 1),
        (0, 0, 1),
        (0, 0, 1),
        (0, -0, 1),
        (0, -0, 1),
        (0, -0, 1),
        (0.0634620194, 0.845620285, 0.529998968),
        (0.0634620194, 0.845620285, 0.529998968),
        (0.0634620194, 0.845620285, 0.529998968),
        (0, 0, 1),
        (0, 0, 1),
        (0, 0, 1),
        (0.0683395341, 0.845239921, 0.52999923),
        (0.0683395341, 0.845239921, 0.52999923),
        (0.0683395341, 0.845239921, 0.52999923),
        (0, 0, 1),
        (0, 0, 1),
        (0, 0, 1),
        (0, -0, 1),
        (0, -0, 1),
        (0, -0, 1),
        (0.845950589, -0.0589007224, 0.529998402),
        (0.845950589, -0.0589007224, 0.529998402),
        (0.845950589, -0.0589007224, 0.529998402),
        (0.846301483, -0.0536236403, 0.529998401),
        (0.846301483, -0.0536236403, 0.529998401),
        (0.846301483, -0.0536236403, 0.529998401),
        (0.846642477, -0.0479374141, 0.529998604),
        (0.846642477, -0.0479374141, 0.529998604),
        (0.846642477, -0.0479374141, 0.529998604),
        (0.843489432, -0.0873327041, 0.529998657),
        (0.843489432, -0.0873327041, 0.529998657),
        (0.843489432, -0.0873327041, 0.529998657),
        (0, 0, 1),
        (0, 0, 1),
        (0, 0, 1),
        (-0, 0, 1),
        (-0, 0, 1),
        (-0, 0, 1),
        (0.843070489, -0.091284877, 0.529999266),
        (0.843070489, -0.091284877, 0.529999266),
        (0.843070489, -0.091284877, 0.529999266),
        (0.844223614, -0.0799207581, 0.52999921),
        (0.844223614, -0.0799207581, 0.52999921),
        (0.844223614, -0.0799207581, 0.52999921),
        (0, 0, 1),
        (0, 0, 1),
        (0, 0, 1),
        (0, 0, 1),
        (0, 0, 1),
        (0, 0, 1),
        (0.844624229, -0.0755750725, 0.529998416),
        (0.844624229, -0.0755750725, 0.529998416),
        (0.844624229, -0.0755750725, 0.529998416),
        (0.0849673055, 0.843730762, 0.529999017),
        (0.0849673055, 0.843730762, 0.529999017),
        (0.0849673055, 0.843730762, 0.529999017),
        (0, 0, 1),
        (0, 0, 1),
        (0, 0, 1),
        (0.851511653, -0.06527014, 0.520257353),
        (0.851511653, -0.06527014, 0.520257353),
        (0.851511653, -0.06527014, 0.520257353),
        (0.0907354011, 0.843130199, 0.529998636),
        (0.0907354011, 0.843130199, 0.529998636),
        (0.0907354011, 0.843130199, 0.529998636),
        (0, -0, 1),
        (0, -0, 1),
        (0, -0, 1),
        (-0.847607745, 0.0257366604, 0.529998806),
        (-0.847607745, 0.0257366604, 0.529998806),
        (-0.847607745, 0.0257366604, 0.529998806),
        (-0.847825539, 0.017120744, 0.529998807),
        (-0.847825539, 0.017120744, 0.529998807),
        (-0.847825539, 0.017120744, 0.529998807),
        (-0.847801037, 0.0182810371, 0.529999251),
        (-0.847801037, 0.0182810371, 0.529999251),
        (-0.847801037, 0.0182810371, 0.529999251),
        (-0.847404571, 0.0329168598, 0.529926385),
        (-0.847404571, 0.0329168598, 0.529926385),
        (-0.847404571, 0.0329168598, 0.529926385),
        (0, 0, 1),
        (0, 0, 1),
        (0, 0, 1),
        (-0.846961328, 0.0154182008, 0.531430888),
        (-0.846961328, 0.0154182008, 0.531430888),
        (-0.846961328, 0.0154182008, 0.531430888),
        (0.0930929434, 0.841391773, 0.532347244),
        (0.0930929434, 0.841391773, 0.532347244),
        (0.0930929434, 0.841391773, 0.532347244),
        (0.115392187, 0.840110659, 0.529998796),
        (0.115392187, 0.840110659, 0.529998796),
        (0.115392187, 0.840110659, 0.529998796),
        (0.105269617, 0.84143893, 0.529998901),
        (0.105269617, 0.84143893, 0.529998901),
        (0.105269617, 0.84143893, 0.529998901),
        (0, 0, 1),
        (0, 0, 1),
        (0, 0, 1),
        (0, 0, 1),
        (0, 0, 1),
        (0, 0, 1),
        (0.10527314, 0.841438872, 0.529998293),
        (0.10527314, 0.841438872, 0.529998293),
        (0.10527314, 0.841438872, 0.529998293),
        (0, -0, 1),
        (0, -0, 1),
        (0, -0, 1),
        (0, -0, 1),
        (0, -0, 1),
        (0, -0, 1),
        (0.121810735, 0.839204041, 0.529998795),
        (0.121810735, 0.839204041, 0.529998795),
        (0.121810735, 0.839204041, 0.529998795),
        (0, 0, 1),
        (0, 0, 1),
        (0, 0, 1),
        (0, 0, 1),
        (0, 0, 1),
        (0, 0, 1),
        (-0.848763489, 0.00306433941, 0.528763794),
        (-0.848763489, 0.00306433941, 0.528763794),
        (-0.848763489, 0.00306433941, 0.528763794),
        (0, 0, 1),
        (0, 0, 1),
        (0, 0, 1),
        (-0.877086099, 0.268811631, 0.398070701),
        (-0.877086099, 0.268811631, 0.398070701),
        (-0.877086099, 0.268811631, 0.398070701),
        (0, -0, 1),
        (0, -0, 1),
        (0, -0, 1),
        (-0.872504569, 0.0576349834, 0.485194792),
        (-0.872504569, 0.0576349834, 0.485194792),
        (-0.872504569, 0.0576349834, 0.485194792),
        (0, 0, 1),
        (0, 0, 1),
        (0, 0, 1),
        (-0.103056189, -0.841712664, 0.529999257),
        (-0.103056189, -0.841712664, 0.529999257),
        (-0.103056189, -0.841712664, 0.529999257),
        (0, -0, 1),
        (0, -0, 1),
        (0, -0, 1),
        (-0.126651931, -0.838486968, 0.529998955),
        (-0.126651931, -0.838486968, 0.529998955),
        (-0.126651931, -0.838486968, 0.529998955),
        (-0.109131677, -0.840946484, 0.529999328),
        (-0.109131677, -0.840946484, 0.529999328),
        (-0.109131677, -0.840946484, 0.529999328),
        (-0, 0, 1),
        (-0, 0, 1),
        (-0, 0, 1),
        (0, 0, 1),
        (0, 0, 1),
        (0, 0, 1),
        (-0.115395669, -0.840110111, 0.529998906),
        (-0.115395669, -0.840110111, 0.529998906),
        (-0.115395669, -0.840110111, 0.529998906),
        (-0, -0, 1),
        (-0, -0, 1),
        (-0, -0, 1),
        (0, 0, 1),
        (0, 0, 1),
        (0, 0, 1),
        (0, 0, 1),
        (0, 0, 1),
        (0, 0, 1),
        (0.125749189, 0.838622867, 0.529998895),
        (0.125749189, 0.838622867, 0.529998895),
        (0.125749189, 0.838622867, 0.529998895),
        (0, 0, 1),
        (0, 0, 1),
        (0, 0, 1),
        (-0, -0, 1),
        (-0, -0, 1),
        (-0, -0, 1),
        (-0, 0, 1),
        (-0, 0, 1),
        (-0, 0, 1),
        (0.125765189, 0.838620468, 0.529998895),
        (0.125765189, 0.838620468, 0.529998895),
        (0.125765189, 0.838620468, 0.529998895),
        (0, 0, 1),
        (0, 0, 1),
        (0, 0, 1),
        (0.125766053, 0.838620434, 0.529998743),
        (0.125766053, 0.838620434, 0.529998743),
        (0.125766053, 0.838620434, 0.529998743),
        (-0, 0, 1),
        (-0, 0, 1),
        (-0, 0, 1),
        (0, 0, 1),
        (0, 0, 1),
        (0, 0, 1),
        (0, 0, 1),
        (0, 0, 1),
        (0, 0, 1),
        (0.126438656, 0.838519122, 0.529999007),
        (0.126438656, 0.838519122, 0.529999007),
        (0.126438656, 0.838519122, 0.529999007),
        (-0, 0, 1),
        (-0, 0, 1),
        (-0, 0, 1),
        (0.125903996, 0.838599583, 0.529998985),
        (0.125903996, 0.838599583, 0.529998985),
        (0.125903996, 0.838599583, 0.529998985),
        (0.122543678, 0.839097208, 0.529998984),
        (0.122543678, 0.839097208, 0.529998984),
        (0.122543678, 0.839097208, 0.529998984),
        (-0.1257476, -0.83862287, 0.529999267),
        (-0.1257476, -0.83862287, 0.529999267),
        (-0.1257476, -0.83862287, 0.529999267),
        (0, 0, 1),
        (0, 0, 1),
        (0, 0, 1),
        (0, 0, 1),
        (0, 0, 1),
        (0, 0, 1),
        (0, 0, 1),
        (0, 0, 1),
        (0, 0, 1),
        (0, -0, 1),
        (0, -0, 1),
        (0, -0, 1),
        (-0.125731409, -0.838625494, 0.529998956),
        (-0.125731409, -0.838625494, 0.529998956),
        (-0.125731409, -0.838625494, 0.529998956),
        (-0.126653708, -0.838486496, 0.529999277),
        (-0.126653708, -0.838486496, 0.529999277),
        (-0.126653708, -0.838486496, 0.529999277),
        (-0.126140329, -0.838563888, 0.529999268),
        (-0.126140329, -0.838563888, 0.529999268),
        (-0.126140329, -0.838563888, 0.529999268),
        (-0.125768181, -0.838620138, 0.529998706),
        (-0.125768181, -0.838620138, 0.529998706),
        (-0.125768181, -0.838620138, 0.529998706),
        (0, 0, 1),
        (0, 0, 1),
        (0, 0, 1),
        (-0.126437713, -0.838519264, 0.529999007),
        (-0.126437713, -0.838519264, 0.529999007),
        (-0.126437713, -0.838519264, 0.529999007),
        (0, 0, 1),
        (0, 0, 1),
        (0, 0, 1),
        (0, 0, 1),
        (0, 0, 1),
        (0, 0, 1),
        (-0.126070957, -0.838574508, 0.529998971),
        (-0.126070957, -0.838574508, 0.529998971),
        (-0.126070957, -0.838574508, 0.529998971),
        (-0.126438444, -0.838519071, 0.52999914),
        (-0.126438444, -0.838519071, 0.52999914),
        (-0.126438444, -0.838519071, 0.52999914),
        (-0.12590705, -0.838599026, 0.529999141),
        (-0.12590705, -0.838599026, 0.529999141),
        (-0.12590705, -0.838599026, 0.529999141),
        (0, -0, 1),
        (0, -0, 1),
        (0, -0, 1),
        (0, -0, 1),
        (0, -0, 1),
        (0, -0, 1),
        (0, 0, 1),
        (0, 0, 1),
        (0, 0, 1),
        (-0.812047524, 0.269752218, 0.517506096),
        (-0.812047524, 0.269752218, 0.517506096),
        (-0.812047524, 0.269752218, 0.517506096),
        (-0.0998009903, -0.844503443, 0.526168886),
        (-0.0998009903, -0.844503443, 0.526168886),
        (-0.0998009903, -0.844503443, 0.526168886),
        (-0.847992035, 0.0032694106, 0.529998886),
        (-0.847992035, 0.0032694106, 0.529998886),
        (-0.847992035, 0.0032694106, 0.529998886),
        (-0.847468627, -0.0299663275, 0.529999006),
        (-0.847468627, -0.0299663275, 0.529999006),
        (-0.847468627, -0.0299663275, 0.529999006),
        (0, 0, 1),
        (0, 0, 1),
        (0, 0, 1),
        (0, 0, 1),
        (0, 0, 1),
        (0, 0, 1),
        (-0.847080213, 0.0394441121, 0.529999317),
        (-0.847080213, 0.0394441121, 0.529999317),
        (-0.847080213, 0.0394441121, 0.529999317),
        (-0.847080494, -0.0394422531, 0.529999005),
        (-0.847080494, -0.0394422531, 0.529999005),
        (-0.847080494, -0.0394422531, 0.529999005),
        (-0, 0, 1),
        (-0, 0, 1),
        (-0, 0, 1),
        (-0, 0, 1),
        (-0, 0, 1),
        (-0, 0, 1),
        (-0, 0, 1),
        (-0, 0, 1),
        (-0, 0, 1),
        (-0.847468627, 0.0299663275, 0.529999006),
        (-0.847468627, 0.0299663275, 0.529999006),
        (-0.847468627, 0.0299663275, 0.529999006),
        (-0.846225222, -0.0548043282, 0.529999395),
        (-0.846225222, -0.0548043282, 0.529999395),
        (-0.846225222, -0.0548043282, 0.529999395),
        (0, 0, 1),
        (0, 0, 1),
        (0, 0, 1),
        (-0.731162499, -0.48865233, 0.476046531),
        (-0.731162499, -0.48865233, 0.476046531),
        (-0.731162499, -0.48865233, 0.476046531),
        (-0.847992227, -0.0032709788, 0.52999857),
        (-0.847992227, -0.0032709788, 0.52999857),
        (-0.847992227, -0.0032709788, 0.52999857),
        (0, 0, 1),
        (0, 0, 1),
        (0, 0, 1),
        (-0, 0, 1),
        (-0, 0, 1),
        (-0, 0, 1),
        (-0.0366892831, 0.847204513, 0.529998499),
        (-0.0366892831, 0.847204513, 0.529998499),
        (-0.0366892831, 0.847204513, 0.529998499),
        (-0.876176016, -0.0632549347, 0.477822564),
        (-0.876176016, -0.0632549347, 0.477822564),
        (-0.876176016, -0.0632549347, 0.477822564),
        (-0.826104656, -0.532884532, 0.183262578),
        (-0.826104656, -0.532884532, 0.183262578),
        (-0.826104656, -0.532884532, 0.183262578),
        (0, 0, 1),
        (0, 0, 1),
        (0, 0, 1),
        (-0.0950240956, 0.816387915, 0.569632507),
        (-0.0950240956, 0.816387915, 0.569632507),
        (-0.0950240956, 0.816387915, 0.569632507),
        (-0.0428764878, 0.84689267, 0.530032464),
        (-0.0428764878, 0.84689267, 0.530032464),
        (-0.0428764878, 0.84689267, 0.530032464),
        (0, -0, 1),
        (0, -0, 1),
        (0, -0, 1),
        (0, 0, 1),
        (0, 0, 1),
        (0, 0, 1),
        (-0.121808555, -0.839204286, 0.529998908),
        (-0.121808555, -0.839204286, 0.529998908),
        (-0.121808555, -0.839204286, 0.529998908),
        (0, 0, 1),
        (0, 0, 1),
        (0, 0, 1),
        (-0, 0, 1),
        (-0, 0, 1),
        (-0, 0, 1),
        (0, 0, 1),
        (0, 0, 1),
        (0, 0, 1),
        (0, 0, 1),
        (0, 0, 1),
        (0, 0, 1),
        (-0, 0, 1),
        (-0, 0, 1),
        (-0, 0, 1),
        (0, 0, 1),
        (0, 0, 1),
        (0, 0, 1),
        (0, 0, 1),
        (0, 0, 1),
        (0, 0, 1),
        (-0.0410164441, 0.847006048, 0.529998497),
        (-0.0410164441, 0.847006048, 0.529998497),
        (-0.0410164441, 0.847006048, 0.529998497),
        (0, 0, 1),
        (0, 0, 1),
        (0, 0, 1),
        (-0.0214466561, 0.847726936, 0.529999135),
        (-0.0214466561, 0.847726936, 0.529999135),
        (-0.0214466561, 0.847726936, 0.529999135),
        (-0.0214445995, 0.847727204, 0.52999879),
        (-0.0214445995, 0.847727204, 0.52999879),
        (-0.0214445995, 0.847727204, 0.52999879),
        (0, -0, 1),
        (0, -0, 1),
        (0, -0, 1),
        (0.0134511763, 0.847891524, 0.529999084),
        (0.0134511763, 0.847891524, 0.529999084),
        (0.0134511763, 0.847891524, 0.529999084),
        (-0.0316415526, 0.847408079, 0.529998452),
        (-0.0316415526, 0.847408079, 0.529998452),
        (-0.0316415526, 0.847408079, 0.529998452),
        (-0, 0, 1),
        (-0, 0, 1),
        (-0, 0, 1),
        (0, 0, 1),
        (0, 0, 1),
        (0, 0, 1),
        (0, 0, 1),
        (0, 0, 1),
        (0, 0, 1),
        (0.0134480602, 0.847891895, 0.52999857),
        (0.0134480602, 0.847891895, 0.52999857),
        (0.0134480602, 0.847891895, 0.52999857),
        (0, 0, 1),
        (0, 0, 1),
        (0, 0, 1),
        (-0, -0, 1),
        (-0, -0, 1),
        (-0, -0, 1),
        (0, 0, 1),
        (0, 0, 1),
        (0, 0, 1),
        (-0.000944187134, 0.847998069, 0.529998474),
        (-0.000944187134, 0.847998069, 0.529998474),
        (-0.000944187134, 0.847998069, 0.529998474),
        (-0.0316446097, 0.847407585, 0.52999906),
        (-0.0316446097, 0.847407585, 0.52999906),
        (-0.0316446097, 0.847407585, 0.52999906),
        (-0.0530557141, 0.846336956, 0.529998913),
        (-0.0530557141, 0.846336956, 0.529998913),
        (-0.0530557141, 0.846336956, 0.529998913),
        (0, 0, 1),
        (0, 0, 1),
        (0, 0, 1),
        (-0, 0, 1),
        (-0, 0, 1),
        (-0, 0, 1),
        (0, 0, 1),
        (0, 0, 1),
        (0, 0, 1),
        (-0, 0, 1),
        (-0, 0, 1),
        (-0, 0, 1),
        (0, 0, 1),
        (0, 0, 1),
        (0, 0, 1),
        (0, 0, 1),
        (0, 0, 1),
        (0, 0, 1),
        (0.00755530023, 0.84796488, 0.529998566),
        (0.00755530023, 0.84796488, 0.529998566),
        (0.00755530023, 0.84796488, 0.529998566),
        (0, 0, 1),
        (0, 0, 1),
        (0, 0, 1),
        (0.0960575916, 0.842540307, 0.52999884),
        (0.0960575916, 0.842540307, 0.52999884),
        (0.0960575916, 0.842540307, 0.52999884),
        (0.106764504, 0.841250755, 0.529998592),
        (0.106764504, 0.841250755, 0.529998592),
        (0.106764504, 0.841250755, 0.529998592),
        (0.0960591065, 0.842540303, 0.529998572),
        (0.0960591065, 0.842540303, 0.529998572),
        (0.0960591065, 0.842540303, 0.529998572),
        (0, 0, 1),
        (0, 0, 1),
        (0, 0, 1),
        (0, 0, 1),
        (0, 0, 1),
        (0, 0, 1),
        (0.0905711879, 0.843147606, 0.529999033),
        (0.0905711879, 0.843147606, 0.529999033),
        (0.0905711879, 0.843147606, 0.529999033),
        (0.0676050187, 0.845298876, 0.529999407),
        (0.0676050187, 0.845298876, 0.529999407),
        (0.0676050187, 0.845298876, 0.529999407),
        (0, 0, 1),
        (0, 0, 1),
        (0, 0, 1),
        (-0.099677409, -0.84211983, 0.529998685),
        (-0.099677409, -0.84211983, 0.529998685),
        (-0.099677409, -0.84211983, 0.529998685),
        (-0.094191314, -0.842751078, 0.529998695),
        (-0.094191314, -0.842751078, 0.529998695),
        (-0.094191314, -0.842751078, 0.529998695),
        (0, 0, 1),
        (0, 0, 1),
        (0, 0, 1),
        (-0.122540865, -0.83909769, 0.529998871),
        (-0.122540865, -0.83909769, 0.529998871),
        (-0.122540865, -0.83909769, 0.529998871),
        (0, 0, 1),
        (0, 0, 1),
        (0, 0, 1),
        (-0.0676079305, -0.845298921, 0.529998965),
        (-0.0676079305, -0.845298921, 0.529998965),
        (-0.0676079305, -0.845298921, 0.529998965),
        (-0, -0, 1),
        (-0, -0, 1),
        (-0, -0, 1),
        (0.0746615294, 0.844704983, 0.529999197),
        (0.0746615294, 0.844704983, 0.529999197),
        (0.0746615294, 0.844704983, 0.529999197),
        (0, 0, 1),
        (0, 0, 1),
        (0, 0, 1),
        (0, 0, 1),
        (0, 0, 1),
        (0, 0, 1),
        (0.0834655017, 0.84388064, 0.529999033),
        (0.0834655017, 0.84388064, 0.529999033),
        (0.0834655017, 0.84388064, 0.529999033),
        (0.0642605733, 0.845560026, 0.529998888),
        (0.0642605733, 0.845560026, 0.529998888),
        (0.0642605733, 0.845560026, 0.529998888),
        (0.0636838553, 0.845603794, 0.529998669),
        (0.0636838553, 0.845603794, 0.529998669),
        (0.0636838553, 0.845603794, 0.529998669),
        (0.0636824047, 0.845603744, 0.529998924),
        (0.0636824047, 0.845603744, 0.529998924),
        (0.0636824047, 0.845603744, 0.529998924),
        (-0, 0, 1),
        (-0, 0, 1),
        (-0, 0, 1),
        (0, 0, 1),
        (0, 0, 1),
        (0, 0, 1),
        (-0.0640513728, -0.845575718, 0.529999176),
        (-0.0640513728, -0.845575718, 0.529999176),
        (-0.0640513728, -0.845575718, 0.529999176),
        (-0.0834687666, -0.843880262, 0.529999122),
        (-0.0834687666, -0.843880262, 0.529999122),
        (-0.0834687666, -0.843880262, 0.529999122),
        (0, 0, 1),
        (0, 0, 1),
        (0, 0, 1),
        (-0.0676049868, -0.845298841, 0.529999468),
        (-0.0676049868, -0.845298841, 0.529999468),
        (-0.0676049868, -0.845298841, 0.529999468),
        (0, 0, 1),
        (0, 0, 1),
        (0, 0, 1),
        (-0.0636783851, -0.845603682, 0.529999505),
        (-0.0636783851, -0.845603682, 0.529999505),
        (-0.0636783851, -0.845603682, 0.529999505),
        (-0.0636804707, -0.845603754, 0.52999914),
        (-0.0636804707, -0.845603754, 0.52999914),
        (-0.0636804707, -0.845603754, 0.52999914),
        (0.0642598901, 0.845560154, 0.529998766),
        (0.0642598901, 0.845560154, 0.529998766),
        (0.0642598901, 0.845560154, 0.529998766),
        (0, 0, 1),
        (0, 0, 1),
        (0, 0, 1),
        (-0, -0, 1),
        (-0, -0, 1),
        (-0, -0, 1),
        (0, 0, 1),
        (0, 0, 1),
        (0, 0, 1),
        (0, 0, 1),
        (0, 0, 1),
        (0, 0, 1),
        (0, 0, 1),
        (0, 0, 1),
        (0, 0, 1),
        (-0.0634628822, -0.84562045, 0.529998602),
        (-0.0634628822, -0.84562045, 0.529998602),
        (-0.0634628822, -0.84562045, 0.529998602),
        (0, 0, 1),
        (0, 0, 1),
        (0, 0, 1),
        (-0.0643732243, -0.845551468, 0.52999887),
        (-0.0643732243, -0.845551468, 0.52999887),
        (-0.0643732243, -0.845551468, 0.52999887),
        (0, 0, 1),
        (0, 0, 1),
        (0, 0, 1),
        (-0.0643574633, -0.845552671, 0.529998866),
        (-0.0643574633, -0.845552671, 0.529998866),
        (-0.0643574633, -0.845552671, 0.529998866),
        (0, -0, 1),
        (0, -0, 1),
        (0, -0, 1),
        (-0.0639766137, -0.845581738, 0.529998602),
        (-0.0639766137, -0.845581738, 0.529998602),
        (-0.0639766137, -0.845581738, 0.529998602),
        (-0, -0, 1),
        (-0, -0, 1),
        (-0, -0, 1),
        (0, 0, 1),
        (0, 0, 1),
        (0, 0, 1),
        (0, 0, 1),
        (0, 0, 1),
        (0, 0, 1),
        (0.0849670222, 0.843730822, 0.529998967),
        (0.0849670222, 0.843730822, 0.529998967),
        (0.0849670222, 0.843730822, 0.529998967),
        (-0, 0, 1),
        (-0, 0, 1),
        (-0, 0, 1),
        (0, -0, 1),
        (0, -0, 1),
        (0, -0, 1),
        (0, 0, 1),
        (0, 0, 1),
        (0, 0, 1),
        (0, 0, 1),
        (0, 0, 1),
        (0, 0, 1),
        (-0.0849630796, -0.843731237, 0.529998938),
        (-0.0849630796, -0.843731237, 0.529998938),
        (-0.0849630796, -0.843731237, 0.529998938),
        (-0.111289905, -0.840771181, 0.529828631),
        (-0.111289905, -0.840771181, 0.529828631),
        (-0.111289905, -0.840771181, 0.529828631),
        (0, 0, 1),
        (0, 0, 1),
        (0, 0, 1),
        (0, 0, 1),
        (0, 0, 1),
        (0, 0, 1),
        (-0.0683417721, -0.845239673, 0.529999337),
        (-0.0683417721, -0.845239673, 0.529999337),
        (-0.0683417721, -0.845239673, 0.529999337),
        (-0, -0, 1),
        (-0, -0, 1),
        (-0, -0, 1),
        (-0.0810927983, -0.844111987, 0.529998973),
        (-0.0810927983, -0.844111987, 0.529998973),
        (-0.0810927983, -0.844111987, 0.529998973),
        (-0.0873776482, -0.845362314, 0.526998771),
        (-0.0873776482, -0.845362314, 0.526998771),
        (-0.0873776482, -0.845362314, 0.526998771),
        (0.839959436, -0.116486742, 0.529999043),
        (0.839959436, -0.116486742, 0.529999043),
        (0.839959436, -0.116486742, 0.529999043),
        (0, -0, 1),
        (0, -0, 1),
        (0, -0, 1),
        (0.837843833, -0.130838649, 0.529999019),
        (0.837843833, -0.130838649, 0.529999019),
        (0.837843833, -0.130838649, 0.529999019),
        (-0.106763641, -0.841250803, 0.52999869),
        (-0.106763641, -0.841250803, 0.52999869),
        (-0.106763641, -0.841250803, 0.52999869),
        (-0, 0, 1),
        (-0, 0, 1),
        (-0, 0, 1),
        (0, -0, 1),
        (0, -0, 1),
        (0, -0, 1),
        (0, 0, 1),
        (0, 0, 1),
        (0, 0, 1),
        (-0, 0, 1),
        (-0, 0, 1),
        (-0, 0, 1),
        (0, 0, 1),
        (0, 0, 1),
        (0, 0, 1),
        (-0, 0, 1),
        (-0, 0, 1),
        (-0, 0, 1),
        (0, 0, 1),
        (0, 0, 1),
        (0, 0, 1),
        (0, 0, 1),
        (0, 0, 1),
        (0, 0, 1),
        (0, 0, 1),
        (0, 0, 1),
        (0, 0, 1),
        (-0.00660607667, 0.847972571, 0.529998942),
        (-0.00660607667, 0.847972571, 0.529998942),
        (-0.00660607667, 0.847972571, 0.529998942),
        (0, 0, 1),
        (0, 0, 1),
        (0, 0, 1),
        (-0, 0, 1),
        (-0, 0, 1),
        (-0, 0, 1),
        (0, -0, 1),
        (0, -0, 1),
        (0, -0, 1),
        (-0.00755581326, 0.847964821, 0.529998653),
        (-0.00755581326, 0.847964821, 0.529998653),
        (-0.00755581326, 0.847964821, 0.529998653),
        (0, 0, 1),
        (0, 0, 1),
        (0, 0, 1),
        (0.009373956, 0.847946315, 0.529999223),
        (0.009373956, 0.847946315, 0.529999223),
        (0.009373956, 0.847946315, 0.529999223),
        (0.00134528461, 0.847997227, 0.529998956),
        (0.00134528461, 0.847997227, 0.529998956),
        (0.00134528461, 0.847997227, 0.529998956),
        (0, -0, 1),
        (0, -0, 1),
        (0, -0, 1),
        (-0, 0, 1),
        (-0, 0, 1),
        (-0, 0, 1),
        (0, 0, 1),
        (0, 0, 1),
        (0, 0, 1),
        (0.00660646812, 0.847972568, 0.529998942),
        (0.00660646812, 0.847972568, 0.529998942),
        (0.00660646812, 0.847972568, 0.529998942),
        (-0, 0, 1),
        (-0, 0, 1),
        (-0, 0, 1),
        (0, 0.847998304, 0.52999894),
        (0, 0.847998304, 0.52999894),
        (0, 0.847998304, 0.52999894),
        (-0, 0, 1),
        (-0, 0, 1),
        (-0, 0, 1),
        (0.00636937648, 0.847974374, 0.529998955),
        (0.00636937648, 0.847974374, 0.529998955),
        (0.00636937648, 0.847974374, 0.529998955),
        (0, 0, 1),
        (0, 0, 1),
        (0, 0, 1),
        (-0, 0, 1),
        (-0, 0, 1),
        (-0, 0, 1),
        (0.0528772048, 0.846348065, 0.529999013),
        (0.0528772048, 0.846348065, 0.529999013),
        (0.0528772048, 0.846348065, 0.529999013),
        (0, -0, 1),
        (0, -0, 1),
        (0, -0, 1),
        (-0, 0, 1),
        (-0, 0, 1),
        (-0, 0, 1),
        (0, 0, 1),
        (0, 0, 1),
        (0, 0, 1),
        (0, 0, 1),
        (0, 0, 1),
        (0, 0, 1),
        (0, 0, 1),
        (0, 0, 1),
        (0, 0, 1),
        (0, 0, 1),
        (0, 0, 1),
        (0, 0, 1),
        (0.846619013, -0.0483530527, 0.52999833),
        (0.846619013, -0.0483530527, 0.52999833),
        (0.846619013, -0.0483530527, 0.52999833),
        (0, 0, 1),
        (0, 0, 1),
        (0, 0, 1),
        (0, 0, 1),
        (0, 0, 1),
        (0, 0, 1),
        (0, -0, 1),
        (0, -0, 1),
        (0, -0, 1),
        (0, 0, 1),
        (0, 0, 1),
        (0, 0, 1),
        (0, 0, 1),
        (0, 0, 1),
        (0, 0, 1),
        (0, 0, 1),
        (0, 0, 1),
        (0, 0, 1),
        (0, 0, 1),
        (0, 0, 1),
        (0, 0, 1),
        (0, -0, 1),
        (0, -0, 1),
        (0, -0, 1),
        (0, 0, 1),
        (0, 0, 1),
        (0, 0, 1),
        (-0.0134481312, 0.847891886, 0.529998582),
        (-0.0134481312, 0.847891886, 0.529998582),
        (-0.0134481312, 0.847891886, 0.529998582),
        (0, 0, 1),
        (0, 0, 1),
        (0, 0, 1),
        (0.0316416899, 0.847408057, 0.52999848),
        (0.0316416899, 0.847408057, 0.52999848),
        (0.0316416899, 0.847408057, 0.52999848),
        (0.0528791595, 0.846347715, 0.529999377),
        (0.0528791595, 0.846347715, 0.529999377),
        (0.0528791595, 0.846347715, 0.529999377),
        (-0, 0, 1),
        (-0, 0, 1),
        (-0, 0, 1),
        (0, 0, 1),
        (0, 0, 1),
        (0, 0, 1),
        (-0.0261244812, 0.847595722, 0.529999061),
        (-0.0261244812, 0.847595722, 0.529999061),
        (-0.0261244812, 0.847595722, 0.529999061),
        (0, 0, 1),
        (0, 0, 1),
        (0, 0, 1),
        (0, 0, 1),
        (0, 0, 1),
        (0, 0, 1),
        (0, 0, 1),
        (0, 0, 1),
        (0, 0, 1),
        (0, 0, 1),
        (0, 0, 1),
        (0, 0, 1),
        (0.00566744306, 0.847979241, 0.529999139),
        (0.00566744306, 0.847979241, 0.529999139),
        (0.00566744306, 0.847979241, 0.529999139),
        (0, 0, 1),
        (0, 0, 1),
        (0, 0, 1),
        (0.0428886, 0.846913138, 0.529998778),
        (0.0428886, 0.846913138, 0.529998778),
        (0.0428886, 0.846913138, 0.529998778),
        (-0, 0, 1),
        (-0, 0, 1),
        (-0, 0, 1),
        (0, 0, 1),
        (0, 0, 1),
        (0, 0, 1),
        (0.0309489704, 0.847433385, 0.529998887),
        (0.0309489704, 0.847433385, 0.529998887),
        (0.0309489704, 0.847433385, 0.529998887),
        (-0, 0, 1),
        (-0, 0, 1),
        (-0, 0, 1),
        (0, 0, 1),
        (0, 0, 1),
        (0, 0, 1),
        (-0, 0, 1),
        (-0, 0, 1),
        (-0, 0, 1),
        (0, 0, 1),
        (0, 0, 1),
        (0, 0, 1),
        (-0.0194678639, -0.849868229, 0.526635543),
        (-0.0194678639, -0.849868229, 0.526635543),
        (-0.0194678639, -0.849868229, 0.526635543),
        (0, 0, 1),
        (0, 0, 1),
        (0, 0, 1),
        (0, 0, 1),
        (0, 0, 1),
        (0, 0, 1),
        (0.232599045, -0.886800176, 0.399353393),
        (0.232599045, -0.886800176, 0.399353393),
        (0.232599045, -0.886800176, 0.399353393),
        (0, 0, 1),
        (0, 0, 1),
        (0, 0, 1),
        (-0.842889185, 0.092947829, 0.529998607),
        (-0.842889185, 0.092947829, 0.529998607),
        (-0.842889185, 0.092947829, 0.529998607),
        (-0.842760173, 0.094106926, 0.529999224),
        (-0.842760173, 0.094106926, 0.529999224),
        (-0.842760173, 0.094106926, 0.529999224),
        (-0.8455044, 0.0649857556, 0.529999209),
        (-0.8455044, 0.0649857556, 0.529999209),
        (-0.8455044, 0.0649857556, 0.529999209),
        (-0.842760169, 0.0941069423, 0.529999227),
        (-0.842760169, 0.0941069423, 0.529999227),
        (-0.842760169, 0.0941069423, 0.529999227),
        (-0.842888368, 0.0929516987, 0.529999227),
        (-0.842888368, 0.0929516987, 0.529999227),
        (-0.842888368, 0.0929516987, 0.529999227),
        (-0.845504549, 0.0649850274, 0.52999906),
        (-0.845504549, 0.0649850274, 0.52999906),
        (-0.845504549, 0.0649850274, 0.52999906),
        (-0, 0, 1),
        (-0, 0, 1),
        (-0, 0, 1),
        (-0.847191112, 0.0369927144, 0.529998829),
        (-0.847191112, 0.0369927144, 0.529998829),
        (-0.847191112, 0.0369927144, 0.529998829),
        (0, 0, 1),
        (0, 0, 1),
        (0, 0, 1),
        (-0.845067025, 0.0704468691, 0.52999902),
        (-0.845067025, 0.0704468691, 0.52999902),
        (-0.845067025, 0.0704468691, 0.52999902),
        (-0.843271553, 0.0894128672, 0.529998516),
        (-0.843271553, 0.0894128672, 0.529998516),
        (-0.843271553, 0.0894128672, 0.529998516),
        (-0.847808391, 0.0179485015, 0.529998852),
        (-0.847808391, 0.0179485015, 0.529998852),
        (-0.847808391, 0.0179485015, 0.529998852),
        (-0.847808329, 0.017947764, 0.529998977),
        (-0.847808329, 0.017947764, 0.529998977),
        (-0.847808329, 0.017947764, 0.529998977),
        (0, 0, 1),
        (0, 0, 1),
        (0, 0, 1),
        (0, 0, 1),
        (0, 0, 1),
        (0, 0, 1),
        (-0.846934323, 0.042462171, 0.52999926),
        (-0.846934323, 0.042462171, 0.52999926),
        (-0.846934323, 0.042462171, 0.52999926),
        (0, 0, 1),
        (0, 0, 1),
        (0, 0, 1),
        (-0.847875801, 0.0143926716, 0.529999507),
        (-0.847875801, 0.0143926716, 0.529999507),
        (-0.847875801, 0.0143926716, 0.529999507),
        (-0.846541819, 0.049677239, 0.52999917),
        (-0.846541819, 0.049677239, 0.52999917),
        (-0.846541819, 0.049677239, 0.52999917),
        (-0, 0, 1),
        (-0, 0, 1),
        (-0, 0, 1),
        (-0.847894957, 0.0132272186, 0.529999229),
        (-0.847894957, 0.0132272186, 0.529999229),
        (-0.847894957, 0.0132272186, 0.529999229),
        (-0.846541743, 0.0496746075, 0.529999538),
        (-0.846541743, 0.0496746075, 0.529999538),
        (-0.846541743, 0.0496746075, 0.529999538),
        (-0, 0, 1),
        (-0, 0, 1),
        (-0, 0, 1),
        (0, 0, 1),
        (0, 0, 1),
        (0, 0, 1),
        (-0.00272367108, -0.847994173, 0.529998551),
        (-0.00272367108, -0.847994173, 0.529998551),
        (-0.00272367108, -0.847994173, 0.529998551),
        (0, 0, 1),
        (0, 0, 1),
        (0, 0, 1),
        (0, 0, 1),
        (0, 0, 1),
        (0, 0, 1),
        (0, 0, 1),
        (0, 0, 1),
        (0, 0, 1),
        (0, 0, 1),
        (0, 0, 1),
        (0, 0, 1),
        (-0.00898622351, -0.847950638, 0.529999022),
        (-0.00898622351, -0.847950638, 0.529999022),
        (-0.00898622351, -0.847950638, 0.529999022),
        (-0, 0, 1),
        (-0, 0, 1),
        (-0, 0, 1),
        (0, 0, 1),
        (0, 0, 1),
        (0, 0, 1),
        (0, 0, 1),
        (0, 0, 1),
        (0, 0, 1),
        (-0.0119390365, -0.847914538, 0.529998487),
        (-0.0119390365, -0.847914538, 0.529998487),
        (-0.0119390365, -0.847914538, 0.529998487),
        (0, 0, 1),
        (0, 0, 1),
        (0, 0, 1),
        (0, 0, 1),
        (0, 0, 1),
        (0, 0, 1),
        (-0.0150369041, -0.847865259, 0.529998485),
        (-0.0150369041, -0.847865259, 0.529998485),
        (-0.0150369041, -0.847865259, 0.529998485),
        (-0.00579657988, -0.847978735, 0.529998551),
        (-0.00579657988, -0.847978735, 0.529998551),
        (-0.00579657988, -0.847978735, 0.529998551),
        (-0.00272142108, -0.847993935, 0.529998944),
        (-0.00272142108, -0.847993935, 0.529998944),
        (-0.00272142108, -0.847993935, 0.529998944),
        (-0.0269207966, -0.847571024, 0.529998707),
        (-0.0269207966, -0.847571024, 0.529998707),
        (-0.0269207966, -0.847571024, 0.529998707),
        (-0.0272860013, -0.847559206, 0.52999893),
        (-0.0272860013, -0.847559206, 0.52999893),
        (-0.0272860013, -0.847559206, 0.52999893),
        (0, 0, 1),
        (0, 0, 1),
        (0, 0, 1),
        (0, 0, 1),
        (0, 0, 1),
        (0, 0, 1),
        (0, 0, 1),
        (0, 0, 1),
        (0, 0, 1),
        (0, -0, 1),
        (0, -0, 1),
        (0, -0, 1),
        (0, 0, 1),
        (0, 0, 1),
        (0, 0, 1),
        (0, 0, 1),
        (0, 0, 1),
        (0, 0, 1),
        (0.0161049913, 0.847845327, 0.529998992),
        (0.0161049913, 0.847845327, 0.529998992),
        (0.0161049913, 0.847845327, 0.529998992),
        (0.0131880021, 0.847895891, 0.529998711),
        (0.0131880021, 0.847895891, 0.529998711),
        (0.0131880021, 0.847895891, 0.529998711),
        (0, 0, 1),
        (0, 0, 1),
        (0, 0, 1),
        (0, 0, 1),
        (0, 0, 1),
        (0, 0, 1),
        (0, 0, 1),
        (0, 0, 1),
        (0, 0, 1),
        (0, 0, 1),
        (0, 0, 1),
        (0, 0, 1),
        (0.0430559911, 0.84690451, 0.529998994),
        (0.0430559911, 0.84690451, 0.529998994),
        (0.0430559911, 0.84690451, 0.529998994),
        (0.0351902648, 0.847267795, 0.529998989),
        (0.0351902648, 0.847267795, 0.529998989),
        (0.0351902648, 0.847267795, 0.529998989),
        (0, 0, 1),
        (0, 0, 1),
        (0, 0, 1),
        (0, 0, 1),
        (0, 0, 1),
        (0, 0, 1),
        (0.0150349177, -0.84786507, 0.529998844),
        (0.0150349177, -0.84786507, 0.529998844),
        (0.0150349177, -0.84786507, 0.529998844),
        (0.00898617759, -0.847950643, 0.529999014),
        (0.00898617759, -0.847950643, 0.529999014),
        (0.00898617759, -0.847950643, 0.529999014),
        (0.00272365715, -0.847994173, 0.529998551),
        (0.00272365715, -0.847994173, 0.529998551),
        (0.00272365715, -0.847994173, 0.529998551),
        (0.00579657988, -0.847978735, 0.529998551),
        (0.00579657988, -0.847978735, 0.529998551),
        (0.00579657988, -0.847978735, 0.529998551),
        (0.015036982, -0.847865258, 0.529998484),
        (0.015036982, -0.847865258, 0.529998484),
        (0.015036982, -0.847865258, 0.529998484),
        (0, -0, 1),
        (0, -0, 1),
        (0, -0, 1),
        (0, 0, 1),
        (0, 0, 1),
        (0, 0, 1),
        (0.0191044373, -0.847783136, 0.529998845),
        (0.0191044373, -0.847783136, 0.529998845),
        (0.0191044373, -0.847783136, 0.529998845),
        (0.0269216533, -0.847570859, 0.529998928),
        (0.0269216533, -0.847570859, 0.529998928),
        (0.0269216533, -0.847570859, 0.529998928),
        (0.0272885554, -0.847558803, 0.529999444),
        (0.0272885554, -0.847558803, 0.529999444),
        (0.0272885554, -0.847558803, 0.529999444),
        (0.0272854266, -0.847559249, 0.529998892),
        (0.0272854266, -0.847559249, 0.529998892),
        (0.0272854266, -0.847559249, 0.529998892),
        (0, 0, 1),
        (0, 0, 1),
        (0, 0, 1),
        (0, -0, 1),
        (0, -0, 1),
        (0, -0, 1),
        (0.0227245306, -0.8476936, 0.529999204),
        (0.0227245306, -0.8476936, 0.529999204),
        (0.0227245306, -0.8476936, 0.529999204),
        (0, 0, 1),
        (0, 0, 1),
        (0, 0, 1),
        (-0, 0, 1),
        (-0, 0, 1),
        (-0, 0, 1),
        (0, 0, 1),
        (0, 0, 1),
        (0, 0, 1),
        (0, 0, 1),
        (0, 0, 1),
        (0, 0, 1),
        (0.847765123, 0.0198922914, 0.529998672),
        (0.847765123, 0.0198922914, 0.529998672),
        (0.847765123, 0.0198922914, 0.529998672),
        (0.820587171, 0.240789921, 0.518321241),
        (0.820587171, 0.240789921, 0.518321241),
        (0.820587171, 0.240789921, 0.518321241),
        (0, 0, 1),
        (0, 0, 1),
        (0, 0, 1),
        (-0, 0, 1),
        (-0, 0, 1),
        (-0, 0, 1),
        (0, 0, 1),
        (0, 0, 1),
        (0, 0, 1),
        (0, 0, 1),
        (0, 0, 1),
        (0, 0, 1),
        (0, 0, 1),
        (0, 0, 1),
        (0, 0, 1),
        (0, 0, 1),
        (0, 0, 1),
        (0, 0, 1),
        (0, -0, 1),
        (0, -0, 1),
        (0, -0, 1),
        (0, 0, 1),
        (0, 0, 1),
        (0, 0, 1),
        (0, 0, 1),
        (0, 0, 1),
        (0, 0, 1),
        (-0, 0, 1),
        (-0, 0, 1),
        (-0, 0, 1),
        (-0, 0, 1),
        (-0, 0, 1),
        (-0, 0, 1),
        (0, 0, 1),
        (0, 0, 1),
        (0, 0, 1),
        (-0.0435338951, 0.84688023, 0.529998751),
        (-0.0435338951, 0.84688023, 0.529998751),
        (-0.0435338951, 0.84688023, 0.529998751),
        (0, 0, 1),
        (0, 0, 1),
        (0, 0, 1),
        (0, 0, 1),
        (0, 0, 1),
        (0, 0, 1),
        (0, 0, 1),
        (0, 0, 1),
        (0, 0, 1),
        (0.847995592, 0.00213203413, 0.52999899),
        (0.847995592, 0.00213203413, 0.52999899),
        (0.847995592, 0.00213203413, 0.52999899),
        (0.847997821, 0.000129174099, 0.529999698),
        (0.847997821, 0.000129174099, 0.529999698),
        (0.847997821, 0.000129174099, 0.529999698),
        (0, 0, 1),
        (0, 0, 1),
        (0, 0, 1),
        (0, 0, 1),
        (0, 0, 1),
        (0, 0, 1),
        (0, 0, 1),
        (0, 0, 1),
        (0, 0, 1),
        (-0.0186267092, 0.847793725, 0.529998911),
        (-0.0186267092, 0.847793725, 0.529998911),
        (-0.0186267092, 0.847793725, 0.529998911),
        (0, 0, 1),
        (0, 0, 1),
        (0, 0, 1),
        (0, 0, 1),
        (0, 0, 1),
        (0, 0, 1),
        (0.847764952, 0.0198935268, 0.5299989),
        (0.847764952, 0.0198935268, 0.5299989),
        (0.847764952, 0.0198935268, 0.5299989),
        (0.847377613, 0.0324314987, 0.529999414),
        (0.847377613, 0.0324314987, 0.529999414),
        (0.847377613, 0.0324314987, 0.529999414),
        (-0, 0, 1),
        (-0, 0, 1),
        (-0, 0, 1),
        (0.847997863, 0.000128788283, 0.52999963),
        (0.847997863, 0.000128788283, 0.52999963),
        (0.847997863, 0.000128788283, 0.52999963),
        (-0, 0, 1),
        (-0, 0, 1),
        (-0, 0, 1),
        (0, 0, 1),
        (0, 0, 1),
        (0, 0, 1),
        (-0, 0, 1),
        (-0, 0, 1),
        (-0, 0, 1),
        (0.847995591, -0.00213202358, 0.529998992),
        (0.847995591, -0.00213202358, 0.529998992),
        (0.847995591, -0.00213202358, 0.529998992),
        (0.847521835, -0.0284273764, 0.529998701),
        (0.847521835, -0.0284273764, 0.529998701),
        (0.847521835, -0.0284273764, 0.529998701),
        (0.847765112, -0.0198922911, 0.52999869),
        (0.847765112, -0.0198922911, 0.52999869),
        (0.847765112, -0.0198922911, 0.52999869),
        (0, -0, 1),
        (0, -0, 1),
        (0, -0, 1),
        (-0.0104766362, 0.847933548, 0.529998999),
        (-0.0104766362, 0.847933548, 0.529998999),
        (-0.0104766362, 0.847933548, 0.529998999),
        (0.820044932, -0.243227061, 0.518041413),
        (0.820044932, -0.243227061, 0.518041413),
        (0.820044932, -0.243227061, 0.518041413),
        (0.847378257, -0.03242721, 0.529998646),
        (0.847378257, -0.03242721, 0.529998646),
        (0.847378257, -0.03242721, 0.529998646),
        (0, -0, 1),
        (0, -0, 1),
        (0, -0, 1),
        (0, -0, 1),
        (0, -0, 1),
        (0, -0, 1),
        (0, -0, 1),
        (0, -0, 1),
        (0, -0, 1),
        (-0.0017089984, 0.847878464, 0.530187882),
        (-0.0017089984, 0.847878464, 0.530187882),
        (-0.0017089984, 0.847878464, 0.530187882),
        (0, 0, 1),
        (0, 0, 1),
        (0, 0, 1),
        (0, 0, 1),
        (0, 0, 1),
        (0, 0, 1),
        (-0, 0, 1),
        (-0, 0, 1),
        (-0, 0, 1),
        (0.00635621026, 0.847974683, 0.529998618),
        (0.00635621026, 0.847974683, 0.529998618),
        (0.00635621026, 0.847974683, 0.529998618),
        (0.00209090617, -0.848244323, 0.529600978),
        (0.00209090617, -0.848244323, 0.529600978),
        (0.00209090617, -0.848244323, 0.529600978),
        (0, 0, 1),
        (0, 0, 1),
        (0, 0, 1),
        (-0, 0, 1),
        (-0, 0, 1),
        (-0, 0, 1),
        (-0, 0, 1),
        (-0, 0, 1),
        (-0, 0, 1),
        (-0.0104013179, -0.847934621, 0.529998765),
        (-0.0104013179, -0.847934621, 0.529998765),
        (-0.0104013179, -0.847934621, 0.529998765),
        (-0.175692241, -0.827475291, 0.53330749),
        (-0.175692241, -0.827475291, 0.53330749),
        (-0.175692241, -0.827475291, 0.53330749),
        (-0.851125288, 0.0693810479, 0.520357584),
        (-0.851125288, 0.0693810479, 0.520357584),
        (-0.851125288, 0.0693810479, 0.520357584),
        (-0.85854586, 0.115327997, 0.499598299),
        (-0.85854586, 0.115327997, 0.499598299),
        (-0.85854586, 0.115327997, 0.499598299),
        (-0.8513716, 0.0739873589, 0.519319044),
        (-0.8513716, 0.0739873589, 0.519319044),
        (-0.8513716, 0.0739873589, 0.519319044),
        (-0.844840628, 0.0731134667, 0.529998807),
        (-0.844840628, 0.0731134667, 0.529998807),
        (-0.844840628, 0.0731134667, 0.529998807),
        (-0.84385912, 0.0836862507, 0.529998488),
        (-0.84385912, 0.0836862507, 0.529998488),
        (-0.84385912, 0.0836862507, 0.529998488),
        (0, 0, 1),
        (0, 0, 1),
        (0, 0, 1),
        (-0.829289539, 0.187300106, 0.526495518),
        (-0.829289539, 0.187300106, 0.526495518),
        (-0.829289539, 0.187300106, 0.526495518),
        (0, 0, 1),
        (0, 0, 1),
        (0, 0, 1),
        (0, 0, 1),
        (0, 0, 1),
        (0, 0, 1),
        (-0.843377968, 0.0884010984, 0.529998914),
        (-0.843377968, 0.0884010984, 0.529998914),
        (-0.843377968, 0.0884010984, 0.529998914),
        (0, 0, 1),
        (0, 0, 1),
        (0, 0, 1),
        (0, 0, 1),
        (0, 0, 1),
        (0, 0, 1),
        (-0.843687882, 0.0853913689, 0.529999124),
        (-0.843687882, 0.0853913689, 0.529999124),
        (-0.843687882, 0.0853913689, 0.529999124),
        (0, 0, 1),
        (0, 0, 1),
        (0, 0, 1),
        (-0.843858002, 0.0836915642, 0.529999429),
        (-0.843858002, 0.0836915642, 0.529999429),
        (-0.843858002, 0.0836915642, 0.529999429),
        (-0, 0, 1),
        (-0, 0, 1),
        (-0, 0, 1),
        (-0.846750153, 0.0459937024, 0.529998828),
        (-0.846750153, 0.0459937024, 0.529998828),
        (-0.846750153, 0.0459937024, 0.529998828),
        (0, -0, 1),
        (0, -0, 1),
        (0, -0, 1),
        (0, 0, 1),
        (0, 0, 1),
        (0, 0, 1),
        (-0, -0, 1),
        (-0, -0, 1),
        (-0, -0, 1),
        (-0, -0, 1),
        (-0, -0, 1),
        (-0, -0, 1),
        (0.0104004804, 0.847934154, 0.529999528),
        (0.0104004804, 0.847934154, 0.529999528),
        (0.0104004804, 0.847934154, 0.529999528),
        (0, 0, 1),
        (0, 0, 1),
        (0, 0, 1),
        (0.0351898718, 0.847267854, 0.529998921),
        (0.0351898718, 0.847267854, 0.529998921),
        (0.0351898718, 0.847267854, 0.529998921),
        (-0.0430575446, -0.846904745, 0.529998492),
        (-0.0430575446, -0.846904745, 0.529998492),
        (-0.0430575446, -0.846904745, 0.529998492),
        (-0.0161052341, -0.847845322, 0.529998992),
        (-0.0161052341, -0.847845322, 0.529998992),
        (-0.0161052341, -0.847845322, 0.529998992),
        (0, 0, 1),
        (0, 0, 1),
        (0, 0, 1),
        (0, 0, 1),
        (0, 0, 1),
        (0, 0, 1),
        (0, -0, 1),
        (0, -0, 1),
        (0, -0, 1),
        (0, 0, 1),
        (0, 0, 1),
        (0, 0, 1),
        (-0.0251624273, -0.84762462, 0.529999393),
        (-0.0251624273, -0.84762462, 0.529999393),
        (-0.0251624273, -0.84762462, 0.529999393),
        (0, 0, 1),
        (0, 0, 1),
        (0, 0, 1),
        (0.0435366295, -0.846880121, 0.5299987),
        (0.0435366295, -0.846880121, 0.5299987),
        (0.0435366295, -0.846880121, 0.5299987),
        (-0.0250015445, -0.847629655, 0.529998953),
        (-0.0250015445, -0.847629655, 0.529998953),
        (-0.0250015445, -0.847629655, 0.529998953),
        (-0.00795741337, -0.847961077, 0.529998766),
        (-0.00795741337, -0.847961077, 0.529998766),
        (-0.00795741337, -0.847961077, 0.529998766),
        (0, 0, 1),
        (0, 0, 1),
        (0, 0, 1),
        (-0.01858738, -0.847794539, 0.52999899),
        (-0.01858738, -0.847794539, 0.52999899),
        (-0.01858738, -0.847794539, 0.52999899),
        (0, 0, 1),
        (0, 0, 1),
        (0, 0, 1),
        (-0, 0, 1),
        (-0, 0, 1),
        (-0, 0, 1),
        (0, 0, 1),
        (0, 0, 1),
        (0, 0, 1),
        (0, 0, 1),
        (0, 0, 1),
        (0, 0, 1),
        (-0.844385984, 0.0781894635, 0.52999879),
        (-0.844385984, 0.0781894635, 0.52999879),
        (-0.844385984, 0.0781894635, 0.52999879),
        (0, 0, 1),
        (0, 0, 1),
        (0, 0, 1),
        (0, 0, 1),
        (0, 0, 1),
        (0, 0, 1),
        (0.00126403491, -0.847997357, 0.529998948),
        (0.00126403491, -0.847997357, 0.529998948),
        (0.00126403491, -0.847997357, 0.529998948),
        (0.0455727081, -0.846773162, 0.529998434),
        (0.0455727081, -0.846773162, 0.529998434),
        (0.0455727081, -0.846773162, 0.529998434),
        (0, 0, 1),
        (0, 0, 1),
        (0, 0, 1),
        (-0.0251650939, -0.84762485, 0.529998899),
        (-0.0251650939, -0.84762485, 0.529998899),
        (-0.0251650939, -0.84762485, 0.529998899),
        (0, -0, 1),
        (0, -0, 1),
        (0, -0, 1),
        (0, 0, 1),
        (0, 0, 1),
        (0, 0, 1),
        (-0.00125944744, 0.847997344, 0.52999898),
        (-0.00125944744, 0.847997344, 0.52999898),
        (-0.00125944744, 0.847997344, 0.52999898),
        (-0.0435360469, 0.846879868, 0.529999153),
        (-0.0435360469, 0.846879868, 0.529999153),
        (-0.0435360469, 0.846879868, 0.529999153),
        (-0.0377093551, 0.847159418, 0.529998986),
        (-0.0377093551, 0.847159418, 0.529998986),
        (-0.0377093551, 0.847159418, 0.529998986),
        (-0.0276850917, 0.847546191, 0.529999048),
        (-0.0276850917, 0.847546191, 0.529999048),
        (-0.0276850917, 0.847546191, 0.529999048),
        (0.0275176658, -0.847551856, 0.529998708),
        (0.0275176658, -0.847551856, 0.529998708),
        (0.0275176658, -0.847551856, 0.529998708),
        (-0, 0, 1),
        (-0, 0, 1),
        (-0, 0, 1),
        (-0, 0, 1),
        (-0, 0, 1),
        (-0, 0, 1),
        (0.0186301853, -0.847793639, 0.529998927),
        (0.0186301853, -0.847793639, 0.529998927),
        (0.0186301853, -0.847793639, 0.529998927),
        (-0.0175978775, 0.847815704, 0.529998911),
        (-0.0175978775, 0.847815704, 0.529998911),
        (-0.0175978775, 0.847815704, 0.529998911),
        (0, 0, 1),
        (0, 0, 1),
        (0, 0, 1),
        (-0.0129262164, 0.847899971, 0.529998634),
        (-0.0129262164, 0.847899971, 0.529998634),
        (-0.0129262164, 0.847899971, 0.529998634),
        (-0, 0, 1),
        (-0, 0, 1),
        (-0, 0, 1),
        (0.0211058418, -0.847735277, 0.529999475),
        (0.0211058418, -0.847735277, 0.529999475),
        (0.0211058418, -0.847735277, 0.529999475),
        (0, 0, 1),
        (0, 0, 1),
        (0, 0, 1),
        (0.0157109572, -0.847852689, 0.529999041),
        (0.0157109572, -0.847852689, 0.529999041),
        (0.0157109572, -0.847852689, 0.529999041),
        (0, -0, 1),
        (0, -0, 1),
        (0, -0, 1),
        (0, 0, 1),
        (0, 0, 1),
        (0, 0, 1),
        (-0, 0, 1),
        (-0, 0, 1),
        (-0, 0, 1),
        (-0.0049566746, 0.848788828, 0.528708764),
        (-0.0049566746, 0.848788828, 0.528708764),
        (-0.0049566746, 0.848788828, 0.528708764),
        (-0.0073282449, 0.849047209, 0.528266158),
        (-0.0073282449, 0.849047209, 0.528266158),
        (-0.0073282449, 0.849047209, 0.528266158),
        (0, 0, 1),
        (0, 0, 1),
        (0, 0, 1),
        (0, 0, 1),
        (0, 0, 1),
        (0, 0, 1),
        (0.00731420814, -0.846919614, 0.53167064),
        (0.00731420814, -0.846919614, 0.53167064),
        (0.00731420814, -0.846919614, 0.53167064),
        (-0, 0, 1),
        (-0, 0, 1),
        (-0, 0, 1),
        (0.86429532, -0.0375782483, 0.501578983),
        (0.86429532, -0.0375782483, 0.501578983),
        (0.86429532, -0.0375782483, 0.501578983),
        (0.864087842, -0.0340541921, 0.502187727),
        (0.864087842, -0.0340541921, 0.502187727),
        (0.864087842, -0.0340541921, 0.502187727),
        (-0, 0, 1),
        (-0, 0, 1),
        (-0, 0, 1),
        (0, 0, 1),
        (0, 0, 1),
        (0, 0, 1),
        (0.883264987, -0.223111524, 0.412388421),
        (0.883264987, -0.223111524, 0.412388421),
        (0.883264987, -0.223111524, 0.412388421),
        (0.832638456, -0.0887399939, 0.546661153),
        (0.832638456, -0.0887399939, 0.546661153),
        (0.832638456, -0.0887399939, 0.546661153),
        (0, 0, 1),
        (0, 0, 1),
        (0, 0, 1),
        (0.0455749299, -0.846772789, 0.529998839),
        (0.0455749299, -0.846772789, 0.529998839),
        (0.0455749299, -0.846772789, 0.529998839),
        (0, -0, 1),
        (0, -0, 1),
        (0, -0, 1),
        (0, -0, 1),
        (0, -0, 1),
        (0, -0, 1),
        (0.0211080174, -0.847735471, 0.529999079),
        (0.0211080174, -0.847735471, 0.529999079),
        (0.0211080174, -0.847735471, 0.529999079),
        (0, 0, 1),
        (0, 0, 1),
        (0, 0, 1),
        (0.0175962692, -0.847815656, 0.529999042),
        (0.0175962692, -0.847815656, 0.529999042),
        (0.0175962692, -0.847815656, 0.529999042),
        (0, -0, 1),
        (0, -0, 1),
        (0, -0, 1),
        (0, -0, 1),
        (0, -0, 1),
        (0, -0, 1),
        (0, -0, 1),
        (0, -0, 1),
        (0, -0, 1),
        (0, 0, 1),
        (0, 0, 1),
        (0, 0, 1),
        (0.847259598, -0.0355272522, 0.529989611),
        (0.847259598, -0.0355272522, 0.529989611),
        (0.847259598, -0.0355272522, 0.529989611),
        (0, -0, 1),
        (0, -0, 1),
        (0, -0, 1),
        (0, 0, 1),
        (0, 0, 1),
        (0, 0, 1),
        (0, 0, 1),
        (0, 0, 1),
        (0, 0, 1),
        (0, 0, 1),
        (0, 0, 1),
        (0, 0, 1),
        (0.847976919, -0.0059954412, 0.529999246),
        (0.847976919, -0.0059954412, 0.529999246),
        (0.847976919, -0.0059954412, 0.529999246),
        (0, 0, 1),
        (0, 0, 1),
        (0, 0, 1),
        (-0.0608510469, -0.863419453, 0.500803353),
        (-0.0608510469, -0.863419453, 0.500803353),
        (-0.0608510469, -0.863419453, 0.500803353),
        (0.847251532, -0.0355705072, 0.529999604),
        (0.847251532, -0.0355705072, 0.529999604),
        (0.847251532, -0.0355705072, 0.529999604),
        (0, 0, 1),
        (0, 0, 1),
        (0, 0, 1),
        (0, -0, 1),
        (0, -0, 1),
        (0, -0, 1),
        (0, 0, 1),
        (0, 0, 1),
        (0, 0, 1),
        (0.847815353, -0.0176244995, 0.529998589),
        (0.847815353, -0.0176244995, 0.529998589),
        (0.847815353, -0.0176244995, 0.529998589),
        (0, 0, 1),
        (0, 0, 1),
        (0, 0, 1),
        (0, 0, 1),
        (0, 0, 1),
        (0, 0, 1),
        (0.847833407, -0.0167170016, 0.529999109),
        (0.847833407, -0.0167170016, 0.529999109),
        (0.847833407, -0.0167170016, 0.529999109),
        (0.847758307, -0.0201654215, 0.529999253),
        (0.847758307, -0.0201654215, 0.529999253),
        (0.847758307, -0.0201654215, 0.529999253),
        (0, 0, 1),
        (0, 0, 1),
        (0, 0, 1),
        (0, 0, 1),
        (0, 0, 1),
        (0, 0, 1),
        (0, 0, 1),
        (0, 0, 1),
        (0, 0, 1),
        (0.847887272, -0.0137027589, 0.529999441),
        (0.847887272, -0.0137027589, 0.529999441),
        (0.847887272, -0.0137027589, 0.529999441),
        (-0, 0, 1),
        (-0, 0, 1),
        (-0, 0, 1),
        (0.844407619, -0.0779563945, 0.529998654),
        (0.844407619, -0.0779563945, 0.529998654),
        (0.844407619, -0.0779563945, 0.529998654),
        (0.845337788, -0.0671239892, 0.529998486),
        (0.845337788, -0.0671239892, 0.529998486),
        (0.845337788, -0.0671239892, 0.529998486),
        (-0.846750463, 0.0459919149, 0.529998488),
        (-0.846750463, 0.0459919149, 0.529998488),
        (-0.846750463, 0.0459919149, 0.529998488),
        (0, 0, 1),
        (0, 0, 1),
        (0, 0, 1),
        (0, 0, 1),
        (0, 0, 1),
        (0, 0, 1),
        (0.843267461, -0.0894494459, 0.529998854),
        (0.843267461, -0.0894494459, 0.529998854),
        (0.843267461, -0.0894494459, 0.529998854),
        (-0.847988873, 0.00403096733, 0.5299987),
        (-0.847988873, 0.00403096733, 0.5299987),
        (-0.847988873, 0.00403096733, 0.5299987),
        (0, -0, 1),
        (0, -0, 1),
        (0, -0, 1),
        (0, 0, 1),
        (0, 0, 1),
        (0, 0, 1),
        (0.840433928, -0.11573803, 0.52941054),
        (0.840433928, -0.11573803, 0.52941054),
        (0.840433928, -0.11573803, 0.52941054),
        (0, 0, 1),
        (0, 0, 1),
        (0, 0, 1),
        (0.130957195, 0.827825911, 0.545485539),
        (0.130957195, 0.827825911, 0.545485539),
        (0.130957195, 0.827825911, 0.545485539),
        (-0.847719086, 0.021763163, 0.529998789),
        (-0.847719086, 0.021763163, 0.529998789),
        (-0.847719086, 0.021763163, 0.529998789),
        (0, 0, 1),
        (0, 0, 1),
        (0, 0, 1),
        (0, 0, 1),
        (0, 0, 1),
        (0, 0, 1),
        (-0.847718635, 0.0217666627, 0.529999367),
        (-0.847718635, 0.0217666627, 0.529999367),
        (-0.847718635, 0.0217666627, 0.529999367),
        (-0.845997756, 0.0582188275, 0.529998458),
        (-0.845997756, 0.0582188275, 0.529998458),
        (-0.845997756, 0.0582188275, 0.529998458),
        (-0, 0, 1),
        (-0, 0, 1),
        (-0, 0, 1),
        (0, 0, 1),
        (0, 0, 1),
        (0, 0, 1),
        (0, 0, 1),
        (0, 0, 1),
        (0, 0, 1),
        (0, 0, 1),
        (0, 0, 1),
        (0, 0, 1),
        (-0.847718374, 0.0217920759, 0.529998739),
        (-0.847718374, 0.0217920759, 0.529998739),
        (-0.847718374, 0.0217920759, 0.529998739),
        (0, 0, 1),
        (0, 0, 1),
        (0, 0, 1),
        (0, -0, 1),
        (0, -0, 1),
        (0, -0, 1),
        (-0.847910294, -0.012217631, 0.529998928),
        (-0.847910294, -0.012217631, 0.529998928),
        (-0.847910294, -0.012217631, 0.529998928),
        (-0, 0, 1),
        (-0, 0, 1),
        (-0, 0, 1),
        (-0.847989864, 0.00380146366, 0.529998811),
        (-0.847989864, 0.00380146366, 0.529998811),
        (-0.847989864, 0.00380146366, 0.529998811),
        (0, 0, 1),
        (0, 0, 1),
        (0, 0, 1),
        (0, 0, 1),
        (0, 0, 1),
        (0, 0, 1),
        (-0.847986494, -0.00450295719, 0.529998707),
        (-0.847986494, -0.00450295719, 0.529998707),
        (-0.847986494, -0.00450295719, 0.529998707),
        (-0, 0, 1),
        (-0, 0, 1),
        (-0, 0, 1),
        (-0, 0, 1),
        (-0, 0, 1),
        (-0, 0, 1),
        (-0, 0, 1),
        (-0, 0, 1),
        (-0, 0, 1),
        (0, -0, 1),
        (0, -0, 1),
        (0, -0, 1),
        (-0.845224725, 0.0685283428, 0.529999085),
        (-0.845224725, 0.0685283428, 0.529999085),
        (-0.845224725, 0.0685283428, 0.529999085),
        (-0.843664874, 0.0856209592, 0.529998709),
        (-0.843664874, 0.0856209592, 0.529998709),
        (-0.843664874, 0.0856209592, 0.529998709),
        (-0.0973310337, -0.845341127, 0.525285682),
        (-0.0973310337, -0.845341127, 0.525285682),
        (-0.0973310337, -0.845341127, 0.525285682),
        (0, 0, 1),
        (0, 0, 1),
        (0, 0, 1),
        (-0, 0, 1),
        (-0, 0, 1),
        (-0, 0, 1),
        (0, 0, 1),
        (0, 0, 1),
        (0, 0, 1),
        (0, 0, 1),
        (0, 0, 1),
        (0, 0, 1),
        (-0.846293844, 0.0537329425, 0.529999529),
        (-0.846293844, 0.0537329425, 0.529999529),
        (-0.846293844, 0.0537329425, 0.529999529),
        (-0.83987106, 0.117122358, 0.529999014),
        (-0.83987106, 0.117122358, 0.529999014),
        (-0.83987106, 0.117122358, 0.529999014),
        (0, -0, 1),
        (0, -0, 1),
        (0, -0, 1),
        (-0.841662831, 0.103465208, 0.529998708),
        (-0.841662831, 0.103465208, 0.529998708),
        (-0.841662831, 0.103465208, 0.529998708),
        (-0, 0, 1),
        (-0, 0, 1),
        (-0, 0, 1),
        (-0, 0, 1),
        (-0, 0, 1),
        (-0, 0, 1),
        (-0.839117913, 0.122401695, 0.529999013),
        (-0.839117913, 0.122401695, 0.529999013),
        (-0.839117913, 0.122401695, 0.529999013),
        (0, 0, 1),
        (0, 0, 1),
        (0, 0, 1),
        (0.838263756, -0.128120203, 0.529999141),
        (0.838263756, -0.128120203, 0.529999141),
        (0.838263756, -0.128120203, 0.529999141),
        (0, 0, 1),
        (0, 0, 1),
        (0, 0, 1),
        (0, 0, 1),
        (0, 0, 1),
        (0, 0, 1),
        (-0.839118246, 0.122400418, 0.529998781),
        (-0.839118246, 0.122400418, 0.529998781),
        (-0.839118246, 0.122400418, 0.529998781),
        (-0.840608881, 0.111704582, 0.529998865),
        (-0.840608881, 0.111704582, 0.529998865),
        (-0.840608881, 0.111704582, 0.529998865),
        (0, 0, 1),
        (0, 0, 1),
        (0, 0, 1),
        (0, 0, 1),
        (0, 0, 1),
        (0, 0, 1),
        (-0.840608807, 0.111704873, 0.52999892),
        (-0.840608807, 0.111704873, 0.52999892),
        (-0.840608807, 0.111704873, 0.52999892),
        (0, 0, 1),
        (0, 0, 1),
        (0, 0, 1),
        (0, 0, 1),
        (0, 0, 1),
        (0, 0, 1),
        (-0.842664381, 0.0949635622, 0.529998738),
        (-0.842664381, 0.0949635622, 0.529998738),
        (-0.842664381, 0.0949635622, 0.529998738),
        (-0.846567925, 0.0492354351, 0.529998698),
        (-0.846567925, 0.0492354351, 0.529998698),
        (-0.846567925, 0.0492354351, 0.529998698),
        (0, 0, 1),
        (0, 0, 1),
        (0, 0, 1),
        (-0, 0, 1),
        (-0, 0, 1),
        (-0, 0, 1),
        (0, 0, 1),
        (0, 0, 1),
        (0, 0, 1),
        (0, 0, 1),
        (0, 0, 1),
        (0, 0, 1),
        (0, 0, 1),
        (0, 0, 1),
        (0, 0, 1),
        (0, -0, 1),
        (0, -0, 1),
        (0, -0, 1),
        (0, 0, 1),
        (0, 0, 1),
        (0, 0, 1),
        (-0, 0, 1),
        (-0, 0, 1),
        (-0, 0, 1),
        (0, 0, 1),
        (0, 0, 1),
        (0, 0, 1),
        (0, 0, 1),
        (0, 0, 1),
        (0, 0, 1),
        (0, 0, 1),
        (0, 0, 1),
        (0, 0, 1),
        (0, 0, 1),
        (0, 0, 1),
        (0, 0, 1),
        (-0, 0, 1),
        (-0, 0, 1),
        (-0, 0, 1),
        (0, 0, 1),
        (0, 0, 1),
        (0, 0, 1),
        (0, 0, 1),
        (0, 0, 1),
        (0, 0, 1),
        (0, 0, 1),
        (0, 0, 1),
        (0, 0, 1),
        (0, 0, 1),
        (0, 0, 1),
        (0, 0, 1),
        (0.847998304, 0, 0.52999894),
        (0.847998304, 0, 0.52999894),
        (0.847998304, 0, 0.52999894),
        (0, -0, 1),
        (0, -0, 1),
        (0, -0, 1),
        (0, 0, 1),
        (0, 0, 1),
        (0, 0, 1),
        (0.847900822, -0.0128696893, 0.529998649),
        (0.847900822, -0.0128696893, 0.529998649),
        (0.847900822, -0.0128696893, 0.529998649),
        (0.847977379, -0.005991385, 0.529998554),
        (0.847977379, -0.005991385, 0.529998554),
        (0.847977379, -0.005991385, 0.529998554),
        (0, 0, 1),
        (0, 0, 1),
        (0, 0, 1),
        (0.847618554, 0.0253723842, 0.529999083),
        (0.847618554, 0.0253723842, 0.529999083),
        (0.847618554, 0.0253723842, 0.529999083),
        (0, -0, 1),
        (0, -0, 1),
        (0, -0, 1),
        (0.847979858, 0.00556392992, 0.529999248),
        (0.847979858, 0.00556392992, 0.529999248),
        (0.847979858, 0.00556392992, 0.529999248),
        (0, -0, 1),
        (0, -0, 1),
        (0, -0, 1),
        (0, -0, 1),
        (0, -0, 1),
        (0, -0, 1),
        (0, 0, 1),
        (0, 0, 1),
        (0, 0, 1),
        (0, -0, 1),
        (0, -0, 1),
        (0, -0, 1),
        (0, 0, 1),
        (0, 0, 1),
        (0, 0, 1),
        (0, 0, 1),
        (0, 0, 1),
        (0, 0, 1),
        (0, -0, 1),
        (0, -0, 1),
        (0, -0, 1),
        (-0, 0, 1),
        (-0, 0, 1),
        (-0, 0, 1),
        (0, 0, 1),
        (0, 0, 1),
        (0, 0, 1),
        (0, 0, 1),
        (0, 0, 1),
        (0, 0, 1),
        (0, -0, 1),
        (0, -0, 1),
        (0, -0, 1),
        (0, 0, 1),
        (0, 0, 1),
        (0, 0, 1),
        (0, 0, 1),
        (0, 0, 1),
        (0, 0, 1),
        (-0, 0, 1),
        (-0, 0, 1),
        (-0, 0, 1),
        (0, -0, 1),
        (0, -0, 1),
        (0, -0, 1),
        (0.847924517, 0.011187073, 0.529998928),
        (0.847924517, 0.011187073, 0.529998928),
        (0.847924517, 0.011187073, 0.529998928),
        (0, 0, 1),
        (0, 0, 1),
        (0, 0, 1),
        (0, 0, 1),
        (0, 0, 1),
        (0, 0, 1),
        (0.847945839, 0.00942425002, 0.529999093),
        (0.847945839, 0.00942425002, 0.529999093),
        (0.847945839, 0.00942425002, 0.529999093),
        (0.847904566, -0.0126002235, 0.529999134),
        (0.847904566, -0.0126002235, 0.529999134),
        (0.847904566, -0.0126002235, 0.529999134),
        (0, 0, 1),
        (0, 0, 1),
        (0, 0, 1),
        (0.847997179, -0.00137485434, 0.529998957),
        (0.847997179, -0.00137485434, 0.529998957),
        (0.847997179, -0.00137485434, 0.529998957),
        (0, -0, 1),
        (0, -0, 1),
        (0, -0, 1),
        (0, 0, 1),
        (0, 0, 1),
        (0, 0, 1),
        (0.847935358, -0.0103233738, 0.52999911),
        (0.847935358, -0.0103233738, 0.52999911),
        (0.847935358, -0.0103233738, 0.52999911),
        (-0, 0, 1),
        (-0, 0, 1),
        (-0, 0, 1),
        (-0, 0, 1),
        (-0, 0, 1),
        (-0, 0, 1),
        (0.847924424, 0.0111878174, 0.52999906),
        (0.847924424, 0.0111878174, 0.52999906),
        (0.847924424, 0.0111878174, 0.52999906),
        (0, 0, 1),
        (0, 0, 1),
        (0, 0, 1),
        (0, -0, 1),
        (0, -0, 1),
        (0, -0, 1),
        (0.847975866, 0.0061650153, 0.529998985),
        (0.847975866, 0.0061650153, 0.529998985),
        (0.847975866, 0.0061650153, 0.529998985),
        (0, 0, 1),
        (0, 0, 1),
        (0, 0, 1),
        (0, -0, 1),
        (0, -0, 1),
        (0, -0, 1),
        (0.847618572, -0.0253722557, 0.529999061),
        (0.847618572, -0.0253722557, 0.529999061),
        (0.847618572, -0.0253722557, 0.529999061),
        (0.847798913, -0.0183845206, 0.529999069),
        (0.847798913, -0.0183845206, 0.529999069),
        (0.847798913, -0.0183845206, 0.529999069),
        (-0, 0, 1),
        (-0, 0, 1),
        (-0, 0, 1),
        (0.847979784, -0.00556317466, 0.529999375),
        (0.847979784, -0.00556317466, 0.529999375),
        (0.847979784, -0.00556317466, 0.529999375),
        (0.844992925, -0.071325689, 0.529999625),
        (0.844992925, -0.071325689, 0.529999625),
        (0.844992925, -0.071325689, 0.529999625),
        (0.84600471, -0.058106855, 0.529999645),
        (0.84600471, -0.058106855, 0.529999645),
        (0.84600471, -0.058106855, 0.529999645),
        (-0, 0, 1),
        (-0, 0, 1),
        (-0, 0, 1),
        (0, 0, 1),
        (0, 0, 1),
        (0, 0, 1),
        (-0.847125991, 0.0384568243, 0.529998705),
        (-0.847125991, 0.0384568243, 0.529998705),
        (-0.847125991, 0.0384568243, 0.529998705),
        (0, -0, 1),
        (0, -0, 1),
        (0, -0, 1),
        (0, -0, 1),
        (0, -0, 1),
        (0, -0, 1),
        (-0, 0, 1),
        (-0, 0, 1),
        (-0, 0, 1),
        (0, 0, 1),
        (0, 0, 1),
        (0, 0, 1),
        (0.845683365, -0.0626187444, 0.529998622),
        (0.845683365, -0.0626187444, 0.529998622),
        (0.845683365, -0.0626187444, 0.529998622),
        (0.847996043, -0.00191733228, 0.529999089),
        (0.847996043, -0.00191733228, 0.529999089),
        (0.847996043, -0.00191733228, 0.529999089),
        (0, 0, 1),
        (0, 0, 1),
        (0, 0, 1),
        (0, 0, 1),
        (0, 0, 1),
        (0, 0, 1),
        (0, 0, 1),
        (0, 0, 1),
        (0, 0, 1),
        (-0, 0, 1),
        (-0, 0, 1),
        (-0, 0, 1),
        (0.847284478, -0.0347849002, 0.529999079),
        (0.847284478, -0.0347849002, 0.529999079),
        (0.847284478, -0.0347849002, 0.529999079),
        (-0.846567796, 0.0492332305, 0.529999109),
        (-0.846567796, 0.0492332305, 0.529999109),
        (-0.846567796, 0.0492332305, 0.529999109),
        (0, 0, 1),
        (0, 0, 1),
        (0, 0, 1),
        (-0.847785781, 0.0189675901, 0.529999529),
        (-0.847785781, 0.0189675901, 0.529999529),
        (-0.847785781, 0.0189675901, 0.529999529),
        (0, 0, 1),
        (0, 0, 1),
        (0, 0, 1),
        (0, 0, 1),
        (0, 0, 1),
        (0, 0, 1),
        (-0.84749431, 0.029225091, 0.529999328),
        (-0.84749431, 0.029225091, 0.529999328),
        (-0.84749431, 0.029225091, 0.529999328),
        (0, -0, 1),
        (0, -0, 1),
        (0, -0, 1),
        (0, 0, 1),
        (0, 0, 1),
        (0, 0, 1),
        (-0.847803812, 0.0181635099, 0.529998851),
        (-0.847803812, 0.0181635099, 0.529998851),
        (-0.847803812, 0.0181635099, 0.529998851),
        (0, 0, 1),
        (0, 0, 1),
        (0, 0, 1),
        (-0.847483683, 0.0295288951, 0.529999482),
        (-0.847483683, 0.0295288951, 0.529999482),
        (-0.847483683, 0.0295288951, 0.529999482),
        (-0.847341043, 0.0333764539, 0.529999217),
        (-0.847341043, 0.0333764539, 0.529999217),
        (-0.847341043, 0.0333764539, 0.529999217),
        (-0.847340823, 0.0333779174, 0.529999476),
        (-0.847340823, 0.0333779174, 0.529999476),
        (-0.847340823, 0.0333779174, 0.529999476),
        (-0, 0, 1),
        (-0, 0, 1),
        (-0, 0, 1),
        (0, 0, 1),
        (0, 0, 1),
        (0, 0, 1),
        (0, 0, 1),
        (0, 0, 1),
        (0, 0, 1),
        (0.847946998, 0.00931720856, 0.52999913),
        (0.847946998, 0.00931720856, 0.52999913),
        (0.847946998, 0.00931720856, 0.52999913),
        (0.849982985, -0.0116744232, 0.52668077),
        (0.849982985, -0.0116744232, 0.52668077),
        (0.849982985, -0.0116744232, 0.52668077),
        (0, -0, 1),
        (0, -0, 1),
        (0, -0, 1),
        (0.847996162, -0.00191858965, 0.529998894),
        (0.847996162, -0.00191858965, 0.529998894),
        (0.847996162, -0.00191858965, 0.529998894),
        (0, -0, 1),
        (0, -0, 1),
        (0, -0, 1),
        (0.132741052, 0.817849171, 0.559912981),
        (0.132741052, 0.817849171, 0.559912981),
        (0.132741052, 0.817849171, 0.559912981),
        (0, 0, 1),
        (0, 0, 1),
        (0, 0, 1),
        (0.847736494, 0.0210767547, 0.529998686),
        (0.847736494, 0.0210767547, 0.529998686),
        (0.847736494, 0.0210767547, 0.529998686),
        (0, 0, 1),
        (0, 0, 1),
        (0, 0, 1),
        (-0.825564135, -0.242865284, 0.509372469),
        (-0.825564135, -0.242865284, 0.509372469),
        (-0.825564135, -0.242865284, 0.509372469),
        (0, -0, 1),
        (0, -0, 1),
        (0, -0, 1),
        (-0, 0, 1),
        (-0, 0, 1),
        (-0, 0, 1),
        (0, -0, 1),
        (0, -0, 1),
        (0, -0, 1),
        (0, 0, 1),
        (0, 0, 1),
        (0, 0, 1),
        (-0, 0, 1),
        (-0, 0, 1),
        (-0, 0, 1),
        (-0.847315814, 0.0340087015, 0.529999358),
        (-0.847315814, 0.0340087015, 0.529999358),
        (-0.847315814, 0.0340087015, 0.529999358),
        (-0.0352561898, 0.847264909, 0.529999222),
        (-0.0352561898, 0.847264909, 0.529999222),
        (-0.0352561898, 0.847264909, 0.529999222),
        (-0.332187181, 0.767042863, 0.548905203),
        (-0.332187181, 0.767042863, 0.548905203),
        (-0.332187181, 0.767042863, 0.548905203),
        (0, 0, 1),
        (0, 0, 1),
        (0, 0, 1),
        (0.00242484694, 0.84799461, 0.529999304),
        (0.00242484694, 0.84799461, 0.529999304),
        (0.00242484694, 0.84799461, 0.529999304),
        (-0.0429487637, 0.835699501, 0.54750502),
        (-0.0429487637, 0.835699501, 0.54750502),
        (-0.0429487637, 0.835699501, 0.54750502),
        (0, 0, 1),
        (0, 0, 1),
        (0, 0, 1),
        (0, 0, 1),
        (0, 0, 1),
        (0, 0, 1),
        (0, 0, 1),
        (0, 0, 1),
        (0, 0, 1),
        (0, 0, 1),
        (0, 0, 1),
        (0, 0, 1),
        (-0.0244205659, 0.847646536, 0.529999043),
        (-0.0244205659, 0.847646536, 0.529999043),
        (-0.0244205659, 0.847646536, 0.529999043),
        (-0.0446840521, 0.846820416, 0.529998603),
        (-0.0446840521, 0.846820416, 0.529998603),
        (-0.0446840521, 0.846820416, 0.529998603),
        (0, -0, 1),
        (0, -0, 1),
        (0, -0, 1),
        (0, -0, 1),
        (0, -0, 1),
        (0, -0, 1),
        (0, -0, 1),
        (0, -0, 1),
        (0, -0, 1),
        (0, 0, 1),
        (0, 0, 1),
        (0, 0, 1),
        (0, -0, 1),
        (0, -0, 1),
        (0, -0, 1),
        (0, -0, 1),
        (0, -0, 1),
        (0, -0, 1),
        (0, 0, 1),
        (0, 0, 1),
        (0, 0, 1),
        (-0.029776872, 0.847475394, 0.529998863),
        (-0.029776872, 0.847475394, 0.529998863),
        (-0.029776872, 0.847475394, 0.529998863),
        (0, 0, 1),
        (0, 0, 1),
        (0, 0, 1),
        (0, 0, 1),
        (0, 0, 1),
        (0, 0, 1),
        (0, 0, 1),
        (0, 0, 1),
        (0, 0, 1),
        (0, 0, 1),
        (0, 0, 1),
        (0, 0, 1),
        (-0, 0, 1),
        (-0, 0, 1),
        (-0, 0, 1),
        (0, 0, 1),
        (0, 0, 1),
        (0, 0, 1),
        (0, 0, 1),
        (0, 0, 1),
        (0, 0, 1),
        (0, 0, 1),
        (0, 0, 1),
        (0, 0, 1),
        (0.0244204395, 0.84764654, 0.529999043),
        (0.0244204395, 0.84764654, 0.529999043),
        (0.0244204395, 0.84764654, 0.529999043),
        (0.0297770308, 0.847475388, 0.529998863),
        (0.0297770308, 0.847475388, 0.529998863),
        (0.0297770308, 0.847475388, 0.529998863),
        (0, 0, 1),
        (0, 0, 1),
        (0, 0, 1),
        (0, -0, 1),
        (0, -0, 1),
        (0, -0, 1),
        (0, 0, 1),
        (0, 0, 1),
        (0, 0, 1),
        (0, 0, 1),
        (0, 0, 1),
        (0, 0, 1),
        (0, 0, 1),
        (0, 0, 1),
        (0, 0, 1),
        (0, 0, 1),
        (0, 0, 1),
        (0, 0, 1),
        (0, 0, 1),
        (0, 0, 1),
        (0, 0, 1),
        (0, 0, 1),
        (0, 0, 1),
        (0, 0, 1),
        (-0, 0, 1),
        (-0, 0, 1),
        (-0, 0, 1),
        (0.0242711281, 0.847650828, 0.529999043),
        (0.0242711281, 0.847650828, 0.529999043),
        (0.0242711281, 0.847650828, 0.529999043),
        (0, 0, 1),
        (0, 0, 1),
        (0, 0, 1),
        (0, 0, 1),
        (0, 0, 1),
        (0, 0, 1),
        (0, 0, 1),
        (0, 0, 1),
        (0, 0, 1),
        (0.0446842776, 0.846820404, 0.529998603),
        (0.0446842776, 0.846820404, 0.529998603),
        (0.0446842776, 0.846820404, 0.529998603),
        (0, 0, 1),
        (0, 0, 1),
        (0, 0, 1),
        (0.847976919, 0.0059954412, 0.529999246),
        (0.847976919, 0.0059954412, 0.529999246),
        (0.847976919, 0.0059954412, 0.529999246),
        (0.847916954, 0.0117588962, 0.529998648),
        (0.847916954, 0.0117588962, 0.529998648),
        (0.847916954, 0.0117588962, 0.529998648),
        (0, 0, 1),
        (0, 0, 1),
        (0, 0, 1),
        (0.847887413, 0.0137041759, 0.52999918),
        (0.847887413, 0.0137041759, 0.52999918),
        (0.847887413, 0.0137041759, 0.52999918),
        (0, -0, 1),
        (0, -0, 1),
        (0, -0, 1),
        (-0, -0, 1),
        (-0, -0, 1),
        (-0, -0, 1),
        (-0, 0, 1),
        (-0, 0, 1),
        (-0, 0, 1),
        (0, 0, 1),
        (0, 0, 1),
        (0, 0, 1),
        (0.847815353, 0.0176244995, 0.529998589),
        (0.847815353, 0.0176244995, 0.529998589),
        (0.847815353, 0.0176244995, 0.529998589),
        (0, 0, 1),
        (0, 0, 1),
        (0, 0, 1),
        (0, 0, 1),
        (0, 0, 1),
        (0, 0, 1),
        (0, -0, 1),
        (0, -0, 1),
        (0, -0, 1),
        (0.847791189, 0.0187579244, 0.529998339),
        (0.847791189, 0.0187579244, 0.529998339),
        (0.847791189, 0.0187579244, 0.529998339),
        (0.847740868, 0.0208857253, 0.529999252),
        (0.847740868, 0.0208857253, 0.529999252),
        (0.847740868, 0.0208857253, 0.529999252),
        (0.847258901, 0.0355292018, 0.529990594),
        (0.847258901, 0.0355292018, 0.529990594),
        (0.847258901, 0.0355292018, 0.529990594),
        (0, 0, 1),
        (0, 0, 1),
        (0, 0, 1),
        (0.847499547, 0.0290742434, 0.529999251),
        (0.847499547, 0.0290742434, 0.529999251),
        (0.847499547, 0.0290742434, 0.529999251),
        (0.847251158, 0.0355791579, 0.529999621),
        (0.847251158, 0.0355791579, 0.529999621),
        (0.847251158, 0.0355791579, 0.529999621),
        (0, -0, 1),
        (0, -0, 1),
        (0, -0, 1),
        (0.0346143545, 0.847289245, 0.530002625),
        (0.0346143545, 0.847289245, 0.530002625),
        (0.0346143545, 0.847289245, 0.530002625),
        (-0, 0, 1),
        (-0, 0, 1),
        (-0, 0, 1),
        (0, 0, 1),
        (0, 0, 1),
        (0, 0, 1),
        (0, -0, 1),
        (0, -0, 1),
        (0, -0, 1),
        (0, -0, 1),
        (0, -0, 1),
        (0, -0, 1),
        (-0, -0, 1),
        (-0, -0, 1),
        (-0, -0, 1),
        (0.0572896583, 0.830121315, 0.554631858),
        (0.0572896583, 0.830121315, 0.554631858),
        (0.0572896583, 0.830121315, 0.554631858),
        (0, -0, 1),
        (0, -0, 1),
        (0, -0, 1),
        (0, 0, 1),
        (0, 0, 1),
        (0, 0, 1),
        (0, 0, 1),
        (0, 0, 1),
        (0, 0, 1),
        (-0.848045945, -0.0108010758, 0.52981262),
        (-0.848045945, -0.0108010758, 0.52981262),
        (-0.848045945, -0.0108010758, 0.52981262),
        (-0.847857922, -0.0154306134, 0.529998907),
        (-0.847857922, -0.0154306134, 0.529998907),
        (-0.847857922, -0.0154306134, 0.529998907),
        (0, 0, 1),
        (0, 0, 1),
        (0, 0, 1),
        (0.0604756064, -0.84611483, 0.52955868),
        (0.0604756064, -0.84611483, 0.52955868),
        (0.0604756064, -0.84611483, 0.52955868),
        (0, 0, 1),
        (0, 0, 1),
        (0, 0, 1),
        (-0.847801261, -0.0182835118, 0.529998807),
        (-0.847801261, -0.0182835118, 0.529998807),
        (-0.847801261, -0.0182835118, 0.529998807),
        (0, 0, 1),
        (0, 0, 1),
        (0, 0, 1),
        (-0.847857409, -0.0154345132, 0.529999613),
        (-0.847857409, -0.0154345132, 0.529999613),
        (-0.847857409, -0.0154345132, 0.529999613),
        (0, 0, 1),
        (0, 0, 1),
        (0, 0, 1),
        (-0.847997889, 0.0147341592, 0.529794758),
        (-0.847997889, 0.0147341592, 0.529794758),
        (-0.847997889, 0.0147341592, 0.529794758),
        (0, 0, 1),
        (0, 0, 1),
        (0, 0, 1),
        (0, 0, 1),
        (0, 0, 1),
        (0, 0, 1),
        (0, 0, 1),
        (0, 0, 1),
        (0, 0, 1),
        (-0.847359061, -0.0329164479, 0.529999178),
        (-0.847359061, -0.0329164479, 0.529999178),
        (-0.847359061, -0.0329164479, 0.529999178),
        (-0.847607794, -0.0257372463, 0.529998699),
        (-0.847607794, -0.0257372463, 0.529998699),
        (-0.847607794, -0.0257372463, 0.529998699),
        (0, -0, 1),
        (0, -0, 1),
        (0, -0, 1),
        (-0.847045164, -0.0401975296, 0.529998726),
        (-0.847045164, -0.0401975296, 0.529998726),
        (-0.847045164, -0.0401975296, 0.529998726),
        (-0, 0, 1),
        (-0, 0, 1),
        (-0, 0, 1),
        (0, 0, 1),
        (0, 0, 1),
        (0, 0, 1),
        (0, 0, 1),
        (0, 0, 1),
        (0, 0, 1),
        (0, 0, 1),
        (0, 0, 1),
        (0, 0, 1),
        (-0.847616229, -0.0254479919, 0.529999177),
        (-0.847616229, -0.0254479919, 0.529999177),
        (-0.847616229, -0.0254479919, 0.529999177),
        (-0.847359033, -0.0329166377, 0.529999211),
        (-0.847359033, -0.0329166377, 0.529999211),
        (-0.847359033, -0.0329166377, 0.529999211),
        (0, 0, 1),
        (0, 0, 1),
        (0, 0, 1),
        (0, 0, 1),
        (0, 0, 1),
        (0, 0, 1),
        (0.0211125416, -0.847735541, 0.529998787),
        (0.0211125416, -0.847735541, 0.529998787),
        (0.0211125416, -0.847735541, 0.529998787),
        (0, -0, 1),
        (0, -0, 1),
        (0, -0, 1),
        (-0, 0, 1),
        (-0, 0, 1),
        (-0, 0, 1),
        (0.0203857507, -0.847752995, 0.529999322),
        (0.0203857507, -0.847752995, 0.529999322),
        (0.0203857507, -0.847752995, 0.529999322),
        (0.0206398809, -0.847747022, 0.52999904),
        (0.0206398809, -0.847747022, 0.52999904),
        (0.0206398809, -0.847747022, 0.52999904),
        (-0, 0, 1),
        (-0, 0, 1),
        (-0, 0, 1),
        (0, 0, 1),
        (0, 0, 1),
        (0, 0, 1),
        (0, 0, 1),
        (0, 0, 1),
        (0, 0, 1),
        (0.0145076069, -0.847874326, 0.529998733),
        (0.0145076069, -0.847874326, 0.529998733),
        (0.0145076069, -0.847874326, 0.529998733),
        (0.00509263402, -0.847983178, 0.529998675),
        (0.00509263402, -0.847983178, 0.529998675),
        (0.00509263402, -0.847983178, 0.529998675),
        (0, 0, 1),
        (0, 0, 1),
        (0, 0, 1),
        (0.0215879056, -0.847723466, 0.52999895),
        (0.0215879056, -0.847723466, 0.52999895),
        (0.0215879056, -0.847723466, 0.52999895),
        (0, 0, 1),
        (0, 0, 1),
        (0, 0, 1),
        (0.0240354444, -0.847657373, 0.529999317),
        (0.0240354444, -0.847657373, 0.529999317),
        (0.0240354444, -0.847657373, 0.529999317),
        (0, -0, 1),
        (0, -0, 1),
        (0, -0, 1),
        (0, 0, 1),
        (0, 0, 1),
        (0, 0, 1),
        (0, -0, 1),
        (0, -0, 1),
        (0, -0, 1),
        (0.0083906555, -0.847956642, 0.52999918),
        (0.0083906555, -0.847956642, 0.52999918),
        (0.0083906555, -0.847956642, 0.52999918),
        (0, 0, 1),
        (0, 0, 1),
        (0, 0, 1),
        (0.00389691369, -0.847989713, 0.52999836),
        (0.00389691369, -0.847989713, 0.52999836),
        (0.00389691369, -0.847989713, 0.52999836),
        (0, -0, 1),
        (0, -0, 1),
        (0, -0, 1),
        (0, -0, 1),
        (0, -0, 1),
        (0, -0, 1),
        (0, 0, 1),
        (0, 0, 1),
        (0, 0, 1),
        (0, 0, 1),
        (0, 0, 1),
        (0, 0, 1),
        (-0.00839259827, -0.847956842, 0.529998828),
        (-0.00839259827, -0.847956842, 0.529998828),
        (-0.00839259827, -0.847956842, 0.529998828),
        (0, 0, 1),
        (0, 0, 1),
        (0, 0, 1),
        (-0.00164567147, -0.847997073, 0.529998354),
        (-0.00164567147, -0.847997073, 0.529998354),
        (-0.00164567147, -0.847997073, 0.529998354),
        (-0.0207635742, -0.847743814, 0.52999934),
        (-0.0207635742, -0.847743814, 0.52999934),
        (-0.0207635742, -0.847743814, 0.52999934),
        (0, 0, 1),
        (0, 0, 1),
        (0, 0, 1),
        (-0.00508995458, -0.847983019, 0.529998954),
        (-0.00508995458, -0.847983019, 0.529998954),
        (-0.00508995458, -0.847983019, 0.529998954),
        (0, 0, 1),
        (0, 0, 1),
        (0, 0, 1),
        (-0, 0, 1),
        (-0, 0, 1),
        (-0, 0, 1),
        (0, 0, 1),
        (0, 0, 1),
        (0, 0, 1),
        (-0.0236246851, -0.847669416, 0.529998525),
        (-0.0236246851, -0.847669416, 0.529998525),
        (-0.0236246851, -0.847669416, 0.529998525),
        (0, 0, 1),
        (0, 0, 1),
        (0, 0, 1),
        (-0.00442847518, -0.847986805, 0.529998837),
        (-0.00442847518, -0.847986805, 0.529998837),
        (-0.00442847518, -0.847986805, 0.529998837),
        (0, 0, 1),
        (0, 0, 1),
        (0, 0, 1),
        (0, 0, 1),
        (0, 0, 1),
        (0, 0, 1),
        (-0.0145076069, -0.847874326, 0.529998733),
        (-0.0145076069, -0.847874326, 0.529998733),
        (-0.0145076069, -0.847874326, 0.529998733),
        (0, 0, 1),
        (0, 0, 1),
        (0, 0, 1),
        (-0.00164915892, -0.847996674, 0.529998982),
        (-0.00164915892, -0.847996674, 0.529998982),
        (-0.00164915892, -0.847996674, 0.529998982),
        (-0.0203848364, -0.847753204, 0.529999022),
        (-0.0203848364, -0.847753204, 0.529999022),
        (-0.0203848364, -0.847753204, 0.529999022),
        (-0, 0, 1),
        (-0, 0, 1),
        (-0, 0, 1),
        (-0, 0, 1),
        (-0, 0, 1),
        (-0, 0, 1),
        (-0.0215879056, -0.847723466, 0.52999895),
        (-0.0215879056, -0.847723466, 0.52999895),
        (-0.0215879056, -0.847723466, 0.52999895),
        (0, 0, 1),
        (0, 0, 1),
        (0, 0, 1),
        (0, -0, 1),
        (0, -0, 1),
        (0, -0, 1),
        (0, 0, 1),
        (0, 0, 1),
        (0, 0, 1),
        (-0.0193177464, -0.847778396, 0.529998694),
        (-0.0193177464, -0.847778396, 0.529998694),
        (-0.0193177464, -0.847778396, 0.529998694),
        (0, 0, 1),
        (0, 0, 1),
        (0, 0, 1),
        (-0.0205607007, -0.847749024, 0.529998914),
        (-0.0205607007, -0.847749024, 0.529998914),
        (-0.0205607007, -0.847749024, 0.529998914),
        (0, 0, 1),
        (0, 0, 1),
        (0, 0, 1),
        (0.853035976, -0.0415707362, 0.520193711),
        (0.853035976, -0.0415707362, 0.520193711),
        (0.853035976, -0.0415707362, 0.520193711),
        (-0.00725489997, -0.849883081, 0.526921356),
        (-0.00725489997, -0.849883081, 0.526921356),
        (-0.00725489997, -0.849883081, 0.526921356),
        (0.862794622, 0.000869041321, 0.50555384),
        (0.862794622, 0.000869041321, 0.50555384),
        (0.862794622, 0.000869041321, 0.50555384),
        (-0.0205644211, -0.847749346, 0.529998256),
        (-0.0205644211, -0.847749346, 0.529998256),
        (-0.0205644211, -0.847749346, 0.529998256),
        (-0.0201517602, -0.847759256, 0.529998256),
        (-0.0201517602, -0.847759256, 0.529998256),
        (-0.0201517602, -0.847759256, 0.529998256),
        (0.847213639, -0.0364624595, 0.529999565),
        (0.847213639, -0.0364624595, 0.529999565),
        (0.847213639, -0.0364624595, 0.529999565),
        (0, -0, 1),
        (0, -0, 1),
        (0, -0, 1),
        (0, 0, 1),
        (0, 0, 1),
        (0, 0, 1),
        (0, 0, 1),
        (0, 0, 1),
        (0, 0, 1),
        (0.84769516, -0.0226695626, 0.529999063),
        (0.84769516, -0.0226695626, 0.529999063),
        (0.84769516, -0.0226695626, 0.529999063),
        (0, -0, 1),
        (0, -0, 1),
        (0, -0, 1),
        (0, -0, 1),
        (0, -0, 1),
        (0, -0, 1),
        (0.847761315, -0.0200415315, 0.529999141),
        (0.847761315, -0.0200415315, 0.529999141),
        (0.847761315, -0.0200415315, 0.529999141),
        (-0, 0, 1),
        (-0, 0, 1),
        (-0, 0, 1),
        (0.847694983, -0.0226674085, 0.529999437),
        (0.847694983, -0.0226674085, 0.529999437),
        (0.847694983, -0.0226674085, 0.529999437),
        (0.847038901, -0.0403251392, 0.529999041),
        (0.847038901, -0.0403251392, 0.529999041),
        (0.847038901, -0.0403251392, 0.529999041),
        (0, 0, 1),
        (0, 0, 1),
        (0, 0, 1),
        (0, 0, 1),
        (0, 0, 1),
        (0, 0, 1),
        (0, -0, 1),
        (0, -0, 1),
        (0, -0, 1),
        (0, 0, 1),
        (0, 0, 1),
        (0, 0, 1),
        (0.84660691, -0.0485565786, 0.529999055),
        (0.84660691, -0.0485565786, 0.529999055),
        (0.84660691, -0.0485565786, 0.529999055),
        (0, 0, 1),
        (0, 0, 1),
        (0, 0, 1),
        (0, 0, 1),
        (0, 0, 1),
        (0, 0, 1),
        (-0.847873949, -0.0145279859, 0.529998777),
        (-0.847873949, -0.0145279859, 0.529998777),
        (-0.847873949, -0.0145279859, 0.529998777),
        (0, 0, 1),
        (0, 0, 1),
        (0, 0, 1),
        (0, 0, 1),
        (0, 0, 1),
        (0, 0, 1),
        (-0.847988487, -0.00405162416, 0.52999916),
        (-0.847988487, -0.00405162416, 0.52999916),
        (-0.847988487, -0.00405162416, 0.52999916),
        (-0, 0, 1),
        (-0, 0, 1),
        (-0, 0, 1),
        (0, 0, 1),
        (0, 0, 1),
        (0, 0, 1),
        (0, 0, 1),
        (0, 0, 1),
        (0, 0, 1),
        (0, 0, 1),
        (0, 0, 1),
        (0, 0, 1),
        (-0.847998312, 0.00071614556, 0.529998444),
        (-0.847998312, 0.00071614556, 0.529998444),
        (-0.847998312, 0.00071614556, 0.529998444),
        (0, 0, 1),
        (0, 0, 1),
        (0, 0, 1),
        (-0.847833145, -0.0167298064, 0.529999124),
        (-0.847833145, -0.0167298064, 0.529999124),
        (-0.847833145, -0.0167298064, 0.529999124),
        (-0, 0, 1),
        (-0, 0, 1),
        (-0, 0, 1),
        (-0.847982582, -0.00516697112, 0.529998909),
        (-0.847982582, -0.00516697112, 0.529998909),
        (-0.847982582, -0.00516697112, 0.529998909),
        (-0.847972197, -0.00665658218, 0.529998909),
        (-0.847972197, -0.00665658218, 0.529998909),
        (-0.847972197, -0.00665658218, 0.529998909),
        (-0.847993425, 0.00292305889, 0.529998685),
        (-0.847993425, 0.00292305889, 0.529998685),
        (-0.847993425, 0.00292305889, 0.529998685),
        (-0.847994413, 0.0026210917, 0.529998685),
        (-0.847994413, 0.0026210917, 0.529998685),
        (-0.847994413, 0.0026210917, 0.529998685),
        (0, 0, 1),
        (0, 0, 1),
        (0, 0, 1),
        (0, -0, 1),
        (0, -0, 1),
        (0, -0, 1),
        (0, 0, 1),
        (0, 0, 1),
        (0, 0, 1),
        (-0, -0, 1),
        (-0, -0, 1),
        (-0, -0, 1),
        (0, 0, 1),
        (0, 0, 1),
        (0, 0, 1),
        (-0, 0, 1),
        (-0, 0, 1),
        (-0, 0, 1),
        (0, 0, 1),
        (0, 0, 1),
        (0, 0, 1),
        (0, 0, 1),
        (0, 0, 1),
        (0, 0, 1),
        (-0.847982423, 0.00516523579, 0.52999918),
        (-0.847982423, 0.00516523579, 0.52999918),
        (-0.847982423, 0.00516523579, 0.52999918),
        (-0.847982583, 0.00516676247, 0.529998909),
        (-0.847982583, 0.00516676247, 0.529998909),
        (-0.847982583, 0.00516676247, 0.529998909),
        (-0, 0, 1),
        (-0, 0, 1),
        (-0, 0, 1),
        (-0.847982351, 0.00517710488, 0.52999918),
        (-0.847982351, 0.00517710488, 0.52999918),
        (-0.847982351, 0.00517710488, 0.52999918),
        (-0.847934021, 0.0104495411, 0.529998776),
        (-0.847934021, 0.0104495411, 0.529998776),
        (-0.847934021, 0.0104495411, 0.529998776),
        (0, 0, 1),
        (0, 0, 1),
        (0, 0, 1),
        (-0.847873949, 0.0145279859, 0.529998777),
        (-0.847873949, 0.0145279859, 0.529998777),
        (-0.847873949, 0.0145279859, 0.529998777),
        (-0.847934273, 0.010452127, 0.529998323),
        (-0.847934273, 0.010452127, 0.529998323),
        (-0.847934273, 0.010452127, 0.529998323),
        (0, -0, 1),
        (0, -0, 1),
        (0, -0, 1),
        (0, 0, 1),
        (0, 0, 1),
        (0, 0, 1),
        (0, 0, 1),
        (0, 0, 1),
        (0, 0, 1),
        (0, 0, 1),
        (0, 0, 1),
        (0, 0, 1),
        (0, 0, 1),
        (0, 0, 1),
        (0, 0, 1),
        (-0.847816051, 0.0175747344, 0.529999124),
        (-0.847816051, 0.0175747344, 0.529999124),
        (-0.847816051, 0.0175747344, 0.529999124),
        (0, 0, 1),
        (0, 0, 1),
        (0, 0, 1),
        (-0.847359061, 0.0329164479, 0.529999178),
        (-0.847359061, 0.0329164479, 0.529999178),
        (-0.847359061, 0.0329164479, 0.529999178),
        (0, 0, 1),
        (0, 0, 1),
        (0, 0, 1),
        (0, 0, 1),
        (0, 0, 1),
        (0, 0, 1),
        (0, 0, 1),
        (0, 0, 1),
        (0, 0, 1),
        (0, -0, 1),
        (0, -0, 1),
        (0, -0, 1),
        (0, 0, 1),
        (0, 0, 1),
        (0, 0, 1),
        (0, -0, 1),
        (0, -0, 1),
        (0, -0, 1),
        (0, 0, 1),
        (0, 0, 1),
        (0, 0, 1),
        (-0, 0, 1),
        (-0, 0, 1),
        (-0, 0, 1),
        (0, 0, 1),
        (0, 0, 1),
        (0, 0, 1),
        (-0, 0, 1),
        (-0, 0, 1),
        (-0, 0, 1),
        (0, 0, 1),
        (0, 0, 1),
        (0, 0, 1),
        (0, 0, 1),
        (0, 0, 1),
        (0, 0, 1),
        (0, -0, 1),
        (0, -0, 1),
        (0, -0, 1),
        (0, 0, 1),
        (0, 0, 1),
        (0, 0, 1),
        (0, 0, 1),
        (0, 0, 1),
        (0, 0, 1),
        (-0, 0, 1),
        (-0, 0, 1),
        (-0, 0, 1),
        (0, -0, 1),
        (0, -0, 1),
        (0, -0, 1),
        (0, 0, 1),
        (0, 0, 1),
        (0, 0, 1),
        (0.844897973, -0.0724504244, 0.529998445),
        (0.844897973, -0.0724504244, 0.529998445),
        (0.844897973, -0.0724504244, 0.529998445),
        (0, 0, 1),
        (0, 0, 1),
        (0, 0, 1),
        (0, 0, 1),
        (0, 0, 1),
        (0, 0, 1),
        (-0, 0, 1),
        (-0, 0, 1),
        (-0, 0, 1),
        (0.844311155, -0.0789904995, 0.529999222),
        (0.844311155, -0.0789904995, 0.529999222),
        (0.844311155, -0.0789904995, 0.529999222),
        (0.845231132, -0.0684482369, 0.529999219),
        (0.845231132, -0.0684482369, 0.529999219),
        (0.845231132, -0.0684482369, 0.529999219),
        (0, 0, 1),
        (0, 0, 1),
        (0, 0, 1),
        (0.843914435, -0.0831227214, 0.529999094),
        (0.843914435, -0.0831227214, 0.529999094),
        (0.843914435, -0.0831227214, 0.529999094),
        (0, 0, 1),
        (0, 0, 1),
        (0, 0, 1),
        (0.84639823, -0.0520689556, 0.529998925),
        (0.84639823, -0.0520689556, 0.529998925),
        (0.84639823, -0.0520689556, 0.529998925),
        (0.846653283, -0.0477480534, 0.529998436),
        (0.846653283, -0.0477480534, 0.529998436),
        (0.846653283, -0.0477480534, 0.529998436),
        (0, -0, 1),
        (0, -0, 1),
        (0, -0, 1),
        (0, 0, 1),
        (0, 0, 1),
        (0, 0, 1),
        (0.846652768, -0.0477512108, 0.529998973),
        (0.846652768, -0.0477512108, 0.529998973),
        (0.846652768, -0.0477512108, 0.529998973),
        (0.847715616, -0.0218882772, 0.529999186),
        (0.847715616, -0.0218882772, 0.529999186),
        (0.847715616, -0.0218882772, 0.529999186),
        (0, -0, 1),
        (0, -0, 1),
        (0, -0, 1),
        (0, 0, 1),
        (0, 0, 1),
        (0, 0, 1),
        (0, 0, 1),
        (0, 0, 1),
        (0, 0, 1),
        (0, 0, 1),
        (0, 0, 1),
        (0, 0, 1),
        (0, 0, 1),
        (0, 0, 1),
        (0, 0, 1),
        (0, 0, 1),
        (0, 0, 1),
        (0, 0, 1),
        (-0, 0, 1),
        (-0, 0, 1),
        (-0, 0, 1),
        (0, 0, 1),
        (0, 0, 1),
        (0, 0, 1),
        (0, -0, 1),
        (0, -0, 1),
        (0, -0, 1),
        (0, 0, 1),
        (0, 0, 1),
        (0, 0, 1),
        (0, 0, 1),
        (0, 0, 1),
        (0, 0, 1),
        (0, -0, 1),
        (0, -0, 1),
        (0, -0, 1),
        (0, 0, 1),
        (0, 0, 1),
        (0, 0, 1),
        (0, 0, 1),
        (0, 0, 1),
        (0, 0, 1),
        (0.0639825643, 0.845581189, 0.529998759),
        (0.0639825643, 0.845581189, 0.529998759),
        (0.0639825643, 0.845581189, 0.529998759),
        (0.84664192, -0.0479406508, 0.529999202),
        (0.84664192, -0.0479406508, 0.529999202),
        (0.84664192, -0.0479406508, 0.529999202),
        (0, 0, 1),
        (0, 0, 1),
        (0, 0, 1),
        (-0, 0, 1),
        (-0, 0, 1),
        (-0, 0, 1),
        (0.846301281, -0.0536247749, 0.529998609),
        (0.846301281, -0.0536247749, 0.529998609),
        (0.846301281, -0.0536247749, 0.529998609),
        (0.845337616, -0.067119203, 0.529999366),
        (0.845337616, -0.067119203, 0.529999366),
        (0.845337616, -0.067119203, 0.529999366),
        (0, 0, 1),
        (0, 0, 1),
        (0, 0, 1),
        (0.843755281, -0.0847214379, 0.529999343),
        (0.843755281, -0.0847214379, 0.529999343),
        (0.843755281, -0.0847214379, 0.529999343),
        (0, -0, 1),
        (0, -0, 1),
        (0, -0, 1),
        (0.84502331, -0.0709736761, 0.529998437),
        (0.84502331, -0.0709736761, 0.529998437),
        (0.84502331, -0.0709736761, 0.529998437),
        (0, -0, 1),
        (0, -0, 1),
        (0, -0, 1),
        (0, 0, 1),
        (0, 0, 1),
        (0, 0, 1),
        (0.0871839824, 0.84350459, 0.529999019),
        (0.0871839824, 0.84350459, 0.529999019),
        (0.0871839824, 0.84350459, 0.529999019),
        (-0.847738397, 0.0209857772, 0.529999252),
        (-0.847738397, 0.0209857772, 0.529999252),
        (-0.847738397, 0.0209857772, 0.529999252),
        (0, -0, 1),
        (0, -0, 1),
        (0, -0, 1),
        (0, 0, 1),
        (0, 0, 1),
        (0, 0, 1),
        (-0.847738615, 0.020988241, 0.529998807),
        (-0.847738615, 0.020988241, 0.529998807),
        (-0.847738615, 0.020988241, 0.529998807),
        (0.0994859019, 0.841852387, 0.530459343),
        (0.0994859019, 0.841852387, 0.530459343),
        (0.0994859019, 0.841852387, 0.530459343),
        (-0.0389415341, 0.808913838, 0.586636139),
        (-0.0389415341, 0.808913838, 0.586636139),
        (-0.0389415341, 0.808913838, 0.586636139),
        (-0.847824946, 0.0171252102, 0.529999611),
        (-0.847824946, 0.0171252102, 0.529999611),
        (-0.847824946, 0.0171252102, 0.529999611),
        (0, 0, 1),
        (0, 0, 1),
        (0, 0, 1),
        (0.115393487, 0.84011062, 0.529998575),
        (0.115393487, 0.84011062, 0.529998575),
        (0.115393487, 0.84011062, 0.529998575),
        (0.109133309, 0.840946926, 0.52999829),
        (0.109133309, 0.840946926, 0.52999829),
        (0.109133309, 0.840946926, 0.52999829),
        (0.121811909, 0.83920374, 0.529999002),
        (0.121811909, 0.83920374, 0.529999002),
        (0.121811909, 0.83920374, 0.529999002),
        (0, 0, 1),
        (0, 0, 1),
        (0, 0, 1),
        (0, 0, 1),
        (0, 0, 1),
        (0, 0, 1),
        (0, 0, 1),
        (0, 0, 1),
        (0, 0, 1),
        (0, 0, 1),
        (0, 0, 1),
        (0, 0, 1),
        (-0.862049427, -0.45702941, 0.219077393),
        (-0.862049427, -0.45702941, 0.219077393),
        (-0.862049427, -0.45702941, 0.219077393),
        (-0.870760485, -0.0858810119, 0.484149388),
        (-0.870760485, -0.0858810119, 0.484149388),
        (-0.870760485, -0.0858810119, 0.484149388),
        (0, 0, 1),
        (0, 0, 1),
        (0, 0, 1),
        (-0.0645772792, -0.85354934, 0.516994487),
        (-0.0645772792, -0.85354934, 0.516994487),
        (-0.0645772792, -0.85354934, 0.516994487),
        (0, 0, 1),
        (0, 0, 1),
        (0, 0, 1),
        (-0.105270889, -0.841438771, 0.529998901),
        (-0.105270889, -0.841438771, 0.529998901),
        (-0.105270889, -0.841438771, 0.529998901),
        (0, 0, 1),
        (0, 0, 1),
        (0, 0, 1),
        (-0, 0, 1),
        (-0, 0, 1),
        (-0, 0, 1),
        (0, 0, 1),
        (0, 0, 1),
        (0, 0, 1),
        (-0.0548136318, -0.846586041, 0.529421894),
        (-0.0548136318, -0.846586041, 0.529421894),
        (-0.0548136318, -0.846586041, 0.529421894),
        (-0.0935564021, -0.845600866, 0.525553399),
        (-0.0935564021, -0.845600866, 0.525553399),
        (-0.0935564021, -0.845600866, 0.525553399),
        (0, 0, 1),
        (0, 0, 1),
        (0, 0, 1),
        (0.126651681, 0.838487006, 0.529998955),
        (0.126651681, 0.838487006, 0.529998955),
        (0.126651681, 0.838487006, 0.529998955),
        (0, 0, 1),
        (0, 0, 1),
        (0, 0, 1),
        (-0, 0, 1),
        (-0, 0, 1),
        (-0, 0, 1),
        (0.126652665, 0.838486745, 0.529999133),
        (0.126652665, 0.838486745, 0.529999133),
        (0.126652665, 0.838486745, 0.529999133),
        (0.126142048, 0.838563963, 0.529998739),
        (0.126142048, 0.838563963, 0.529998739),
        (0.126142048, 0.838563963, 0.529998739),
        (0.125861987, 0.838605799, 0.529999126),
        (0.125861987, 0.838605799, 0.529999126),
        (0.125861987, 0.838605799, 0.529999126),
        (0, 0, 1),
        (0, 0, 1),
        (0, 0, 1),
        (0.126437471, 0.838519437, 0.529998793),
        (0.126437471, 0.838519437, 0.529998793),
        (0.126437471, 0.838519437, 0.529998793),
        (0.126071206, 0.838574372, 0.529999126),
        (0.126071206, 0.838574372, 0.529999126),
        (0.126071206, 0.838574372, 0.529999126),
        (0.122541268, 0.839097842, 0.529998538),
        (0.122541268, 0.839097842, 0.529998538),
        (0.122541268, 0.839097842, 0.529998538),
        (0, 0, 1),
        (0, 0, 1),
        (0, 0, 1),
        (0, 0, 1),
        (0, 0, 1),
        (0, 0, 1),
        (0.126073107, 0.838574297, 0.529998793),
        (0.126073107, 0.838574297, 0.529998793),
        (0.126073107, 0.838574297, 0.529998793),
        (0, 0, 1),
        (0, 0, 1),
        (0, 0, 1),
        (-0.126140274, -0.83856389, 0.529999277),
        (-0.126140274, -0.83856389, 0.529999277),
        (-0.126140274, -0.83856389, 0.529999277),
        (-0.125731639, -0.838625433, 0.529998998),
        (-0.125731639, -0.838625433, 0.529998998),
        (-0.125731639, -0.838625433, 0.529998998),
        (-0.121809046, -0.839204157, 0.529998999),
        (-0.121809046, -0.839204157, 0.529998999),
        (-0.121809046, -0.839204157, 0.529998999),
        (0, 0, 1),
        (0, 0, 1),
        (0, 0, 1),
        (0, 0, 1),
        (0, 0, 1),
        (0, 0, 1),
        (-0.126069342, -0.838574571, 0.529999255),
        (-0.126069342, -0.838574571, 0.529999255),
        (-0.126069342, -0.838574571, 0.529999255),
        (-0.125862777, -0.838605826, 0.529998896),
        (-0.125862777, -0.838605826, 0.529998896),
        (-0.125862777, -0.838605826, 0.529998896),
        (0, 0, 1),
        (0, 0, 1),
        (0, 0, 1),
        (-0.125905543, -0.838599423, 0.52999887),
        (-0.125905543, -0.838599423, 0.52999887),
        (-0.125905543, -0.838599423, 0.52999887),
        (-0, 0, 1),
        (-0, 0, 1),
        (-0, 0, 1),
        (-0.125860801, -0.838605904, 0.529999243),
        (-0.125860801, -0.838605904, 0.529999243),
        (-0.125860801, -0.838605904, 0.529999243),
        (0, 0, 1),
        (0, 0, 1),
        (0, 0, 1),
        (0, 0, 1),
        (0, 0, 1),
        (0, 0, 1),
        (-0.847174709, 0.0373703281, 0.529998558),
        (-0.847174709, 0.0373703281, 0.529998558),
        (-0.847174709, 0.0373703281, 0.529998558),
        (0, -0, 1),
        (0, -0, 1),
        (0, -0, 1),
        (0, 0, 1),
        (0, 0, 1),
        (0, 0, 1),
        (-0.872450523, 0.058336833, 0.485208099),
        (-0.872450523, 0.058336833, 0.485208099),
        (-0.872450523, 0.058336833, 0.485208099),
        (0, 0, 1),
        (0, 0, 1),
        (0, 0, 1),
        (-0, 0, 1),
        (-0, 0, 1),
        (-0, 0, 1),
        (0, -0, 1),
        (0, -0, 1),
        (0, -0, 1),
        (-0, 0, 1),
        (-0, 0, 1),
        (-0, 0, 1),
        (0, 0, 1),
        (0, 0, 1),
        (0, 0, 1),
        (-0.847809671, -0.0178930833, 0.529998678),
        (-0.847809671, -0.0178930833, 0.529998678),
        (-0.847809671, -0.0178930833, 0.529998678),
        (0, 0, 1),
        (0, 0, 1),
        (0, 0, 1),
        (0, 0, 1),
        (0, 0, 1),
        (0, 0, 1),
        (-0.847173977, -0.0373747302, 0.529999417),
        (-0.847173977, -0.0373747302, 0.529999417),
        (-0.847173977, -0.0373747302, 0.529999417),
        (0, 0, 1),
        (0, 0, 1),
        (0, 0, 1),
        (-0, 0, 1),
        (-0, 0, 1),
        (-0, 0, 1),
        (-0.847992035, -0.0032694106, 0.529998886),
        (-0.847992035, -0.0032694106, 0.529998886),
        (-0.847992035, -0.0032694106, 0.529998886),
        (0, 0, 1),
        (0, 0, 1),
        (0, 0, 1),
        (0, 0, 1),
        (0, 0, 1),
        (0, 0, 1),
        (0, 0, 1),
        (0, 0, 1),
        (0, 0, 1),
        (-0.0389899818, 0.832308508, 0.552939716),
        (-0.0389899818, 0.832308508, 0.552939716),
        (-0.0389899818, 0.832308508, 0.552939716),
        (0, 0, 1),
        (0, 0, 1),
        (0, 0, 1),
        (0, 0, 1),
        (0, 0, 1),
        (0, 0, 1),
        (0, -0, 1),
        (0, -0, 1),
        (0, -0, 1),
        (0, 0, 1),
        (0, 0, 1),
        (0, 0, 1),
        (-0.847468733, 0.029965639, 0.529998875),
        (-0.847468733, 0.029965639, 0.529998875),
        (-0.847468733, 0.029965639, 0.529998875),
        (-0, 0, 1),
        (-0, 0, 1),
        (-0, 0, 1),
        (0, -0, 1),
        (0, -0, 1),
        (0, -0, 1),
        (0, 0, 1),
        (0, 0, 1),
        (0, 0, 1),
        (-0, 0, 1),
        (-0, 0, 1),
        (-0, 0, 1),
        (-0.0410130068, 0.847005875, 0.529999039),
        (-0.0410130068, 0.847005875, 0.529999039),
        (-0.0410130068, 0.847005875, 0.529999039),
        (0, 0, 1),
        (0, 0, 1),
        (0, 0, 1),
        (0, 0, 1),
        (0, 0, 1),
        (0, 0, 1),
        (0, -0, 1),
        (0, -0, 1),
        (0, -0, 1),
        (0, 0, 1),
        (0, 0, 1),
        (0, 0, 1),
        (0.0219199818, 0.847715045, 0.529998789),
        (0.0219199818, 0.847715045, 0.529998789),
        (0.0219199818, 0.847715045, 0.529998789),
        (-0.0366914812, 0.847204177, 0.529998885),
        (-0.0366914812, 0.847204177, 0.529998885),
        (-0.0366914812, 0.847204177, 0.529998885),
        (0, 0, 1),
        (0, 0, 1),
        (0, 0, 1),
        (-0.0056639903, 0.847979618, 0.529998572),
        (-0.0056639903, 0.847979618, 0.529998572),
        (-0.0056639903, 0.847979618, 0.529998572),
        (0, -0, 1),
        (0, -0, 1),
        (0, -0, 1),
        (0.0261243162, 0.847595745, 0.529999032),
        (0.0261243162, 0.847595745, 0.529999032),
        (0.0261243162, 0.847595745, 0.529999032),
        (0.0219212869, 0.847714858, 0.529999034),
        (0.0219212869, 0.847714858, 0.529999034),
        (0.0219212869, 0.847714858, 0.529999034),
        (-0.0528774336, 0.846348022, 0.52999906),
        (-0.0528774336, 0.846348022, 0.52999906),
        (-0.0528774336, 0.846348022, 0.52999906),
        (-0, 0, 1),
        (-0, 0, 1),
        (-0, 0, 1),
        (0, 0, 1),
        (0, 0, 1),
        (0, 0, 1),
        (-0.00894110519, 0.847951266, 0.529998781),
        (-0.00894110519, 0.847951266, 0.529998781),
        (-0.00894110519, 0.847951266, 0.529998781),
        (-0.0340214511, 0.847315574, 0.529998924),
        (-0.0340214511, 0.847315574, 0.529998924),
        (-0.0340214511, 0.847315574, 0.529998924),
        (0, 0, 1),
        (0, 0, 1),
        (0, 0, 1),
        (0, 0, 1),
        (0, 0, 1),
        (0, 0, 1),
        (0.099674911, 0.842120027, 0.529998842),
        (0.099674911, 0.842120027, 0.529998842),
        (0.099674911, 0.842120027, 0.529998842),
        (0, -0, 1),
        (0, -0, 1),
        (0, -0, 1),
        (0, 0, 1),
        (0, 0, 1),
        (0, 0, 1),
        (0.0905693413, 0.843148017, 0.529998694),
        (0.0905693413, 0.843148017, 0.529998694),
        (0.0905693413, 0.843148017, 0.529998694),
        (0.0746631765, 0.844705024, 0.529998898),
        (0.0746631765, 0.844705024, 0.529998898),
        (0.0746631765, 0.844705024, 0.529998898),
        (-0, 0, 1),
        (-0, 0, 1),
        (-0, 0, 1),
        (0, -0, 1),
        (0, -0, 1),
        (0, -0, 1),
        (-0, 0, 1),
        (-0, 0, 1),
        (-0, 0, 1),
        (0, 0, 1),
        (0, 0, 1),
        (0, 0, 1),
        (-0.0905702072, -0.84314771, 0.529999034),
        (-0.0905702072, -0.84314771, 0.529999034),
        (-0.0905702072, -0.84314771, 0.529999034),
        (-0.122538999, -0.83909817, 0.529998542),
        (-0.122538999, -0.83909817, 0.529998542),
        (-0.122538999, -0.83909817, 0.529998542),
        (0, 0, 1),
        (0, 0, 1),
        (0, 0, 1),
        (0.0676078282, 0.845298967, 0.529998904),
        (0.0676078282, 0.845298967, 0.529998904),
        (0.0676078282, 0.845298967, 0.529998904),
        (0, 0, 1),
        (0, 0, 1),
        (0, 0, 1),
        (-0, 0, 1),
        (-0, 0, 1),
        (-0, 0, 1),
        (0.0834664154, 0.843880444, 0.529999202),
        (0.0834664154, 0.843880444, 0.529999202),
        (0.0834664154, 0.843880444, 0.529999202),
        (0.0640483691, 0.845576126, 0.529998888),
        (0.0640483691, 0.845576126, 0.529998888),
        (0.0640483691, 0.845576126, 0.529998888),
        (0, 0, 1),
        (0, 0, 1),
        (0, 0, 1),
        (0, -0, 1),
        (0, -0, 1),
        (0, -0, 1),
        (-0.0642173844, -0.845562946, 0.529999465),
        (-0.0642173844, -0.845562946, 0.529999465),
        (-0.0642173844, -0.845562946, 0.529999465),
        (-0.0834682818, -0.843880362, 0.529999038),
        (-0.0834682818, -0.843880362, 0.529999038),
        (-0.0834682818, -0.843880362, 0.529999038),
        (0, 0, 1),
        (0, 0, 1),
        (0, 0, 1),
        (-0.0746624589, -0.844705045, 0.529998966),
        (-0.0746624589, -0.844705045, 0.529998966),
        (-0.0746624589, -0.844705045, 0.529998966),
        (-0, -0, 1),
        (-0, -0, 1),
        (-0, -0, 1),
        (0, 0, 1),
        (0, 0, 1),
        (0, 0, 1),
        (0.0643586405, 0.845552644, 0.529998766),
        (0.0643586405, 0.845552644, 0.529998766),
        (0.0643586405, 0.845552644, 0.529998766),
        (0, -0, 1),
        (0, -0, 1),
        (0, -0, 1),
        (0.0643936459, 0.845549691, 0.529999225),
        (0.0643936459, 0.845549691, 0.529999225),
        (0.0643936459, 0.845549691, 0.529999225),
        (0, 0, 1),
        (0, 0, 1),
        (0, 0, 1),
        (0, 0, 1),
        (0, 0, 1),
        (0, 0, 1),
        (0, -0, 1),
        (0, -0, 1),
        (0, -0, 1),
        (-0, 0, 1),
        (-0, 0, 1),
        (-0, 0, 1),
        (-0.064259065, -0.845560156, 0.529998863),
        (-0.064259065, -0.845560156, 0.529998863),
        (-0.064259065, -0.845560156, 0.529998863),
        (-0.0642598436, -0.845560183, 0.529998727),
        (-0.0642598436, -0.845560183, 0.529998727),
        (-0.0642598436, -0.845560183, 0.529998727),
        (-0, 0, 1),
        (-0, 0, 1),
        (-0, 0, 1),
        (-0.0643535067, -0.845552537, 0.52999956),
        (-0.0643535067, -0.845552537, 0.52999956),
        (-0.0643535067, -0.845552537, 0.52999956),
        (0, 0, 1),
        (0, 0, 1),
        (0, 0, 1),
        (0, 0, 1),
        (0, 0, 1),
        (0, 0, 1),
        (0.0810869356, 0.844112936, 0.529998359),
        (0.0810869356, 0.844112936, 0.529998359),
        (0.0810869356, 0.844112936, 0.529998359),
        (0, -0, 1),
        (0, -0, 1),
        (0, -0, 1),
        (-0, -0, 1),
        (-0, -0, 1),
        (-0, -0, 1),
        (0.0907282861, 0.843130927, 0.529998696),
        (0.0907282861, 0.843130927, 0.529998696),
        (0.0907282861, 0.843130927, 0.529998696),
        (0, 0, 1),
        (0, 0, 1),
        (0, 0, 1),
        (0, 0, 1),
        (0, 0, 1),
        (0, 0, 1),
        (-0.0683427301, -0.845239703, 0.529999165),
        (-0.0683427301, -0.845239703, 0.529999165),
        (-0.0683427301, -0.845239703, 0.529999165),
        (0, 0, 1),
        (0, 0, 1),
        (0, 0, 1),
        (0, 0, 1),
        (0, 0, 1),
        (0, 0, 1),
        (-0.0849632604, -0.843731198, 0.529998971),
        (-0.0849632604, -0.843731198, 0.529998971),
        (-0.0849632604, -0.843731198, 0.529998971),
        (-0.090939716, -0.845111967, 0.526797618),
        (-0.090939716, -0.845111967, 0.526797618),
        (-0.090939716, -0.845111967, 0.526797618),
        (-0, 0, 1),
        (-0, 0, 1),
        (-0, 0, 1),
        (-0, -0, 1),
        (-0, -0, 1),
        (-0, -0, 1),
        (-0.115534828, -0.840091041, 0.529998818),
        (-0.115534828, -0.840091041, 0.529998818),
        (-0.115534828, -0.840091041, 0.529998818),
        (0, -0, 1),
        (0, -0, 1),
        (0, -0, 1),
        (-0, 0, 1),
        (-0, 0, 1),
        (-0, 0, 1),
        (-0.0960545157, -0.842540348, 0.529999331),
        (-0.0960545157, -0.842540348, 0.529999331),
        (-0.0960545157, -0.842540348, 0.529999331),
        (-0, 0, 1),
        (-0, 0, 1),
        (-0, 0, 1),
        (0, 0, 1),
        (0, 0, 1),
        (0, 0, 1),
        (0, 0, 1),
        (0, 0, 1),
        (0, 0, 1),
        (0.00134380976, 0.847997059, 0.529999228),
        (0.00134380976, 0.847997059, 0.529999228),
        (0.00134380976, 0.847997059, 0.529999228),
        (0, 0, 1),
        (0, 0, 1),
        (0, 0, 1),
        (0, 0, 1),
        (0, 0, 1),
        (0, 0, 1),
        (-0, 0, 1),
        (-0, 0, 1),
        (-0, 0, 1),
        (0, 0, 1),
        (0, 0, 1),
        (0, 0, 1),
        (-0, 0, 1),
        (-0, 0, 1),
        (-0, 0, 1),
        (0.00937074717, 0.847946711, 0.529998646),
        (0.00937074717, 0.847946711, 0.529998646),
        (0.00937074717, 0.847946711, 0.529998646),
        (0.00755577301, 0.847964826, 0.529998646),
        (0.00755577301, 0.847964826, 0.529998646),
        (0.00755577301, 0.847964826, 0.529998646),
        (0, 0, 1),
        (0, 0, 1),
        (0, 0, 1),
        (-0.00660644698, 0.847972527, 0.529999007),
        (-0.00660644698, 0.847972527, 0.529999007),
        (-0.00660644698, 0.847972527, 0.529999007),
        (0, 0, 1),
        (0, 0, 1),
        (0, 0, 1),
        (-0.00134528461, 0.847997227, 0.529998956),
        (-0.00134528461, 0.847997227, 0.529998956),
        (-0.00134528461, 0.847997227, 0.529998956),
        (-0, -0, 1),
        (-0, -0, 1),
        (-0, -0, 1),
        (0, 0, 1),
        (0, 0, 1),
        (0, 0, 1),
        (0, 0, 1),
        (0, 0, 1),
        (0, 0, 1),
        (0.00894244259, 0.847951386, 0.529998566),
        (0.00894244259, 0.847951386, 0.529998566),
        (0.00894244259, 0.847951386, 0.529998566),
        (0, 0, 1),
        (0, 0, 1),
        (0, 0, 1),
        (0, 0, 1),
        (0, 0, 1),
        (0, 0, 1),
        (0, 0, 1),
        (0, 0, 1),
        (0, 0, 1),
        (-0, 0, 1),
        (-0, 0, 1),
        (-0, 0, 1),
        (0.844880361, -0.07265218, 0.529998902),
        (0.844880361, -0.07265218, 0.529998902),
        (0.844880361, -0.07265218, 0.529998902),
        (0, -0, 1),
        (0, -0, 1),
        (0, -0, 1),
        (0.84600497, -0.0581054773, 0.529999382),
        (0.84600497, -0.0581054773, 0.529999382),
        (0.84600497, -0.0581054773, 0.529999382),
        (0, 0, 1),
        (0, 0, 1),
        (0, 0, 1),
        (0, 0, 1),
        (0, 0, 1),
        (0, 0, 1),
        (-0, 0, 1),
        (-0, 0, 1),
        (-0, 0, 1),
        (0, 0, 1),
        (0, 0, 1),
        (0, 0, 1),
        (0, -0, 1),
        (0, -0, 1),
        (0, -0, 1),
        (0, 0, 1),
        (0, 0, 1),
        (0, 0, 1),
        (0, 0, 1),
        (0, 0, 1),
        (0, 0, 1),
        (0, 0, 1),
        (0, 0, 1),
        (0, 0, 1),
        (0.0530563273, 0.846336622, 0.529999386),
        (0.0530563273, 0.846336622, 0.529999386),
        (0.0530563273, 0.846336622, 0.529999386),
        (0.0530536123, 0.846337081, 0.529998924),
        (0.0530536123, 0.846337081, 0.529998924),
        (0.0530536123, 0.846337081, 0.529998924),
        (0, 0, 1),
        (0, 0, 1),
        (0, 0, 1),
        (-0.0219212869, 0.847714858, 0.529999034),
        (-0.0219212869, 0.847714858, 0.529999034),
        (-0.0219212869, 0.847714858, 0.529999034),
        (-0, 0, 1),
        (-0, 0, 1),
        (-0, 0, 1),
        (0, 0, 1),
        (0, 0, 1),
        (0, 0, 1),
        (-0.0134511016, 0.847891533, 0.529999072),
        (-0.0134511016, 0.847891533, 0.529999072),
        (-0.0134511016, 0.847891533, 0.529999072),
        (0.0214466561, 0.847726936, 0.529999135),
        (0.0214466561, 0.847726936, 0.529999135),
        (0.0214466561, 0.847726936, 0.529999135),
        (0, 0, 1),
        (0, 0, 1),
        (0, 0, 1),
        (0.0309485873, 0.84743344, 0.529998821),
        (0.0309485873, 0.84743344, 0.529998821),
        (0.0309485873, 0.84743344, 0.529998821),
        (0.0214447161, 0.847727189, 0.529998809),
        (0.0214447161, 0.847727189, 0.529998809),
        (0.0214447161, 0.847727189, 0.529998809),
        (0, 0, 1),
        (0, 0, 1),
        (0, 0, 1),
        (-0.846849579, 0.00713085155, 0.531784675),
        (-0.846849579, 0.00713085155, 0.531784675),
        (-0.846849579, 0.00713085155, 0.531784675),
        (0, 0, 1),
        (0, 0, 1),
        (0, 0, 1),
        (0, 0, 1),
        (0, 0, 1),
        (0, 0, 1),
        (0, 0, 1),
        (0, 0, 1),
        (0, 0, 1),
        (0, 0, 1),
        (0, 0, 1),
        (0, 0, 1),
        (0, -0, 1),
        (0, -0, 1),
        (0, -0, 1),
        (0, 0, 1),
        (0, 0, 1),
        (0, 0, 1),
        (0, 0, 1),
        (0, 0, 1),
        (0, 0, 1),
        (-0.846027448, 0.0577821057, 0.529998855),
        (-0.846027448, 0.0577821057, 0.529998855),
        (-0.846027448, 0.0577821057, 0.529998855),
        (-0.0171669429, -0.847824772, 0.52999854),
        (-0.0171669429, -0.847824772, 0.52999854),
        (-0.0171669429, -0.847824772, 0.52999854),
        (0, 0, 1),
        (0, 0, 1),
        (0, 0, 1),
        (0, 0, 1),
        (0, 0, 1),
        (0, 0, 1),
        (-0, 0, 1),
        (-0, 0, 1),
        (-0, 0, 1),
        (0, 0, 1),
        (0, 0, 1),
        (0, 0, 1),
        (0, -0, 1),
        (0, -0, 1),
        (0, -0, 1),
        (0, 0, 1),
        (0, 0, 1),
        (0, 0, 1),
        (-0, 0, 1),
        (-0, 0, 1),
        (-0, 0, 1),
        (-0.847457106, 0.0302899686, 0.529999029),
        (-0.847457106, 0.0302899686, 0.529999029),
        (-0.847457106, 0.0302899686, 0.529999029),
        (-0.843270959, 0.0894156346, 0.529998994),
        (-0.843270959, 0.0894156346, 0.529998994),
        (-0.843270959, 0.0894156346, 0.529998994),
        (-0.845067071, 0.0704466168, 0.529998981),
        (-0.845067071, 0.0704466168, 0.529998981),
        (-0.845067071, 0.0704466168, 0.529998981),
        (0, 0, 1),
        (0, 0, 1),
        (0, 0, 1),
        (-0, 0, 1),
        (-0, 0, 1),
        (-0, 0, 1),
        (0, 0, 1),
        (0, 0, 1),
        (0, 0, 1),
        (0, 0, 1),
        (0, 0, 1),
        (0, 0, 1),
        (0, 0, 1),
        (0, 0, 1),
        (0, 0, 1),
        (-0.846934345, 0.0424624647, 0.529999201),
        (-0.846934345, 0.0424624647, 0.529999201),
        (-0.846934345, 0.0424624647, 0.529999201),
        (-0, 0, 1),
        (-0, 0, 1),
        (-0, 0, 1),
        (-0.0156582453, -0.847853859, 0.52999873),
        (-0.0156582453, -0.847853859, 0.52999873),
        (-0.0156582453, -0.847853859, 0.52999873),
        (-0.0156593225, -0.847853958, 0.529998539),
        (-0.0156593225, -0.847853958, 0.529998539),
        (-0.0156593225, -0.847853958, 0.529998539),
        (0, 0, 1),
        (0, 0, 1),
        (0, 0, 1),
        (0, 0, 1),
        (0, 0, 1),
        (0, 0, 1),
        (0, -0, 1),
        (0, -0, 1),
        (0, -0, 1),
        (0, 0, 1),
        (0, 0, 1),
        (0, 0, 1),
        (0, 0, 1),
        (0, 0, 1),
        (0, 0, 1),
        (0, 0, 1),
        (0, 0, 1),
        (0, 0, 1),
        (-0.0119351765, -0.847914171, 0.529999161),
        (-0.0119351765, -0.847914171, 0.529999161),
        (-0.0119351765, -0.847914171, 0.529999161),
        (-0, 0, 1),
        (-0, 0, 1),
        (-0, 0, 1),
        (0, 0, 1),
        (0, 0, 1),
        (0, 0, 1),
        (0, 0, 1),
        (0, 0, 1),
        (0, 0, 1),
        (-0, -0, 1),
        (-0, -0, 1),
        (-0, -0, 1),
        (-0.0177645707, -0.847812033, 0.529999223),
        (-0.0177645707, -0.847812033, 0.529999223),
        (-0.0177645707, -0.847812033, 0.529999223),
        (0, 0, 1),
        (0, 0, 1),
        (0, 0, 1),
        (0, 0, 1),
        (0, 0, 1),
        (0, 0, 1),
        (0.0161077423, 0.84784558, 0.529998502),
        (0.0161077423, 0.84784558, 0.529998502),
        (0.0161077423, 0.84784558, 0.529998502),
        (0.0150747636, 0.847864576, 0.529998502),
        (0.0150747636, 0.847864576, 0.529998502),
        (0.0150747636, 0.847864576, 0.529998502),
        (0.0185857966, 0.847794573, 0.529998991),
        (0.0185857966, 0.847794573, 0.529998991),
        (0.0185857966, 0.847794573, 0.529998991),
        (0, 0, 1),
        (0, 0, 1),
        (0, 0, 1),
        (0, -0, 1),
        (0, -0, 1),
        (0, -0, 1),
        (0, 0, 1),
        (0, 0, 1),
        (0, 0, 1),
        (-0, 0, 1),
        (-0, 0, 1),
        (-0, 0, 1),
        (0, 0, 1),
        (0, 0, 1),
        (0, 0, 1),
        (0, 0, 1),
        (0, 0, 1),
        (0, 0, 1),
        (0, -0.847998304, 0.52999894),
        (0, -0.847998304, 0.52999894),
        (0, -0.847998304, 0.52999894),
        (0.00272142109, -0.847993936, 0.529998942),
        (0.00272142109, -0.847993936, 0.529998942),
        (0.00272142109, -0.847993936, 0.529998942),
        (0.0119351148, -0.847914165, 0.529999172),
        (0.0119351148, -0.847914165, 0.529999172),
        (0.0119351148, -0.847914165, 0.529999172),
        (0, 0, 1),
        (0, 0, 1),
        (0, 0, 1),
        (-0, 0, 1),
        (-0, 0, 1),
        (-0, 0, 1),
        (0, 0, 1),
        (0, 0, 1),
        (0, 0, 1),
        (-0, 0, 1),
        (-0, 0, 1),
        (-0, 0, 1),
        (0.02388722, -0.847661482, 0.529999445),
        (0.02388722, -0.847661482, 0.529999445),
        (0.02388722, -0.847661482, 0.529999445),
        (0, 0, 1),
        (0, 0, 1),
        (0, 0, 1),
        (0.0177645709, -0.847812043, 0.529999207),
        (0.0177645709, -0.847812043, 0.529999207),
        (0.0177645709, -0.847812043, 0.529999207),
        (0.0227217993, -0.847693983, 0.529998708),
        (0.0227217993, -0.847693983, 0.529998708),
        (0.0227217993, -0.847693983, 0.529998708),
        (0, -0, 1),
        (0, -0, 1),
        (0, -0, 1),
        (0.0156582454, -0.847853867, 0.529998716),
        (0.0156582454, -0.847853867, 0.529998716),
        (0.0156582454, -0.847853867, 0.529998716),
        (0.0156592432, -0.847853959, 0.529998539),
        (0.0156592432, -0.847853959, 0.529998539),
        (0.0156592432, -0.847853959, 0.529998539),
        (0.0171702899, -0.847824705, 0.529998539),
        (0.0171702899, -0.847824705, 0.529998539),
        (0.0171702899, -0.847824705, 0.529998539),
        (0.0498573985, -0.832642324, 0.551562327),
        (0.0498573985, -0.832642324, 0.551562327),
        (0.0498573985, -0.832642324, 0.551562327),
        (0.0187705747, -0.840698974, 0.541177328),
        (0.0187705747, -0.840698974, 0.541177328),
        (0.0187705747, -0.840698974, 0.541177328),
        (-0, 0, 1),
        (-0, 0, 1),
        (-0, 0, 1),
        (0, 0, 1),
        (0, 0, 1),
        (0, 0, 1),
        (0.864060376, 0.0340529368, 0.502235069),
        (0.864060376, 0.0340529368, 0.502235069),
        (0.864060376, 0.0340529368, 0.502235069),
        (0.864048705, 0.0353207221, 0.502167584),
        (0.864048705, 0.0353207221, 0.502167584),
        (0.864048705, 0.0353207221, 0.502167584),
        (0, -0, 1),
        (0, -0, 1),
        (0, -0, 1),
        (0, 0, 1),
        (0, 0, 1),
        (0, 0, 1),
        (-0, 0, 1),
        (-0, 0, 1),
        (-0, 0, 1),
        (0, -0, 1),
        (0, -0, 1),
        (0, -0, 1),
        (-0, 0, 1),
        (-0, 0, 1),
        (-0, 0, 1),
        (0, 0, 1),
        (0, 0, 1),
        (0, 0, 1),
        (-0.0276854061, 0.847546214, 0.529998993),
        (-0.0276854061, 0.847546214, 0.529998993),
        (-0.0276854061, 0.847546214, 0.529998993),
        (-0.0377084867, 0.847159551, 0.529998835),
        (-0.0377084867, 0.847159551, 0.529998835),
        (-0.0377084867, 0.847159551, 0.529998835),
        (0, 0, 1),
        (0, 0, 1),
        (0, 0, 1),
        (0, 0, 1),
        (0, 0, 1),
        (0, 0, 1),
        (0, 0, 1),
        (0, 0, 1),
        (0, 0, 1),
        (-0, 0, 1),
        (-0, 0, 1),
        (-0, 0, 1),
        (0.847944701, -0.00953608268, 0.529998913),
        (0.847944701, -0.00953608268, 0.529998913),
        (0.847944701, -0.00953608268, 0.529998913),
        (0, 0, 1),
        (0, 0, 1),
        (0, 0, 1),
        (0.847521851, 0.0284273769, 0.529998675),
        (0.847521851, 0.0284273769, 0.529998675),
        (0.847521851, 0.0284273769, 0.529998675),
        (0, -0, 1),
        (0, -0, 1),
        (0, -0, 1),
        (0.847378233, 0.032427373, 0.529998676),
        (0.847378233, 0.032427373, 0.529998676),
        (0.847378233, 0.032427373, 0.529998676),
        (-0, 0, 1),
        (-0, 0, 1),
        (-0, 0, 1),
        (0.847997863, -0.000128788283, 0.52999963),
        (0.847997863, -0.000128788283, 0.52999963),
        (0.847997863, -0.000128788283, 0.52999963),
        (0.847995201, 0.00212846996, 0.529999631),
        (0.847995201, 0.00212846996, 0.529999631),
        (0.847995201, 0.00212846996, 0.529999631),
        (0, 0, 1),
        (0, 0, 1),
        (0, 0, 1),
        (0.847995201, -0.00212846996, 0.529999631),
        (0.847995201, -0.00212846996, 0.529999631),
        (0.847995201, -0.00212846996, 0.529999631),
        (0, -0, 1),
        (0, -0, 1),
        (0, -0, 1),
        (0.847377588, -0.0324316605, 0.529999443),
        (0.847377588, -0.0324316605, 0.529999443),
        (0.847377588, -0.0324316605, 0.529999443),
        (0, 0, 1),
        (0, 0, 1),
        (0, 0, 1),
        (-0, 0, 1),
        (-0, 0, 1),
        (-0, 0, 1),
        (0, 0, 1),
        (0, 0, 1),
        (0, 0, 1),
        (-0.784250801, 0.270289624, 0.558474888),
        (-0.784250801, 0.270289624, 0.558474888),
        (-0.784250801, 0.270289624, 0.558474888),
        (0.00243304415, 0.848666325, 0.528923009),
        (0.00243304415, 0.848666325, 0.528923009),
        (0.00243304415, 0.848666325, 0.528923009),
        (0, 0, 1),
        (0, 0, 1),
        (0, 0, 1),
        (0.0328417846, 0.84748543, 0.529801721),
        (0.0328417846, 0.84748543, 0.529801721),
        (0.0328417846, 0.84748543, 0.529801721),
        (0, 0, 1),
        (0, 0, 1),
        (0, 0, 1),
        (0, 0, 1),
        (0, 0, 1),
        (0, 0, 1),
        (0, -0, 1),
        (0, -0, 1),
        (0, -0, 1),
        (0, -0, 1),
        (0, -0, 1),
        (0, -0, 1),
        (-0.851404606, 0.072976424, 0.519407969),
        (-0.851404606, 0.072976424, 0.519407969),
        (-0.851404606, 0.072976424, 0.519407969),
        (0, 0, 1),
        (0, 0, 1),
        (0, 0, 1),
        (0, 0, 1),
        (0, 0, 1),
        (0, 0, 1),
        (0, 0, 1),
        (0, 0, 1),
        (0, 0, 1),
        (0, 0, 1),
        (0, 0, 1),
        (0, 0, 1),
        (-0, 0, 1),
        (-0, 0, 1),
        (-0, 0, 1),
        (-0.844413786, 0.0778907285, 0.529998484),
        (-0.844413786, 0.0778907285, 0.529998484),
        (-0.844413786, 0.0778907285, 0.529998484),
        (0, 0, 1),
        (0, 0, 1),
        (0, 0, 1),
        (-0.00635642031, -0.847974326, 0.529999187),
        (-0.00635642031, -0.847974326, 0.529999187),
        (-0.00635642031, -0.847974326, 0.529999187),
        (-0.0063547465, -0.847974218, 0.52999938),
        (-0.0063547465, -0.847974218, 0.52999938),
        (-0.0063547465, -0.847974218, 0.52999938),
        (-0.844758764, 0.0740533312, 0.529998806),
        (-0.844758764, 0.0740533312, 0.529998806),
        (-0.844758764, 0.0740533312, 0.529998806),
        (-0, 0, 1),
        (-0, 0, 1),
        (-0, 0, 1),
        (0, 0, 1),
        (0, 0, 1),
        (0, 0, 1),
        (0, 0, 1),
        (0, 0, 1),
        (0, 0, 1),
        (0, -0, 1),
        (0, -0, 1),
        (0, -0, 1),
        (-0.8432937, 0.0892013863, 0.529998914),
        (-0.8432937, 0.0892013863, 0.529998914),
        (-0.8432937, 0.0892013863, 0.529998914),
        (0, 0, 1),
        (0, 0, 1),
        (0, 0, 1),
        (-0.843377355, 0.0884039201, 0.529999419),
        (-0.843377355, 0.0884039201, 0.529999419),
        (-0.843377355, 0.0884039201, 0.529999419),
        (0.00795129748, 0.84796066, 0.529999524),
        (0.00795129748, 0.84796066, 0.529999524),
        (0.00795129748, 0.84796066, 0.529999524),
        (0.00795639513, 0.847961179, 0.529998618),
        (0.00795639513, 0.847961179, 0.529998618),
        (0.00795639513, 0.847961179, 0.529998618),
        (0, 0, 1),
        (0, 0, 1),
        (0, 0, 1),
        (0.0104050756, 0.847934608, 0.529998713),
        (0.0104050756, 0.847934608, 0.529998713),
        (0.0104050756, 0.847934608, 0.529998713),
        (-0, 0, 1),
        (-0, 0, 1),
        (-0, 0, 1),
        (0.0251654031, 0.847624826, 0.529998922),
        (0.0251654031, 0.847624826, 0.529998922),
        (0.0251654031, 0.847624826, 0.529998922),
        (0, 0, 1),
        (0, 0, 1),
        (0, 0, 1),
        (-0.0351889703, -0.84726785, 0.529998987),
        (-0.0351889703, -0.84726785, 0.529998987),
        (-0.0351889703, -0.84726785, 0.529998987),
        (0.0249963611, 0.847629995, 0.529998654),
        (0.0249963611, 0.847629995, 0.529998654),
        (0.0249963611, 0.847629995, 0.529998654),
        (-0, -0, 1),
        (-0, -0, 1),
        (-0, -0, 1),
        (0, -0, 1),
        (0, -0, 1),
        (0, -0, 1),
        (0, 0, 1),
        (0, 0, 1),
        (0, 0, 1),
        (-0.0351884732, -0.847267929, 0.529998893),
        (-0.0351884732, -0.847267929, 0.529998893),
        (-0.0351884732, -0.847267929, 0.529998893),
        (0, 0, 1),
        (0, 0, 1),
        (0, 0, 1),
        (-0.0079540182, -0.847960724, 0.529999381),
        (-0.0079540182, -0.847960724, 0.529999381),
        (-0.0079540182, -0.847960724, 0.529999381),
        (0, 0, 1),
        (0, 0, 1),
        (0, 0, 1),
        (-0.0150795173, -0.847864014, 0.529999266),
        (-0.0150795173, -0.847864014, 0.529999266),
        (-0.0150795173, -0.847864014, 0.529999266),
        (0, 0, 1),
        (0, 0, 1),
        (0, 0, 1),
        (-0, 0, 1),
        (-0, 0, 1),
        (-0, 0, 1),
        (0, 0, 1),
        (0, 0, 1),
        (0, 0, 1),
        (-0.043060249, -0.846904299, 0.529998985),
        (-0.043060249, -0.846904299, 0.529998985),
        (-0.043060249, -0.846904299, 0.529998985),
        (0, 0, 1),
        (0, 0, 1),
        (0, 0, 1),
        (0.0012644544, -0.847997315, 0.529999014),
        (0.0012644544, -0.847997315, 0.529999014),
        (0.0012644544, -0.847997315, 0.529999014),
        (0, 0, 1),
        (0, 0, 1),
        (0, 0, 1),
        (-0.0185851535, -0.847794334, 0.529999396),
        (-0.0185851535, -0.847794334, 0.529999396),
        (-0.0185851535, -0.847794334, 0.529999396),
        (0, 0, 1),
        (0, 0, 1),
        (0, 0, 1),
        (-0.0275178648, 0.847551833, 0.529998733),
        (-0.0275178648, 0.847551833, 0.529998733),
        (-0.0275178648, 0.847551833, 0.529998733),
        (0, 0, 1),
        (0, 0, 1),
        (0, 0, 1),
        (-0, 0, 1),
        (-0, 0, 1),
        (-0, 0, 1),
        (0, 0, 1),
        (0, 0, 1),
        (0, 0, 1),
        (0, -0, 1),
        (0, -0, 1),
        (0, -0, 1),
        (0.0275192899, -0.847551638, 0.529998971),
        (0.0275192899, -0.847551638, 0.529998971),
        (0.0275192899, -0.847551638, 0.529998971),
        (0.0377109699, -0.847159437, 0.52999884),
        (0.0377109699, -0.847159437, 0.52999884),
        (0.0377109699, -0.847159437, 0.52999884),
        (0, 0, 1),
        (0, 0, 1),
        (0, 0, 1),
        (-0.0186279141, 0.847793833, 0.529998697),
        (-0.0186279141, 0.847793833, 0.529998697),
        (-0.0186279141, 0.847793833, 0.529998697),
        (0, 0, 1),
        (0, 0, 1),
        (0, 0, 1),
        (-0.0157111794, 0.84785294, 0.529998633),
        (-0.0157111794, 0.84785294, 0.529998633),
        (-0.0157111794, 0.84785294, 0.529998633),
        (0, 0, 1),
        (0, 0, 1),
        (0, 0, 1),
        (0, 0, 1),
        (0, 0, 1),
        (0, 0, 1),
        (0.0186271493, -0.847793363, 0.529999475),
        (0.0186271493, -0.847793363, 0.529999475),
        (0.0186271493, -0.847793363, 0.529999475),
        (-0.0129241591, 0.847899774, 0.529998999),
        (-0.0129241591, 0.847899774, 0.529998999),
        (-0.0129241591, 0.847899774, 0.529998999),
        (-0, 0, 1),
        (-0, 0, 1),
        (-0, 0, 1),
        (-0.0104755195, 0.847933437, 0.529999198),
        (-0.0104755195, 0.847933437, 0.529999198),
        (-0.0104755195, 0.847933437, 0.529999198),
        (0, 0, 1),
        (0, 0, 1),
        (0, 0, 1),
        (0.010475765, -0.847933565, 0.529998989),
        (0.010475765, -0.847933565, 0.529998989),
        (0.010475765, -0.847933565, 0.529998989),
        (0.0129259554, -0.847899755, 0.529998987),
        (0.0129259554, -0.847899755, 0.529998987),
        (0.0129259554, -0.847899755, 0.529998987),
        (0, 0, 1),
        (0, 0, 1),
        (0, 0, 1),
        (0.864077193, -0.0353217076, 0.502118494),
        (0.864077193, -0.0353217076, 0.502118494),
        (0.864077193, -0.0353217076, 0.502118494),
        (0, 0, 1),
        (0, 0, 1),
        (0, 0, 1),
        (-0, 0, 1),
        (-0, 0, 1),
        (-0, 0, 1),
        (-0.000667474406, 0.847831191, 0.530265806),
        (-0.000667474406, 0.847831191, 0.530265806),
        (-0.000667474406, 0.847831191, 0.530265806),
        (0, 0, 1),
        (0, 0, 1),
        (0, 0, 1),
        (0.0435350594, -0.846880371, 0.52999843),
        (0.0435350594, -0.846880371, 0.52999843),
        (0.0435350594, -0.846880371, 0.52999843),
        (0, -0, 1),
        (0, -0, 1),
        (0, -0, 1),
        (0.0276824858, -0.847546314, 0.529998986),
        (0.0276824858, -0.847546314, 0.529998986),
        (0.0276824858, -0.847546314, 0.529998986),
        (0, -0, 1),
        (0, -0, 1),
        (0, -0, 1),
        (0, 0, 1),
        (0, 0, 1),
        (0, 0, 1),
        (0, -0, 1),
        (0, -0, 1),
        (0, -0, 1),
        (-0, 0, 1),
        (-0, 0, 1),
        (-0, 0, 1),
        (0, 0, 1),
        (0, 0, 1),
        (0, 0, 1),
        (0, 0, 1),
        (0, 0, 1),
        (0, 0, 1),
        (0.0129237064, -0.847899534, 0.529999395),
        (0.0129237064, -0.847899534, 0.529999395),
        (0.0129237064, -0.847899534, 0.529999395),
        (0, 0, 1),
        (0, 0, 1),
        (0, 0, 1),
        (0.00887622333, -0.847951566, 0.52999939),
        (0.00887622333, -0.847951566, 0.52999939),
        (0.00887622333, -0.847951566, 0.52999939),
        (0.847499276, -0.0290761467, 0.52999958),
        (0.847499276, -0.0290761467, 0.52999958),
        (0.847499276, -0.0290761467, 0.52999958),
        (0.847499547, -0.0290742434, 0.529999251),
        (0.847499547, -0.0290742434, 0.529999251),
        (0.847499547, -0.0290742434, 0.529999251),
        (0, 0, 1),
        (0, 0, 1),
        (0, 0, 1),
        (0, 0, 1),
        (0, 0, 1),
        (0, 0, 1),
        (0, 0, 1),
        (0, 0, 1),
        (0, 0, 1),
        (0.847251058, -0.0355910509, 0.529998983),
        (0.847251058, -0.0355910509, 0.529998983),
        (0.847251058, -0.0355910509, 0.529998983),
        (0.847815195, -0.0176227322, 0.5299989),
        (0.847815195, -0.0176227322, 0.5299989),
        (0.847815195, -0.0176227322, 0.5299989),
        (0, -0, 1),
        (0, -0, 1),
        (0, -0, 1),
        (0.847741577, -0.0208805234, 0.529998322),
        (0.847741577, -0.0208805234, 0.529998322),
        (0.847741577, -0.0208805234, 0.529998322),
        (0, 0, 1),
        (0, 0, 1),
        (0, 0, 1),
        (0, 0, 1),
        (0, 0, 1),
        (0, 0, 1),
        (0.847740868, -0.0208857253, 0.529999252),
        (0.847740868, -0.0208857253, 0.529999252),
        (0.847740868, -0.0208857253, 0.529999252),
        (0.847887405, -0.0137041758, 0.529999192),
        (0.847887405, -0.0137041758, 0.529999192),
        (0.847887405, -0.0137041758, 0.529999192),
        (0, -0, 1),
        (0, -0, 1),
        (0, -0, 1),
        (0, 0, 1),
        (0, 0, 1),
        (0, 0, 1),
        (0.844406823, -0.0779601723, 0.529999366),
        (0.844406823, -0.0779601723, 0.529999366),
        (0.844406823, -0.0779601723, 0.529999366),
        (-0.845997393, 0.0582207653, 0.529998825),
        (-0.845997393, 0.0582207653, 0.529998825),
        (-0.845997393, 0.0582207653, 0.529998825),
        (0, -0, 1),
        (0, -0, 1),
        (0, -0, 1),
        (0, 0, 1),
        (0, 0, 1),
        (0, 0, 1),
        (0.843070992, -0.0912826095, 0.529998856),
        (0.843070992, -0.0912826095, 0.529998856),
        (0.843070992, -0.0912826095, 0.529998856),
        (-0, 0, 1),
        (-0, 0, 1),
        (-0, 0, 1),
        (0.844223661, -0.0799241343, 0.529998625),
        (0.844223661, -0.0799241343, 0.529998625),
        (0.844223661, -0.0799241343, 0.529998625),
        (-0, 0, 1),
        (-0, 0, 1),
        (-0, 0, 1),
        (0.845023313, -0.0709738053, 0.529998414),
        (0.845023313, -0.0709738053, 0.529998414),
        (0.845023313, -0.0709738053, 0.529998414),
        (0.85646315, -0.113556755, 0.503563041),
        (0.85646315, -0.113556755, 0.503563041),
        (0.85646315, -0.113556755, 0.503563041),
        (0.0966694781, 0.839625267, 0.534494549),
        (0.0966694781, 0.839625267, 0.534494549),
        (0.0966694781, 0.839625267, 0.534494549),
        (-0, 0, 1),
        (-0, 0, 1),
        (-0, 0, 1),
        (0, 0, 1),
        (0, 0, 1),
        (0, 0, 1),
        (0, 0, 1),
        (0, 0, 1),
        (0, 0, 1),
        (-0.845188061, 0.06898376, 0.529998474),
        (-0.845188061, 0.06898376, 0.529998474),
        (-0.845188061, 0.06898376, 0.529998474),
        (0, 0, 1),
        (0, 0, 1),
        (0, 0, 1),
        (-0.847345305, 0.0332795913, 0.529998493),
        (-0.847345305, 0.0332795913, 0.529998493),
        (-0.847345305, 0.0332795913, 0.529998493),
        (-0.847908397, 0.0123698841, 0.529998431),
        (-0.847908397, 0.0123698841, 0.529998431),
        (-0.847908397, 0.0123698841, 0.529998431),
        (0, -0, 1),
        (0, -0, 1),
        (0, -0, 1),
        (0, 0, 1),
        (0, 0, 1),
        (0, 0, 1),
        (-0.847908232, 0.0123682571, 0.529998732),
        (-0.847908232, 0.0123682571, 0.529998732),
        (-0.847908232, 0.0123682571, 0.529998732),
        (-0.847860292, -0.0152985725, 0.529998942),
        (-0.847860292, -0.0152985725, 0.529998942),
        (-0.847860292, -0.0152985725, 0.529998942),
        (0, 0, 1),
        (0, 0, 1),
        (0, 0, 1),
        (0, 0, 1),
        (0, 0, 1),
        (0, 0, 1),
        (-0.847104604, 0.0389164799, 0.529999337),
        (-0.847104604, 0.0389164799, 0.529999337),
        (-0.847104604, 0.0389164799, 0.529999337),
        (-0.847910214, -0.0122182495, 0.529999041),
        (-0.847910214, -0.0122182495, 0.529999041),
        (-0.847910214, -0.0122182495, 0.529999041),
        (0, -0, 1),
        (0, -0, 1),
        (0, -0, 1),
        (0, 0, 1),
        (0, 0, 1),
        (0, 0, 1),
        (0, 0, 1),
        (0, 0, 1),
        (0, 0, 1),
        (0, -0, 1),
        (0, -0, 1),
        (0, -0, 1),
        (0, 0, 1),
        (0, 0, 1),
        (0, 0, 1),
        (0.00573502029, -0.81969498, 0.572771551),
        (0.00573502029, -0.81969498, 0.572771551),
        (0.00573502029, -0.81969498, 0.572771551),
        (-0.170408119, -0.852975952, 0.49334886),
        (-0.170408119, -0.852975952, 0.49334886),
        (-0.170408119, -0.852975952, 0.49334886),
        (0.844898508, -0.0959420127, 0.52625245),
        (0.844898508, -0.0959420127, 0.52625245),
        (0.844898508, -0.0959420127, 0.52625245),
        (0.827315, -0.142136379, 0.5434585),
        (0.827315, -0.142136379, 0.5434585),
        (0.827315, -0.142136379, 0.5434585),
        (-0, 0, 1),
        (-0, 0, 1),
        (-0, 0, 1),
        (-0.84629485, 0.0537269802, 0.529998526),
        (-0.84629485, 0.0537269802, 0.529998526),
        (-0.84629485, 0.0537269802, 0.529998526),
        (-0.83987092, 0.117122919, 0.529999112),
        (-0.83987092, 0.117122919, 0.529999112),
        (-0.83987092, 0.117122919, 0.529999112),
        (0, 0, 1),
        (0, 0, 1),
        (0, 0, 1),
        (-0, 0, 1),
        (-0, 0, 1),
        (-0, 0, 1),
        (0, -0, 1),
        (0, -0, 1),
        (0, -0, 1),
        (0, 0, 1),
        (0, 0, 1),
        (0, 0, 1),
        (0.837843652, -0.130839308, 0.529999142),
        (0.837843652, -0.130839308, 0.529999142),
        (0.837843652, -0.130839308, 0.529999142),
        (0, 0, 1),
        (0, 0, 1),
        (0, 0, 1),
        (0, 0, 1),
        (0, 0, 1),
        (0, 0, 1),
        (-0.839557263, 0.119351969, 0.529998782),
        (-0.839557263, 0.119351969, 0.529998782),
        (-0.839557263, 0.119351969, 0.529998782),
        (0, -0, 1),
        (0, -0, 1),
        (0, -0, 1),
        (-0, 0, 1),
        (-0, 0, 1),
        (-0, 0, 1),
        (-0.839557062, 0.119352741, 0.529998927),
        (-0.839557062, 0.119352741, 0.529998927),
        (-0.839557062, 0.119352741, 0.529998927),
        (0, 0, 1),
        (0, 0, 1),
        (0, 0, 1),
        (0, -0, 1),
        (0, -0, 1),
        (0, -0, 1),
        (-0.84475035, 0.0741464491, 0.529999199),
        (-0.84475035, 0.0741464491, 0.529999199),
        (-0.84475035, 0.0741464491, 0.529999199),
        (0, -0, 1),
        (0, -0, 1),
        (0, -0, 1),
        (0, -0, 1),
        (0, -0, 1),
        (0, -0, 1),
        (0, 0, 1),
        (0, 0, 1),
        (0, 0, 1),
        (0, -0, 1),
        (0, -0, 1),
        (0, -0, 1),
        (0, 0, 1),
        (0, 0, 1),
        (0, 0, 1),
        (0, -0, 1),
        (0, -0, 1),
        (0, -0, 1),
        (0, 0, 1),
        (0, 0, 1),
        (0, 0, 1),
        (0, 0, 1),
        (0, 0, 1),
        (0, 0, 1),
        (-0, 0, 1),
        (-0, 0, 1),
        (-0, 0, 1),
        (0, 0, 1),
        (0, 0, 1),
        (0, 0, 1),
        (0, 0, 1),
        (0, 0, 1),
        (0, 0, 1),
        (0, 0, 1),
        (0, 0, 1),
        (0, 0, 1),
        (0.847975869, -0.00616501532, 0.529998979),
        (0.847975869, -0.00616501532, 0.529998979),
        (0.847975869, -0.00616501532, 0.529998979),
        (-0, 0, 1),
        (-0, 0, 1),
        (-0, 0, 1),
        (0, 0, 1),
        (0, 0, 1),
        (0, 0, 1),
        (0.847916954, -0.0117588962, 0.529998648),
        (0.847916954, -0.0117588962, 0.529998648),
        (0.847916954, -0.0117588962, 0.529998648),
        (0, -0, 1),
        (0, -0, 1),
        (0, -0, 1),
        (0, 0, 1),
        (0, 0, 1),
        (0, 0, 1),
        (0.84791702, -0.0117583595, 0.529998555),
        (0.84791702, -0.0117583595, 0.529998555),
        (0.84791702, -0.0117583595, 0.529998555),
        (0.8477989, 0.0183846189, 0.529999085),
        (0.8477989, 0.0183846189, 0.529999085),
        (0.8477989, 0.0183846189, 0.529999085),
        (0, 0, 1),
        (0, 0, 1),
        (0, 0, 1),
        (0, 0, 1),
        (0, 0, 1),
        (0, 0, 1),
        (0.847997178, 0.00137485434, 0.529998958),
        (0.847997178, 0.00137485434, 0.529998958),
        (0.847997178, 0.00137485434, 0.529998958),
        (0.847904559, 0.0126002234, 0.529999145),
        (0.847904559, 0.0126002234, 0.529999145),
        (0.847904559, 0.0126002234, 0.529999145),
        (0.847695692, 0.0226552367, 0.529998825),
        (0.847695692, 0.0226552367, 0.529998825),
        (0.847695692, 0.0226552367, 0.529998825),
        (0.847924256, -0.0111874006, 0.529999338),
        (0.847924256, -0.0111874006, 0.529999338),
        (0.847924256, -0.0111874006, 0.529999338),
        (0.847931761, -0.0106077877, 0.529999249),
        (0.847931761, -0.0106077877, 0.529999249),
        (0.847931761, -0.0106077877, 0.529999249),
        (-0, 0, 1),
        (-0, 0, 1),
        (-0, 0, 1),
        (0, 0, 1),
        (0, 0, 1),
        (0, 0, 1),
        (0, -0, 1),
        (0, -0, 1),
        (0, -0, 1),
        (0, 0, 1),
        (0, 0, 1),
        (0, 0, 1),
        (-0, 0, 1),
        (-0, 0, 1),
        (-0, 0, 1),
        (0, -0, 1),
        (0, -0, 1),
        (0, -0, 1),
        (0, -0, 1),
        (0, -0, 1),
        (0, -0, 1),
        (0, 0, 1),
        (0, 0, 1),
        (0, 0, 1),
        (0, 0, 1),
        (0, 0, 1),
        (0, 0, 1),
        (-0, 0, 1),
        (-0, 0, 1),
        (-0, 0, 1),
        (0, 0, 1),
        (0, 0, 1),
        (0, 0, 1),
        (0, 0, 1),
        (0, 0, 1),
        (0, 0, 1),
        (0, -0, 1),
        (0, -0, 1),
        (0, -0, 1),
        (0, 0, 1),
        (0, 0, 1),
        (0, 0, 1),
        (0.847973497, -0.0064722033, 0.529999112),
        (0.847973497, -0.0064722033, 0.529999112),
        (0.847973497, -0.0064722033, 0.529999112),
        (0, -0, 1),
        (0, -0, 1),
        (0, -0, 1),
        (0, 0, 1),
        (0, 0, 1),
        (0, 0, 1),
        (0.847973608, -0.00647125507, 0.529998947),
        (0.847973608, -0.00647125507, 0.529998947),
        (0.847973608, -0.00647125507, 0.529998947),
        (0, -0, 1),
        (0, -0, 1),
        (0, -0, 1),
        (0, 0, 1),
        (0, 0, 1),
        (0, 0, 1),
        (0.847975794, 0.00616561016, 0.529999093),
        (0.847975794, 0.00616561016, 0.529999093),
        (0.847975794, 0.00616561016, 0.529999093),
        (-0, 0, 1),
        (-0, 0, 1),
        (-0, 0, 1),
        (0, -0, 1),
        (0, -0, 1),
        (0, -0, 1),
        (-0, 0, 1),
        (-0, 0, 1),
        (-0, 0, 1),
        (0.847618744, -0.0253710309, 0.529998846),
        (0.847618744, -0.0253710309, 0.529998846),
        (0.847618744, -0.0253710309, 0.529998846),
        (0.847695676, -0.0226553485, 0.529998845),
        (0.847695676, -0.0226553485, 0.529998845),
        (0.847695676, -0.0226553485, 0.529998845),
        (0.844993932, -0.0713206427, 0.529998699),
        (0.844993932, -0.0713206427, 0.529998699),
        (0.844993932, -0.0713206427, 0.529998699),
        (0.845124572, -0.0697555548, 0.529998698),
        (0.845124572, -0.0697555548, 0.529998698),
        (0.845124572, -0.0697555548, 0.529998698),
        (0.847160748, -0.037685735, 0.52999854),
        (0.847160748, -0.037685735, 0.52999854),
        (0.847160748, -0.037685735, 0.52999854),
        (0.847160511, -0.0376818569, 0.529999194),
        (0.847160511, -0.0376818569, 0.529999194),
        (0.847160511, -0.0376818569, 0.529999194),
        (0, 0, 1),
        (0, 0, 1),
        (0, 0, 1),
        (0, -0, 1),
        (0, -0, 1),
        (0, -0, 1),
        (-0, 0, 1),
        (-0, 0, 1),
        (-0, 0, 1),
        (0.846294601, -0.0537283575, 0.529998785),
        (0.846294601, -0.0537283575, 0.529998785),
        (0.846294601, -0.0537283575, 0.529998785),
        (0, 0, 1),
        (0, 0, 1),
        (0, 0, 1),
        (0.846561226, -0.0493512983, 0.529998623),
        (0.846561226, -0.0493512983, 0.529998623),
        (0.846561226, -0.0493512983, 0.529998623),
        (0.847285058, -0.0347807003, 0.529998427),
        (0.847285058, -0.0347807003, 0.529998427),
        (0.847285058, -0.0347807003, 0.529998427),
        (0, -0, 1),
        (0, -0, 1),
        (0, -0, 1),
        (0, 0, 1),
        (0, 0, 1),
        (0, 0, 1),
        (0.845683517, -0.0626179369, 0.529998475),
        (0.845683517, -0.0626179369, 0.529998475),
        (0.845683517, -0.0626179369, 0.529998475),
        (0, 0, 1),
        (0, 0, 1),
        (0, 0, 1),
        (-0.845767755, 0.0614655759, 0.529998951),
        (-0.845767755, 0.0614655759, 0.529998951),
        (-0.845767755, 0.0614655759, 0.529998951),
        (-0.847712912, 0.0219894927, 0.529999322),
        (-0.847712912, 0.0219894927, 0.529999322),
        (-0.847712912, 0.0219894927, 0.529999322),
        (-0.84771314, 0.0219920827, 0.52999885),
        (-0.84771314, 0.0219920827, 0.52999885),
        (-0.84771314, 0.0219920827, 0.52999885),
        (-0, 0, 1),
        (-0, 0, 1),
        (-0, 0, 1),
        (-0.847494513, 0.0292275968, 0.529998867),
        (-0.847494513, 0.0292275968, 0.529998867),
        (-0.847494513, 0.0292275968, 0.529998867),
        (-0, 0, 1),
        (-0, 0, 1),
        (-0, 0, 1),
        (-0.847785947, 0.0189694966, 0.529999194),
        (-0.847785947, 0.0189694966, 0.529999194),
        (-0.847785947, 0.0189694966, 0.529999194),
        (-0, 0, 1),
        (-0, 0, 1),
        (-0, 0, 1),
        (0, -0, 1),
        (0, -0, 1),
        (0, -0, 1),
        (-0.847484537, 0.0295229825, 0.529998446),
        (-0.847484537, 0.0295229825, 0.529998446),
        (-0.847484537, 0.0295229825, 0.529998446),
        (-0.847666917, 0.0236991338, 0.529999197),
        (-0.847666917, 0.0236991338, 0.529999197),
        (-0.847666917, 0.0236991338, 0.529999197),
        (0, 0, 1),
        (0, 0, 1),
        (0, 0, 1),
        (0, 0, 1),
        (0, 0, 1),
        (0, 0, 1),
        (0.847663566, 0.0238299835, 0.529998689),
        (0.847663566, 0.0238299835, 0.529998689),
        (0.847663566, 0.0238299835, 0.529998689),
        (0.847663256, 0.0238321711, 0.529999087),
        (0.847663256, 0.0238321711, 0.529999087),
        (0.847663256, 0.0238321711, 0.529999087),
        (0.0410146146, 0.847005958, 0.529998782),
        (0.0410146146, 0.847005958, 0.529998782),
        (0.0410146146, 0.847005958, 0.529998782),
        (0.0410128159, 0.847006244, 0.529998464),
        (0.0410128159, 0.847006244, 0.529998464),
        (0.0410128159, 0.847006244, 0.529998464),
        (0, 0, 1),
        (0, 0, 1),
        (0, 0, 1),
        (0.836896976, 0.0445731189, 0.545542564),
        (0.836896976, 0.0445731189, 0.545542564),
        (0.836896976, 0.0445731189, 0.545542564),
        (-0, -0, 1),
        (-0, -0, 1),
        (-0, -0, 1),
        (0.84773634, 0.0210779448, 0.529998885),
        (0.84773634, 0.0210779448, 0.529998885),
        (0.84773634, 0.0210779448, 0.529998885),
        (0, -0, 1),
        (0, -0, 1),
        (0, -0, 1),
        (0, 0, 1),
        (0, 0, 1),
        (0, 0, 1),
        (0, 0, 1),
        (0, 0, 1),
        (0, 0, 1),
        (0, 0, 1),
        (0, 0, 1),
        (0, 0, 1),
        (0, 0, 1),
        (0, 0, 1),
        (0, 0, 1),
        (-0, 0, 1),
        (-0, 0, 1),
        (-0, 0, 1),
        (0, 0, 1),
        (0, 0, 1),
        (0, 0, 1),
        (-0.851973407, 0.038763035, 0.522148198),
        (-0.851973407, 0.038763035, 0.522148198),
        (-0.851973407, 0.038763035, 0.522148198),
        (-0, 0, 1),
        (-0, 0, 1),
        (-0, 0, 1),
        (0, 0, 1),
        (0, 0, 1),
        (0, 0, 1),
        (0, 0, 1),
        (0, 0, 1),
        (0, 0, 1),
        (0.00240728996, 0.847994996, 0.529998766),
        (0.00240728996, 0.847994996, 0.529998766),
        (0.00240728996, 0.847994996, 0.529998766),
        (-0.0397926052, 0.84706436, 0.529998602),
        (-0.0397926052, 0.84706436, 0.529998602),
        (-0.0397926052, 0.84706436, 0.529998602),
        (-0.0446861765, 0.846820067, 0.529998981),
        (-0.0446861765, 0.846820067, 0.529998981),
        (-0.0446861765, 0.846820067, 0.529998981),
        (0, 0, 1),
        (0, 0, 1),
        (0, 0, 1),
        (0, 0, 1),
        (0, 0, 1),
        (0, 0, 1),
        (-0, 0, 1),
        (-0, 0, 1),
        (-0, 0, 1),
        (-0, 0, 1),
        (-0, 0, 1),
        (-0, 0, 1),
        (0, -0, 1),
        (0, -0, 1),
        (0, -0, 1),
        (0, 0, 1),
        (0, 0, 1),
        (0, 0, 1),
        (-0.0244216203, 0.84764662, 0.529998861),
        (-0.0244216203, 0.84764662, 0.529998861),
        (-0.0244216203, 0.84764662, 0.529998861),
        (-0.0230089875, 0.84768621, 0.52999875),
        (-0.0230089875, 0.84768621, 0.52999875),
        (-0.0230089875, 0.84768621, 0.52999875),
        (-0.0230109404, 0.847685946, 0.529999089),
        (-0.0230109404, 0.847685946, 0.529999089),
        (-0.0230109404, 0.847685946, 0.529999089),
        (-0, 0, 1),
        (-0, 0, 1),
        (-0, 0, 1),
        (0, 0, 1),
        (0, 0, 1),
        (0, 0, 1),
        (0, 0, 1),
        (0, 0, 1),
        (0, 0, 1),
        (0, 0, 1),
        (0, 0, 1),
        (0, 0, 1),
        (0.0242712628, 0.84765081, 0.529999067),
        (0.0242712628, 0.84765081, 0.529999067),
        (0.0242712628, 0.84765081, 0.529999067),
        (0.023010821, 0.847685962, 0.529999068),
        (0.023010821, 0.847685962, 0.529999068),
        (0.023010821, 0.847685962, 0.529999068),
        (0, 0, 1),
        (0, 0, 1),
        (0, 0, 1),
        (0, 0, 1),
        (0, 0, 1),
        (0, 0, 1),
        (-0.0168470423, 0.847830934, 0.529998948),
        (-0.0168470423, 0.847830934, 0.529998948),
        (-0.0168470423, 0.847830934, 0.529998948),
        (0, 0, 1),
        (0, 0, 1),
        (0, 0, 1),
        (-0.00227897901, 0.847995354, 0.529998761),
        (-0.00227897901, 0.847995354, 0.529998761),
        (-0.00227897901, 0.847995354, 0.529998761),
        (-0.00853755554, 0.847955437, 0.529998761),
        (-0.00853755554, 0.847955437, 0.529998761),
        (-0.00853755554, 0.847955437, 0.529998761),
        (0, 0, 1),
        (0, 0, 1),
        (0, 0, 1),
        (0.00227897901, 0.847995354, 0.529998761),
        (0.00227897901, 0.847995354, 0.529998761),
        (0.00227897901, 0.847995354, 0.529998761),
        (0.0085364334, 0.847955329, 0.529998952),
        (0.0085364334, 0.847955329, 0.529998952),
        (0.0085364334, 0.847955329, 0.529998952),
        (-0, 0, 1),
        (-0, 0, 1),
        (-0, 0, 1),
        (0, 0, 1),
        (0, 0, 1),
        (0, 0, 1),
        (0.0397949519, 0.847063976, 0.52999904),
        (0.0397949519, 0.847063976, 0.52999904),
        (0.0397949519, 0.847063976, 0.52999904),
        (0, 0, 1),
        (0, 0, 1),
        (0, 0, 1),
        (0.847977376, 0.00599141688, 0.529998559),
        (0.847977376, 0.00599141688, 0.529998559),
        (0.847977376, 0.00599141688, 0.529998559),
        (0, 0, 1),
        (0, 0, 1),
        (0, 0, 1),
        (0.84788728, 0.013702759, 0.529999429),
        (0.84788728, 0.013702759, 0.529999429),
        (0.84788728, 0.013702759, 0.529999429),
        (0, 0, 1),
        (0, 0, 1),
        (0, 0, 1),
        (0, 0, 1),
        (0, 0, 1),
        (0, 0, 1),
        (0, 0, 1),
        (0, 0, 1),
        (0, 0, 1),
        (0.847917013, 0.0117584194, 0.529998565),
        (0.847917013, 0.0117584194, 0.529998565),
        (0.847917013, 0.0117584194, 0.529998565),
        (0, 0, 1),
        (0, 0, 1),
        (0, 0, 1),
        (0, 0, 1),
        (0, 0, 1),
        (0, 0, 1),
        (0.847741563, 0.0208806281, 0.529998341),
        (0.847741563, 0.0208806281, 0.529998341),
        (0.847741563, 0.0208806281, 0.529998341),
        (0, 0, 1),
        (0, 0, 1),
        (0, 0, 1),
        (0, -0, 1),
        (0, -0, 1),
        (0, -0, 1),
        (0, 0, 1),
        (0, 0, 1),
        (0, 0, 1),
        (0, 0, 1),
        (0, 0, 1),
        (0, 0, 1),
        (0, 0, 1),
        (0, 0, 1),
        (0, 0, 1),
        (0.847499254, 0.0290762993, 0.529999607),
        (0.847499254, 0.0290762993, 0.529999607),
        (0.847499254, 0.0290762993, 0.529999607),
        (0, 0, 1),
        (0, 0, 1),
        (0, 0, 1),
        (0.0145899584, 0.845540878, 0.533711305),
        (0.0145899584, 0.845540878, 0.533711305),
        (0.0145899584, 0.845540878, 0.533711305),
        (-0, 0, 1),
        (-0, 0, 1),
        (-0, 0, 1),
        (0, -0, 1),
        (0, -0, 1),
        (0, -0, 1),
        (0, 0, 1),
        (0, 0, 1),
        (0, 0, 1),
        (0.847250938, 0.0355890145, 0.529999312),
        (0.847250938, 0.0355890145, 0.529999312),
        (0.847250938, 0.0355890145, 0.529999312),
        (-0, 0, 1),
        (-0, 0, 1),
        (-0, 0, 1),
        (0, 0, 1),
        (0, 0, 1),
        (0, 0, 1),
        (0, 0, 1),
        (0, 0, 1),
        (0, 0, 1)
    ] (
        interpolation = "faceVarying"
    )
    uniform token orientation = "rightHanded"
    point3f[] points = [
        (16, 0, -0.8),
        (16, 1, -0.8),
        (16, 2, -0.8),
        (16, 3, -0.8),
        (16, 4, -0.8),
        (16, 5, -0.8),
        (16, 6, -0.8),
        (16, 7, -0.8),
        (16, 8, -0.8),
        (16, 9, -0.8),
        (16, 10, -0.8),
        (16, 11, -0.8),
        (16, 12, -0.8),
        (16, 13, -0.8),
        (16, 14, -0.8),
        (16, 15, -0.8),
        (16, 16, -0.8),
        (15, 16, -0.8),
        (14, 16, -0.8),
        (13, 16, -0.8),
        (12, 16, -0.8),
        (11, 16, -0.8),
        (10, 16, -0.8),
        (9, 16, -0.8),
        (8, 16, -0.8),
        (7, 16, -0.8),
        (6, 16, -0.8),
        (5, 16, -0.8),
        (4, 16, -0.8),
        (3, 16, -0.8),
        (2, 16, -0.8),
        (1, 16, -0.8),
        (0, 16, -0.8),
        (0, 15, -0.8),
        (0, 14, -0.8),
        (0, 13, -0.8),
        (0, 12, -0.8),
        (0, 11, -0.8),
        (0, 10, -0.8),
        (0, 9, -0.8),
        (0, 8, -0.8),
        (0, 7, -0.8),
        (0, 6, -0.8),
        (0, 5, -0.8),
        (0, 4, -0.8),
        (0, 3, -0.8),
        (0, 2, -0.8),
        (0, 1, -0.8),
        (0, 0, -0.8),
        (1, 0, -0.8),
        (2, 0, -0.8),
        (3, 0, -0.8),
        (4, 0, -0.8),
        (5, 0, -0.8),
        (6, 0, -0.8),
        (7, 0, -0.8),
        (8, 0, -0.8),
        (9, 0, -0.8),
        (10, 0, -0.8),
        (11, 0, -0.8),
        (12, 0, -0.8),
        (13, 0, -0.8),
        (14, 0, -0.8),
        (15, 0, -0.8),
        (7.763868, 1, 0),
        (7.734591, 1.007222, 0),
        (7.538979, 1.01168, 0),
        (7.341929, 1.016364, 0),
        (7.144713, 1.021148, 0),
        (6.947319, 1.026064, 0),
        (6.749601, 1.031013, 0),
        (6.551136, 1.035846, 0),
        (6.353762, 1.040592, 0),
        (6.157891, 1.04558, 0),
        (5.961552, 1.051052, 0),
        (5.762082, 1.056708, 0),
        (5.558683, 1.061689, 0),
        (5.353605, 1.065198, 0),
        (5.150273, 1.06721, 0),
        (4.950548, 1.068409, 0),
        (4.751978, 1.069446, 0),
        (4.552249, 1.070364, 0),
        (4.351197, 1.070755, 0),
        (4.150144, 1.070364, 0),
        (3.951035, 1.069449, 0),
        (3.752634, 1.068414, 0),
        (3.552121, 1.06721, 0),
        (3.348789, 1.065198, 0),
        (3.143711, 1.061689, 0),
        (2.940312, 1.056708, 0),
        (2.740842, 1.051052, 0),
        (2.544503, 1.04558, 0),
        (2.348632, 1.040592, 0),
        (2.151558, 1.035853, 0),
        (1.953476, 1.03103, 0),
        (1.755074, 1.026064, 0),
        (1.557681, 1.021148, 0),
        (1.360464, 1.016364, 0),
        (1.163415, 1.01168, 0),
        (1, 1, 0),
        (1.000141, 1.008115, 0),
        (0.99646, 1.210373, 0),
        (0.992416, 1.410581, 0),
        (0.988086, 1.611389, 0),
        (0.983062, 1.814314, 0),
        (0.976842, 2.019158, 0),
        (0.969163, 2.224472, 0),
        (0.960215, 2.428012, 0),
        (0.950752, 2.627417, 0),
        (0.941873, 2.821653, 0),
        (0.934465, 3.012354, 0),
        (0.928736, 3.203191, 0),
        (0.924191, 3.397079, 0),
        (0.920114, 3.593756, 0),
        (0.916232, 3.790488, 0),
        (0.912894, 3.985315, 0),
        (0.910504, 4.179205, 0),
        (0.90897, 4.374619, 0),
        (0.907766, 4.572267, 0),
        (0.906558, 4.770145, 0),
        (0.905622, 4.966046, 0),
        (0.905457, 5.160643, 0),
        (0.906064, 5.357024, 0),
        (0.906754, 5.557099, 0),
        (0.906754, 5.759076, 0),
        (0.906064, 5.959151, 0),
        (0.905457, 6.155532, 0),
        (0.905622, 6.350129, 0),
        (0.906558, 6.54603, 0),
        (0.907766, 6.743894, 0),
        (0.90897, 6.941556, 0),
        (0.910504, 7.13697, 0),
        (0.912894, 7.33086, 0),
        (0.916232, 7.525687, 0),
        (0.920114, 7.722419, 0),
        (0.924191, 7.919096, 0),
        (0.928736, 8.112984, 0),
        (0.934465, 8.303821, 0),
        (0.941873, 8.494522, 0),
        (0.950752, 8.688758, 0),
        (0.960215, 8.888163, 0),
        (0.969163, 9.091703, 0),
        (0.976842, 9.297017, 0),
        (0.983062, 9.501861, 0),
        (0.988086, 9.704786, 0),
        (0.992416, 9.905594, 0),
        (0.99646, 10.105802, 0),
        (1, 10.196935, 0),
        (0.998181, 10.200366, 0),
        (1.046692, 10.194427, 0),
        (1.237713, 10.170529, 0),
        (1.426248, 10.146062, 0),
        (1.613114, 10.120395, 0),
        (1.801193, 10.093095, 0),
        (1.992408, 10.064427, 0),
        (2.185908, 10.035199, 0),
        (2.380571, 10.005917, 0),
        (2.575091, 9.976749, 0),
        (2.769094, 9.947655, 0),
        (2.962981, 9.918555, 0),
        (3.156702, 9.889431, 0),
        (3.350537, 9.860203, 0),
        (3.547212, 9.830675, 0),
        (3.74748, 9.801428, 0),
        (3.951118, 9.773423, 0),
        (4.155035, 9.747544, 0),
        (4.356102, 9.723745, 0),
        (4.554182, 9.701162, 0),
        (4.752312, 9.679017, 0),
        (4.953624, 9.657392, 0),
        (5.158178, 9.63716, 0),
        (5.362935, 9.619062, 0),
        (5.564683, 9.602926, 0),
        (5.762359, 9.587914, 0),
        (5.958464, 9.573145, 0),
        (6.153803, 9.558349, 0),
        (6.349298, 9.543492, 0),
        (6.544904, 9.528604, 0),
        (6.740565, 9.513708, 0),
        (6.936714, 9.498866, 0),
        (7.132469, 9.484175, 0),
        (7.325263, 9.469492, 0),
        (7.514695, 9.454176, 0),
        (7.70258, 9.437538, 0),
        (7.891825, 9.419358, 0),
        (8.083366, 9.400069, 0),
        (8.275047, 9.380257, 0),
        (8.283252, 9.379374, 0),
        (8.295474, 9.373362, 0),
        (8.281158, 9.352046, 0),
        (8.265893, 9.158559, 0),
        (8.249782, 8.966739, 0),
        (8.232627, 8.775027, 0),
        (8.214495, 8.583494, 0),
        (8.195293, 8.392258, 0),
        (8.17483, 8.199347, 0),
        (8.153391, 8.001345, 0),
        (8.1322, 7.796675, 0),
        (8.112916, 7.587805, 0),
        (8.096373, 7.379453, 0),
        (8.082086, 7.174257, 0),
        (8.069174, 6.970481, 0),
        (8.057508, 6.764457, 0),
        (8.047885, 6.555418, 0),
        (8.040918, 6.347643, 0),
        (8.035748, 6.147413, 0),
        (8.030307, 5.957387, 0),
        (8.022721, 5.77364, 0),
        (8.012267, 5.588273, 0),
        (7.99965, 5.39553, 0),
        (7.986589, 5.196244, 0),
        (7.974342, 4.996906, 0),
        (7.962482, 4.804115, 0),
        (7.94941, 4.618914, 0),
        (7.933697, 4.435683, 0),
        (7.915063, 4.246494, 0),
        (7.894869, 4.047219, 0),
        (7.875504, 3.840231, 0),
        (7.858613, 3.631653, 0),
        (7.84413, 3.425808, 0),
        (7.831168, 3.222035, 0),
        (7.81939, 3.01668, 0),
        (7.809451, 2.807909, 0),
        (7.802165, 2.598276, 0),
        (7.797302, 2.39257, 0),
        (7.793529, 2.193447, 0),
        (7.789431, 1.999496, 0),
        (7.784293, 1.807368, 0),
        (7.778058, 1.615079, 0),
        (7.770829, 1.422737, 0),
        (7.762552, 1.230419, 0),
        (7.753225, 1.036555, 0),
        (1, 12.209638, 0),
        (1.057273, 12.225656, 0),
        (1.070365, 12.421461, 0),
        (1.083737, 12.627936, 0),
        (1.093686, 12.853477, 0),
        (1.094592, 13.088355, 0),
        (1.086801, 13.308695, 0),
        (1.078045, 13.496743, 0),
        (1.074639, 13.658087, 0),
        (1.078045, 13.819432, 0),
        (1.086801, 14.00748, 0),
        (1.094592, 14.22782, 0),
        (1.093686, 14.462698, 0),
        (1.083737, 14.688239, 0),
        (1.070365, 14.894714, 0),
        (1, 15, 0),
        (1.061014, 15.03457, 0),
        (1.235799, 15.043034, 0),
        (1.428196, 15.051366, 0),
        (1.617539, 15.058281, 0),
        (1.800963, 15.062921, 0),
        (1.978715, 15.064109, 0),
        (2.158301, 15.06126, 0),
        (2.351639, 15.055301, 0),
        (2.565927, 15.04976, 0),
        (2.795847, 15.050016, 0),
        (3.024802, 15.058565, 0),
        (3.235647, 15.071738, 0),
        (3.422968, 15.083481, 0),
        (3.595288, 15.0904, 0),
        (3.769099, 15.092233, 0),
        (3.956631, 15.090562, 0),
        (4.158623, 15.088329, 0),
        (4.366235, 15.088, 0),
        (4.569115, 15.089524, 0),
        (4.76383, 15.091041, 0),
        (4.954368, 15.091041, 0),
        (5.148802, 15.089526, 0),
        (5.351963, 15.088, 0),
        (5.559576, 15.088329, 0),
        (5.761568, 15.090562, 0),
        (5.949099, 15.092233, 0),
        (6.12291, 15.0904, 0),
        (6.29523, 15.083481, 0),
        (6.482343, 15.071751, 0),
        (6.693397, 15.058565, 0),
        (6.922351, 15.050016, 0),
        (7.152271, 15.04976, 0),
        (7.366559, 15.055301, 0),
        (7.559897, 15.06126, 0),
        (7.739484, 15.064109, 0),
        (7.917236, 15.062921, 0),
        (8.100659, 15.058281, 0),
        (8.290003, 15.051366, 0),
        (8.4824, 15.043034, 0),
        (8.652697, 15, 0),
        (8.67708, 15.033607, 0),
        (8.687921, 15.033058, 0),
        (8.688829, 15.033012, 0),
        (8.689316, 14.988695, 0),
        (8.695108, 14.782685, 0),
        (8.699679, 14.598833, 0),
        (8.699304, 14.433087, 0),
        (8.692552, 14.268603, 0),
        (8.679875, 14.087163, 0),
        (8.664804, 13.883625, 0),
        (8.652351, 13.670009, 0),
        (8.64361, 13.464941, 0),
        (8.635258, 13.277172, 0),
        (8.623893, 13.098163, 0),
        (8.608432, 12.910845, 0),
        (8.591168, 12.706319, 0),
        (8.576506, 12.492843, 0),
        (8.565716, 12.289033, 0),
        (8.555345, 12.107446, 0),
        (8.541241, 11.943429, 0),
        (8.520652, 11.778967, 0),
        (8.492866, 11.597169, 0),
        (8.461068, 11.393546, 0),
        (8.458079, 11.371993, 0),
        (8.422347, 11.371743, 0),
        (8.286376, 11.389741, 0),
        (8.087646, 11.409753, 0),
        (7.886417, 11.429085, 0),
        (7.683501, 11.447054, 0),
        (7.481794, 11.463363, 0),
        (7.283245, 11.478484, 0),
        (7.087303, 11.493189, 0),
        (6.892158, 11.507954, 0),
        (6.696719, 11.522834, 0),
        (6.501024, 11.537728, 0),
        (6.305237, 11.552607, 0),
        (6.109308, 11.567449, 0),
        (5.913498, 11.582195, 0),
        (5.720137, 11.59688, 0),
        (5.530709, 11.61203, 0),
        (5.344656, 11.628475, 0),
        (5.158861, 11.646852, 0),
        (4.970194, 11.667118, 0),
        (4.778534, 11.68854, 0),
        (4.586921, 11.710385, 0),
        (4.398485, 11.732689, 0),
        (4.213268, 11.756195, 0),
        (4.028232, 11.781642, 0),
        (3.840193, 11.809103, 0),
        (3.648425, 11.837895, 0),
        (3.454688, 11.867108, 0),
        (3.260195, 11.896348, 0),
        (3.065883, 11.925511, 0),
        (2.871703, 11.954632, 0),
        (2.677844, 11.983701, 0),
        (2.484318, 12.012812, 0),
        (2.290029, 12.042159, 0),
        (2.093105, 12.071683, 0),
        (1.89284, 12.100751, 0),
        (1.691024, 12.128472, 0),
        (1.49055, 12.154488, 0),
        (1.29236, 12.179283, 0),
        (1.094306, 12.203532, 0),
        (10.656724, 15, 0),
        (10.667826, 15.004808, 0),
        (10.706927, 15.004697, 0),
        (10.925454, 15.008467, 0),
        (11.13948, 15.017373, 0),
        (11.338459, 15.027873, 0),
        (11.525976, 15.036682, 0),
        (11.71322, 15.043261, 0),
        (11.906279, 15.048823, 0),
        (12.101751, 15.05442, 0),
        (12.293679, 15.05963, 0),
        (12.481455, 15.063361, 0),
        (12.669171, 15.065251, 0),
        (12.859099, 15.065761, 0),
        (13.049027, 15.065251, 0),
        (13.236743, 15.063361, 0),
        (13.424519, 15.05963, 0),
        (13.616448, 15.05442, 0),
        (13.811919, 15.048823, 0),
        (14.004979, 15.043261, 0),
        (14.192222, 15.036682, 0),
        (14.37974, 15.027873, 0),
        (14.578719, 15.017373, 0),
        (14.792745, 15.008467, 0),
        (15, 15, 0),
        (15.011271, 15.004697, 0),
        (15.027713, 15.004744, 0),
        (15.029099, 14.971739, 0),
        (15.035604, 14.782135, 0),
        (15.040411, 14.590861, 0),
        (15.044496, 14.394336, 0),
        (15.04892, 14.194387, 0),
        (15.053818, 13.995531, 0),
        (15.05847, 13.79996, 0),
        (15.062299, 13.605743, 0),
        (15.065463, 13.409984, 0),
        (15.068452, 13.213104, 0),
        (15.071142, 13.019132, 0),
        (15.072469, 12.831319, 0),
        (15.071264, 12.647669, 0),
        (15.067223, 12.461319, 0),
        (15.061371, 12.26581, 0),
        (15.055877, 12.060255, 0),
        (15.052748, 11.84968, 0),
        (15.052409, 11.640588, 0),
        (15.053895, 11.436194, 0),
        (15.056125, 11.23555, 0),
        (15.05861, 11.036827, 0),
        (15.061225, 10.838623, 0),
        (15.063602, 10.643377, 0),
        (15.065067, 10.451436, 0),
        (15.065067, 10.261043, 0),
        (15.063602, 10.069102, 0),
        (15.061225, 9.873855, 0),
        (15.058619, 9.676339, 0),
        (15.056125, 9.476929, 0),
        (15.053895, 9.276284, 0),
        (15.052409, 9.07189, 0),
        (15.052748, 8.862798, 0),
        (15.055877, 8.652223, 0),
        (15.061371, 8.446669, 0),
        (15.067223, 8.251159, 0),
        (15.071264, 8.06481, 0),
        (15.072469, 7.88116, 0),
        (15.071142, 7.693346, 0),
        (15.068452, 7.499374, 0),
        (15.065463, 7.302495, 0),
        (15.062299, 7.106736, 0),
        (15.05847, 6.912519, 0),
        (15.053818, 6.716948, 0),
        (15.04892, 6.518091, 0),
        (15.044496, 6.318143, 0),
        (15.040411, 6.121617, 0),
        (15.035604, 5.930344, 0),
        (15.029099, 5.740739, 0),
        (15.027768, 5.709036, 0),
        (15, 5.710993, 0),
        (14.990584, 5.708715, 0),
        (14.788752, 5.706602, 0),
        (14.586396, 5.704102, 0),
        (14.383339, 5.701007, 0),
        (14.180615, 5.69725, 0),
        (13.978927, 5.693064, 0),
        (13.776891, 5.688625, 0),
        (13.571584, 5.683513, 0),
        (13.361829, 5.676662, 0),
        (13.151318, 5.667291, 0),
        (12.947925, 5.656344, 0),
        (12.75861, 5.646612, 0),
        (12.583572, 5.640929, 0),
        (12.41457, 5.640677, 0),
        (12.239516, 5.64584, 0),
        (12.050173, 5.655009, 0),
        (11.846748, 5.665352, 0),
        (11.63621, 5.674096, 0),
        (11.426435, 5.680324, 0),
        (11.221114, 5.684825, 0),
        (11.019066, 5.688663, 0),
        (10.817367, 5.692249, 0),
        (10.614632, 5.695403, 0),
        (10.411567, 5.697894, 0),
        (10.209205, 5.699793, 0),
        (10.080169, 5.70076, 0),
        (10.06652, 5.703658, 0),
        (10.089116, 5.803704, 0),
        (10.106227, 6.001433, 0),
        (10.123329, 6.196523, 0),
        (10.141054, 6.388689, 0),
        (10.160053, 6.580255, 0),
        (10.180434, 6.774697, 0),
        (10.201532, 6.974151, 0),
        (10.222202, 7.178382, 0),
        (10.241418, 7.3859, 0),
        (10.258538, 7.595654, 0),
        (10.273107, 7.807354, 0),
        (10.284678, 8.020386, 0),
        (10.293035, 8.233167, 0),
        (10.29846, 8.444182, 0),
        (10.301513, 8.653481, 0),
        (10.302506, 8.862377, 0),
        (10.301398, 9.071033, 0),
        (10.298436, 9.276587, 0),
        (10.294865, 9.474496, 0),
        (10.292657, 9.66239, 0),
        (10.293465, 9.84263, 0),
        (10.298035, 10.020612, 0),
        (10.306284, 10.200193, 0),
        (10.31776, 10.38094, 0),
        (10.332287, 10.560122, 0),
        (10.350263, 10.737253, 0),
        (10.372255, 10.916148, 0),
        (10.398208, 11.102254, 0),
        (10.426779, 11.298123, 0),
        (10.455713, 11.501652, 0),
        (10.483199, 11.708492, 0),
        (10.508633, 11.915836, 0),
        (10.532074, 12.123841, 0),
        (10.553379, 12.333847, 0),
        (10.571998, 12.545977, 0),
        (10.587462, 12.758762, 0),
        (10.599782, 12.970605, 0),
        (10.609326, 13.18084, 0),
        (10.616509, 13.389121, 0),
        (10.621832, 13.594327, 0),
        (10.626128, 13.794848, 0),
        (10.630501, 13.990306, 0),
        (10.635881, 14.182737, 0),
        (10.642601, 14.375602, 0),
        (10.650309, 14.571288, 0),
        (10.658326, 14.769232, 0),
        (10.666284, 14.967503, 0),
        (15, 3.710991, 0),
        (14.959122, 3.57317, 0),
        (14.951495, 3.373891, 0),
        (14.944661, 3.170145, 0),
        (14.939792, 2.962652, 0),
        (14.937466, 2.755825, 0),
        (14.936958, 2.553772, 0),
        (14.936988, 2.356239, 0),
        (14.936958, 2.158706, 0),
        (14.937466, 1.956654, 0),
        (14.939792, 1.749827, 0),
        (14.944661, 1.542334, 0),
        (14.951495, 1.338588, 0),
        (14.959122, 1.139308, 0),
        (15, 1, 0),
        (14.965231, 0.984306, 0),
        (14.797249, 0.980904, 0),
        (14.599665, 0.977255, 0),
        (14.398266, 0.973035, 0),
        (14.195636, 0.967603, 0),
        (13.995931, 0.96126, 0),
        (13.800267, 0.954961, 0),
        (13.607862, 0.949539, 0),
        (13.415846, 0.945212, 0),
        (13.222839, 0.941789, 0),
        (13.029174, 0.939063, 0),
        (12.835563, 0.937011, 0),
        (12.642022, 0.935688, 0),
        (12.448207, 0.935066, 0),
        (12.254187, 0.935066, 0),
        (12.060372, 0.935688, 0),
        (11.866831, 0.937011, 0),
        (11.673219, 0.939063, 0),
        (11.479555, 0.941789, 0),
        (11.286547, 0.945212, 0),
        (11.094532, 0.949539, 0),
        (10.902126, 0.954961, 0),
        (10.706901, 0.961246, 0),
        (10.506758, 0.967603, 0),
        (10.304128, 0.973035, 0),
        (10.102729, 0.977255, 0),
        (9.905145, 0.980904, 0),
        (9.767895, 1, 0),
        (9.710146, 0.984853, 0),
        (9.691549, 0.985279, 0),
        (9.698792, 1.091334, 0),
        (9.717976, 1.265295, 0),
        (9.741625, 1.47708, 0),
        (9.759563, 1.710467, 0),
        (9.76757, 1.934488, 0),
        (9.771645, 2.126981, 0),
        (9.778858, 2.29217, 0),
        (9.792594, 2.456945, 0),
        (9.812895, 2.648408, 0),
        (9.833284, 2.871643, 0),
        (9.845005, 3.105424, 0),
        (9.848329, 3.3185, 0),
        (9.8513, 3.49349, 0),
        (9.859829, 3.638839, 0),
        (9.867349, 3.702066, 0),
        (9.939532, 3.703467, 0),
        (9.994213, 3.701348, 0),
        (10.192328, 3.699863, 0),
        (10.38992, 3.698009, 0),
        (10.586811, 3.695594, 0),
        (10.784034, 3.692526, 0),
        (10.982294, 3.689001, 0),
        (11.180205, 3.685241, 0),
        (11.374845, 3.680974, 0),
        (11.565036, 3.675328, 0),
        (11.754472, 3.66746, 0),
        (11.951026, 3.657467, 0),
        (12.16166, 3.647267, 0),
        (12.386572, 3.640634, 0),
        (12.617517, 3.640977, 0),
        (12.842409, 3.648279, 0),
        (13.053011, 3.659105, 0),
        (13.249535, 3.669683, 0),
        (13.438946, 3.678114, 0),
        (13.629119, 3.684326, 0),
        (13.823746, 3.689172, 0),
        (14.021645, 3.69352, 0),
        (14.219894, 3.697635, 0),
        (14.417107, 3.701289, 0),
        (14.61399, 3.70429, 0),
        (14.811575, 3.706731, 0),
        (8.233131, 0.5, -0.8),
        (8.113642, 0.50102, -0.8),
        (7.919362, 0.503537, -0.8),
        (7.724038, 0.507333, -0.8),
        (7.527341, 0.511815, -0.8),
        (7.329925, 0.516509, -0.8),
        (7.132426, 0.521299, -0.8),
        (6.934839, 0.52622, -0.8),
        (6.737089, 0.53117, -0.8),
        (6.538966, 0.535994, -0.8),
        (6.341388, 0.540745, -0.8),
        (6.144561, 0.545757, -0.8),
        (5.947501, 0.55125, -0.8),
        (5.748875, 0.556881, -0.8),
        (5.548285, 0.561794, -0.8),
        (5.346855, 0.56524, -0.8),
        (5.146298, 0.567225, -0.8),
        (4.947545, 0.568418, -0.8),
        (4.749369, 0.569453, -0.8),
        (4.550614, 0.570367, -0.8),
        (4.351197, 0.570754, -0.8),
        (4.15178, 0.570367, -0.8),
        (3.953334, 0.569454, -0.8),
        (3.755243, 0.568421, -0.8),
        (3.556095, 0.567225, -0.8),
        (3.355539, 0.56524, -0.8),
        (3.154109, 0.561794, -0.8),
        (2.953518, 0.556881, -0.8),
        (2.754893, 0.55125, -0.8),
        (2.557832, 0.545757, -0.8),
        (2.361006, 0.540745, -0.8),
        (2.163578, 0.535997, -0.8),
        (1.965646, 0.531178, -0.8),
        (1.767555, 0.52622, -0.8),
        (1.569967, 0.521299, -0.8),
        (1.372468, 0.516509, -0.8),
        (1.175052, 0.511815, -0.8),
        (0.978355, 0.507333, -0.8),
        (0.783031, 0.503537, -0.8),
        (0.588752, 0.50102, -0.8),
        (0.5, 0.5, -0.8),
        (0.503507, 0.595178, -0.8),
        (0.502774, 0.798205, -0.8),
        (0.500199, 1.000381, -0.8),
        (0.496551, 1.200775, -0.8),
        (0.492525, 1.400144, -0.8),
        (0.488219, 1.599812, -0.8),
        (0.48325, 1.800539, -0.8),
        (0.477126, 2.002226, -0.8),
        (0.469573, 2.204148, -0.8),
        (0.460736, 2.405182, -0.8),
        (0.451294, 2.604149, -0.8),
        (0.442316, 2.800532, -0.8),
        (0.434756, 2.995147, -0.8),
        (0.428911, 3.189831, -0.8),
        (0.424313, 3.386039, -0.8),
        (0.420216, 3.583642, -0.8),
        (0.416317, 3.781273, -0.8),
        (0.412947, 3.977951, -0.8),
        (0.410529, 4.174161, -0.8),
        (0.408982, 4.371133, -0.8),
        (0.407775, 4.569221, -0.8),
        (0.406565, 4.767425, -0.8),
        (0.405623, 4.96464, -0.8),
        (0.405457, 5.161203, -0.8),
        (0.406067, 5.358659, -0.8),
        (0.406754, 5.557961, -0.8),
        (0.406754, 5.758214, -0.8),
        (0.406067, 5.957516, -0.8),
        (0.405457, 6.154972, -0.8),
        (0.405623, 6.351535, -0.8),
        (0.406565, 6.54875, -0.8),
        (0.407775, 6.746946, -0.8),
        (0.408982, 6.945042, -0.8),
        (0.410529, 7.142014, -0.8),
        (0.412947, 7.338224, -0.8),
        (0.416317, 7.534902, -0.8),
        (0.420216, 7.732533, -0.8),
        (0.424313, 7.930136, -0.8),
        (0.428911, 8.126344, -0.8),
        (0.434756, 8.321028, -0.8),
        (0.442316, 8.515643, -0.8),
        (0.451294, 8.712026, -0.8),
        (0.460736, 8.910993, -0.8),
        (0.469573, 9.112027, -0.8),
        (0.477126, 9.313949, -0.8),
        (0.48325, 9.515636, -0.8),
        (0.488219, 9.716363, -0.8),
        (0.492525, 9.916031, -0.8),
        (0.496551, 10.1154, -0.8),
        (0.500199, 10.315794, -0.8),
        (0.502774, 10.51797, -0.8),
        (0.503507, 10.720997, -0.8),
        (0.5, 10.756555, -0.8),
        (0.503297, 10.761063, -0.8),
        (0.532052, 10.758098, -0.8),
        (0.723273, 10.736941, -0.8),
        (0.915141, 10.714267, -0.8),
        (1.108109, 10.690641, -0.8),
        (1.300922, 10.666518, -0.8),
        (1.492442, 10.641664, -0.8),
        (1.683045, 10.615484, -0.8),
        (1.874171, 10.587742, -0.8),
        (2.066813, 10.55886, -0.8),
        (2.260586, 10.529591, -0.8),
        (2.454947, 10.500354, -0.8),
        (2.649242, 10.47122, -0.8),
        (2.843277, 10.442121, -0.8),
        (3.037254, 10.413008, -0.8),
        (3.231145, 10.383858, -0.8),
        (3.425088, 10.354614, -0.8),
        (3.620458, 10.325282, -0.8),
        (3.817668, 10.296481, -0.8),
        (4.016656, 10.269116, -0.8),
        (4.215897, 10.24383, -0.8),
        (4.413807, 10.220405, -0.8),
        (4.61027, 10.198006, -0.8),
        (4.806782, 10.176042, -0.8),
        (5.004933, 10.154757, -0.8),
        (5.204798, 10.134989, -0.8),
        (5.404878, 10.117304, -0.8),
        (5.603546, 10.101415, -0.8),
        (5.800223, 10.086478, -0.8),
        (5.99612, 10.071725, -0.8),
        (6.19163, 10.056916, -0.8),
        (6.387215, 10.042052, -0.8),
        (6.582855, 10.027161, -0.8),
        (6.778522, 10.012265, -0.8),
        (6.974438, 9.997441, -0.8),
        (7.170163, 9.982752, -0.8),
        (7.364396, 9.96796, -0.8),
        (7.556897, 9.952395, -0.8),
        (7.748539, 9.935424, -0.8),
        (7.94078, 9.916957, -0.8),
        (8.134119, 9.897487, -0.8),
        (8.327498, 9.877499, -0.8),
        (8.519592, 9.856828, -0.8),
        (8.710717, 9.834823, -0.8),
        (8.819383, 9.821491, -0.8),
        (8.824634, 9.816802, -0.8),
        (8.81026, 9.708391, -0.8),
        (8.794753, 9.51027, -0.8),
        (8.779653, 9.313276, -0.8),
        (8.764244, 9.117973, -0.8),
        (8.747913, 8.923534, -0.8),
        (8.730523, 8.729184, -0.8),
        (8.712135, 8.534955, -0.8),
        (8.692652, 8.340911, -0.8),
        (8.671983, 8.146064, -0.8),
        (8.650612, 7.948685, -0.8),
        (8.629827, 7.747944, -0.8),
        (8.611094, 7.545032, -0.8),
        (8.594996, 7.342299, -0.8),
        (8.580986, 7.141083, -0.8),
        (8.568279, 6.940538, -0.8),
        (8.556858, 6.738827, -0.8),
        (8.5475, 6.535542, -0.8),
        (8.540702, 6.332811, -0.8),
        (8.535564, 6.133805, -0.8),
        (8.530012, 5.939918, -0.8),
        (8.52214, 5.749249, -0.8),
        (8.511346, 5.557866, -0.8),
        (8.49858, 5.36285, -0.8),
        (8.485585, 5.164564, -0.8),
        (8.4734, 4.966226, -0.8),
        (8.4614, 4.771162, -0.8),
        (8.447903, 4.579949, -0.8),
        (8.431599, 4.389816, -0.8),
        (8.412586, 4.196784, -0.8),
        (8.392516, 3.998725, -0.8),
        (8.373621, 3.796762, -0.8),
        (8.357195, 3.593926, -0.8),
        (8.343015, 3.392391, -0.8),
        (8.330258, 3.191849, -0.8),
        (8.318709, 2.990477, -0.8),
        (8.309038, 2.787336, -0.8),
        (8.30196, 2.583684, -0.8),
        (8.297191, 2.381925, -0.8),
        (8.293429, 2.183429, -0.8),
        (8.28929, 1.987533, -0.8),
        (8.284077, 1.792582, -0.8),
        (8.277753, 1.597587, -0.8),
        (8.270425, 1.402598, -0.8),
        (8.262036, 1.207656, -0.8),
        (8.252621, 1.011972, -0.8),
        (8.242687, 0.81465, -0.8),
        (8.233014, 0.616159, -0.8),
        (0.5, 11.762907, -0.8),
        (0.531104, 11.864394, -0.8),
        (0.545394, 12.062332, -0.8),
        (0.558373, 12.258814, -0.8),
        (0.571444, 12.454296, -0.8),
        (0.584449, 12.655113, -0.8),
        (0.593729, 12.865463, -0.8),
        (0.594558, 13.080482, -0.8),
        (0.587212, 13.288232, -0.8),
        (0.57829, 13.479836, -0.8),
        (0.574528, 13.658087, -0.8),
        (0.57829, 13.836339, -0.8),
        (0.587212, 14.027943, -0.8),
        (0.594558, 14.235693, -0.8),
        (0.593729, 14.450712, -0.8),
        (0.584449, 14.661062, -0.8),
        (0.571444, 14.861879, -0.8),
        (0.558373, 15.057361, -0.8),
        (0.545394, 15.253843, -0.8),
        (0.531104, 15.451781, -0.8),
        (0.5, 15.5, -0.8),
        (0.526588, 15.51023, -0.8),
        (0.615786, 15.513477, -0.8),
        (0.817662, 15.522934, -0.8),
        (1.016386, 15.532995, -0.8),
        (1.212891, 15.54251, -0.8),
        (1.408255, 15.550971, -0.8),
        (1.602092, 15.55805, -0.8),
        (1.792969, 15.562879, -0.8),
        (1.98101, 15.564135, -0.8),
        (2.169969, 15.561138, -0.8),
        (2.365803, 15.555102, -0.8),
        (2.572112, 15.549767, -0.8),
        (2.786238, 15.550005, -0.8),
        (2.99988, 15.557983, -0.8),
        (3.204468, 15.570765, -0.8),
        (3.397294, 15.582853, -0.8),
        (3.582619, 15.590294, -0.8),
        (3.76869, 15.592256, -0.8),
        (3.961621, 15.590537, -0.8),
        (4.161782, 15.588325, -0.8),
        (4.364754, 15.588003, -0.8),
        (4.565359, 15.58951, -0.8),
        (4.761882, 15.591041, -0.8),
        (4.956316, 15.591041, -0.8),
        (5.152699, 15.589511, -0.8),
        (5.353444, 15.588003, -0.8),
        (5.556416, 15.588325, -0.8),
        (5.756577, 15.590537, -0.8),
        (5.949508, 15.592256, -0.8),
        (6.135579, 15.590294, -0.8),
        (6.320904, 15.582853, -0.8),
        (6.513626, 15.570772, -0.8),
        (6.718318, 15.557983, -0.8),
        (6.931961, 15.550005, -0.8),
        (7.146086, 15.549767, -0.8),
        (7.352395, 15.555102, -0.8),
        (7.54823, 15.561138, -0.8),
        (7.737188, 15.564135, -0.8),
        (7.92523, 15.562879, -0.8),
        (8.116107, 15.55805, -0.8),
        (8.309944, 15.550971, -0.8),
        (8.505307, 15.54251, -0.8),
        (8.701813, 15.532995, -0.8),
        (8.900536, 15.522934, -0.8),
        (9.102413, 15.513477, -0.8),
        (9.19306, 15.510177, -0.8),
        (9.185448, 15.5, -0.8),
        (9.189824, 15.417837, -0.8),
        (9.186939, 15.207788, -0.8),
        (9.189239, 14.998468, -0.8),
        (9.194933, 14.795925, -0.8),
        (9.199693, 14.604482, -0.8),
        (9.199281, 14.422263, -0.8),
        (9.191836, 14.240919, -0.8),
        (9.178586, 14.051277, -0.8),
        (9.163728, 13.850613, -0.8),
        (9.151731, 13.644811, -0.8),
        (9.143137, 13.443185, -0.8),
        (9.134553, 13.25022, -0.8),
        (9.122588, 13.061755, -0.8),
        (9.106699, 12.869253, -0.8),
        (9.089726, 12.66816, -0.8),
        (9.0756, 12.462493, -0.8),
        (9.064961, 12.261561, -0.8),
        (9.054122, 12.071766, -0.8),
        (9.038572, 11.890937, -0.8),
        (9.015937, 11.710129, -0.8),
        (8.987004, 11.520824, -0.8),
        (8.955741, 11.320628, -0.8),
        (8.926988, 11.11328, -0.8),
        (8.903286, 10.904552, -0.8),
        (8.895472, 10.819654, -0.8),
        (8.888071, 10.815992, -0.8),
        (8.828796, 10.827834, -0.8),
        (8.630278, 10.850691, -0.8),
        (8.4324, 10.871984, -0.8),
        (8.235624, 10.892323, -0.8),
        (8.038691, 10.912154, -0.8),
        (7.840458, 10.931198, -0.8),
        (7.641299, 10.948834, -0.8),
        (7.442662, 10.964895, -0.8),
        (7.245551, 10.979907, -0.8),
        (7.049732, 10.994603, -0.8),
        (6.854318, 11.009388, -0.8),
        (6.658762, 11.024276, -0.8),
        (6.463079, 11.03917, -0.8),
        (6.267347, 11.054045, -0.8),
        (6.071542, 11.068877, -0.8),
        (5.875792, 11.083618, -0.8),
        (5.681273, 11.098391, -0.8),
        (5.488765, 11.113788, -0.8),
        (5.298037, 11.130646, -0.8),
        (5.107552, 11.149487, -0.8),
        (4.915724, 11.170093, -0.8),
        (4.722446, 11.191695, -0.8),
        (4.529216, 11.213725, -0.8),
        (4.337622, 11.236403, -0.8),
        (4.147731, 11.260502, -0.8),
        (3.958044, 11.286589, -0.8),
        (3.766948, 11.314496, -0.8),
        (3.574032, 11.34346, -0.8),
        (3.380137, 11.372697, -0.8),
        (3.185861, 11.401904, -0.8),
        (2.991672, 11.431049, -0.8),
        (2.797547, 11.460162, -0.8),
        (2.603583, 11.489246, -0.8),
        (2.409791, 11.518397, -0.8),
        (2.215624, 11.547726, -0.8),
        (2.020127, 11.577036, -0.8),
        (1.822908, 11.605662, -0.8),
        (1.62483, 11.632869, -0.8),
        (1.427341, 11.658498, -0.8),
        (1.230943, 11.683069, -0.8),
        (1.034584, 11.70711, -0.8),
        (0.83694, 11.730467, -0.8),
        (0.638321, 11.752442, -0.8),
        (10.187461, 15.5, -0.8),
        (10.190177, 15.505295, -0.8),
        (10.307848, 15.506187, -0.8),
        (10.501546, 15.505286, -0.8),
        (10.703329, 15.504709, -0.8),
        (10.910745, 15.508288, -0.8),
        (11.115911, 15.516825, -0.8),
        (11.313554, 15.527254, -0.8),
        (11.505466, 15.53627, -0.8),
        (11.697241, 15.543008, -0.8),
        (11.891923, 15.548617, -0.8),
        (12.087812, 15.554226, -0.8),
        (12.28193, 15.559495, -0.8),
        (12.473971, 15.563311, -0.8),
        (12.665982, 15.565244, -0.8),
        (12.859099, 15.565763, -0.8),
        (13.052216, 15.565244, -0.8),
        (13.244228, 15.563311, -0.8),
        (13.436269, 15.559495, -0.8),
        (13.630386, 15.554226, -0.8),
        (13.826275, 15.548617, -0.8),
        (14.020958, 15.543008, -0.8),
        (14.212733, 15.53627, -0.8),
        (14.404645, 15.527254, -0.8),
        (14.602287, 15.516825, -0.8),
        (14.807454, 15.508288, -0.8),
        (15.01487, 15.504709, -0.8),
        (15.216652, 15.505286, -0.8),
        (15.410351, 15.506187, -0.8),
        (15.5, 15.5, -0.8),
        (15.508184, 15.505446, -0.8),
        (15.512105, 15.387163, -0.8),
        (15.520501, 15.186945, -0.8),
        (15.52874, 14.990803, -0.8),
        (15.535389, 14.796988, -0.8),
        (15.54028, 14.602337, -0.8),
        (15.544381, 14.405061, -0.8),
        (15.548783, 14.206074, -0.8),
        (15.553672, 14.007632, -0.8),
        (15.558353, 13.810833, -0.8),
        (15.56222, 13.614711, -0.8),
        (15.565402, 13.417818, -0.8),
        (15.568399, 13.220365, -0.8),
        (15.571117, 13.024366, -0.8),
        (15.572481, 12.831446, -0.8),
        (15.571229, 12.640607, -0.8),
        (15.567061, 12.44842, -0.8),
        (15.561171, 12.251651, -0.8),
        (15.555778, 12.049861, -0.8),
        (15.552742, 11.84556, -0.8),
        (15.552412, 11.642001, -0.8),
        (15.553875, 11.44079, -0.8),
        (15.55609, 11.241455, -0.8),
        (15.558571, 11.04308, -0.8),
        (15.561185, 10.844965, -0.8),
        (15.563579, 10.648328, -0.8),
        (15.565067, 10.453344, -0.8),
        (15.565067, 10.259134, -0.8),
        (15.563579, 10.064151, -0.8),
        (15.561185, 9.867514, -0.8),
        (15.558576, 9.669742, -0.8),
        (15.55609, 9.471024, -0.8),
        (15.553875, 9.271688, -0.8),
        (15.552412, 9.070478, -0.8),
        (15.552742, 8.866919, -0.8),
        (15.555778, 8.662618, -0.8),
        (15.561171, 8.460827, -0.8),
        (15.567061, 8.264059, -0.8),
        (15.571229, 8.071871, -0.8),
        (15.572481, 7.881033, -0.8),
        (15.571117, 7.688113, -0.8),
        (15.568399, 7.492113, -0.8),
        (15.565402, 7.29466, -0.8),
        (15.56222, 7.097767, -0.8),
        (15.558353, 6.901645, -0.8),
        (15.553672, 6.704847, -0.8),
        (15.548783, 6.506405, -0.8),
        (15.544381, 6.307417, -0.8),
        (15.54028, 6.110141, -0.8),
        (15.535389, 5.915491, -0.8),
        (15.52874, 5.721676, -0.8),
        (15.520502, 5.525569, -0.8),
        (15.512105, 5.325316, -0.8),
        (15.508347, 5.21194, -0.8),
        (15.5, 5.211736, -0.8),
        (15.397963, 5.211651, -0.8),
        (15.196488, 5.210474, -0.8),
        (14.995359, 5.208737, -0.8),
        (14.794458, 5.206634, -0.8),
        (14.593294, 5.204149, -0.8),
        (14.391781, 5.201077, -0.8),
        (14.190435, 5.197346, -0.8),
        (13.989607, 5.193178, -0.8),
        (13.788605, 5.188761, -0.8),
        (13.585968, 5.183716, -0.8),
        (13.381108, 5.177025, -0.8),
        (13.175872, 5.167889, -0.8),
        (12.974197, 5.157035, -0.8),
        (12.779559, 5.147029, -0.8),
        (12.592058, 5.140941, -0.8),
        (12.40757, 5.140666, -0.8),
        (12.220052, 5.146197, -0.8),
        (12.025386, 5.155624, -0.8),
        (11.823679, 5.165879, -0.8),
        (11.618417, 5.174404, -0.8),
        (11.413538, 5.180486, -0.8),
        (11.210887, 5.184929, -0.8),
        (11.009873, 5.188747, -0.8),
        (10.809033, 5.192319, -0.8),
        (10.607677, 5.195451, -0.8),
        (10.406155, 5.197923, -0.8),
        (10.204986, 5.19981, -0.8),
        (10.004079, 5.201316, -0.8),
        (9.802946, 5.202454, -0.8),
        (9.601468, 5.203032, -0.8),
        (9.533719, 5.202865, -0.8),
        (9.541037, 5.257343, -0.8),
        (9.556968, 5.452775, -0.8),
        (9.573819, 5.649373, -0.8),
        (9.590993, 5.846994, -0.8),
        (9.608113, 6.044819, -0.8),
        (9.625338, 6.241317, -0.8),
        (9.643326, 6.436325, -0.8),
        (9.662631, 6.630989, -0.8),
        (9.683183, 6.827056, -0.8),
        (9.704187, 7.025624, -0.8),
        (9.724529, 7.226608, -0.8),
        (9.743297, 7.42929, -0.8),
        (9.759937, 7.633158, -0.8),
        (9.774039, 7.838079, -0.8),
        (9.785211, 8.043757, -0.8),
        (9.793288, 8.249405, -0.8),
        (9.798554, 8.454254, -0.8),
        (9.801531, 8.658316, -0.8),
        (9.8025, 8.862237, -0.8),
        (9.801417, 9.066103, -0.8),
        (9.798501, 9.268475, -0.8),
        (9.794918, 9.467048, -0.8),
        (9.792644, 9.660573, -0.8),
        (9.793494, 9.850169, -0.8),
        (9.798329, 10.038502, -0.8),
        (9.807012, 10.227507, -0.8),
        (9.819041, 10.416985, -0.8),
        (9.834331, 10.605571, -0.8),
        (9.853353, 10.793004, -0.8),
        (9.876486, 10.981185, -0.8),
        (9.903217, 11.172869, -0.8),
        (9.931884, 11.369394, -0.8),
        (9.96037, 11.569773, -0.8),
        (9.987225, 11.771864, -0.8),
        (10.012053, 11.974271, -0.8),
        (10.034908, 12.177071, -0.8),
        (10.05559, 12.380942, -0.8),
        (10.073585, 12.585959, -0.8),
        (10.088515, 12.791399, -0.8),
        (10.100441, 12.996458, -0.8),
        (10.109717, 13.200794, -0.8),
        (10.116732, 13.404221, -0.8),
        (10.121971, 13.606165, -0.8),
        (10.126247, 13.805794, -0.8),
        (10.130657, 14.002886, -0.8),
        (10.136125, 14.198429, -0.8),
        (10.142943, 14.394146, -0.8),
        (10.150707, 14.591245, -0.8),
        (10.158735, 14.789466, -0.8),
        (10.166698, 14.987853, -0.8),
        (10.174846, 15.185004, -0.8),
        (10.183758, 15.380881, -0.8),
        (15.5, 4.211735, -0.8),
        (15.483135, 4.144969, -0.8),
        (15.474577, 3.948136, -0.8),
        (15.466509, 3.750768, -0.8),
        (15.458745, 3.553765, -0.8),
        (15.451175, 3.355948, -0.8),
        (15.444464, 3.155898, -0.8),
        (15.439726, 2.953975, -0.8),
        (15.437459, 2.752385, -0.8),
        (15.436959, 2.553182, -0.8),
        (15.436989, 2.356239, -0.8),
        (15.436959, 2.159296, -0.8),
        (15.437459, 1.960093, -0.8),
        (15.439726, 1.758503, -0.8),
        (15.444464, 1.55658, -0.8),
        (15.451175, 1.35653, -0.8),
        (15.458745, 1.158714, -0.8),
        (15.466509, 0.96171, -0.8),
        (15.474577, 0.764343, -0.8),
        (15.483135, 0.56751, -0.8),
        (15.5, 0.5, -0.8),
        (15.48622, 0.495431, -0.8),
        (15.398411, 0.493917, -0.8),
        (15.19991, 0.489485, -0.8),
        (15.003042, 0.484969, -0.8),
        (14.806927, 0.480998, -0.8),
        (14.609518, 0.477352, -0.8),
        (14.410202, 0.473175, -0.8),
        (14.210271, 0.467816, -0.8),
        (14.011803, 0.461512, -0.8),
        (13.815354, 0.455187, -0.8),
        (13.620535, 0.449698, -0.8),
        (13.425911, 0.445312, -0.8),
        (13.230791, 0.441852, -0.8),
        (13.035343, 0.4391, -0.8),
        (12.83992, 0.437029, -0.8),
        (12.644534, 0.435694, -0.8),
        (12.44901, 0.435066, -0.8),
        (12.253383, 0.435066, -0.8),
        (12.05786, 0.435694, -0.8),
        (11.862473, 0.437029, -0.8),
        (11.667051, 0.4391, -0.8),
        (11.471603, 0.441852, -0.8),
        (11.276482, 0.445312, -0.8),
        (11.081858, 0.449698, -0.8),
        (10.887039, 0.455187, -0.8),
        (10.69081, 0.461505, -0.8),
        (10.492123, 0.467816, -0.8),
        (10.292191, 0.473175, -0.8),
        (10.092875, 0.477352, -0.8),
        (9.895467, 0.480998, -0.8),
        (9.699351, 0.484969, -0.8),
        (9.502791, 0.489478, -0.8),
        (9.303983, 0.493917, -0.8),
        (9.235144, 0.5, -0.8),
        (9.20007, 0.495709, -0.8),
        (9.194443, 0.61205, -0.8),
        (9.187582, 0.795049, -0.8),
        (9.189015, 0.96523, -0.8),
        (9.200664, 1.135791, -0.8),
        (9.221026, 1.320442, -0.8),
        (9.243756, 1.523997, -0.8),
        (9.260248, 1.738568, -0.8),
        (9.267759, 1.94871, -0.8),
        (9.271876, 2.143179, -0.8),
        (9.279765, 2.323856, -0.8),
        (9.294789, 2.504081, -0.8),
        (9.315299, 2.697509, -0.8),
        (9.334424, 2.906914, -0.8),
        (9.3452, 3.121848, -0.8),
        (9.348395, 3.326643, -0.8),
        (9.351548, 3.512387, -0.8),
        (9.361563, 3.683051, -0.8),
        (9.381664, 3.852047, -0.8),
        (9.411614, 4.032709, -0.8),
        (9.441742, 4.202976, -0.8),
        (9.470225, 4.20277, -0.8),
        (9.60021, 4.203032, -0.8),
        (9.798682, 4.202463, -0.8),
        (9.997501, 4.201337, -0.8),
        (10.196547, 4.199845, -0.8),
        (10.395332, 4.197981, -0.8),
        (10.593766, 4.195546, -0.8),
        (10.792367, 4.192457, -0.8),
        (10.991487, 4.188916, -0.8),
        (11.190432, 4.185137, -0.8),
        (11.387743, 4.180812, -0.8),
        (11.58283, 4.17502, -0.8),
        (11.777541, 4.166933, -0.8),
        (11.975813, 4.156853, -0.8),
        (12.181124, 4.14691, -0.8),
        (12.393571, 4.140645, -0.8),
        (12.609031, 4.140965, -0.8),
        (12.821459, 4.147862, -0.8),
        (13.02674, 4.158415, -0.8),
        (13.224981, 4.169085, -0.8),
        (13.419667, 4.177751, -0.8),
        (13.614736, 4.184123, -0.8),
        (13.812033, 4.189035, -0.8),
        (14.010966, 4.193406, -0.8),
        (14.210074, 4.197538, -0.8),
        (14.408665, 4.201218, -0.8),
        (14.607091, 4.204243, -0.8),
        (14.805869, 4.206699, -0.8),
        (15.00491, 4.208783, -0.8),
        (15.203725, 4.210499, -0.8),
        (15.402194, 4.211658, -0.8),
        (9.45938422, 7.39025808, -0.8),
        (9.1778512, 6.45228237, -0.8),
        (8.91635875, 7.03853887, -0.8),
        (11.0406421, 6.54374832, 0),
        (12.0324211, 7.18808551, 0),
        (11.9422987, 6.48763755, 0),
        (11.2337107, 7.7584635, 0),
        (10.6504673, 7.10996647, 0),
        (12.6071258, 6.76667471, 0),
        (12.7019681, 7.72677719, 0),
        (13.2010897, 7.19987882, 0),
        (11.9975236, 8.30118157, 0),
        (7.81606211, 8.18629435, 0),
        (7.22272782, 7.81423407, 0),
        (12.834574, 8.83737815, 0),
        (11.9862517, 9.15402479, 0),
        (10.9686258, 8.35955513, 0),
        (11.0327306, 9.30326658, 0),
        (6.86744919, 8.92681308, 0),
        (6.59117059, 8.13758554, 0),
        (9.0085813, 9.08365827, -0.8),
        (12.3764334, 9.98061097, 0),
        (11.6804255, 9.90103874, 0),
        (12.8555729, 9.50270368, 0),
        (12.3322878, 10.8532189, 0),
        (11.5548611, 11.0514493, 0),
        (11.0334216, 10.5117919, 0),
        (6.23597928, 9.38639177, 0),
        (6.25250742, 8.70853716, 0),
        (13.7381395, 7.96292201, 0),
        (9.04243252, 10.5087397, -0.8),
        (7.92970409, 10.6660513, -0.8),
        (7.250887, 10.2984666, -0.8),
        (9.47690746, 10.0392942, -0.8),
        (12.8425178, 6.12564914, 0),
        (9.62903786, 11.0719937, -0.8),
        (10.6568991, 9.81923403, 0),
        (7.19492342, 7.0390816, 0),
        (6.50526515, 6.82697714, 0),
        (5.98829124, 7.84990248, 0),
        (11.9311579, 4.8759282, -0.8),
        (12.8125579, 4.9761408, -0.8),
        (12.4617073, 4.38155672, -0.8),
        (6.21567047, 5.7521452, 0),
        (6.98209395, 6.42753297, 0),
        (5.37403384, 7.12033106, 0),
        (7.21676732, 5.82955236, 0),
        (13.9232171, 9.10519292, 0),
        (13.6711796, 9.7100224, 0),
        (6.00195752, 10.3861326, -0.8),
        (7.47329681, 11.7905719, 0),
        (7.81156822, 6.3001183, 0),
        (5.79633414, 6.63542402, 0),
        (5.56575749, 8.43222485, 0),
        (5.19246418, 10.6503569, -0.8),
        (4.88992657, 12.1389988, 0),
        (5.7197074, 11.8753577, 0),
        (4.30551746, 10.7225688, -0.8),
        (14.4828526, 8.48198862, 0),
        (14.7860998, 7.31316759, 0),
        (14.1376213, 7.37791843, 0),
        (13.640986, 6.74747997, 0),
        (5.39376217, 9.15318298, 0),
        (4.80043663, 8.05137254, 0),
        (4.57114323, 8.76865876, 0),
        (14.6088046, 9.6067265, 0),
        (14.2048915, 10.63287, 0),
        (13.3488708, 10.3632205, 0),
        (4.91800204, 6.51227534, 0),
        (5.33296419, 5.50602677, 0),
        (14.5003045, 6.6401522, 0),
        (14.728, 6.01729859, 0),
        (13.9600761, 4.66248638, -0.8),
        (4.28639836, 6.81293169, 0),
        (4.47073801, 7.44543266, 0),
        (6.64730907, 7.50527537, 0),
        (13.8819819, 11.2641017, 0),
        (3.27291369, 7.36477473, 0),
        (3.46569392, 8.10424694, 0),
        (12.4367283, 12.0055728, 0),
        (11.7628983, 11.9223522, 0),
        (13.0670184, 11.060758, 0),
        (14.0103098, 12.3987508, 0),
        (14.8131133, 11.320997, 0),
        (14.6830735, 12.0875738, 0),
        (2.57456747, 8.46944651, 0),
        (3.57092862, 9.1803534, 0),
        (2.46592187, 7.79379121, 0),
        (8.22390999, 12.9576049, 0),
        (7.6162927, 12.4082575, 0),
        (5.93919032, 4.69044212, 0),
        (6.51000552, 5.13149102, 0),
        (4.76245788, 5.79652013, 0),
        (4.9745356, 4.72035884, 0),
        (6.45421959, 11.8193453, 0),
        (15.1989344, 4.62037932, -0.8),
        (9.29141167, 12.8719517, -0.8),
        (9.73444463, 12.4153531, -0.8),
        (2.55784906, 6.98189281, 0),
        (3.30237642, 6.662342, 0),
        (2.76898522, 6.31622884, 0),
        (3.62846975, 5.97697795, 0),
        (11.7901729, 12.6170407, 0),
        (11.1709579, 12.5300642, 0),
        (3.87048905, 7.63130866, 0),
        (2.82729034, 5.67001605, 0),
        (1.94880271, 9.24043421, 0),
        (2.72822382, 9.66915896, 0),
        (1.58256977, 8.37655093, 0),
        (13.674582, 3.31434315, 0),
        (12.6625016, 2.62448142, 0),
        (11.7364193, 3.01129355, 0),
        (10.3002197, 4.84419191, -0.8),
        (9.63268266, 4.98553934, -0.8),
        (2.84613763, 10.7349719, -0.8),
        (1.57580515, 9.77285226, 0),
        (3.75677453, 4.85348217, 0),
        (5.95152229, 4.05673098, 0),
        (4.41739554, 4.40420092, 0),
        (4.86513179, 3.76386408, 0),
        (3.97796716, 12.2436214, 0),
        (1.64645335, 11.2287523, -0.8),
        (5.32924709, 12.9812628, 0),
        (4.34352502, 12.7883125, 0),
        (5.96568953, 12.6671967, 0),
        (10.8237648, 13.057142, 0),
        (11.6891252, 13.4117329, 0),
        (12.3807791, 13.6003318, 0),
        (13.0165833, 12.5133339, 0),
        (11.143467, 11.7875096, 0),
        (8.12836247, 13.8633225, 0),
        (7.16756506, 13.4838402, 0),
        (3.11927512, 12.6867357, 0),
        (7.18271328, 4.91671521, 0),
        (1.41888962, 7.28698934, 0),
        (3.34740088, 13.4936747, 0),
        (2.49961308, 13.216096, 0),
        (2.72687409, 13.811481, 0),
        (3.72710813, 12.9829562, 0),
        (15.8029652, 9.82676405, -0.8),
        (15.81132, 11.743412, -0.8),
        (1.51351133, 12.9099943, 0),
        (1.71000114, 13.7967081, 0),
        (1.92859307, 12.3838722, 0),
        (2.12836692, 14.3032791, 0),
        (4.16104348, 13.4586934, 0),
        (14.6154303, 2.99854216, 0),
        (15.6463437, 3.90434499, -0.8),
        (4.87573208, 13.7846508, 0),
        (6.95403593, 12.6159094, 0),
        (3.22940726, 14.2872793, 0),
        (3.84864725, 14.0811006, 0),
        (13.5251358, 2.33381989, 0),
        (3.53823486, 10.8668169, -0.8),
        (13.5350627, 13.4641202, 0),
        (12.885205, 13.1677602, 0),
        (6.83989568, 4.21262056, 0),
        (7.43783074, 3.40600783, 0),
        (6.54949229, 3.29056967, 0),
        (13.4447761, 11.9819542, 0),
        (14.4470658, 13.2009692, 0),
        (13.064296, 14.1205198, 0),
        (14.8309083, 10.205011, 0),
        (12.8528459, 1.45504759, 0),
        (14.1321006, 1.55436329, 0),
        (14.6119737, 2.24819524, 0),
        (13.526979, 1.25808627, 0),
        (3.83373868, 3.75222596, 0),
        (2.65141872, 4.7935412, 0),
        (3.21260689, 4.33568118, 0),
        (9.56740043, 13.6730488, -0.8),
        (1.20605391, 8.90044221, 0),
        (6.61307929, 13.141555, 0),
        (6.0014833, 13.8038111, 0),
        (0.318231948, 13.842526, -0.8),
        (6.63852603, 13.8125136, 0),
        (7.09299175, 14.6367712, 0),
        (7.76291511, 14.4804947, 0),
        (6.46422655, 14.544414, 0),
        (7.08828944, 15.751386, -0.8),
        (0.625615917, 11.2149347, -0.8),
        (9.01991192, 3.79220484, -0.8),
        (9.7730031, 14.7043789, -0.8),
        (3.9472008, 2.93807599, 0),
        (3.16578239, 3.09720114, 0),
        (2.9874129, 3.73232863, 0),
        (0.30883594, 12.400673, -0.8),
        (15.805822, 2.53900687, -0.8),
        (15.7672105, 1.87113766, -0.8),
        (4.46997749, 5.19210084, 0),
        (3.41203241, 15.8245631, -0.8),
        (4.8576131, 14.661246, 0),
        (8.92913123, 5.81965041, -0.8),
        (5.74470027, 14.4262636, 0),
        (0.198510453, 9.08488058, -0.8),
        (2.0389183, 5.4448287, 0),
        (1.544694, 6.37216195, 0),
        (15.7253747, 8.63405862, -0.8),
        (9.96181591, 15.3955138, -0.8),
        (8.90461478, 3.09669729, -0.8),
        (13.4363489, 8.68686717, 0),
        (13.0174105, 14.8332611, 0),
        (12.3469292, 14.6570401, 0),
        (14.0899354, 14.7943411, 0),
        (13.9962417, 13.9293607, 0),
        (14.6337734, 14.0656647, 0),
        (3.03762438, 2.14771561, 0),
        (4.56581124, 3.06438728, 0),
        (4.95401138, 2.53088317, 0),
        (4.27512239, 1.78313025, 0),
        (3.77719983, 2.32537857, 0),
        (12.8938715, 15.8341441, -0.8),
        (11.9111976, 1.82484281, 0),
        (1.43644301, 4.69014528, 0),
        (1.10267189, 5.86279976, 0),
        (11.027743, 1.77407672, 0),
        (11.3816198, 2.39695992, 0),
        (11.5760325, 1.23839513, 0),
        (15.7431998, 14.7489089, -0.8),
        (3.50351443, 1.67999663, 0),
        (0.151830444, 15.4981665, -0.8),
        (15.719577, 15.51728, -0.8),
        (5.77534193, 3.39296355, 0),
        (5.76409906, 2.70671508, 0),
        (5.46495203, 1.84327506, 0),
        (9.02898104, 1.98060375, -0.8),
        (10.5668093, 2.47400681, 0),
        (2.52896708, 1.5163741, 0),
        (1.86873675, 2.10198563, 0),
        (2.51521957, 2.85395178, 0),
        (11.0244448, 2.95712527, 0),
        (10.2345888, 1.45621277, 0),
        (1.73575874, 3.08722346, 0),
        (1.11010269, 2.85786237, 0),
        (0.23170922, 6.08637733, -0.8),
        (1.12844501, 4.09077062, 0),
        (11.1750944, 14.4516783, 0),
        (1.08793206, 0.20496129, -0.8),
        (1.92862814, 0.195872386, -0.8),
        (11.0596971, 13.6428737, 0),
        (11.9145795, 14.0178498, 0),
        (5.58780977, 15.8151213, -0.8),
        (4.2379909, 15.7965802, -0.8),
        (1.94377908, 3.77992902, 0),
        (10.4613324, 0.262938008, -0.8),
        (9.46308758, 0.279804077, -0.8),
        (6.23184288, 1.73638992, 0),
        (6.81963555, 2.59898427, 0),
        (8.66291289, 1.21931091, -0.8),
        (7.31857116, 1.99938119, 0),
        (7.32101378, 1.25253703, 0),
        (5.08189213, 0.30738524, -0.8),
        (5.8426779, 0.26145394, -0.8),
        (8.47388067, 0.539550492, -0.8),
        (7.4811034, 2.73885543, 0),
        (15.8396766, 0.271319847, -0.8),
        (2.55502712, 0.327274901, -0.8),
        (13.0639415, 3.10789354, 0)
    ]
    color3f[] primvars:displayColor = [
        (0.34, 0.2, 0.08),
        (0.34, 0.2, 0.08),
        (0.34, 0.2, 0.08),
        (0.34, 0.2, 0.08),
        (0.34, 0.2, 0.08),
        (0.34, 0.2, 0.08),
        (0.34, 0.2, 0.08),
        (0.34, 0.2, 0.08),
        (0.34, 0.2, 0.08),
        (0.34, 0.2, 0.08),
        (0.34, 0.2, 0.08),
        (0.34, 0.2, 0.08),
        (0.34, 0.2, 0.08),
        (0.34, 0.2, 0.08),
        (0.34, 0.2, 0.08),
        (0.34, 0.2, 0.08),
        (0.34, 0.2, 0.08),
        (0.34, 0.2, 0.08),
        (0.34, 0.2, 0.08),
        (0.34, 0.2, 0.08),
        (0.34, 0.2, 0.08),
        (0.34, 0.2, 0.08),
        (0.34, 0.2, 0.08),
        (0.34, 0.2, 0.08),
        (0.34, 0.2, 0.08),
        (0.34, 0.2, 0.08),
        (0.34, 0.2, 0.08),
        (0.34, 0.2, 0.08),
        (0.34, 0.2, 0.08),
        (0.34, 0.2, 0.08),
        (0.34, 0.2, 0.08),
        (0.34, 0.2, 0.08),
        (0.34, 0.2, 0.08),
        (0.34, 0.2, 0.08),
        (0.34, 0.2, 0.08),
        (0.34, 0.2, 0.08),
        (0.34, 0.2, 0.08),
        (0.34, 0.2, 0.08),
        (0.34, 0.2, 0.08),
        (0.34, 0.2, 0.08),
        (0.34, 0.2, 0.08),
        (0.34, 0.2, 0.08),
        (0.34, 0.2, 0.08),
        (0.34, 0.2, 0.08),
        (0.34, 0.2, 0.08),
        (0.34, 0.2, 0.08),
        (0.34, 0.2, 0.08),
        (0.34, 0.2, 0.08),
        (0.34, 0.2, 0.08),
        (0.34, 0.2, 0.08),
        (0.34, 0.2, 0.08),
        (0.34, 0.2, 0.08),
        (0.34, 0.2, 0.08),
        (0.34, 0.2, 0.08),
        (0.34, 0.2, 0.08),
        (0.34, 0.2, 0.08),
        (0.34, 0.2, 0.08),
        (0.34, 0.2, 0.08),
        (0.34, 0.2, 0.08),
        (0.34, 0.2, 0.08),
        (0.34, 0.2, 0.08),
        (0.34, 0.2, 0.08),
        (0.34, 0.2, 0.08),
        (0.34, 0.2, 0.08),
        (0.18, 0.38, 0.08),
        (0.18, 0.38, 0.08),
        (0.18, 0.38, 0.08),
        (0.18, 0.38, 0.08),
        (0.18, 0.38, 0.08),
        (0.18, 0.38, 0.08),
        (0.18, 0.38, 0.08),
        (0.18, 0.38, 0.08),
        (0.18, 0.38, 0.08),
        (0.18, 0.38, 0.08),
        (0.18, 0.38, 0.08),
        (0.18, 0.38, 0.08),
        (0.18, 0.38, 0.08),
        (0.18, 0.38, 0.08),
        (0.18, 0.38, 0.08),
        (0.18, 0.38, 0.08),
        (0.18, 0.38, 0.08),
        (0.18, 0.38, 0.08),
        (0.18, 0.38, 0.08),
        (0.18, 0.38, 0.08),
        (0.18, 0.38, 0.08),
        (0.18, 0.38, 0.08),
        (0.18, 0.38, 0.08),
        (0.18, 0.38, 0.08),
        (0.18, 0.38, 0.08),
        (0.18, 0.38, 0.08),
        (0.18, 0.38, 0.08),
        (0.18, 0.38, 0.08),
        (0.18, 0.38, 0.08),
        (0.18, 0.38, 0.08),
        (0.18, 0.38, 0.08),
        (0.18, 0.38, 0.08),
        (0.18, 0.38, 0.08),
        (0.18, 0.38, 0.08),
        (0.18, 0.38, 0.08),
        (0.18, 0.38, 0.08),
        (0.18, 0.38, 0.08),
        (0.18, 0.38, 0.08),
        (0.18, 0.38, 0.08),
        (0.18, 0.38, 0.08),
        (0.18, 0.38, 0.08),
        (0.18, 0.38, 0.08),
        (0.18, 0.38, 0.08),
        (0.18, 0.38, 0.08),
        (0.18, 0.38, 0.08),
        (0.18, 0.38, 0.08),
        (0.18, 0.38, 0.08),
        (0.18, 0.38, 0.08),
        (0.18, 0.38, 0.08),
        (0.18, 0.38, 0.08),
        (0.18, 0.38, 0.08),
        (0.18, 0.38, 0.08),
        (0.18, 0.38, 0.08),
        (0.18, 0.38, 0.08),
        (0.18, 0.38, 0.08),
        (0.18, 0.38, 0.08),
        (0.18, 0.38, 0.08),
        (0.18, 0.38, 0.08),
        (0.18, 0.38, 0.08),
        (0.18, 0.38, 0.08),
        (0.18, 0.38, 0.08),
        (0.18, 0.38, 0.08),
        (0.18, 0.38, 0.08),
        (0.18, 0.38, 0.08),
        (0.18, 0.38, 0.08),
        (0.18, 0.38, 0.08),
        (0.18, 0.38, 0.08),
        (0.18, 0.38, 0.08),
        (0.18, 0.38, 0.08),
        (0.18, 0.38, 0.08),
        (0.18, 0.38, 0.08),
        (0.18, 0.38, 0.08),
        (0.18, 0.38, 0.08),
        (0.18, 0.38, 0.08),
        (0.18, 0.38, 0.08),
        (0.18, 0.38, 0.08),
        (0.18, 0.38, 0.08),
        (0.18, 0.38, 0.08),
        (0.18, 0.38, 0.08),
        (0.18, 0.38, 0.08),
        (0.18, 0.38, 0.08),
        (0.18, 0.38, 0.08),
        (0.18, 0.38, 0.08),
        (0.18, 0.38, 0.08),
        (0.18, 0.38, 0.08),
        (0.18, 0.38, 0.08),
        (0.18, 0.38, 0.08),
        (0.18, 0.38, 0.08),
        (0.18, 0.38, 0.08),
        (0.18, 0.38, 0.08),
        (0.18, 0.38, 0.08),
        (0.18, 0.38, 0.08),
        (0.18, 0.38, 0.08),
        (0.18, 0.38, 0.08),
        (0.18, 0.38, 0.08),
        (0.18, 0.38, 0.08),
        (0.18, 0.38, 0.08),
        (0.18, 0.38, 0.08),
        (0.18, 0.38, 0.08),
        (0.18, 0.38, 0.08),
        (0.18, 0.38, 0.08),
        (0.18, 0.38, 0.08),
        (0.18, 0.38, 0.08),
        (0.18, 0.38, 0.08),
        (0.18, 0.38, 0.08),
        (0.18, 0.38, 0.08),
        (0.18, 0.38, 0.08),
        (0.18, 0.38, 0.08),
        (0.18, 0.38, 0.08),
        (0.18, 0.38, 0.08),
        (0.18, 0.38, 0.08),
        (0.18, 0.38, 0.08),
        (0.18, 0.38, 0.08),
        (0.18, 0.38, 0.08),
        (0.18, 0.38, 0.08),
        (0.18, 0.38, 0.08),
        (0.18, 0.38, 0.08),
        (0.18, 0.38, 0.08),
        (0.18, 0.38, 0.08),
        (0.18, 0.38, 0.08),
        (0.18, 0.38, 0.08),
        (0.18, 0.38, 0.08),
        (0.18, 0.38, 0.08),
        (0.18, 0.38, 0.08),
        (0.18, 0.38, 0.08),
        (0.18, 0.38, 0.08),
        (0.18, 0.38, 0.08),
        (0.18, 0.38, 0.08),
        (0.18, 0.38, 0.08),
        (0.18, 0.38, 0.08),
        (0.18, 0.38, 0.08),
        (0.18, 0.38, 0.08),
        (0.18, 0.38, 0.08),
        (0.18, 0.38, 0.08),
        (0.18, 0.38, 0.08),
        (0.18, 0.38, 0.08),
        (0.18, 0.38, 0.08),
        (0.18, 0.38, 0.08),
        (0.18, 0.38, 0.08),
        (0.18, 0.38, 0.08),
        (0.18, 0.38, 0.08),
        (0.18, 0.38, 0.08),
        (0.18, 0.38, 0.08),
        (0.18, 0.38, 0.08),
        (0.18, 0.38, 0.08),
        (0.18, 0.38, 0.08),
        (0.18, 0.38, 0.08),
        (0.18, 0.38, 0.08),
        (0.18, 0.38, 0.08),
        (0.18, 0.38, 0.08),
        (0.18, 0.38, 0.08),
        (0.18, 0.38, 0.08),
        (0.18, 0.38, 0.08),
        (0.18, 0.38, 0.08),
        (0.18, 0.38, 0.08),
        (0.18, 0.38, 0.08),
        (0.18, 0.38, 0.08),
        (0.18, 0.38, 0.08),
        (0.18, 0.38, 0.08),
        (0.18, 0.38, 0.08),
        (0.18, 0.38, 0.08),
        (0.18, 0.38, 0.08),
        (0.18, 0.38, 0.08),
        (0.18, 0.38, 0.08),
        (0.18, 0.38, 0.08),
        (0.18, 0.38, 0.08),
        (0.18, 0.38, 0.08),
        (0.18, 0.38, 0.08),
        (0.18, 0.38, 0.08),
        (0.18, 0.38, 0.08),
        (0.18, 0.38, 0.08),
        (0.18, 0.38, 0.08),
        (0.18, 0.38, 0.08),
        (0.18, 0.38, 0.08),
        (0.18, 0.38, 0.08),
        (0.18, 0.38, 0.08),
        (0.18, 0.38, 0.08),
        (0.18, 0.38, 0.08),
        (0.18, 0.38, 0.08),
        (0.18, 0.38, 0.08),
        (0.18, 0.38, 0.08),
        (0.18, 0.38, 0.08),
        (0.18, 0.38, 0.08),
        (0.18, 0.38, 0.08),
        (0.18, 0.38, 0.08),
        (0.18, 0.38, 0.08),
        (0.18, 0.38, 0.08),
        (0.18, 0.38, 0.08),
        (0.18, 0.38, 0.08),
        (0.18, 0.38, 0.08),
        (0.18, 0.38, 0.08),
        (0.18, 0.38, 0.08),
        (0.18, 0.38, 0.08),
        (0.18, 0.38, 0.08),
        (0.18, 0.38, 0.08),
        (0.18, 0.38, 0.08),
        (0.18, 0.38, 0.08),
        (0.18, 0.38, 0.08),
        (0.18, 0.38, 0.08),
        (0.18, 0.38, 0.08),
        (0.18, 0.38, 0.08),
        (0.18, 0.38, 0.08),
        (0.18, 0.38, 0.08),
        (0.18, 0.38, 0.08),
        (0.18, 0.38, 0.08),
        (0.18, 0.38, 0.08),
        (0.18, 0.38, 0.08),
        (0.18, 0.38, 0.08),
        (0.18, 0.38, 0.08),
        (0.18, 0.38, 0.08),
        (0.18, 0.38, 0.08),
        (0.18, 0.38, 0.08),
        (0.18, 0.38, 0.08),
        (0.18, 0.38, 0.08),
        (0.18, 0.38, 0.08),
        (0.18, 0.38, 0.08),
        (0.18, 0.38, 0.08),
        (0.18, 0.38, 0.08),
        (0.18, 0.38, 0.08),
        (0.18, 0.38, 0.08),
        (0.18, 0.38, 0.08),
        (0.18, 0.38, 0.08),
        (0.18, 0.38, 0.08),
        (0.18, 0.38, 0.08),
        (0.18, 0.38, 0.08),
        (0.18, 0.38, 0.08),
        (0.18, 0.38, 0.08),
        (0.18, 0.38, 0.08),
        (0.18, 0.38, 0.08),
        (0.18, 0.38, 0.08),
        (0.18, 0.38, 0.08),
        (0.18, 0.38, 0.08),
        (0.18, 0.38, 0.08),
        (0.18, 0.38, 0.08),
        (0.18, 0.38, 0.08),
        (0.18, 0.38, 0.08),
        (0.18, 0.38, 0.08),
        (0.18, 0.38, 0.08),
        (0.18, 0.38, 0.08),
        (0.18, 0.38, 0.08),
        (0.18, 0.38, 0.08),
        (0.18, 0.38, 0.08),
        (0.18, 0.38, 0.08),
        (0.18, 0.38, 0.08),
        (0.18, 0.38, 0.08),
        (0.18, 0.38, 0.08),
        (0.18, 0.38, 0.08),
        (0.18, 0.38, 0.08),
        (0.18, 0.38, 0.08),
        (0.18, 0.38, 0.08),
        (0.18, 0.38, 0.08),
        (0.18, 0.38, 0.08),
        (0.18, 0.38, 0.08),
        (0.18, 0.38, 0.08),
        (0.18, 0.38, 0.08),
        (0.18, 0.38, 0.08),
        (0.18, 0.38, 0.08),
        (0.18, 0.38, 0.08),
        (0.18, 0.38, 0.08),
        (0.18, 0.38, 0.08),
        (0.18, 0.38, 0.08),
        (0.18, 0.38, 0.08),
        (0.18, 0.38, 0.08),
        (0.18, 0.38, 0.08),
        (0.18, 0.38, 0.08),
        (0.18, 0.38, 0.08),
        (0.18, 0.38, 0.08),
        (0.18, 0.38, 0.08),
        (0.18, 0.38, 0.08),
        (0.18, 0.38, 0.08),
        (0.18, 0.38, 0.08),
        (0.18, 0.38, 0.08),
        (0.18, 0.38, 0.08),
        (0.18, 0.38, 0.08),
        (0.18, 0.38, 0.08),
        (0.18, 0.38, 0.08),
        (0.18, 0.38, 0.08),
        (0.18, 0.38, 0.08),
        (0.18, 0.38, 0.08),
        (0.18, 0.38, 0.08),
        (0.18, 0.38, 0.08),
        (0.18, 0.38, 0.08),
        (0.18, 0.38, 0.08),
        (0.18, 0.38, 0.08),
        (0.18, 0.38, 0.08),
        (0.18, 0.38, 0.08),
        (0.18, 0.38, 0.08),
        (0.18, 0.38, 0.08),
        (0.18, 0.38, 0.08),
        (0.18, 0.38, 0.08),
        (0.18, 0.38, 0.08),
        (0.18, 0.38, 0.08),
        (0.18, 0.38, 0.08),
        (0.18, 0.38, 0.08),
        (0.18, 0.38, 0.08),
        (0.18, 0.38, 0.08),
        (0.18, 0.38, 0.08),
        (0.18, 0.38, 0.08),
        (0.18, 0.38, 0.08),
        (0.18, 0.38, 0.08),
        (0.18, 0.38, 0.08),
        (0.18, 0.38, 0.08),
        (0.18, 0.38, 0.08),
        (0.18, 0.38, 0.08),
        (0.18, 0.38, 0.08),
        (0.18, 0.38, 0.08),
        (0.18, 0.38, 0.08),
        (0.18, 0.38, 0.08),
        (0.18, 0.38, 0.08),
        (0.18, 0.38, 0.08),
        (0.18, 0.38, 0.08),
        (0.18, 0.38, 0.08),
        (0.18, 0.38, 0.08),
        (0.18, 0.38, 0.08),
        (0.18, 0.38, 0.08),
        (0.18, 0.38, 0.08),
        (0.18, 0.38, 0.08),
        (0.18, 0.38, 0.08),
        (0.18, 0.38, 0.08),
        (0.18, 0.38, 0.08),
        (0.18, 0.38, 0.08),
        (0.18, 0.38, 0.08),
        (0.18, 0.38, 0.08),
        (0.18, 0.38, 0.08),
        (0.18, 0.38, 0.08),
        (0.18, 0.38, 0.08),
        (0.18, 0.38, 0.08),
        (0.18, 0.38, 0.08),
        (0.18, 0.38, 0.08),
        (0.18, 0.38, 0.08),
        (0.18, 0.38, 0.08),
        (0.18, 0.38, 0.08),
        (0.18, 0.38, 0.08),
        (0.18, 0.38, 0.08),
        (0.18, 0.38, 0.08),
        (0.18, 0.38, 0.08),
        (0.18, 0.38, 0.08),
        (0.18, 0.38, 0.08),
        (0.18, 0.38, 0.08),
        (0.18, 0.38, 0.08),
        (0.18, 0.38, 0.08),
        (0.18, 0.38, 0.08),
        (0.18, 0.38, 0.08),
        (0.18, 0.38, 0.08),
        (0.18, 0.38, 0.08),
        (0.18, 0.38, 0.08),
        (0.18, 0.38, 0.08),
        (0.18, 0.38, 0.08),
        (0.18, 0.38, 0.08),
        (0.18, 0.38, 0.08),
        (0.18, 0.38, 0.08),
        (0.18, 0.38, 0.08),
        (0.18, 0.38, 0.08),
        (0.18, 0.38, 0.08),
        (0.18, 0.38, 0.08),
        (0.18, 0.38, 0.08),
        (0.18, 0.38, 0.08),
        (0.18, 0.38, 0.08),
        (0.18, 0.38, 0.08),
        (0.18, 0.38, 0.08),
        (0.18, 0.38, 0.08),
        (0.18, 0.38, 0.08),
        (0.18, 0.38, 0.08),
        (0.18, 0.38, 0.08),
        (0.18, 0.38, 0.08),
        (0.18, 0.38, 0.08),
        (0.18, 0.38, 0.08),
        (0.18, 0.38, 0.08),
        (0.18, 0.38, 0.08),
        (0.18, 0.38, 0.08),
        (0.18, 0.38, 0.08),
        (0.18, 0.38, 0.08),
        (0.18, 0.38, 0.08),
        (0.18, 0.38, 0.08),
        (0.18, 0.38, 0.08),
        (0.18, 0.38, 0.08),
        (0.18, 0.38, 0.08),
        (0.18, 0.38, 0.08),
        (0.18, 0.38, 0.08),
        (0.18, 0.38, 0.08),
        (0.18, 0.38, 0.08),
        (0.18, 0.38, 0.08),
        (0.18, 0.38, 0.08),
        (0.18, 0.38, 0.08),
        (0.18, 0.38, 0.08),
        (0.18, 0.38, 0.08),
        (0.18, 0.38, 0.08),
        (0.18, 0.38, 0.08),
        (0.18, 0.38, 0.08),
        (0.18, 0.38, 0.08),
        (0.18, 0.38, 0.08),
        (0.18, 0.38, 0.08),
        (0.18, 0.38, 0.08),
        (0.18, 0.38, 0.08),
        (0.18, 0.38, 0.08),
        (0.18, 0.38, 0.08),
        (0.18, 0.38, 0.08),
        (0.18, 0.38, 0.08),
        (0.18, 0.38, 0.08),
        (0.18, 0.38, 0.08),
        (0.18, 0.38, 0.08),
        (0.18, 0.38, 0.08),
        (0.18, 0.38, 0.08),
        (0.18, 0.38, 0.08),
        (0.18, 0.38, 0.08),
        (0.18, 0.38, 0.08),
        (0.18, 0.38, 0.08),
        (0.18, 0.38, 0.08),
        (0.18, 0.38, 0.08),
        (0.18, 0.38, 0.08),
        (0.18, 0.38, 0.08),
        (0.18, 0.38, 0.08),
        (0.18, 0.38, 0.08),
        (0.18, 0.38, 0.08),
        (0.18, 0.38, 0.08),
        (0.18, 0.38, 0.08),
        (0.18, 0.38, 0.08),
        (0.18, 0.38, 0.08),
        (0.18, 0.38, 0.08),
        (0.18, 0.38, 0.08),
        (0.18, 0.38, 0.08),
        (0.18, 0.38, 0.08),
        (0.18, 0.38, 0.08),
        (0.18, 0.38, 0.08),
        (0.18, 0.38, 0.08),
        (0.18, 0.38, 0.08),
        (0.18, 0.38, 0.08),
        (0.18, 0.38, 0.08),
        (0.18, 0.38, 0.08),
        (0.18, 0.38, 0.08),
        (0.18, 0.38, 0.08),
        (0.18, 0.38, 0.08),
        (0.18, 0.38, 0.08),
        (0.18, 0.38, 0.08),
        (0.18, 0.38, 0.08),
        (0.18, 0.38, 0.08),
        (0.18, 0.38, 0.08),
        (0.18, 0.38, 0.08),
        (0.18, 0.38, 0.08),
        (0.18, 0.38, 0.08),
        (0.18, 0.38, 0.08),
        (0.18, 0.38, 0.08),
        (0.18, 0.38, 0.08),
        (0.18, 0.38, 0.08),
        (0.18, 0.38, 0.08),
        (0.18, 0.38, 0.08),
        (0.18, 0.38, 0.08),
        (0.18, 0.38, 0.08),
        (0.18, 0.38, 0.08),
        (0.18, 0.38, 0.08),
        (0.18, 0.38, 0.08),
        (0.18, 0.38, 0.08),
        (0.18, 0.38, 0.08),
        (0.18, 0.38, 0.08),
        (0.18, 0.38, 0.08),
        (0.18, 0.38, 0.08),
        (0.18, 0.38, 0.08),
        (0.18, 0.38, 0.08),
        (0.18, 0.38, 0.08),
        (0.18, 0.38, 0.08),
        (0.18, 0.38, 0.08),
        (0.18, 0.38, 0.08),
        (0.18, 0.38, 0.08),
        (0.18, 0.38, 0.08),
        (0.18, 0.38, 0.08),
        (0.18, 0.38, 0.08),
        (0.18, 0.38, 0.08),
        (0.18, 0.38, 0.08),
        (0.18, 0.38, 0.08),
        (0.18, 0.38, 0.08),
        (0.18, 0.38, 0.08),
        (0.18, 0.38, 0.08),
        (0.18, 0.38, 0.08),
        (0.18, 0.38, 0.08),
        (0.18, 0.38, 0.08),
        (0.18, 0.38, 0.08),
        (0.18, 0.38, 0.08),
        (0.18, 0.38, 0.08),
        (0.18, 0.38, 0.08),
        (0.18, 0.38, 0.08),
        (0.18, 0.38, 0.08),
        (0.18, 0.38, 0.08),
        (0.18, 0.38, 0.08),
        (0.18, 0.38, 0.08),
        (0.18, 0.38, 0.08),
        (0.18, 0.38, 0.08),
        (0.18, 0.38, 0.08),
        (0.18, 0.38, 0.08),
        (0.18, 0.38, 0.08),
        (0.18, 0.38, 0.08),
        (0.18, 0.38, 0.08),
        (0.18, 0.38, 0.08),
        (0.18, 0.38, 0.08),
        (0.18, 0.38, 0.08),
        (0.18, 0.38, 0.08),
        (0.18, 0.38, 0.08),
        (0.18, 0.38, 0.08),
        (0.18, 0.38, 0.08),
        (0.18, 0.38, 0.08),
        (0.18, 0.38, 0.08),
        (0.18, 0.38, 0.08),
        (0.18, 0.38, 0.08),
        (0.18, 0.38, 0.08),
        (0.18, 0.38, 0.08),
        (0.18, 0.38, 0.08),
        (0.18, 0.38, 0.08),
        (0.18, 0.38, 0.08),
        (0.18, 0.38, 0.08),
        (0.18, 0.38, 0.08),
        (0.18, 0.38, 0.08),
        (0.18, 0.38, 0.08),
        (0.18, 0.38, 0.08),
        (0.18, 0.38, 0.08),
        (0.18, 0.38, 0.08),
        (0.18, 0.38, 0.08),
        (0.18, 0.38, 0.08),
        (0.18, 0.38, 0.08),
        (0.18, 0.38, 0.08),
        (0.18, 0.38, 0.08),
        (0.18, 0.38, 0.08),
        (0.18, 0.38, 0.08),
        (0.18, 0.38, 0.08),
        (0.18, 0.38, 0.08),
        (0.18, 0.38, 0.08),
        (0.34, 0.2, 0.08),
        (0.34, 0.2, 0.08),
        (0.34, 0.2, 0.08),
        (0.34, 0.2, 0.08),
        (0.34, 0.2, 0.08),
        (0.34, 0.2, 0.08),
        (0.34, 0.2, 0.08),
        (0.34, 0.2, 0.08),
        (0.34, 0.2, 0.08),
        (0.34, 0.2, 0.08),
        (0.34, 0.2, 0.08),
        (0.34, 0.2, 0.08),
        (0.34, 0.2, 0.08),
        (0.34, 0.2, 0.08),
        (0.34, 0.2, 0.08),
        (0.34, 0.2, 0.08),
        (0.34, 0.2, 0.08),
        (0.34, 0.2, 0.08),
        (0.34, 0.2, 0.08),
        (0.34, 0.2, 0.08),
        (0.34, 0.2, 0.08),
        (0.34, 0.2, 0.08),
        (0.34, 0.2, 0.08),
        (0.34, 0.2, 0.08),
        (0.34, 0.2, 0.08),
        (0.34, 0.2, 0.08),
        (0.34, 0.2, 0.08),
        (0.34, 0.2, 0.08),
        (0.34, 0.2, 0.08),
        (0.34, 0.2, 0.08),
        (0.34, 0.2, 0.08),
        (0.34, 0.2, 0.08),
        (0.34, 0.2, 0.08),
        (0.34, 0.2, 0.08),
        (0.34, 0.2, 0.08),
        (0.34, 0.2, 0.08),
        (0.34, 0.2, 0.08),
        (0.34, 0.2, 0.08),
        (0.34, 0.2, 0.08),
        (0.34, 0.2, 0.08),
        (0.34, 0.2, 0.08),
        (0.34, 0.2, 0.08),
        (0.34, 0.2, 0.08),
        (0.34, 0.2, 0.08),
        (0.34, 0.2, 0.08),
        (0.34, 0.2, 0.08),
        (0.34, 0.2, 0.08),
        (0.34, 0.2, 0.08),
        (0.34, 0.2, 0.08),
        (0.34, 0.2, 0.08),
        (0.34, 0.2, 0.08),
        (0.34, 0.2, 0.08),
        (0.34, 0.2, 0.08),
        (0.34, 0.2, 0.08),
        (0.34, 0.2, 0.08),
        (0.34, 0.2, 0.08),
        (0.34, 0.2, 0.08),
        (0.34, 0.2, 0.08),
        (0.34, 0.2, 0.08),
        (0.34, 0.2, 0.08),
        (0.34, 0.2, 0.08),
        (0.34, 0.2, 0.08),
        (0.34, 0.2, 0.08),
        (0.34, 0.2, 0.08),
        (0.34, 0.2, 0.08),
        (0.34, 0.2, 0.08),
        (0.34, 0.2, 0.08),
        (0.34, 0.2, 0.08),
        (0.34, 0.2, 0.08),
        (0.34, 0.2, 0.08),
        (0.34, 0.2, 0.08),
        (0.34, 0.2, 0.08),
        (0.34, 0.2, 0.08),
        (0.34, 0.2, 0.08),
        (0.34, 0.2, 0.08),
        (0.34, 0.2, 0.08),
        (0.34, 0.2, 0.08),
        (0.34, 0.2, 0.08),
        (0.34, 0.2, 0.08),
        (0.34, 0.2, 0.08),
        (0.34, 0.2, 0.08),
        (0.34, 0.2, 0.08),
        (0.34, 0.2, 0.08),
        (0.34, 0.2, 0.08),
        (0.34, 0.2, 0.08),
        (0.34, 0.2, 0.08),
        (0.34, 0.2, 0.08),
        (0.34, 0.2, 0.08),
        (0.34, 0.2, 0.08),
        (0.34, 0.2, 0.08),
        (0.34, 0.2, 0.08),
        (0.34, 0.2, 0.08),
        (0.34, 0.2, 0.08),
        (0.34, 0.2, 0.08),
        (0.34, 0.2, 0.08),
        (0.34, 0.2, 0.08),
        (0.34, 0.2, 0.08),
        (0.34, 0.2, 0.08),
        (0.34, 0.2, 0.08),
        (0.34, 0.2, 0.08),
        (0.34, 0.2, 0.08),
        (0.34, 0.2, 0.08),
        (0.34, 0.2, 0.08),
        (0.34, 0.2, 0.08),
        (0.34, 0.2, 0.08),
        (0.34, 0.2, 0.08),
        (0.34, 0.2, 0.08),
        (0.34, 0.2, 0.08),
        (0.34, 0.2, 0.08),
        (0.34, 0.2, 0.08),
        (0.34, 0.2, 0.08),
        (0.34, 0.2, 0.08),
        (0.34, 0.2, 0.08),
        (0.34, 0.2, 0.08),
        (0.34, 0.2, 0.08),
        (0.34, 0.2, 0.08),
        (0.34, 0.2, 0.08),
        (0.34, 0.2, 0.08),
        (0.34, 0.2, 0.08),
        (0.34, 0.2, 0.08),
        (0.34, 0.2, 0.08),
        (0.34, 0.2, 0.08),
        (0.34, 0.2, 0.08),
        (0.34, 0.2, 0.08),
        (0.34, 0.2, 0.08),
        (0.34, 0.2, 0.08),
        (0.34, 0.2, 0.08),
        (0.34, 0.2, 0.08),
        (0.34, 0.2, 0.08),
        (0.34, 0.2, 0.08),
        (0.34, 0.2, 0.08),
        (0.34, 0.2, 0.08),
        (0.34, 0.2, 0.08),
        (0.34, 0.2, 0.08),
        (0.34, 0.2, 0.08),
        (0.34, 0.2, 0.08),
        (0.34, 0.2, 0.08),
        (0.34, 0.2, 0.08),
        (0.34, 0.2, 0.08),
        (0.34, 0.2, 0.08),
        (0.34, 0.2, 0.08),
        (0.34, 0.2, 0.08),
        (0.34, 0.2, 0.08),
        (0.34, 0.2, 0.08),
        (0.34, 0.2, 0.08),
        (0.34, 0.2, 0.08),
        (0.34, 0.2, 0.08),
        (0.34, 0.2, 0.08),
        (0.34, 0.2, 0.08),
        (0.34, 0.2, 0.08),
        (0.34, 0.2, 0.08),
        (0.34, 0.2, 0.08),
        (0.34, 0.2, 0.08),
        (0.34, 0.2, 0.08),
        (0.34, 0.2, 0.08),
        (0.34, 0.2, 0.08),
        (0.34, 0.2, 0.08),
        (0.34, 0.2, 0.08),
        (0.34, 0.2, 0.08),
        (0.34, 0.2, 0.08),
        (0.34, 0.2, 0.08),
        (0.34, 0.2, 0.08),
        (0.34, 0.2, 0.08),
        (0.34, 0.2, 0.08),
        (0.34, 0.2, 0.08),
        (0.34, 0.2, 0.08),
        (0.34, 0.2, 0.08),
        (0.34, 0.2, 0.08),
        (0.34, 0.2, 0.08),
        (0.34, 0.2, 0.08),
        (0.34, 0.2, 0.08),
        (0.34, 0.2, 0.08),
        (0.34, 0.2, 0.08),
        (0.34, 0.2, 0.08),
        (0.34, 0.2, 0.08),
        (0.34, 0.2, 0.08),
        (0.34, 0.2, 0.08),
        (0.34, 0.2, 0.08),
        (0.34, 0.2, 0.08),
        (0.34, 0.2, 0.08),
        (0.34, 0.2, 0.08),
        (0.34, 0.2, 0.08),
        (0.34, 0.2, 0.08),
        (0.34, 0.2, 0.08),
        (0.34, 0.2, 0.08),
        (0.34, 0.2, 0.08),
        (0.34, 0.2, 0.08),
        (0.34, 0.2, 0.08),
        (0.34, 0.2, 0.08),
        (0.34, 0.2, 0.08),
        (0.34, 0.2, 0.08),
        (0.34, 0.2, 0.08),
        (0.34, 0.2, 0.08),
        (0.34, 0.2, 0.08),
        (0.34, 0.2, 0.08),
        (0.34, 0.2, 0.08),
        (0.34, 0.2, 0.08),
        (0.34, 0.2, 0.08),
        (0.34, 0.2, 0.08),
        (0.34, 0.2, 0.08),
        (0.34, 0.2, 0.08),
        (0.34, 0.2, 0.08),
        (0.34, 0.2, 0.08),
        (0.34, 0.2, 0.08),
        (0.34, 0.2, 0.08),
        (0.34, 0.2, 0.08),
        (0.34, 0.2, 0.08),
        (0.34, 0.2, 0.08),
        (0.34, 0.2, 0.08),
        (0.34, 0.2, 0.08),
        (0.34, 0.2, 0.08),
        (0.34, 0.2, 0.08),
        (0.34, 0.2, 0.08),
        (0.34, 0.2, 0.08),
        (0.34, 0.2, 0.08),
        (0.34, 0.2, 0.08),
        (0.34, 0.2, 0.08),
        (0.34, 0.2, 0.08),
        (0.34, 0.2, 0.08),
        (0.34, 0.2, 0.08),
        (0.34, 0.2, 0.08),
        (0.34, 0.2, 0.08),
        (0.34, 0.2, 0.08),
        (0.34, 0.2, 0.08),
        (0.34, 0.2, 0.08),
        (0.34, 0.2, 0.08),
        (0.34, 0.2, 0.08),
        (0.34, 0.2, 0.08),
        (0.34, 0.2, 0.08),
        (0.34, 0.2, 0.08),
        (0.34, 0.2, 0.08),
        (0.34, 0.2, 0.08),
        (0.34, 0.2, 0.08),
        (0.34, 0.2, 0.08),
        (0.34, 0.2, 0.08),
        (0.34, 0.2, 0.08),
        (0.34, 0.2, 0.08),
        (0.34, 0.2, 0.08),
        (0.34, 0.2, 0.08),
        (0.34, 0.2, 0.08),
        (0.34, 0.2, 0.08),
        (0.34, 0.2, 0.08),
        (0.34, 0.2, 0.08),
        (0.34, 0.2, 0.08),
        (0.34, 0.2, 0.08),
        (0.34, 0.2, 0.08),
        (0.34, 0.2, 0.08),
        (0.34, 0.2, 0.08),
        (0.34, 0.2, 0.08),
        (0.34, 0.2, 0.08),
        (0.34, 0.2, 0.08),
        (0.34, 0.2, 0.08),
        (0.34, 0.2, 0.08),
        (0.34, 0.2, 0.08),
        (0.34, 0.2, 0.08),
        (0.34, 0.2, 0.08),
        (0.34, 0.2, 0.08),
        (0.34, 0.2, 0.08),
        (0.34, 0.2, 0.08),
        (0.34, 0.2, 0.08),
        (0.34, 0.2, 0.08),
        (0.34, 0.2, 0.08),
        (0.34, 0.2, 0.08),
        (0.34, 0.2, 0.08),
        (0.34, 0.2, 0.08),
        (0.34, 0.2, 0.08),
        (0.34, 0.2, 0.08),
        (0.34, 0.2, 0.08),
        (0.34, 0.2, 0.08),
        (0.34, 0.2, 0.08),
        (0.34, 0.2, 0.08),
        (0.34, 0.2, 0.08),
        (0.34, 0.2, 0.08),
        (0.34, 0.2, 0.08),
        (0.34, 0.2, 0.08),
        (0.34, 0.2, 0.08),
        (0.34, 0.2, 0.08),
        (0.34, 0.2, 0.08),
        (0.34, 0.2, 0.08),
        (0.34, 0.2, 0.08),
        (0.34, 0.2, 0.08),
        (0.34, 0.2, 0.08),
        (0.34, 0.2, 0.08),
        (0.34, 0.2, 0.08),
        (0.34, 0.2, 0.08),
        (0.34, 0.2, 0.08),
        (0.34, 0.2, 0.08),
        (0.34, 0.2, 0.08),
        (0.34, 0.2, 0.08),
        (0.34, 0.2, 0.08),
        (0.34, 0.2, 0.08),
        (0.34, 0.2, 0.08),
        (0.34, 0.2, 0.08),
        (0.34, 0.2, 0.08),
        (0.34, 0.2, 0.08),
        (0.34, 0.2, 0.08),
        (0.34, 0.2, 0.08),
        (0.34, 0.2, 0.08),
        (0.34, 0.2, 0.08),
        (0.34, 0.2, 0.08),
        (0.34, 0.2, 0.08),
        (0.34, 0.2, 0.08),
        (0.34, 0.2, 0.08),
        (0.34, 0.2, 0.08),
        (0.34, 0.2, 0.08),
        (0.34, 0.2, 0.08),
        (0.34, 0.2, 0.08),
        (0.34, 0.2, 0.08),
        (0.34, 0.2, 0.08),
        (0.34, 0.2, 0.08),
        (0.34, 0.2, 0.08),
        (0.34, 0.2, 0.08),
        (0.34, 0.2, 0.08),
        (0.34, 0.2, 0.08),
        (0.34, 0.2, 0.08),
        (0.34, 0.2, 0.08),
        (0.34, 0.2, 0.08),
        (0.34, 0.2, 0.08),
        (0.34, 0.2, 0.08),
        (0.34, 0.2, 0.08),
        (0.34, 0.2, 0.08),
        (0.34, 0.2, 0.08),
        (0.34, 0.2, 0.08),
        (0.34, 0.2, 0.08),
        (0.34, 0.2, 0.08),
        (0.34, 0.2, 0.08),
        (0.34, 0.2, 0.08),
        (0.34, 0.2, 0.08),
        (0.34, 0.2, 0.08),
        (0.34, 0.2, 0.08),
        (0.34, 0.2, 0.08),
        (0.34, 0.2, 0.08),
        (0.34, 0.2, 0.08),
        (0.34, 0.2, 0.08),
        (0.34, 0.2, 0.08),
        (0.34, 0.2, 0.08),
        (0.34, 0.2, 0.08),
        (0.34, 0.2, 0.08),
        (0.34, 0.2, 0.08),
        (0.34, 0.2, 0.08),
        (0.34, 0.2, 0.08),
        (0.34, 0.2, 0.08),
        (0.34, 0.2, 0.08),
        (0.34, 0.2, 0.08),
        (0.34, 0.2, 0.08),
        (0.34, 0.2, 0.08),
        (0.34, 0.2, 0.08),
        (0.34, 0.2, 0.08),
        (0.34, 0.2, 0.08),
        (0.34, 0.2, 0.08),
        (0.34, 0.2, 0.08),
        (0.34, 0.2, 0.08),
        (0.34, 0.2, 0.08),
        (0.34, 0.2, 0.08),
        (0.34, 0.2, 0.08),
        (0.34, 0.2, 0.08),
        (0.34, 0.2, 0.08),
        (0.34, 0.2, 0.08),
        (0.34, 0.2, 0.08),
        (0.34, 0.2, 0.08),
        (0.34, 0.2, 0.08),
        (0.34, 0.2, 0.08),
        (0.34, 0.2, 0.08),
        (0.34, 0.2, 0.08),
        (0.34, 0.2, 0.08),
        (0.34, 0.2, 0.08),
        (0.34, 0.2, 0.08),
        (0.34, 0.2, 0.08),
        (0.34, 0.2, 0.08),
        (0.34, 0.2, 0.08),
        (0.34, 0.2, 0.08),
        (0.34, 0.2, 0.08),
        (0.34, 0.2, 0.08),
        (0.34, 0.2, 0.08),
        (0.34, 0.2, 0.08),
        (0.34, 0.2, 0.08),
        (0.34, 0.2, 0.08),
        (0.34, 0.2, 0.08),
        (0.34, 0.2, 0.08),
        (0.34, 0.2, 0.08),
        (0.34, 0.2, 0.08),
        (0.34, 0.2, 0.08),
        (0.34, 0.2, 0.08),
        (0.34, 0.2, 0.08),
        (0.34, 0.2, 0.08),
        (0.34, 0.2, 0.08),
        (0.34, 0.2, 0.08),
        (0.34, 0.2, 0.08),
        (0.34, 0.2, 0.08),
        (0.34, 0.2, 0.08),
        (0.34, 0.2, 0.08),
        (0.34, 0.2, 0.08),
        (0.34, 0.2, 0.08),
        (0.34, 0.2, 0.08),
        (0.34, 0.2, 0.08),
        (0.34, 0.2, 0.08),
        (0.34, 0.2, 0.08),
        (0.34, 0.2, 0.08),
        (0.34, 0.2, 0.08),
        (0.34, 0.2, 0.08),
        (0.34, 0.2, 0.08),
        (0.34, 0.2, 0.08),
        (0.34, 0.2, 0.08),
        (0.34, 0.2, 0.08),
        (0.34, 0.2, 0.08),
        (0.34, 0.2, 0.08),
        (0.34, 0.2, 0.08),
        (0.34, 0.2, 0.08),
        (0.34, 0.2, 0.08),
        (0.34, 0.2, 0.08),
        (0.34, 0.2, 0.08),
        (0.34, 0.2, 0.08),
        (0.34, 0.2, 0.08),
        (0.34, 0.2, 0.08),
        (0.34, 0.2, 0.08),
        (0.34, 0.2, 0.08),
        (0.34, 0.2, 0.08),
        (0.34, 0.2, 0.08),
        (0.34, 0.2, 0.08),
        (0.34, 0.2, 0.08),
        (0.34, 0.2, 0.08),
        (0.34, 0.2, 0.08),
        (0.34, 0.2, 0.08),
        (0.34, 0.2, 0.08),
        (0.34, 0.2, 0.08),
        (0.34, 0.2, 0.08),
        (0.34, 0.2, 0.08),
        (0.34, 0.2, 0.08),
        (0.34, 0.2, 0.08),
        (0.34, 0.2, 0.08),
        (0.34, 0.2, 0.08),
        (0.34, 0.2, 0.08),
        (0.34, 0.2, 0.08),
        (0.34, 0.2, 0.08),
        (0.34, 0.2, 0.08),
        (0.34, 0.2, 0.08),
        (0.34, 0.2, 0.08),
        (0.34, 0.2, 0.08),
        (0.34, 0.2, 0.08),
        (0.34, 0.2, 0.08),
        (0.34, 0.2, 0.08),
        (0.34, 0.2, 0.08),
        (0.34, 0.2, 0.08),
        (0.34, 0.2, 0.08),
        (0.34, 0.2, 0.08),
        (0.34, 0.2, 0.08),
        (0.34, 0.2, 0.08),
        (0.34, 0.2, 0.08),
        (0.34, 0.2, 0.08),
        (0.34, 0.2, 0.08),
        (0.34, 0.2, 0.08),
        (0.34, 0.2, 0.08),
        (0.34, 0.2, 0.08),
        (0.34, 0.2, 0.08),
        (0.34, 0.2, 0.08),
        (0.34, 0.2, 0.08),
        (0.34, 0.2, 0.08),
        (0.34, 0.2, 0.08),
        (0.34, 0.2, 0.08),
        (0.34, 0.2, 0.08),
        (0.34, 0.2, 0.08),
        (0.34, 0.2, 0.08),
        (0.34, 0.2, 0.08),
        (0.34, 0.2, 0.08),
        (0.34, 0.2, 0.08),
        (0.34, 0.2, 0.08),
        (0.34, 0.2, 0.08),
        (0.34, 0.2, 0.08),
        (0.34, 0.2, 0.08),
        (0.34, 0.2, 0.08),
        (0.34, 0.2, 0.08),
        (0.34, 0.2, 0.08),
        (0.34, 0.2, 0.08),
        (0.34, 0.2, 0.08),
        (0.34, 0.2, 0.08),
        (0.34, 0.2, 0.08),
        (0.34, 0.2, 0.08),
        (0.34, 0.2, 0.08),
        (0.34, 0.2, 0.08),
        (0.34, 0.2, 0.08),
        (0.34, 0.2, 0.08),
        (0.34, 0.2, 0.08),
        (0.34, 0.2, 0.08),
        (0.34, 0.2, 0.08),
        (0.34, 0.2, 0.08),
        (0.34, 0.2, 0.08),
        (0.34, 0.2, 0.08),
        (0.34, 0.2, 0.08),
        (0.34, 0.2, 0.08),
        (0.34, 0.2, 0.08),
        (0.34, 0.2, 0.08),
        (0.34, 0.2, 0.08),
        (0.34, 0.2, 0.08),
        (0.34, 0.2, 0.08),
        (0.34, 0.2, 0.08),
        (0.34, 0.2, 0.08),
        (0.34, 0.2, 0.08),
        (0.34, 0.2, 0.08),
        (0.34, 0.2, 0.08),
        (0.34, 0.2, 0.08),
        (0.34, 0.2, 0.08),
        (0.34, 0.2, 0.08),
        (0.34, 0.2, 0.08),
        (0.34, 0.2, 0.08),
        (0.34, 0.2, 0.08),
        (0.34, 0.2, 0.08),
        (0.34, 0.2, 0.08),
        (0.34, 0.2, 0.08),
        (0.34, 0.2, 0.08),
        (0.34, 0.2, 0.08),
        (0.34, 0.2, 0.08),
        (0.34, 0.2, 0.08),
        (0.34, 0.2, 0.08),
        (0.34, 0.2, 0.08),
        (0.34, 0.2, 0.08),
        (0.34, 0.2, 0.08),
        (0.34, 0.2, 0.08),
        (0.34, 0.2, 0.08),
        (0.34, 0.2, 0.08),
        (0.34, 0.2, 0.08),
        (0.34, 0.2, 0.08),
        (0.34, 0.2, 0.08),
        (0.34, 0.2, 0.08),
        (0.34, 0.2, 0.08),
        (0.34, 0.2, 0.08),
        (0.34, 0.2, 0.08),
        (0.34, 0.2, 0.08),
        (0.34, 0.2, 0.08),
        (0.34, 0.2, 0.08),
        (0.34, 0.2, 0.08),
        (0.34, 0.2, 0.08),
        (0.34, 0.2, 0.08),
        (0.34, 0.2, 0.08),
        (0.34, 0.2, 0.08),
        (0.34, 0.2, 0.08),
        (0.34, 0.2, 0.08),
        (0.34, 0.2, 0.08),
        (0.34, 0.2, 0.08),
        (0.34, 0.2, 0.08),
        (0.34, 0.2, 0.08),
        (0.34, 0.2, 0.08),
        (0.34, 0.2, 0.08),
        (0.34, 0.2, 0.08),
        (0.34, 0.2, 0.08),
        (0.34, 0.2, 0.08),
        (0.34, 0.2, 0.08),
        (0.34, 0.2, 0.08),
        (0.34, 0.2, 0.08),
        (0.34, 0.2, 0.08),
        (0.34, 0.2, 0.08),
        (0.34, 0.2, 0.08),
        (0.34, 0.2, 0.08),
        (0.34, 0.2, 0.08),
        (0.34, 0.2, 0.08),
        (0.34, 0.2, 0.08),
        (0.34, 0.2, 0.08),
        (0.34, 0.2, 0.08),
        (0.34, 0.2, 0.08),
        (0.34, 0.2, 0.08),
        (0.34, 0.2, 0.08),
        (0.34, 0.2, 0.08),
        (0.34, 0.2, 0.08),
        (0.34, 0.2, 0.08),
        (0.34, 0.2, 0.08),
        (0.34, 0.2, 0.08),
        (0.34, 0.2, 0.08),
        (0.34, 0.2, 0.08),
        (0.34, 0.2, 0.08),
        (0.34, 0.2, 0.08),
        (0.34, 0.2, 0.08),
        (0.34, 0.2, 0.08),
        (0.34, 0.2, 0.08),
        (0.34, 0.2, 0.08),
        (0.34, 0.2, 0.08),
        (0.34, 0.2, 0.08),
        (0.34, 0.2, 0.08),
        (0.34, 0.2, 0.08),
        (0.34, 0.2, 0.08),
        (0.34, 0.2, 0.08),
        (0.34, 0.2, 0.08),
        (0.34, 0.2, 0.08),
        (0.34, 0.2, 0.08),
        (0.34, 0.2, 0.08),
        (0.34, 0.2, 0.08),
        (0.34, 0.2, 0.08),
        (0.34, 0.2, 0.08),
        (0.34, 0.2, 0.08),
        (0.34, 0.2, 0.08),
        (0.34, 0.2, 0.08),
        (0.34, 0.2, 0.08),
        (0.34, 0.2, 0.08),
        (0.34, 0.2, 0.08),
        (0.34, 0.2, 0.08),
        (0.34, 0.2, 0.08),
        (0.34, 0.2, 0.08),
        (0.34, 0.2, 0.08),
        (0.34, 0.2, 0.08),
        (0.34, 0.2, 0.08),
        (0.34, 0.2, 0.08),
        (0.34, 0.2, 0.08),
        (0.34, 0.2, 0.08),
        (0.34, 0.2, 0.08),
        (0.18, 0.38, 0.08),
        (0.18, 0.38, 0.08),
        (0.18, 0.38, 0.08),
        (0.18, 0.38, 0.08),
        (0.18, 0.38, 0.08),
        (0.18, 0.38, 0.08),
        (0.18, 0.38, 0.08),
        (0.18, 0.38, 0.08),
        (0.18, 0.38, 0.08),
        (0.18, 0.38, 0.08),
        (0.18, 0.38, 0.08),
        (0.18, 0.38, 0.08),
        (0.18, 0.38, 0.08),
        (0.18, 0.38, 0.08),
        (0.18, 0.38, 0.08),
        (0.18, 0.38, 0.08),
        (0.18, 0.38, 0.08),
        (0.34, 0.2, 0.08),
        (0.18, 0.38, 0.08),
        (0.18, 0.38, 0.08),
        (0.18, 0.38, 0.08),
        (0.18, 0.38, 0.08),
        (0.18, 0.38, 0.08),
        (0.18, 0.38, 0.08),
        (0.18, 0.38, 0.08),
        (0.18, 0.38, 0.08),
        (0.18, 0.38, 0.08),
        (0.34, 0.2, 0.08),
        (0.34, 0.2, 0.08),
        (0.34, 0.2, 0.08),
        (0.34, 0.2, 0.08),
        (0.18, 0.38, 0.08),
        (0.34, 0.2, 0.08),
        (0.18, 0.38, 0.08),
        (0.18, 0.38, 0.08),
        (0.18, 0.38, 0.08),
        (0.18, 0.38, 0.08),
        (0.34, 0.2, 0.08),
        (0.34, 0.2, 0.08),
        (0.34, 0.2, 0.08),
        (0.18, 0.38, 0.08),
        (0.18, 0.38, 0.08),
        (0.18, 0.38, 0.08),
        (0.18, 0.38, 0.08),
        (0.18, 0.38, 0.08),
        (0.18, 0.38, 0.08),
        (0.34, 0.2, 0.08),
        (0.18, 0.38, 0.08),
        (0.18, 0.38, 0.08),
        (0.18, 0.38, 0.08),
        (0.18, 0.38, 0.08),
        (0.34, 0.2, 0.08),
        (0.18, 0.38, 0.08),
        (0.18, 0.38, 0.08),
        (0.34, 0.2, 0.08),
        (0.18, 0.38, 0.08),
        (0.18, 0.38, 0.08),
        (0.18, 0.38, 0.08),
        (0.18, 0.38, 0.08),
        (0.18, 0.38, 0.08),
        (0.18, 0.38, 0.08),
        (0.18, 0.38, 0.08),
        (0.18, 0.38, 0.08),
        (0.18, 0.38, 0.08),
        (0.18, 0.38, 0.08),
        (0.18, 0.38, 0.08),
        (0.18, 0.38, 0.08),
        (0.18, 0.38, 0.08),
        (0.18, 0.38, 0.08),
        (0.34, 0.2, 0.08),
        (0.18, 0.38, 0.08),
        (0.18, 0.38, 0.08),
        (0.18, 0.38, 0.08),
        (0.18, 0.38, 0.08),
        (0.18, 0.38, 0.08),
        (0.18, 0.38, 0.08),
        (0.18, 0.38, 0.08),
        (0.18, 0.38, 0.08),
        (0.18, 0.38, 0.08),
        (0.18, 0.38, 0.08),
        (0.18, 0.38, 0.08),
        (0.18, 0.38, 0.08),
        (0.18, 0.38, 0.08),
        (0.18, 0.38, 0.08),
        (0.18, 0.38, 0.08),
        (0.18, 0.38, 0.08),
        (0.18, 0.38, 0.08),
        (0.18, 0.38, 0.08),
        (0.18, 0.38, 0.08),
        (0.18, 0.38, 0.08),
        (0.18, 0.38, 0.08),
        (0.18, 0.38, 0.08),
        (0.34, 0.2, 0.08),
        (0.34, 0.2, 0.08),
        (0.34, 0.2, 0.08),
        (0.18, 0.38, 0.08),
        (0.18, 0.38, 0.08),
        (0.18, 0.38, 0.08),
        (0.18, 0.38, 0.08),
        (0.18, 0.38, 0.08),
        (0.18, 0.38, 0.08),
        (0.18, 0.38, 0.08),
        (0.18, 0.38, 0.08),
        (0.18, 0.38, 0.08),
        (0.18, 0.38, 0.08),
        (0.18, 0.38, 0.08),
        (0.18, 0.38, 0.08),
        (0.18, 0.38, 0.08),
        (0.18, 0.38, 0.08),
        (0.34, 0.2, 0.08),
        (0.34, 0.2, 0.08),
        (0.34, 0.2, 0.08),
        (0.18, 0.38, 0.08),
        (0.18, 0.38, 0.08),
        (0.18, 0.38, 0.08),
        (0.18, 0.38, 0.08),
        (0.18, 0.38, 0.08),
        (0.18, 0.38, 0.08),
        (0.34, 0.2, 0.08),
        (0.18, 0.38, 0.08),
        (0.18, 0.38, 0.08),
        (0.18, 0.38, 0.08),
        (0.18, 0.38, 0.08),
        (0.18, 0.38, 0.08),
        (0.18, 0.38, 0.08),
        (0.18, 0.38, 0.08),
        (0.18, 0.38, 0.08),
        (0.18, 0.38, 0.08),
        (0.18, 0.38, 0.08),
        (0.18, 0.38, 0.08),
        (0.18, 0.38, 0.08),
        (0.18, 0.38, 0.08),
        (0.18, 0.38, 0.08),
        (0.18, 0.38, 0.08),
        (0.18, 0.38, 0.08),
        (0.18, 0.38, 0.08),
        (0.34, 0.2, 0.08),
        (0.34, 0.2, 0.08),
        (0.18, 0.38, 0.08),
        (0.18, 0.38, 0.08),
        (0.18, 0.38, 0.08),
        (0.18, 0.38, 0.08),
        (0.18, 0.38, 0.08),
        (0.18, 0.38, 0.08),
        (0.34, 0.2, 0.08),
        (0.18, 0.38, 0.08),
        (0.18, 0.38, 0.08),
        (0.18, 0.38, 0.08),
        (0.18, 0.38, 0.08),
        (0.18, 0.38, 0.08),
        (0.34, 0.2, 0.08),
        (0.18, 0.38, 0.08),
        (0.18, 0.38, 0.08),
        (0.18, 0.38, 0.08),
        (0.18, 0.38, 0.08),
        (0.18, 0.38, 0.08),
        (0.18, 0.38, 0.08),
        (0.18, 0.38, 0.08),
        (0.18, 0.38, 0.08),
        (0.18, 0.38, 0.08),
        (0.18, 0.38, 0.08),
        (0.18, 0.38, 0.08),
        (0.18, 0.38, 0.08),
        (0.18, 0.38, 0.08),
        (0.18, 0.38, 0.08),
        (0.18, 0.38, 0.08),
        (0.18, 0.38, 0.08),
        (0.34, 0.2, 0.08),
        (0.18, 0.38, 0.08),
        (0.18, 0.38, 0.08),
        (0.18, 0.38, 0.08),
        (0.34, 0.2, 0.08),
        (0.18, 0.38, 0.08),
        (0.18, 0.38, 0.08),
        (0.18, 0.38, 0.08),
        (0.18, 0.38, 0.08),
        (0.34, 0.2, 0.08),
        (0.34, 0.2, 0.08),
        (0.34, 0.2, 0.08),
        (0.34, 0.2, 0.08),
        (0.18, 0.38, 0.08),
        (0.18, 0.38, 0.08),
        (0.18, 0.38, 0.08),
        (0.34, 0.2, 0.08),
        (0.34, 0.2, 0.08),
        (0.34, 0.2, 0.08),
        (0.18, 0.38, 0.08),
        (0.34, 0.2, 0.08),
        (0.18, 0.38, 0.08),
        (0.34, 0.2, 0.08),
        (0.18, 0.38, 0.08),
        (0.34, 0.2, 0.08),
        (0.18, 0.38, 0.08),
        (0.18, 0.38, 0.08),
        (0.34, 0.2, 0.08),
        (0.34, 0.2, 0.08),
        (0.34, 0.2, 0.08),
        (0.18, 0.38, 0.08),
        (0.18, 0.38, 0.08),
        (0.18, 0.38, 0.08),
        (0.18, 0.38, 0.08),
        (0.18, 0.38, 0.08),
        (0.18, 0.38, 0.08),
        (0.18, 0.38, 0.08),
        (0.18, 0.38, 0.08),
        (0.18, 0.38, 0.08),
        (0.18, 0.38, 0.08),
        (0.18, 0.38, 0.08),
        (0.34, 0.2, 0.08),
        (0.18, 0.38, 0.08),
        (0.18, 0.38, 0.08),
        (0.18, 0.38, 0.08),
        (0.18, 0.38, 0.08),
        (0.18, 0.38, 0.08),
        (0.18, 0.38, 0.08),
        (0.34, 0.2, 0.08),
        (0.18, 0.38, 0.08),
        (0.34, 0.2, 0.08),
        (0.34, 0.2, 0.08),
        (0.18, 0.38, 0.08),
        (0.18, 0.38, 0.08),
        (0.18, 0.38, 0.08),
        (0.34, 0.2, 0.08),
        (0.18, 0.38, 0.08),
        (0.18, 0.38, 0.08),
        (0.18, 0.38, 0.08),
        (0.18, 0.38, 0.08),
        (0.18, 0.38, 0.08),
        (0.18, 0.38, 0.08),
        (0.18, 0.38, 0.08),
        (0.18, 0.38, 0.08),
        (0.34, 0.2, 0.08),
        (0.18, 0.38, 0.08),
        (0.18, 0.38, 0.08),
        (0.34, 0.2, 0.08),
        (0.34, 0.2, 0.08),
        (0.18, 0.38, 0.08),
        (0.18, 0.38, 0.08),
        (0.34, 0.2, 0.08),
        (0.34, 0.2, 0.08),
        (0.18, 0.38, 0.08),
        (0.34, 0.2, 0.08),
        (0.34, 0.2, 0.08),
        (0.18, 0.38, 0.08),
        (0.18, 0.38, 0.08),
        (0.34, 0.2, 0.08),
        (0.18, 0.38, 0.08),
        (0.18, 0.38, 0.08),
        (0.34, 0.2, 0.08),
        (0.34, 0.2, 0.08),
        (0.34, 0.2, 0.08),
        (0.18, 0.38, 0.08),
        (0.34, 0.2, 0.08),
        (0.34, 0.2, 0.08),
        (0.18, 0.38, 0.08)
    ] (
        interpolation = "vertex"
    )
    uniform token subdivisionScheme = "none"
}
