#usda 1.0
(
    defaultPrim = "Ground"
    metersPerUnit = 1
    upAxis = "Z"
)

def Mesh "Ground"
{
    uniform bool doubleSided = 1
    float3[] extent = [(0, 0, -0.8), (16, 16, 0)]
    int[] faceVertexCounts = [3, 3, 3, 3, 3, 3, 3, 3, 3, 3, 3, 3, 3, 3, 3, 3, 3, 3, 3, 3, 3, 3, 3, 3, 3, 3, 3, 3, 3, 3, 3, 3, 3, 3, 3, 3, 3, 3, 3, 3, 3, 3, 3, 3, 3, 3, 3, 3, 3, 3, 3, 3, 3, 3, 3, 3, 3, 3, 3, 3, 3, 3, 3, 3, 3, 3, 3, 3, 3, 3, 3, 3, 3, 3, 3, 3, 3, 3, 3, 3, 3, 3, 3, 3, 3, 3, 3, 3, 3, 3, 3, 3, 3, 3, 3, 3, 3, 3, 3, 3, 3, 3, 3, 3, 3, 3, 3, 3, 3, 3, 3, 3, 3, 3, 3, 3, 3, 3, 3, 3, 3, 3, 3, 3, 3, 3, 3, 3, 3, 3, 3, 3, 3, 3, 3, 3, 3, 3, 3, 3, 3, 3, 3, 3, 3, 3, 3, 3, 3, 3, 3, 3, 3, 3, 3, 3, 3, 3, 3, 3, 3, 3, 3, 3, 3, 3, 3, 3, 3, 3, 3, 3, 3, 3, 3, 3, 3, 3, 3, 3, 3, 3, 3, 3, 3, 3, 3, 3, 3, 3, 3, 3, 3, 3, 3, 3, 3, 3, 3, 3, 3, 3, 3, 3, 3, 3, 3, 3, 3, 3, 3, 3, 3, 3, 3, 3, 3, 3, 3, 3, 3, 3, 3, 3, 3, 3, 3, 3, 3, 3, 3, 3, 3, 3, 3, 3, 3, 3, 3, 3, 3, 3, 3, 3, 3, 3, 3, 3, 3, 3, 3, 3, 3, 3, 3, 3, 3, 3, 3, 3, 3, 3, 3, 3, 3, 3, 3, 3, 3, 3, 3, 3, 3, 3, 3, 3, 3, 3, 3, 3, 3, 3, 3, 3, 3, 3, 3, 3, 3, 3, 3, 3, 3, 3, 3, 3, 3, 3, 3, 3, 3, 3, 3, 3, 3, 3, 3, 3, 3, 3, 3, 3, 3, 3, 3, 3, 3, 3, 3, 3, 3, 3, 3, 3, 3, 3, 3, 3, 3, 3, 3, 3, 3, 3, 3, 3, 3, 3, 3, 3, 3, 3, 3, 3, 3, 3, 3, 3, 3, 3, 3, 3, 3, 3, 3, 3, 3, 3, 3, 3, 3, 3, 3, 3, 3, 3, 3, 3, 3, 3, 3, 3, 3, 3, 3, 3, 3, 3, 3, 3, 3, 3, 3, 3, 3, 3, 3, 3, 3, 3, 3, 3, 3, 3, 3, 3, 3, 3, 3, 3, 3, 3, 3, 3, 3, 3, 3, 3, 3, 3, 3, 3, 3, 3, 3, 3, 3, 3, 3, 3, 3, 3, 3, 3, 3, 3, 3, 3, 3, 3, 3, 3, 3, 3, 3, 3, 3, 3, 3, 3, 3, 3, 3, 3, 3, 3, 3, 3, 3, 3, 3, 3, 3, 3, 3, 3, 3, 3, 3, 3, 3, 3, 3, 3, 3, 3, 3, 3, 3, 3, 3, 3, 3, 3, 3, 3, 3, 3, 3, 3, 3, 3, 3, 3, 3, 3, 3, 3, 3, 3, 3, 3, 3, 3, 3, 3, 3, 3, 3, 3, 3, 3, 3, 3, 3, 3, 3, 3, 3, 3, 3, 3, 3, 3, 3, 3, 3, 3, 3, 3, 3, 3, 3, 3, 3, 3, 3, 3, 3, 3, 3, 3, 3, 3, 3, 3, 3, 3, 3, 3, 3, 3, 3, 3, 3, 3, 3, 3, 3, 3, 3, 3, 3, 3, 3, 3, 3, 3, 3, 3, 3, 3, 3, 3, 3, 3, 3, 3, 3, 3, 3, 3, 3, 3, 3, 3, 3, 3, 3, 3, 3, 3, 3, 3, 3, 3, 3, 3, 3, 3, 3, 3, 3, 3, 3, 3, 3, 3, 3, 3, 3, 3, 3, 3, 3, 3, 3, 3, 3, 3, 3, 3, 3, 3, 3, 3, 3, 3, 3, 3, 3, 3, 3, 3, 3, 3, 3, 3, 3, 3, 3, 3, 3, 3, 3, 3, 3, 3, 3, 3, 3, 3, 3, 3, 3, 3, 3, 3, 3, 3, 3, 3, 3, 3, 3, 3, 3, 3, 3, 3, 3, 3, 3, 3, 3, 3, 3, 3, 3, 3, 3, 3, 3, 3, 3, 3, 3, 3, 3, 3, 3, 3, 3, 3, 3, 3, 3, 3, 3, 3, 3, 3, 3, 3, 3, 3, 3, 3, 3, 3, 3, 3, 3, 3, 3, 3, 3, 3, 3, 3, 3, 3, 3, 3, 3, 3, 3, 3, 3, 3, 3, 3, 3, 3, 3, 3, 3, 3, 3, 3, 3, 3, 3, 3, 3, 3, 3, 3, 3, 3, 3, 3, 3, 3, 3, 3, 3, 3, 3, 3, 3, 3, 3, 3, 3, 3, 3, 3, 3, 3, 3, 3, 3, 3, 3, 3, 3, 3, 3, 3, 3, 3, 3, 3, 3, 3, 3, 3, 3, 3, 3, 3, 3, 3, 3, 3, 3, 3, 3, 3, 3, 3, 3, 3, 3, 3, 3, 3, 3, 3, 3, 3, 3, 3, 3, 3, 3, 3, 3, 3, 3, 3, 3, 3, 3, 3, 3, 3, 3, 3, 3, 3, 3, 3, 3, 3, 3, 3, 3, 3, 3, 3, 3, 3, 3, 3, 3, 3, 3, 3, 3, 3, 3, 3, 3, 3, 3, 3, 3, 3, 3, 3, 3, 3, 3, 3, 3, 3, 3, 3, 3, 3, 3, 3, 3, 3, 3, 3, 3, 3, 3, 3, 3, 3, 3, 3, 3, 3, 3, 3, 3, 3, 3, 3, 3, 3, 3, 3, 3, 3, 3, 3, 3, 3, 3, 3, 3, 3, 3, 3, 3, 3, 3, 3, 3, 3, 3, 3, 3, 3, 3, 3, 3, 3, 3, 3, 3, 3, 3, 3, 3, 3, 3, 3, 3, 3, 3, 3, 3, 3, 3, 3, 3, 3, 3, 3, 3, 3, 3, 3, 3, 3, 3, 3, 3, 3, 3, 3, 3, 3, 3, 3, 3, 3, 3, 3, 3, 3, 3, 3, 3, 3, 3, 3, 3, 3, 3, 3, 3, 3, 3, 3, 3, 3, 3, 3, 3, 3, 3, 3, 3, 3, 3, 3, 3, 3, 3, 3, 3, 3, 3, 3, 3, 3, 3, 3, 3, 3, 3, 3, 3, 3, 3, 3, 3, 3, 3, 3, 3, 3, 3, 3, 3, 3, 3, 3, 3, 3, 3, 3, 3, 3, 3, 3, 3, 3, 3, 3, 3, 3, 3, 3, 3, 3, 3, 3, 3, 3, 3, 3, 3, 3, 3, 3, 3, 3, 3, 3, 3, 3, 3, 3, 3, 3, 3, 3, 3, 3, 3, 3, 3, 3, 3, 3, 3, 3, 3, 3, 3, 3, 3, 3, 3, 3, 3, 3, 3, 3, 3, 3, 3, 3, 3, 3, 3, 3, 3, 3, 3, 3, 3, 3, 3, 3, 3, 3, 3, 3, 3, 3, 3, 3, 3, 3, 3, 3, 3, 3, 3, 3, 3, 3, 3, 3, 3, 3, 3, 3, 3, 3, 3, 3, 3, 3, 3, 3, 3, 3, 3, 3, 3, 3, 3, 3, 3, 3, 3, 3, 3, 3, 3, 3, 3, 3, 3, 3, 3, 3, 3, 3, 3, 3, 3, 3, 3, 3, 3, 3, 3, 3, 3, 3, 3, 3, 3, 3, 3, 3, 3, 3, 3, 3, 3, 3, 3, 3, 3, 3, 3, 3, 3, 3, 3, 3, 3, 3, 3, 3, 3, 3, 3, 3, 3, 3, 3, 3, 3, 3, 3, 3, 3, 3, 3, 3, 3, 3, 3, 3, 3, 3, 3, 3, 3, 3, 3, 3, 3, 3, 3, 3, 3, 3, 3, 3, 3, 3, 3, 3, 3, 3, 3, 3, 3, 3, 3, 3, 3, 3, 3, 3, 3, 3, 3, 3, 3, 3, 3, 3, 3, 3, 3, 3, 3, 3, 3, 3, 3, 3, 3, 3, 3, 3, 3, 3, 3, 3, 3, 3, 3, 3, 3, 3, 3, 3, 3, 3, 3, 3, 3, 3, 3, 3, 3, 3, 3, 3, 3, 3, 3, 3, 3, 3, 3, 3, 3, 3, 3, 3, 3, 3, 3, 3, 3, 3, 3, 3, 3, 3, 3, 3, 3, 3, 3, 3, 3, 3, 3, 3, 3, 3, 3, 3, 3, 3, 3, 3, 3, 3, 3, 3, 3, 3, 3, 3, 3, 3, 3, 3, 3, 3, 3, 3, 3, 3, 3, 3, 3, 3, 3, 3, 3, 3, 3, 3, 3, 3, 3, 3, 3, 3, 3, 3, 3, 3, 3, 3, 3, 3, 3, 3, 3, 3, 3, 3, 3, 3, 3, 3, 3, 3, 3, 3, 3, 3, 3, 3, 3, 3, 3, 3, 3, 3, 3, 3, 3, 3, 3, 3, 3, 3, 3, 3, 3, 3, 3, 3, 3, 3, 3, 3, 3, 3, 3, 3, 3, 3, 3, 3, 3, 3, 3, 3, 3, 3, 3, 3, 3, 3, 3, 3, 3, 3, 3, 3, 3, 3, 3, 3, 3, 3, 3, 3, 3, 3, 3, 3, 3, 3, 3, 3, 3, 3, 3, 3, 3, 3, 3, 3, 3, 3, 3, 3, 3, 3, 3, 3, 3, 3, 3, 3, 3, 3, 3, 3, 3, 3, 3, 3, 3, 3, 3, 3, 3, 3, 3, 3, 3, 3, 3, 3, 3, 3, 3, 3, 3, 3, 3, 3, 3, 3, 3, 3, 3, 3, 3, 3, 3, 3, 3, 3, 3, 3, 3, 3, 3, 3, 3, 3, 3, 3, 3, 3, 3, 3, 3, 3, 3, 3, 3, 3, 3, 3, 3, 3, 3, 3, 3, 3, 3, 3, 3, 3, 3, 3, 3, 3, 3, 3, 3, 3, 3, 3, 3, 3, 3, 3, 3, 3, 3, 3, 3, 3, 3, 3, 3, 3, 3, 3, 3, 3, 3, 3, 3, 3, 3, 3, 3, 3, 3, 3, 3, 3, 3, 3, 3, 3, 3, 3, 3, 3, 3, 3, 3, 3, 3, 3, 3, 3, 3, 3, 3, 3, 3, 3, 3, 3, 3, 3, 3, 3, 3, 3, 3, 3, 3, 3, 3, 3, 3, 3, 3, 3, 3, 3, 3, 3, 3, 3, 3, 3, 3, 3, 3, 3, 3, 3, 3, 3, 3, 3, 3, 3, 3, 3, 3, 3, 3, 3, 3, 3, 3, 3, 3, 3, 3, 3, 3, 3, 3, 3, 3, 3, 3, 3, 3, 3, 3, 3, 3, 3, 3, 3, 3, 3, 3, 3, 3, 3, 3, 3, 3, 3, 3, 3, 3, 3, 3, 3, 3, 3, 3, 3, 3, 3, 3, 3, 3, 3, 3, 3, 3, 3, 3, 3, 3, 3, 3, 3, 3, 3, 3, 3, 3, 3, 3, 3, 3, 3, 3, 3, 3, 3, 3, 3, 3, 3, 3, 3, 3, 3, 3, 3, 3, 3, 3, 3, 3, 3, 3, 3, 3, 3, 3, 3, 3, 3, 3, 3, 3, 3, 3, 3, 3, 3, 3, 3, 3, 3, 3, 3, 3, 3, 3, 3, 3, 3, 3, 3, 3, 3, 3, 3, 3, 3, 3, 3, 3, 3, 3, 3, 3, 3, 3, 3, 3, 3, 3, 3, 3, 3, 3, 3, 3, 3, 3, 3, 3, 3, 3, 3, 3, 3, 3, 3, 3, 3, 3, 3, 3, 3, 3, 3, 3, 3, 3, 3, 3, 3, 3, 3, 3, 3, 3, 3, 3, 3, 3, 3, 3, 3, 3, 3, 3, 3, 3, 3, 3, 3, 3, 3, 3, 3, 3, 3, 3, 3, 3, 3, 3, 3, 3, 3, 3, 3, 3, 3, 3, 3, 3, 3, 3, 3, 3, 3, 3, 3, 3, 3, 3, 3, 3, 3, 3, 3, 3, 3, 3, 3, 3, 3, 3, 3, 3, 3, 3, 3, 3, 3, 3, 3, 3, 3, 3, 3, 3, 3, 3, 3, 3, 3, 3, 3, 3, 3, 3, 3, 3, 3, 3, 3, 3, 3, 3, 3, 3, 3, 3, 3, 3, 3, 3, 3, 3, 3, 3, 3, 3, 3, 3, 3, 3, 3, 3, 3, 3, 3, 3, 3, 3, 3, 3, 3, 3, 3, 3, 3, 3, 3, 3, 3, 3, 3, 3, 3, 3, 3, 3, 3, 3, 3, 3, 3, 3, 3, 3, 3, 3, 3, 3, 3, 3, 3, 3, 3, 3, 3, 3, 3, 3, 3, 3, 3, 3, 3, 3, 3, 3, 3, 3, 3, 3, 3, 3, 3, 3, 3, 3, 3, 3, 3, 3, 3, 3, 3, 3, 3, 3, 3, 3, 3, 3, 3, 3, 3, 3, 3, 3, 3, 3, 3, 3, 3, 3, 3, 3, 3, 3, 3, 3, 3, 3, 3, 3, 3, 3, 3, 3, 3, 3, 3, 3, 3, 3, 3, 3, 3, 3, 3, 3, 3, 3, 3, 3, 3, 3, 3, 3, 3, 3, 3, 3, 3, 3, 3, 3, 3, 3, 3, 3, 3, 3, 3, 3, 3, 3, 3, 3, 3, 3, 3, 3, 3, 3, 3, 3, 3, 3, 3, 3, 3, 3, 3, 3, 3, 3, 3, 3, 3, 3, 3, 3, 3, 3, 3, 3, 3, 3, 3, 3, 3, 3, 3, 3, 3, 3, 3, 3, 3, 3, 3, 3, 3, 3, 3, 3, 3, 3, 3, 3, 3, 3, 3, 3, 3, 3, 3, 3, 3, 3, 3, 3, 3, 3, 3, 3, 3, 3, 3, 3, 3, 3, 3, 3, 3, 3, 3, 3, 3, 3, 3, 3, 3, 3, 3, 3, 3, 3, 3, 3, 3, 3, 3, 3, 3, 3, 3, 3, 3, 3, 3, 3, 3, 3, 3, 3, 3, 3, 3, 3, 3, 3, 3, 3, 3, 3, 3, 3, 3, 3, 3, 3, 3, 3, 3, 3, 3, 3, 3, 3, 3, 3, 3, 3, 3, 3, 3, 3, 3, 3, 3, 3, 3, 3, 3, 3, 3, 3, 3, 3, 3, 3, 3, 3, 3, 3, 3, 3, 3, 3, 3, 3, 3, 3, 3, 3, 3, 3, 3, 3, 3, 3, 3, 3, 3, 3, 3, 3, 3, 3, 3, 3, 3, 3, 3, 3, 3, 3, 3, 3, 3, 3, 3, 3, 3, 3, 3, 3, 3, 3, 3, 3, 3, 3, 3, 3, 3, 3, 3, 3, 3, 3, 3, 3, 3, 3, 3, 3, 3, 3, 3, 3, 3, 3, 3, 3, 3, 3, 3, 3, 3, 3, 3, 3, 3, 3, 3, 3, 3, 3, 3, 3, 3, 3, 3, 3, 3, 3, 3, 3, 3, 3, 3, 3, 3, 3, 3, 3, 3, 3, 3, 3, 3, 3, 3, 3, 3, 3, 3, 3, 3, 3, 3, 3, 3, 3, 3, 3, 3, 3, 3, 3, 3, 3, 3, 3, 3, 3, 3, 3, 3, 3, 3, 3, 3, 3, 3, 3, 3, 3, 3, 3, 3, 3, 3, 3, 3, 3, 3, 3, 3, 3, 3, 3, 3, 3, 3, 3, 3, 3, 3, 3, 3, 3, 3, 3, 3, 3, 3, 3, 3, 3, 3, 3, 3, 3, 3, 3, 3, 3, 3, 3, 3, 3, 3, 3, 3, 3, 3, 3, 3, 3, 3, 3, 3, 3, 3, 3, 3, 3, 3, 3, 3, 3, 3, 3, 3, 3, 3, 3, 3, 3, 3, 3, 3, 3, 3, 3, 3, 3, 3, 3, 3, 3, 3, 3, 3, 3, 3, 3, 3, 3, 3, 3, 3, 3, 3, 3, 3, 3, 3, 3, 3, 3, 3, 3, 3, 3, 3, 3, 3, 3, 3, 3, 3, 3, 3, 3, 3, 3, 3, 3, 3, 3, 3, 3, 3, 3, 3, 3, 3, 3, 3, 3, 3, 3, 3, 3, 3, 3, 3, 3, 3, 3, 3, 3, 3, 3, 3, 3, 3, 3, 3, 3, 3, 3, 3, 3, 3, 3, 3, 3, 3, 3, 3, 3, 3, 3, 3, 3, 3, 3, 3, 3, 3, 3, 3, 3, 3, 3, 3, 3, 3, 3, 3, 3, 3, 3, 3, 3, 3, 3, 3, 3, 3, 3, 3, 3, 3, 3, 3, 3, 3, 3, 3, 3, 3, 3, 3, 3, 3, 3, 3, 3, 3, 3, 3, 3, 3, 3, 3, 3, 3, 3, 3, 3, 3, 3, 3, 3, 3, 3, 3, 3, 3, 3, 3, 3, 3, 3, 3, 3, 3, 3, 3, 3, 3, 3, 3, 3, 3, 3, 3, 3, 3, 3, 3, 3, 3, 3, 3, 3, 3, 3, 3, 3, 3, 3, 3, 3, 3, 3, 3, 3, 3, 3, 3, 3, 3, 3, 3, 3, 3, 3, 3, 3, 3, 3, 3, 3, 3, 3, 3, 3, 3, 3, 3, 3, 3, 3, 3, 3, 3, 3, 3, 3, 3, 3, 3, 3, 3, 3, 3, 3, 3, 3, 3, 3, 3, 3, 3, 3, 3, 3, 3, 3, 3, 3, 3, 3, 3, 3, 3, 3, 3, 3, 3, 3, 3, 3, 3, 3, 3, 3, 3, 3, 3, 3, 3, 3, 3, 3, 3, 3, 3, 3, 3, 3, 3, 3, 3, 3, 3, 3, 3, 3, 3, 3, 3, 3, 3, 3, 3, 3, 3, 3, 3, 3, 3, 3, 3, 3, 3, 3, 3, 3, 3, 3, 3, 3, 3, 3, 3, 3, 3, 3, 3, 3, 3, 3, 3, 3, 3, 3, 3, 3, 3, 3, 3, 3, 3, 3, 3, 3, 3, 3, 3, 3, 3, 3, 3, 3, 3, 3, 3, 3, 3, 3, 3, 3, 3, 3, 3, 3, 3]
    int[] faceVertexIndices = [31, 787, 30, 1193, 1190, 1191, 308, 1225, 309, 1267, 1180, 971, 247, 792, 246, 841, 842, 1219, 104, 628, 103, 693, 163, 694, 1199, 849, 1201, 1346, 1353, 255, 1373, 1390, 1372, 1089, 1090, 1414, 390, 391, 953, 974, 973, 405, 268, 813, 267, 752, 753, 1335, 1408, 1406, 111, 1410, 1437, 80, 506, 505, 1423, 236, 239, 237, 46, 630, 45, 845, 1199, 844, 301, 300, 1214, 603, 604, 51, 571, 1316, 572, 1253, 1246, 1252, 519, 518, 1327, 448, 1024, 447, 1188, 447, 1200, 282, 1254, 283, 1227, 1249, 945, 610, 90, 611, 1433, 1436, 93, 1265, 1276, 1366, 205, 204, 1302, 338, 892, 337, 233, 232, 1395, 561, 562, 1160, 168, 169, 698, 128, 1379, 129, 761, 222, 762, 1347, 1359, 1361, 254, 1346, 255, 799, 253, 800, 872, 1269, 871, 1334, 1280, 1312, 314, 1256, 315, 188, 189, 724, 1105, 1104, 517, 1088, 1089, 1414, 597, 53, 596, 1332, 1331, 1369, 1364, 1251, 1160, 1169, 1170, 1260, 1170, 573, 1171, 717, 1224, 716, 431, 1007, 430, 1243, 1262, 399, 388, 1195, 389, 1198, 1028, 842, 1204, 1208, 354, 449, 1188, 450, 362, 920, 361, 94, 93, 100, 85, 86, 606, 594, 74, 595, 1399, 1410, 1400, 1399, 1437, 1410, 589, 54, 588, 212, 1411, 1426, 209, 744, 208, 650, 127, 651, 117, 1407, 118, 674, 145, 675, 654, 130, 655, 198, 199, 734, 722, 187, 723, 311, 866, 310, 1253, 1367, 1264, 132, 131, 1379, 337, 891, 336, 883, 684, 1289, 1367, 1252, 1282, 242, 787, 241, 141, 665, 140, 233, 1395, 234, 790, 245, 791, 881, 327, 882, 876, 1269, 875, 297, 296, 1225, 707, 1216, 706, 818, 272, 819, 1310, 1339, 1353, 1040, 465, 1041, 912, 913, 19, 1382, 1104, 59, 1129, 745, 1128, 1324, 522, 1327, 1328, 1330, 1313, 1072, 491, 1073, 1086, 1087, 1421, 493, 494, 1075, 1058, 476, 1059, 735, 734, 199, 558, 1155, 557, 426, 1233, 430, 1155, 997, 1154, 575, 576, 1173, 1168, 1260, 1167, 1056, 474, 1057, 466, 1181, 1180, 301, 852, 300, 993, 426, 994, 1201, 852, 1017, 1198, 1199, 1024, 975, 407, 976, 970, 971, 1306, 1217, 1185, 1184, 404, 405, 973, 457, 1033, 456, 1032, 1033, 1219, 836, 286, 837, 462, 1038, 461, 830, 278, 831, 1203, 371, 1207, 963, 400, 964, 1069, 2, 1068, 613, 94, 614, 613, 1434, 612, 625, 624, 100, 638, 115, 639, 596, 595, 76, 85, 605, 84, 1401, 1400, 1410, 643, 120, 644, 82, 601, 81, 1385, 587, 54, 75, 1409, 76, 215, 216, 751, 214, 215, 750, 582, 64, 583, 1401, 1363, 1362, 747, 212, 748, 647, 42, 646, 650, 649, 126, 1407, 1406, 1375, 755, 37, 899, 42, 648, 1427, 122, 1383, 123, 1275, 194, 1265, 206, 742, 205, 1417, 1301, 1303, 559, 1266, 1274, 192, 193, 728, 173, 172, 1247, 190, 1264, 191, 1005, 1006, 1224, 1212, 1016, 1213, 679, 149, 680, 220, 339, 1344, 1428, 898, 899, 666, 668, 667, 684, 155, 685, 137, 1381, 138, 1333, 1296, 1334, 221, 220, 1344, 661, 138, 662, 217, 341, 218, 228, 1395, 229, 1416, 334, 1320, 782, 31, 781, 762, 223, 763, 249, 1393, 250, 788, 30, 787, 686, 157, 687, 883, 328, 884, 872, 871, 317, 695, 166, 696, 866, 311, 867, 701, 1240, 1241, 861, 860, 306, 710, 857, 709, 1323, 1346, 1345, 322, 323, 878, 318, 873, 317, 1259, 1270, 1237, 260, 806, 259, 26, 27, 807, 809, 26, 808, 900, 343, 902, 1120, 1335, 1119, 520, 1108, 519, 1100, 513, 1101, 1331, 512, 1369, 1123, 1335, 1122, 1328, 1313, 536, 1313, 1314, 541, 1326, 517, 1331, 504, 1092, 503, 505, 1093, 504, 63, 1084, 1421, 594, 595, 53, 479, 478, 1341, 481, 1062, 480, 1413, 1388, 1405, 1067, 1066, 485, 1145, 1146, 1263, 201, 1417, 202, 1272, 1274, 1294, 1159, 1160, 1251, 997, 998, 1154, 997, 1155, 996, 569, 1273, 570, 991, 1364, 990, 562, 561, 1272, 562, 1272, 563, 983, 415, 984, 1047, 467, 1048, 1227, 949, 12, 1062, 481, 1063, 1050, 467, 468, 1180, 1306, 971, 1014, 1212, 1013, 713, 1008, 1215, 421, 1235, 422, 1020, 1201, 1019, 1023, 1199, 1022, 298, 299, 849, 1210, 1203, 1209, 456, 1032, 455, 405, 404, 1262, 1257, 1206, 1211, 466, 1179, 581, 470, 1052, 469, 410, 411, 978, 391, 1222, 392, 8, 9, 964, 838, 287, 839, 1232, 1231, 291, 813, 268, 814, 352, 1204, 353, 1230, 346, 464, 828, 278, 829, 1042, 1043, 1228, 344, 465, 345, 371, 1203, 372, 18, 1226, 917, 920, 919, 361, 950, 387, 951, 1210, 375, 1203, 928, 15, 16, 368, 366, 367, 95, 94, 98, 48, 619, 1435, 627, 103, 628, 1436, 105, 104, 1429, 1436, 1430, 110, 109, 1438, 110, 1408, 111, 1373, 1374, 1431, 48, 49, 619, 609, 50, 608, 590, 591, 54, 604, 84, 605, 1438, 1436, 1429, 99, 94, 100, 1368, 1390, 1403, 1437, 1424, 84, 605, 606, 51, 1083, 1082, 495, 1114, 526, 1115, 591, 72, 592, 73, 72, 1409, 1401, 1403, 1400, 65, 66, 586, 1122, 1335, 1121, 64, 752, 216, 583, 64, 584, 523, 524, 1111, 749, 748, 212, 745, 746, 1128, 749, 214, 750, 536, 1129, 535, 1129, 536, 1130, 640, 44, 639, 641, 117, 642, 122, 645, 121, 645, 122, 646, 112, 113, 637, 1407, 1375, 1383, 1383, 1357, 1439, 1378, 1383, 1439, 126, 125, 1389, 130, 1379, 131, 763, 36, 762, 656, 40, 655, 672, 671, 141, 657, 134, 658, 680, 150, 681, 1380, 1351, 1348, 1355, 1368, 1392, 1390, 1368, 1372, 1142, 1263, 1305, 730, 731, 1263, 1141, 1142, 1305, 740, 739, 204, 729, 730, 1263, 728, 1263, 727, 866, 1241, 1240, 166, 695, 165, 704, 1240, 703, 718, 182, 719, 1265, 1264, 1367, 722, 1248, 721, 174, 704, 173, 183, 719, 182, 766, 226, 767, 663, 1418, 662, 658, 135, 659, 135, 1381, 136, 36, 764, 35, 238, 778, 237, 219, 340, 220, 340, 895, 339, 885, 1371, 884, 146, 147, 676, 151, 681, 150, 150, 680, 149, 889, 1370, 888, 334, 335, 889, 886, 331, 887, 329, 884, 328, 227, 767, 226, 228, 767, 227, 772, 773, 34, 1416, 1344, 338, 227, 1415, 228, 1395, 1360, 1359, 1394, 1359, 243, 777, 237, 778, 236, 775, 235, 784, 31, 783, 774, 235, 775, 796, 797, 29, 788, 789, 30, 248, 794, 247, 797, 796, 250, 686, 1289, 685, 157, 1387, 158, 687, 688, 1289, 880, 879, 325, 879, 1289, 878, 163, 693, 162, 317, 1279, 318, 874, 319, 875, 1216, 862, 1240, 169, 170, 699, 313, 867, 312, 870, 316, 871, 859, 1216, 858, 1009, 1215, 1008, 309, 864, 308, 859, 858, 303, 1334, 1296, 1280, 878, 323, 879, 1339, 260, 259, 800, 801, 28, 1309, 1255, 272, 294, 1231, 295, 263, 1311, 264, 1365, 1310, 1277, 800, 28, 799, 254, 800, 253, 1258, 23, 822, 24, 25, 817, 26, 812, 25, 278, 827, 826, 273, 819, 272, 586, 1385, 585, 1096, 61, 1095, 1109, 1108, 520, 1106, 59, 1105, 1107, 1106, 519, 1104, 1105, 59, 513, 1331, 514, 510, 1098, 509, 1112, 1113, 57, 535, 1128, 534, 742, 206, 743, 539, 538, 1313, 559, 1274, 560, 1134, 1133, 540, 1326, 1330, 1328, 1331, 1332, 1326, 509, 1096, 508, 1096, 509, 1097, 499, 1087, 498, 1091, 503, 1092, 1086, 1421, 1085, 1081, 495, 1082, 1084, 1083, 495, 1078, 1, 1077, 486, 487, 1068, 1404, 1397, 1405, 481, 1377, 482, 1342, 1377, 1341, 2, 1073, 1, 1075, 1, 1074, 482, 1388, 483, 1061, 1062, 4, 544, 1137, 543, 1143, 1144, 1263, 724, 725, 1250, 552, 1145, 551, 547, 1266, 548, 555, 556, 1153, 566, 565, 1273, 1272, 1273, 565, 725, 726, 1250, 718, 1248, 1224, 428, 998, 997, 1251, 995, 1156, 1167, 1260, 984, 1364, 991, 1251, 426, 993, 425, 985, 418, 986, 1342, 1308, 1432, 573, 1170, 572, 1169, 571, 1170, 1299, 1343, 576, 978, 1268, 977, 1169, 1260, 1168, 1172, 979, 1260, 573, 574, 1171, 1343, 1316, 1340, 1377, 479, 1341, 970, 402, 971, 1055, 473, 1056, 466, 581, 468, 578, 1343, 579, 466, 1182, 1181, 6, 7, 1048, 1001, 428, 1002, 715, 714, 178, 1215, 1212, 1213, 1015, 439, 1016, 992, 425, 993, 1233, 1236, 434, 438, 439, 1015, 1257, 438, 1236, 853, 1017, 852, 1022, 1199, 1021, 845, 844, 293, 294, 845, 293, 1016, 1017, 1213, 449, 450, 1026, 1030, 455, 1031, 1024, 448, 1025, 413, 414, 982, 979, 978, 411, 971, 403, 972, 403, 971, 402, 402, 966, 965, 963, 964, 9, 394, 393, 1221, 397, 396, 1243, 1257, 1235, 1239, 1197, 1195, 1192, 1223, 11, 950, 946, 1227, 945, 394, 956, 393, 9, 10, 959, 13, 941, 1249, 939, 940, 13, 284, 835, 283, 1259, 1232, 1278, 1035, 835, 1034, 833, 834, 1315, 465, 1040, 464, 278, 826, 825, 824, 278, 825, 1038, 1039, 1228, 1218, 1217, 1194, 836, 1034, 835, 1036, 461, 1037, 462, 1230, 463, 901, 902, 1229, 21, 1238, 20, 906, 347, 907, 913, 914, 19, 374, 1203, 375, 1218, 1204, 350, 356, 915, 355, 369, 363, 370, 903, 21, 902, 907, 348, 908, 362, 363, 921, 918, 18, 917, 1227, 946, 947, 369, 932, 368, 922, 363, 923, 937, 936, 374, 371, 370, 1207, 937, 14, 936, 931, 930, 368, 931, 932, 15, 618, 620, 619, 47, 1435, 622, 618, 97, 620, 96, 617, 616, 98, 99, 622, 624, 623, 100, 96, 616, 95, 94, 95, 614, 43, 44, 640, 100, 93, 1436, 105, 1436, 1438, 631, 108, 632, 108, 631, 107, 631, 630, 107, 609, 610, 50, 610, 611, 50, 88, 607, 87, 51, 52, 602, 601, 82, 602, 82, 81, 1437, 81, 80, 1437, 76, 1409, 1410, 89, 1424, 1433, 94, 613, 93, 108, 1438, 109, 105, 106, 630, 1433, 1430, 1436, 89, 1433, 90, 1437, 1399, 1424, 1402, 1373, 1431, 79, 1410, 80, 598, 78, 599, 595, 596, 53, 50, 51, 607, 587, 1385, 586, 74, 594, 73, 1335, 1358, 1119, 587, 588, 54, 1409, 71, 1363, 73, 1409, 74, 1338, 1362, 1337, 1392, 1368, 1336, 67, 1426, 68, 589, 70, 590, 1362, 1363, 1411, 212, 747, 211, 1118, 1117, 1119, 1112, 57, 1111, 582, 1358, 754, 1113, 1114, 57, 754, 1335, 753, 750, 215, 751, 747, 1325, 746, 752, 1335, 751, 1411, 212, 211, 214, 749, 213, 1123, 1325, 1335, 531, 1125, 530, 1417, 199, 1301, 1338, 1337, 1302, 1133, 741, 1132, 201, 737, 200, 44, 45, 635, 117, 641, 116, 119, 1407, 120, 120, 643, 119, 120, 1383, 121, 43, 645, 42, 647, 648, 42, 44, 635, 636, 635, 110, 111, 124, 123, 1383, 124, 1383, 1389, 1391, 1357, 1354, 1380, 1378, 1351, 1387, 1297, 1298, 1391, 1319, 1357, 128, 651, 127, 1427, 651, 41, 649, 1427, 648, 130, 654, 129, 135, 658, 134, 652, 41, 651, 138, 661, 137, 663, 662, 138, 1350, 1348, 1297, 132, 1380, 133, 139, 138, 143, 142, 139, 143, 1357, 1319, 1356, 1366, 1285, 1303, 1351, 1297, 1348, 694, 164, 695, 1366, 1303, 1301, 1319, 1355, 1317, 1367, 1282, 1276, 1318, 1319, 1284, 202, 1417, 203, 736, 200, 737, 198, 1301, 199, 196, 732, 195, 204, 203, 1302, 740, 741, 1304, 731, 1305, 1263, 732, 196, 733, 194, 729, 193, 194, 730, 729, 187, 188, 723, 727, 726, 190, 1252, 1247, 1281, 1281, 1247, 169, 166, 1281, 167, 170, 169, 1247, 189, 188, 1264, 187, 722, 186, 1247, 1252, 1246, 180, 175, 181, 1148, 1250, 1147, 185, 722, 721, 720, 1248, 719, 720, 184, 721, 715, 1224, 714, 705, 706, 1216, 175, 180, 176, 715, 179, 716, 663, 140, 664, 1418, 664, 39, 758, 37, 757, 39, 665, 38, 148, 147, 1348, 670, 141, 671, 142, 672, 141, 1370, 1398, 674, 755, 899, 898, 672, 1398, 671, 340, 218, 341, 219, 759, 218, 342, 755, 898, 898, 1428, 897, 758, 217, 218, 755, 756, 37, 144, 674, 143, 672, 673, 1398, 890, 889, 335, 895, 1398, 894, 1297, 1387, 1350, 683, 153, 684, 153, 683, 152, 890, 1370, 889, 1398, 1370, 893, 333, 334, 888, 225, 1386, 226, 339, 338, 1344, 885, 884, 329, 886, 885, 330, 1345, 1322, 1323, 334, 333, 1320, 761, 36, 760, 220, 760, 219, 230, 229, 1395, 770, 34, 769, 765, 35, 764, 770, 230, 771, 775, 33, 774, 771, 34, 770, 1386, 223, 222, 764, 763, 224, 1321, 1320, 333, 1361, 1320, 1322, 230, 1395, 231, 235, 774, 234, 248, 1393, 249, 1361, 1359, 1360, 238, 779, 778, 781, 32, 780, 777, 33, 776, 789, 790, 30, 784, 238, 785, 1394, 240, 235, 785, 239, 786, 788, 787, 242, 244, 243, 1359, 247, 1393, 248, 249, 795, 248, 792, 791, 246, 249, 250, 796, 252, 253, 798, 804, 805, 27, 1350, 1387, 155, 157, 158, 687, 159, 1288, 160, 689, 160, 690, 689, 878, 1289, 874, 875, 1269, 326, 880, 325, 327, 1300, 328, 697, 1241, 696, 695, 1269, 694, 1269, 876, 691, 693, 1269, 692, 322, 876, 321, 324, 879, 323, 317, 871, 316, 1279, 1270, 1280, 699, 170, 700, 699, 1241, 698, 863, 1240, 862, 702, 1240, 701, 867, 313, 868, 313, 312, 1256, 865, 310, 866, 301, 1214, 304, 178, 707, 177, 179, 178, 177, 1216, 859, 860, 853, 854, 1213, 862, 307, 863, 860, 859, 305, 305, 304, 1214, 855, 857, 856, 323, 322, 1291, 1322, 1300, 1323, 1322, 1321, 1300, 1279, 1296, 1291, 1339, 256, 1353, 805, 259, 806, 1310, 260, 1339, 261, 1311, 262, 1271, 1259, 1277, 296, 1231, 1225, 297, 1225, 298, 295, 846, 294, 1255, 1309, 1277, 260, 1310, 261, 1232, 1255, 1278, 1255, 1232, 287, 799, 28, 798, 29, 797, 28, 257, 802, 256, 805, 804, 259, 810, 26, 809, 807, 27, 806, 265, 264, 1311, 812, 26, 811, 265, 1365, 266, 270, 269, 1309, 813, 25, 812, 815, 270, 816, 827, 23, 826, 268, 1309, 269, 817, 816, 270, 1118, 1119, 1358, 1109, 1110, 58, 1113, 1112, 525, 526, 528, 527, 1110, 1109, 521, 1112, 1111, 524, 523, 1324, 531, 520, 519, 1327, 73, 593, 72, 515, 1331, 516, 516, 1331, 517, 1382, 1100, 1101, 1098, 1099, 60, 1397, 502, 1422, 1425, 1329, 1307, 532, 531, 1324, 1124, 530, 1125, 1128, 535, 1129, 1131, 743, 1130, 538, 1132, 537, 1133, 1132, 539, 541, 540, 1313, 734, 735, 1305, 536, 1313, 537, 1326, 1328, 1324, 1266, 547, 1295, 543, 1137, 542, 1425, 1307, 1293, 1330, 1326, 1329, 544, 1314, 545, 1422, 1413, 1405, 1100, 60, 1099, 62, 1414, 61, 510, 1369, 511, 1093, 1094, 61, 1089, 1088, 501, 1087, 1088, 1421, 1090, 1089, 502, 1422, 1420, 1413, 496, 1084, 495, 1086, 1085, 497, 498, 497, 1420, 496, 492, 497, 1083, 63, 1082, 1079, 1080, 0, 1069, 1068, 487, 1076, 494, 1077, 1376, 1404, 1405, 509, 508, 1369, 1072, 2, 1071, 486, 1413, 487, 1307, 1404, 1412, 1307, 1412, 1293, 479, 1377, 480, 1388, 482, 1377, 1076, 1, 1075, 1062, 1063, 4, 486, 1067, 485, 484, 483, 1388, 483, 484, 1065, 4, 5, 1058, 1060, 1061, 4, 1140, 547, 1141, 1139, 1305, 1138, 549, 548, 1266, 549, 1143, 548, 1149, 553, 1150, 726, 727, 1147, 1148, 1149, 1250, 552, 1149, 1147, 549, 1266, 550, 552, 1147, 1146, 1150, 553, 1151, 1155, 1154, 557, 560, 561, 1158, 560, 1157, 559, 564, 565, 1163, 565, 564, 1272, 1149, 1150, 1250, 1153, 1154, 998, 1002, 428, 1003, 1006, 1005, 430, 994, 427, 995, 428, 997, 996, 1233, 426, 425, 426, 427, 994, 1161, 563, 1162, 1157, 560, 1158, 1308, 570, 1273, 1364, 1164, 987, 988, 420, 989, 425, 992, 424, 987, 1165, 986, 988, 987, 420, 1164, 567, 1165, 565, 566, 1163, 1341, 1340, 1316, 577, 1343, 578, 1164, 1165, 987, 571, 1169, 570, 469, 579, 1343, 577, 1175, 576, 412, 979, 411, 985, 984, 417, 981, 980, 413, 1268, 979, 1172, 1177, 1176, 578, 1177, 1267, 1176, 976, 408, 977, 1267, 975, 1268, 470, 1343, 471, 475, 1340, 476, 477, 1059, 476, 3, 4, 1063, 472, 473, 1054, 1051, 469, 1052, 5, 6, 1053, 580, 1178, 579, 1175, 577, 1176, 1052, 6, 1051, 1045, 1044, 1046, 973, 974, 1267, 975, 1267, 974, 964, 965, 8, 1182, 1306, 1181, 712, 178, 713, 179, 715, 178, 435, 434, 1236, 1011, 1215, 1010, 711, 1213, 856, 853, 1213, 1017, 1016, 1212, 1015, 1012, 436, 1013, 1009, 434, 1010, 714, 1224, 1007, 440, 441, 1016, 1235, 419, 1234, 1014, 438, 1015, 438, 437, 1236, 1235, 1257, 1236, 1242, 1221, 1220, 850, 1201, 849, 299, 298, 1225, 1020, 444, 1021, 446, 445, 1200, 838, 1219, 837, 294, 293, 1231, 841, 291, 842, 293, 844, 292, 1017, 1016, 441, 444, 1200, 445, 441, 440, 1211, 446, 1200, 447, 1026, 450, 1027, 1029, 1028, 453, 451, 1186, 452, 1197, 1192, 1245, 416, 415, 1234, 418, 1234, 419, 412, 1261, 413, 394, 1221, 395, 1244, 408, 1262, 1261, 410, 1244, 1242, 1244, 1221, 1261, 1244, 1242, 965, 964, 402, 7, 8, 1306, 1182, 1044, 1306, 1045, 1306, 1044, 400, 963, 399, 395, 1243, 396, 958, 957, 394, 398, 961, 397, 1206, 1239, 1205, 1222, 1197, 1221, 457, 1185, 458, 1195, 1197, 1222, 385, 947, 384, 385, 1195, 386, 1195, 385, 1196, 381, 943, 380, 955, 10, 954, 956, 394, 957, 955, 954, 392, 11, 954, 10, 949, 386, 950, 954, 11, 1223, 381, 382, 944, 383, 1196, 384, 843, 292, 844, 1029, 1219, 1028, 1254, 1255, 284, 285, 1255, 286, 837, 1219, 1033, 840, 841, 1219, 280, 831, 278, 1315, 835, 1035, 275, 821, 274, 276, 1254, 281, 824, 823, 278, 279, 278, 277, 282, 833, 281, 281, 832, 280, 22, 827, 1229, 23, 827, 22, 453, 1185, 454, 457, 456, 1185, 1217, 1230, 461, 1033, 457, 1034, 830, 1315, 1228, 1036, 1315, 1035, 1230, 1218, 346, 349, 1218, 350, 343, 900, 1043, 828, 1228, 827, 903, 344, 904, 900, 1229, 1043, 346, 345, 464, 346, 1218, 347, 906, 20, 1238, 355, 913, 354, 1193, 1202, 1204, 1208, 1204, 1202, 353, 1204, 354, 349, 908, 348, 939, 376, 940, 1208, 1207, 359, 360, 359, 1207, 1203, 1207, 1208, 352, 910, 351, 910, 352, 911, 914, 355, 915, 1226, 914, 915, 359, 360, 918, 19, 1226, 18, 365, 924, 364, 1226, 19, 914, 943, 942, 380, 941, 378, 942, 376, 375, 1210, 379, 942, 378, 938, 937, 375, 372, 1203, 373, 935, 934, 372, 374, 936, 373, 365, 364, 367, 363, 362, 370, 370, 371, 933, 1287, 15, 933, 919, 18, 918, 924, 366, 925, 368, 928, 926, 15, 928, 930, 618, 619, 617, 623, 47, 622, 621, 622, 1435, 620, 1435, 619, 615, 614, 95, 50, 611, 1434, 613, 614, 1434, 618, 96, 97, 624, 625, 47, 623, 624, 47, 626, 625, 102, 99, 100, 623, 96, 95, 98, 95, 616, 615, 96, 98, 97, 99, 98, 94, 630, 46, 629, 46, 625, 626, 628, 104, 629, 105, 630, 629, 100, 101, 625, 100, 1436, 101, 627, 626, 102, 101, 1436, 102, 45, 631, 632, 45, 630, 631, 110, 634, 109, 635, 45, 634, 105, 1438, 106, 106, 1438, 107, 633, 109, 634, 108, 109, 632, 615, 616, 49, 91, 611, 90, 611, 612, 1434, 606, 607, 51, 609, 89, 610, 85, 606, 605, 604, 605, 51, 600, 601, 52, 604, 603, 83, 82, 83, 602, 86, 85, 1424, 53, 597, 52, 601, 600, 81, 81, 600, 80, 600, 79, 80, 611, 91, 612, 91, 1433, 92, 608, 89, 609, 607, 606, 87, 87, 1424, 88, 1438, 1429, 1408, 1438, 1408, 110, 1374, 1408, 1429, 1430, 1433, 1424, 89, 608, 88, 83, 1437, 84, 83, 82, 1437, 1373, 1372, 1354, 1374, 1373, 1354, 1402, 1390, 1373, 1402, 1399, 1390, 79, 599, 78, 598, 52, 597, 77, 1410, 78, 598, 597, 78, 53, 54, 592, 75, 76, 595, 74, 75, 595, 594, 53, 593, 591, 592, 54, 591, 590, 71, 72, 591, 71, 590, 54, 589, 55, 56, 582, 584, 585, 1385, 67, 587, 66, 592, 72, 593, 74, 1409, 75, 70, 589, 69, 1363, 68, 1426, 1362, 1403, 1401, 1368, 1403, 1338, 1417, 1303, 1302, 1362, 1338, 1403, 1363, 70, 69, 587, 67, 588, 586, 66, 587, 584, 64, 585, 1363, 1426, 1411, 215, 1426, 67, 1411, 1337, 1362, 1411, 209, 1337, 65, 585, 64, 65, 586, 585, 754, 1358, 1335, 64, 582, 754, 1358, 582, 56, 1385, 55, 584, 526, 1116, 1115, 1120, 526, 1121, 212, 1426, 213, 1426, 215, 214, 1325, 750, 1335, 1325, 749, 750, 528, 1122, 527, 1123, 1122, 529, 1325, 1124, 1125, 1325, 1123, 1124, 749, 1325, 748, 1325, 747, 748, 209, 210, 745, 209, 1411, 210, 744, 745, 1129, 744, 209, 745, 532, 1126, 531, 1128, 746, 1127, 1337, 207, 1302, 1337, 209, 208, 205, 1302, 206, 741, 205, 742, 741, 742, 1132, 742, 743, 1131, 203, 204, 739, 741, 740, 205, 112, 636, 111, 637, 114, 638, 637, 638, 44, 115, 638, 114, 645, 43, 644, 43, 640, 641, 117, 116, 1407, 118, 1407, 119, 643, 642, 118, 118, 642, 117, 120, 121, 644, 122, 121, 1383, 653, 654, 41, 124, 648, 123, 124, 649, 648, 115, 114, 1406, 114, 637, 113, 1354, 1357, 1375, 115, 1406, 116, 647, 123, 648, 647, 122, 123, 124, 125, 649, 125, 124, 1389, 1408, 1375, 1406, 1391, 1354, 1372, 1356, 1318, 1349, 1378, 1356, 1349, 1392, 1317, 1355, 1319, 1391, 1355, 1356, 1319, 1318, 1352, 1318, 1286, 650, 1427, 649, 651, 128, 652, 125, 126, 649, 1379, 128, 1389, 651, 1427, 650, 653, 652, 129, 130, 129, 1379, 1380, 132, 1379, 658, 40, 657, 656, 657, 40, 657, 656, 133, 40, 660, 39, 40, 658, 659, 662, 1418, 661, 660, 661, 39, 1378, 1379, 1389, 1378, 1380, 1379, 135, 134, 1381, 134, 657, 133, 137, 661, 136, 135, 136, 659, 1380, 1381, 134, 147, 1381, 1348, 1352, 1349, 1318, 1352, 1297, 1349, 1387, 1288, 159, 1352, 1298, 1297, 153, 1350, 154, 1350, 151, 1348, 1298, 1288, 1387, 1281, 1288, 1283, 1392, 1336, 1317, 1303, 1285, 1336, 1275, 1301, 197, 1275, 1366, 1301, 1285, 1317, 1336, 1284, 1286, 1318, 1285, 1366, 1276, 1366, 1275, 1265, 202, 738, 201, 737, 201, 738, 199, 1417, 200, 736, 735, 200, 194, 1275, 195, 198, 197, 1301, 1275, 196, 195, 730, 194, 731, 1135, 1136, 1304, 737, 1304, 736, 1137, 736, 1304, 735, 736, 1138, 732, 1305, 731, 198, 733, 197, 195, 731, 194, 195, 732, 731, 192, 728, 191, 189, 190, 726, 729, 728, 193, 1146, 727, 1263, 191, 1264, 192, 727, 191, 728, 725, 724, 189, 726, 725, 189, 1252, 1367, 1253, 1276, 1282, 1285, 163, 1288, 164, 1282, 1252, 1283, 1281, 164, 1288, 1281, 166, 165, 168, 167, 1281, 169, 168, 1281, 185, 1253, 186, 188, 187, 1264, 173, 1247, 174, 170, 1247, 171, 702, 172, 703, 172, 171, 1247, 181, 175, 1246, 173, 703, 172, 1000, 1250, 1151, 723, 1250, 722, 720, 721, 1248, 185, 721, 184, 174, 1246, 175, 1253, 185, 1246, 183, 720, 719, 718, 719, 1248, 181, 1246, 182, 180, 716, 179, 716, 180, 717, 718, 717, 182, 175, 176, 705, 179, 176, 180, 708, 178, 709, 707, 178, 708, 665, 39, 664, 666, 38, 665, 669, 141, 670, 141, 666, 665, 667, 668, 38, 668, 141, 669, 669, 1428, 668, 669, 670, 1428, 663, 138, 139, 141, 140, 142, 138, 1381, 143, 1381, 147, 146, 1370, 678, 1371, 674, 1398, 673, 1428, 671, 1398, 1428, 670, 671, 896, 341, 342, 757, 217, 758, 897, 1428, 896, 217, 755, 342, 223, 762, 222, 760, 759, 219, 756, 757, 37, 756, 217, 757, 893, 892, 338, 339, 894, 338, 893, 338, 894, 340, 339, 220, 219, 218, 340, 758, 218, 759, 341, 896, 340, 895, 340, 896, 144, 145, 674, 144, 1381, 145, 147, 148, 677, 148, 1348, 149, 674, 675, 1370, 675, 146, 676, 677, 1370, 676, 677, 148, 678, 151, 1350, 152, 153, 152, 1350, 157, 686, 156, 683, 684, 883, 682, 683, 1371, 682, 681, 151, 679, 1371, 678, 679, 680, 1371, 893, 1370, 892, 1370, 890, 891, 1371, 888, 1370, 332, 887, 331, 334, 1416, 335, 1416, 338, 337, 335, 1416, 336, 891, 890, 336, 889, 888, 334, 885, 886, 1371, 327, 881, 326, 329, 328, 1321, 329, 1321, 330, 1321, 333, 332, 1321, 332, 331, 329, 330, 885, 760, 36, 759, 760, 220, 761, 762, 36, 761, 225, 764, 224, 767, 228, 768, 767, 35, 766, 223, 1386, 224, 1395, 228, 1360, 33, 34, 774, 770, 769, 230, 35, 769, 34, 232, 772, 231, 233, 773, 232, 233, 774, 773, 775, 236, 776, 773, 774, 34, 222, 761, 221, 221, 1344, 222, 1415, 226, 1386, 765, 225, 766, 1416, 1320, 1344, 1320, 1361, 1415, 1347, 1361, 1345, 1321, 1322, 1320, 772, 232, 773, 232, 231, 1395, 1394, 234, 1395, 236, 235, 240, 244, 1359, 245, 1395, 1359, 1394, 1322, 1345, 1361, 1347, 1345, 1346, 33, 780, 32, 32, 781, 31, 779, 33, 778, 781, 238, 782, 782, 238, 783, 236, 240, 239, 238, 239, 785, 789, 788, 243, 1394, 242, 241, 785, 31, 784, 240, 786, 239, 787, 31, 786, 244, 789, 243, 244, 790, 789, 244, 245, 790, 246, 245, 1393, 791, 792, 1419, 790, 791, 30, 29, 1419, 794, 30, 1419, 29, 793, 247, 794, 792, 247, 793, 1347, 250, 1393, 797, 252, 798, 796, 29, 795, 792, 793, 1419, 793, 794, 1419, 796, 795, 249, 155, 1387, 156, 155, 684, 154, 686, 687, 1289, 688, 687, 158, 159, 689, 158, 161, 1288, 162, 688, 689, 1289, 160, 161, 690, 880, 1289, 879, 327, 328, 882, 690, 691, 877, 876, 322, 877, 883, 1289, 882, 1289, 880, 881, 1290, 1291, 1300, 1290, 324, 1291, 165, 695, 164, 693, 694, 1269, 697, 168, 698, 871, 1269, 696, 691, 690, 161, 162, 692, 161, 871, 696, 1241, 870, 871, 1241, 874, 873, 318, 319, 874, 318, 319, 1279, 320, 320, 321, 876, 872, 317, 873, 319, 318, 1279, 316, 870, 315, 1279, 317, 1270, 701, 700, 170, 172, 702, 171, 867, 1241, 866, 870, 1241, 869, 1216, 1240, 705, 704, 174, 705, 866, 1240, 865, 1240, 863, 864, 868, 869, 1241, 867, 868, 1241, 316, 1270, 317, 313, 314, 868, 309, 1225, 310, 309, 310, 865, 313, 1256, 314, 311, 312, 867, 704, 705, 1240, 175, 705, 174, 1216, 709, 858, 1216, 707, 708, 307, 861, 306, 862, 1216, 861, 855, 302, 857, 304, 859, 303, 304, 305, 859, 305, 1214, 306, 299, 1214, 300, 308, 307, 1225, 851, 300, 852, 302, 301, 303, 300, 851, 299, 850, 299, 851, 1290, 327, 326, 1321, 328, 1300, 323, 1291, 324, 320, 1279, 321, 1296, 1323, 1300, 1296, 1333, 1323, 1310, 1334, 1312, 1333, 1334, 1353, 1347, 1346, 250, 1333, 1346, 1323, 1339, 257, 256, 256, 802, 255, 259, 804, 258, 257, 1339, 258, 812, 267, 813, 260, 261, 807, 315, 1256, 316, 1271, 1270, 1259, 1259, 1237, 1231, 312, 311, 1256, 296, 297, 847, 1214, 299, 1225, 1231, 296, 295, 845, 294, 846, 1365, 1277, 1309, 1271, 1277, 1312, 261, 1310, 1311, 1310, 1365, 1311, 1231, 1232, 1259, 288, 1232, 289, 273, 1254, 274, 1255, 1254, 272, 250, 1346, 251, 1346, 254, 253, 802, 28, 801, 28, 802, 27, 802, 257, 803, 804, 27, 803, 810, 811, 26, 807, 262, 808, 262, 263, 808, 810, 809, 264, 1365, 265, 1311, 267, 812, 266, 265, 811, 264, 265, 812, 811, 1365, 1309, 266, 1309, 268, 267, 270, 1309, 271, 272, 818, 271, 815, 25, 814, 817, 25, 816, 25, 815, 816, 817, 270, 271, 273, 272, 1254, 1254, 276, 275, 820, 274, 821, 820, 24, 819, 24, 817, 818, 820, 821, 24, 821, 275, 822, 1114, 1115, 57, 1117, 526, 1120, 526, 1113, 525, 526, 1114, 1113, 524, 523, 530, 1123, 530, 1124, 525, 524, 529, 528, 526, 525, 1108, 1109, 58, 523, 1110, 522, 1107, 1108, 58, 1107, 58, 1106, 520, 521, 1109, 1326, 1327, 517, 1107, 519, 1108, 518, 519, 1106, 515, 514, 1331, 1103, 515, 1104, 515, 1103, 514, 1103, 1382, 1102, 1103, 1104, 1382, 516, 1104, 515, 1102, 514, 1103, 1102, 513, 514, 1098, 60, 1097, 61, 1096, 60, 1098, 1097, 509, 1097, 60, 1096, 513, 1100, 512, 1098, 510, 1099, 510, 509, 1369, 1093, 505, 1094, 528, 529, 1122, 531, 530, 523, 1125, 531, 1126, 533, 532, 1324, 1126, 1127, 1325, 1126, 532, 1127, 535, 1324, 536, 1328, 536, 1324, 1132, 742, 1131, 743, 744, 1130, 539, 1132, 538, 538, 537, 1313, 739, 740, 1304, 1136, 1135, 541, 1137, 544, 1138, 1136, 1137, 1304, 533, 1324, 534, 1326, 1324, 1327, 541, 1314, 542, 539, 1313, 540, 544, 543, 1314, 543, 542, 1314, 1330, 1314, 1313, 1314, 1292, 1295, 1330, 1329, 1425, 1329, 1326, 1332, 511, 1369, 512, 1332, 1396, 1307, 1432, 1293, 1412, 1314, 1330, 1292, 1332, 1307, 1329, 1404, 1307, 1396, 1095, 1094, 507, 508, 1096, 1095, 1093, 61, 1092, 1090, 1091, 1414, 506, 507, 1094, 505, 506, 1094, 1091, 1090, 503, 505, 504, 1423, 61, 1414, 1091, 1085, 1421, 1084, 1087, 499, 1088, 500, 1088, 499, 502, 1397, 503, 502, 1089, 501, 1422, 500, 1420, 1086, 498, 1087, 494, 493, 496, 492, 496, 493, 497, 498, 1086, 496, 497, 1085, 1074, 493, 1075, 1074, 492, 493, 1082, 63, 1081, 495, 1080, 1078, 1080, 1079, 1078, 1079, 0, 1, 1074, 1, 1073, 1076, 1075, 494, 1079, 1, 1078, 1397, 1396, 1423, 1397, 1404, 1396, 500, 1422, 501, 490, 1413, 1420, 489, 1072, 1071, 489, 1413, 490, 487, 1413, 488, 1069, 487, 1070, 1342, 1432, 1376, 1293, 1432, 1294, 1377, 1376, 1405, 1377, 1342, 1376, 486, 1388, 1413, 484, 1388, 485, 1377, 481, 480, 479, 480, 1062, 490, 1072, 489, 491, 492, 1073, 1069, 1070, 2, 1070, 488, 1071, 1066, 1067, 3, 1067, 486, 1068, 1060, 1059, 477, 1063, 482, 1064, 1063, 481, 482, 1066, 3, 1065, 3, 1063, 1064, 479, 1061, 478, 479, 1062, 1061, 1058, 1057, 475, 735, 1138, 1305, 547, 1140, 546, 1140, 1141, 1305, 1142, 1141, 547, 1139, 546, 1140, 544, 545, 1138, 1266, 555, 550, 553, 552, 551, 552, 1146, 1145, 1145, 1263, 1144, 1146, 1147, 727, 553, 1149, 552, 1143, 549, 1144, 553, 551, 554, 1000, 1152, 999, 1150, 1151, 1250, 546, 1295, 547, 556, 1266, 557, 556, 555, 1266, 1151, 1152, 1000, 554, 555, 1152, 1154, 1153, 556, 1266, 558, 557, 556, 557, 1154, 1155, 558, 1156, 561, 560, 1272, 1292, 1293, 1274, 1308, 1272, 1294, 1364, 1160, 1161, 1160, 562, 1161, 567, 566, 1273, 567, 1164, 566, 428, 999, 998, 1001, 1248, 1000, 998, 999, 1153, 1152, 1153, 999, 1003, 1248, 1002, 1248, 1001, 1002, 717, 718, 1224, 1003, 428, 1004, 1159, 1251, 1158, 996, 1156, 995, 427, 428, 995, 993, 994, 1251, 427, 426, 429, 1006, 430, 1007, 991, 423, 992, 1233, 422, 1236, 1157, 1251, 1156, 1160, 1159, 561, 992, 1251, 991, 992, 993, 1251, 1164, 1163, 566, 1164, 1364, 1163, 569, 1167, 568, 985, 1167, 984, 1233, 425, 424, 423, 991, 422, 423, 422, 1233, 421, 989, 420, 1364, 987, 988, 990, 1364, 989, 987, 986, 419, 985, 986, 1166, 1308, 1273, 1272, 567, 1273, 568, 1168, 570, 1169, 569, 568, 1273, 1342, 1341, 1316, 477, 1341, 478, 1343, 1299, 1316, 574, 1299, 575, 1165, 1166, 986, 1168, 1167, 569, 1316, 1299, 572, 1299, 574, 573, 576, 575, 1299, 577, 576, 1343, 468, 580, 469, 578, 1176, 577, 418, 985, 417, 983, 984, 1260, 980, 1260, 979, 982, 414, 983, 1268, 1172, 1173, 1172, 1171, 574, 412, 980, 979, 978, 979, 1268, 1175, 1174, 576, 1175, 1268, 1174, 1179, 1267, 1178, 1180, 1267, 1179, 976, 977, 1268, 975, 976, 1268, 974, 406, 975, 407, 975, 406, 474, 1056, 473, 1341, 476, 1340, 472, 1053, 471, 474, 1340, 475, 1055, 5, 1054, 475, 1057, 474, 1056, 5, 1055, 473, 472, 1340, 1053, 1052, 471, 1051, 1050, 468, 466, 468, 467, 1053, 472, 1054, 1052, 1053, 6, 1051, 6, 1050, 1047, 1048, 7, 1177, 578, 579, 581, 580, 468, 581, 1179, 580, 1044, 467, 1047, 466, 1180, 1179, 1044, 1047, 1046, 1048, 467, 1049, 1050, 6, 1049, 466, 1044, 1182, 968, 402, 969, 404, 972, 403, 973, 1267, 972, 967, 8, 966, 1045, 7, 1306, 967, 1306, 8, 712, 713, 711, 713, 178, 714, 178, 711, 710, 1215, 711, 713, 432, 1008, 431, 432, 1009, 1008, 1013, 1212, 1012, 434, 435, 1010, 855, 1213, 854, 1215, 1213, 711, 857, 302, 858, 302, 855, 854, 437, 1013, 436, 438, 1014, 437, 440, 1016, 439, 1014, 1015, 1212, 429, 430, 1005, 432, 431, 1233, 434, 1009, 433, 432, 1233, 433, 435, 1236, 436, 1235, 1236, 422, 419, 1235, 420, 418, 419, 986, 1013, 437, 1014, 1012, 1011, 436, 1017, 1018, 1201, 444, 1019, 443, 441, 1211, 442, 1200, 443, 1211, 1239, 1242, 1205, 1188, 1200, 1189, 1201, 850, 851, 851, 852, 1201, 848, 1199, 847, 295, 296, 846, 1019, 1201, 1018, 1020, 1019, 444, 1022, 1021, 446, 1023, 1022, 447, 846, 847, 1199, 845, 846, 1199, 291, 1231, 292, 291, 841, 290, 1026, 1198, 1025, 843, 1198, 842, 843, 842, 292, 1028, 1219, 842, 1018, 1017, 442, 444, 443, 1200, 1023, 1024, 1199, 1024, 1025, 1198, 448, 447, 1188, 449, 448, 1188, 1183, 1189, 1187, 1186, 1185, 453, 1186, 450, 1188, 1186, 451, 450, 1028, 1198, 1027, 451, 1027, 450, 1030, 1029, 454, 453, 1028, 452, 1186, 1188, 1183, 1245, 1187, 1189, 415, 416, 984, 416, 1234, 417, 981, 413, 982, 412, 413, 980, 410, 1261, 411, 1261, 412, 411, 1220, 1221, 1197, 1261, 1242, 1239, 1244, 410, 409, 407, 408, 976, 406, 405, 1262, 1243, 1244, 1262, 401, 403, 402, 401, 404, 403, 397, 1243, 398, 1243, 395, 1221, 969, 402, 970, 401, 402, 964, 401, 964, 400, 962, 963, 9, 962, 961, 398, 402, 967, 966, 965, 966, 8, 960, 397, 961, 1262, 404, 400, 958, 395, 959, 958, 394, 395, 960, 9, 959, 958, 959, 10, 397, 960, 396, 1188, 1189, 1183, 1220, 1205, 1242, 1187, 1245, 1192, 1245, 1220, 1197, 1186, 1183, 1185, 1183, 1187, 1190, 1191, 1192, 1209, 382, 1196, 383, 1222, 389, 1195, 1222, 391, 390, 385, 386, 948, 386, 1195, 387, 946, 383, 947, 382, 383, 945, 1196, 380, 1209, 1196, 382, 381, 955, 393, 956, 393, 955, 392, 956, 10, 955, 389, 952, 388, 952, 953, 1223, 952, 1223, 951, 954, 1223, 953, 949, 950, 11, 950, 951, 1223, 947, 385, 948, 949, 1227, 948, 944, 382, 945, 943, 1249, 942, 11, 12, 949, 1232, 291, 290, 288, 839, 287, 839, 288, 840, 289, 841, 840, 285, 286, 836, 286, 1255, 287, 285, 284, 1255, 833, 282, 834, 1033, 836, 837, 838, 837, 287, 1032, 1031, 455, 1033, 1032, 456, 283, 834, 282, 284, 285, 835, 1038, 1315, 1037, 829, 830, 1228, 279, 277, 280, 280, 276, 281, 276, 280, 277, 280, 278, 279, 24, 822, 23, 276, 822, 275, 823, 1258, 822, 823, 824, 1258, 833, 1315, 832, 1315, 830, 831, 278, 830, 829, 827, 1228, 1043, 826, 23, 825, 1258, 824, 825, 908, 20, 907, 453, 454, 1029, 456, 455, 1185, 459, 1034, 458, 1036, 1035, 460, 1185, 1183, 1184, 457, 458, 1034, 1204, 1218, 1194, 459, 1217, 460, 462, 461, 1230, 461, 1036, 460, 465, 344, 343, 1315, 1038, 1228, 465, 464, 345, 1039, 1038, 463, 1230, 1217, 1218, 1193, 1204, 1194, 902, 343, 344, 343, 1043, 1042, 827, 1043, 1229, 901, 900, 902, 903, 902, 344, 901, 1229, 900, 910, 20, 909, 21, 903, 1238, 905, 904, 346, 906, 905, 347, 349, 348, 1218, 905, 906, 1238, 348, 907, 347, 907, 20, 906, 908, 909, 20, 1202, 1193, 1209, 1187, 1191, 1190, 1203, 1202, 1209, 1203, 1208, 1202, 1204, 352, 351, 351, 910, 350, 356, 357, 916, 356, 1208, 357, 1210, 1209, 379, 379, 1209, 380, 920, 362, 921, 364, 363, 369, 916, 917, 1226, 357, 1208, 358, 360, 361, 919, 362, 1207, 370, 920, 18, 919, 912, 19, 911, 20, 911, 19, 356, 355, 1208, 913, 355, 914, 922, 1384, 921, 359, 918, 358, 919, 918, 360, 18, 1384, 17, 18, 920, 1384, 364, 923, 363, 1384, 923, 17, 926, 17, 925, 381, 944, 943, 942, 1249, 941, 376, 1210, 377, 1210, 379, 378, 12, 13, 1249, 941, 13, 940, 937, 938, 14, 376, 939, 375, 938, 939, 14, 936, 935, 373, 371, 372, 934, 1287, 936, 14, 935, 936, 1287, 930, 928, 929, 930, 931, 15, 931, 368, 932, 365, 366, 924, 929, 368, 930, 369, 368, 367, 935, 1287, 934, 932, 933, 15, 13, 14, 939, 924, 17, 923, 368, 925, 366, 927, 17, 926, 17, 927, 16, 928, 16, 927, 619, 49, 617, 46, 47, 625, 621, 1435, 620, 615, 49, 614, 616, 617, 49, 96, 618, 617, 47, 48, 1435, 98, 622, 97, 623, 622, 99, 620, 97, 621, 621, 97, 622, 628, 46, 627, 46, 626, 627, 628, 629, 46, 105, 629, 104, 101, 102, 625, 102, 1436, 103, 627, 102, 103, 104, 103, 1436, 633, 632, 109, 633, 45, 632, 45, 633, 634, 635, 634, 110, 106, 107, 630, 108, 107, 1438, 49, 1434, 614, 49, 50, 1434, 92, 612, 91, 92, 613, 612, 608, 607, 88, 608, 50, 607, 603, 51, 602, 601, 602, 52, 603, 602, 83, 604, 83, 84, 85, 84, 1424, 600, 52, 599, 92, 93, 613, 92, 1433, 93, 610, 89, 90, 91, 90, 1433, 1399, 1402, 1424, 1429, 1430, 1431, 86, 87, 606, 88, 1424, 89, 1430, 1424, 1402, 86, 1424, 87, 1429, 1431, 1374, 1402, 1431, 1430, 52, 598, 599, 600, 599, 79, 77, 78, 597, 79, 78, 1410, 77, 596, 76, 77, 597, 596, 1401, 1410, 1409, 1410, 77, 76, 53, 592, 593, 594, 593, 73, 54, 55, 1385, 68, 588, 67, 589, 588, 69, 70, 1363, 71, 1363, 1401, 1409, 70, 71, 590, 72, 71, 1409, 1390, 1400, 1403, 1390, 1399, 1400, 68, 69, 588, 68, 1363, 69, 215, 66, 216, 215, 67, 66, 65, 216, 66, 65, 64, 216, 1118, 1358, 1117, 584, 55, 583, 55, 582, 583, 56, 57, 1116, 56, 1117, 1358, 1117, 56, 1116, 752, 64, 753, 64, 754, 753, 1335, 750, 751, 752, 751, 216, 1120, 1121, 1335, 1117, 1120, 1119, 1426, 214, 213, 212, 213, 749, 210, 211, 746, 210, 1411, 211, 745, 210, 746, 747, 746, 211, 207, 208, 744, 207, 1337, 208, 204, 205, 740, 206, 1302, 207, 207, 743, 206, 207, 744, 743, 637, 636, 112, 637, 44, 636, 44, 638, 639, 640, 639, 116, 643, 43, 642, 43, 641, 642, 640, 116, 641, 115, 116, 639, 43, 643, 644, 645, 644, 121, 1383, 120, 1407, 118, 119, 643, 42, 645, 646, 647, 646, 122, 112, 111, 1406, 635, 111, 636, 112, 1406, 113, 1406, 114, 113, 1406, 1407, 116, 1357, 1383, 1375, 1374, 1375, 1408, 1374, 1354, 1375, 1356, 1439, 1357, 1356, 1378, 1439, 1355, 1372, 1368, 1355, 1391, 1372, 653, 41, 652, 40, 41, 655, 127, 126, 1389, 127, 650, 126, 41, 42, 1427, 653, 129, 654, 128, 129, 652, 654, 655, 41, 132, 656, 131, 655, 131, 656, 655, 130, 131, 660, 659, 136, 660, 40, 659, 1378, 1389, 1383, 127, 1389, 128, 1380, 134, 133, 132, 133, 656, 137, 136, 1381, 660, 136, 661, 1349, 1351, 1378, 1349, 1297, 1351, 1288, 1298, 1283, 1298, 1352, 1286, 150, 1348, 151, 1380, 1348, 1381, 1338, 1336, 1368, 1338, 1303, 1336, 1417, 1302, 203, 1338, 1302, 1303, 1284, 1317, 1285, 1284, 1319, 1317, 1265, 1367, 1276, 1284, 1285, 1282, 738, 203, 739, 738, 202, 203, 199, 200, 735, 201, 200, 1417, 196, 197, 733, 196, 1275, 197, 1133, 1304, 741, 738, 1304, 737, 738, 739, 1304, 1135, 1304, 1134, 733, 734, 1305, 733, 198, 734, 192, 1265, 193, 1265, 194, 193, 729, 1263, 728, 1143, 1263, 1142, 727, 190, 191, 1265, 192, 1264, 1286, 1283, 1298, 1286, 1284, 1282, 1282, 1283, 1286, 1281, 1283, 1252, 1281, 165, 164, 163, 164, 694, 168, 697, 167, 166, 167, 696, 189, 1264, 190, 1253, 1264, 186, 183, 1246, 184, 1247, 1246, 174, 701, 171, 702, 701, 170, 171, 724, 723, 188, 1248, 722, 1250, 187, 186, 1264, 185, 186, 722, 1246, 185, 184, 183, 184, 720, 181, 182, 717, 183, 182, 1246, 716, 1224, 715, 181, 717, 180, 176, 177, 706, 176, 179, 177, 1418, 39, 661, 140, 665, 664, 663, 664, 1418, 141, 668, 666, 1428, 38, 668, 667, 38, 666, 140, 139, 142, 140, 663, 139, 144, 143, 1381, 672, 142, 673, 143, 673, 142, 143, 674, 673, 38, 899, 37, 38, 1428, 899, 755, 217, 756, 1398, 896, 1428, 37, 759, 36, 37, 758, 759, 1398, 893, 894, 895, 894, 339, 897, 896, 342, 895, 896, 1398, 342, 898, 897, 217, 342, 341, 145, 146, 675, 145, 1381, 146, 148, 149, 678, 150, 149, 1348, 677, 676, 147, 675, 676, 1370, 1370, 677, 678, 679, 678, 149, 682, 152, 683, 682, 151, 152, 1350, 155, 154, 153, 154, 684, 682, 1371, 681, 1371, 680, 681, 892, 891, 337, 892, 1370, 891, 888, 1371, 887, 333, 888, 332, 335, 336, 890, 337, 336, 1416, 332, 888, 887, 886, 887, 1371, 683, 884, 1371, 683, 883, 884, 330, 331, 886, 330, 1321, 331, 766, 35, 765, 36, 763, 764, 765, 764, 225, 769, 35, 768, 766, 225, 226, 227, 226, 1415, 35, 767, 768, 769, 768, 229, 230, 769, 229, 228, 229, 768, 772, 34, 771, 1386, 222, 1344, 220, 221, 761, 223, 224, 763, 225, 224, 1386, 1415, 1344, 1320, 1415, 1386, 1344, 771, 231, 772, 771, 230, 231, 1394, 235, 234, 233, 234, 774, 1415, 1360, 228, 1415, 1361, 1360, 33, 775, 776, 777, 776, 237, 779, 781, 780, 777, 778, 33, 33, 779, 780, 238, 781, 779, 31, 782, 783, 784, 783, 238, 236, 237, 776, 238, 237, 239, 240, 241, 787, 240, 1394, 241, 240, 787, 786, 785, 786, 31, 242, 243, 788, 242, 1394, 243, 245, 246, 791, 247, 246, 1393, 1419, 30, 791, 1359, 1393, 245, 1359, 1347, 1393, 1346, 253, 252, 250, 251, 797, 795, 794, 248, 795, 29, 794, 155, 156, 685, 157, 156, 1387, 159, 158, 1387, 688, 158, 689, 689, 159, 160, 161, 160, 1288, 690, 877, 689, 878, 689, 877, 686, 685, 156, 684, 685, 1289, 322, 878, 877, 876, 877, 691, 1289, 881, 882, 883, 882, 328, 691, 161, 692, 163, 162, 1288, 697, 696, 167, 695, 696, 1269, 1269, 691, 692, 693, 692, 162, 320, 875, 319, 320, 876, 875, 1291, 321, 1279, 1291, 322, 321, 874, 1269, 873, 1269, 872, 873, 701, 1241, 700, 1241, 699, 700, 1241, 697, 698, 699, 698, 169, 173, 704, 703, 702, 703, 1240, 865, 864, 309, 865, 1240, 864, 868, 314, 869, 870, 869, 315, 1270, 316, 1256, 314, 315, 869, 310, 1225, 311, 1256, 311, 1225, 705, 176, 706, 707, 706, 177, 708, 709, 1216, 178, 710, 709, 1216, 860, 861, 862, 861, 307, 305, 306, 860, 307, 306, 1214, 863, 308, 864, 863, 307, 308, 302, 303, 858, 304, 303, 301, 880, 326, 881, 1290, 326, 325, 324, 325, 879, 324, 1290, 325, 1290, 1300, 327, 1296, 1300, 1291, 1279, 1280, 1296, 1271, 1280, 1270, 1333, 1353, 1346, 1310, 1353, 1334, 256, 255, 1353, 800, 254, 801, 1339, 259, 258, 257, 258, 803, 1237, 1256, 1225, 1237, 1270, 1256, 1237, 1225, 1231, 1214, 1225, 307, 848, 298, 849, 848, 297, 298, 1271, 1312, 1280, 1310, 1312, 1277, 1311, 263, 262, 261, 262, 807, 1277, 1278, 1255, 1277, 1259, 1278, 251, 252, 797, 251, 1346, 252, 799, 798, 253, 797, 798, 28, 804, 803, 258, 802, 803, 27, 255, 801, 254, 255, 802, 801, 260, 807, 806, 805, 806, 27, 809, 808, 263, 807, 808, 26, 810, 264, 811, 263, 264, 809, 267, 266, 1309, 265, 266, 812, 270, 815, 269, 268, 269, 814, 25, 813, 814, 815, 814, 269, 272, 271, 1309, 817, 271, 818, 1254, 275, 274, 273, 274, 820, 24, 818, 819, 820, 819, 273, 526, 1117, 1116, 1115, 1116, 57, 57, 58, 1111, 1121, 527, 1122, 1121, 526, 527, 524, 525, 1112, 528, 525, 529, 1110, 1111, 58, 1110, 523, 1111, 58, 59, 1106, 1324, 523, 522, 521, 522, 1110, 60, 1382, 59, 1102, 1101, 513, 1102, 1382, 1101, 518, 1105, 517, 518, 1106, 1105, 1382, 60, 1100, 511, 1099, 510, 1100, 1099, 512, 511, 512, 1099, 513, 512, 1331, 530, 529, 524, 530, 1123, 529, 1325, 1127, 746, 1325, 1125, 1126, 533, 1127, 532, 533, 1128, 1127, 1324, 535, 534, 533, 534, 1128, 1129, 1130, 744, 1131, 1130, 537, 1131, 537, 1132, 536, 537, 1130, 1304, 1133, 1134, 541, 1135, 540, 521, 1327, 522, 521, 520, 1327, 1134, 540, 1135, 539, 540, 1133, 1136, 542, 1137, 1136, 541, 542, 518, 517, 1327, 516, 517, 1104, 507, 1423, 508, 1396, 1332, 1369, 1425, 1292, 1330, 1425, 1293, 1292, 1094, 1095, 61, 508, 1095, 507, 504, 1093, 1092, 1091, 1092, 61, 1396, 1369, 1423, 1369, 508, 1423, 502, 503, 1090, 504, 503, 1397, 1414, 62, 1088, 62, 1421, 1088, 62, 63, 1421, 1422, 502, 501, 500, 501, 1088, 496, 1085, 1084, 1083, 1084, 63, 494, 495, 1077, 494, 496, 495, 492, 1420, 497, 499, 1420, 500, 1080, 495, 1081, 1080, 1081, 63, 63, 0, 1080, 1, 1076, 1077, 495, 1078, 1077, 506, 1423, 507, 1397, 1423, 504, 498, 1420, 499, 490, 1420, 491, 1420, 492, 491, 490, 491, 1072, 1070, 487, 488, 489, 488, 1413, 1376, 1412, 1404, 1376, 1432, 1412, 1422, 1405, 1397, 1377, 1405, 1388, 484, 485, 1066, 486, 485, 1388, 1074, 1073, 492, 1072, 1073, 2, 1070, 1071, 2, 489, 1071, 488, 3, 1068, 2, 3, 1067, 1068, 1064, 483, 1065, 1064, 482, 483, 3, 1064, 1065, 1066, 1065, 484, 1060, 478, 1061, 1060, 477, 478, 1139, 1138, 545, 1137, 1138, 736, 1140, 1305, 1139, 733, 1305, 732, 546, 545, 1295, 546, 1139, 545, 1142, 548, 1143, 1142, 547, 548, 551, 1144, 550, 551, 1145, 1144, 1148, 1147, 1149, 726, 1147, 1250, 551, 550, 554, 549, 550, 1144, 558, 1266, 559, 1314, 1295, 545, 1152, 553, 554, 555, 554, 550, 1151, 553, 1152, 1153, 1152, 555, 558, 559, 1156, 1272, 560, 1274, 1295, 1274, 1266, 1295, 1292, 1274, 564, 563, 1272, 563, 1161, 562, 1248, 1250, 1000, 724, 1250, 723, 1000, 428, 1001, 428, 1000, 999, 1003, 1224, 1248, 1005, 1224, 1004, 428, 1005, 1004, 1003, 1004, 1224, 1155, 1156, 996, 1157, 1156, 559, 996, 995, 428, 994, 995, 1251, 428, 429, 1005, 428, 427, 429, 1251, 1157, 1158, 1159, 1158, 561, 564, 1162, 563, 1163, 1364, 1162, 1364, 1161, 1162, 1163, 1162, 564, 423, 424, 992, 423, 1233, 424, 422, 990, 421, 422, 991, 990, 421, 990, 989, 988, 989, 1364, 1432, 1308, 1294, 1293, 1294, 1274, 1165, 568, 1166, 1165, 567, 568, 1308, 1316, 571, 1308, 1342, 1316, 1168, 569, 570, 571, 570, 1308, 1167, 1166, 568, 1167, 985, 1166, 573, 572, 1299, 571, 572, 1170, 1172, 575, 1173, 1172, 574, 575, 981, 1260, 980, 983, 1260, 982, 415, 983, 414, 981, 982, 1260, 1172, 1260, 1171, 1260, 1170, 1171, 1174, 1173, 576, 1174, 1268, 1173, 1268, 1176, 1267, 1268, 1175, 1176, 410, 977, 409, 410, 978, 977, 1058, 475, 476, 477, 476, 1341, 473, 1340, 474, 1343, 1340, 471, 1058, 5, 1057, 5, 1056, 1057, 1060, 4, 1059, 4, 1058, 1059, 472, 471, 1340, 470, 471, 1052, 470, 469, 1343, 468, 469, 1051, 5, 1053, 1054, 1055, 1054, 473, 580, 579, 469, 1177, 579, 1178, 580, 1179, 1178, 1177, 1178, 1267, 6, 1048, 1049, 1050, 1049, 467, 1044, 466, 467, 1180, 1181, 1306, 1267, 971, 972, 973, 972, 404, 1047, 7, 1046, 7, 1045, 1046, 1008, 714, 1007, 1008, 713, 714, 858, 709, 857, 711, 178, 712, 431, 1008, 1007, 1006, 1007, 1224, 1011, 1010, 435, 1009, 1010, 1215, 710, 711, 857, 855, 856, 1213, 856, 857, 711, 302, 854, 853, 1215, 1012, 1212, 1215, 1011, 1012, 429, 426, 430, 431, 430, 1233, 1233, 434, 433, 432, 433, 1009, 419, 420, 987, 421, 420, 1235, 435, 436, 1011, 437, 436, 1236, 438, 1257, 439, 440, 439, 1211, 1257, 1211, 439, 1200, 1211, 1206, 302, 852, 301, 302, 853, 852, 1199, 848, 849, 850, 849, 299, 443, 1018, 442, 443, 1019, 1018, 1201, 1021, 1199, 1201, 1020, 1021, 846, 296, 847, 848, 847, 297, 291, 292, 842, 293, 292, 1231, 1198, 844, 1199, 1198, 843, 844, 1211, 443, 442, 441, 442, 1017, 446, 1021, 445, 1021, 444, 445, 1023, 447, 1024, 446, 447, 1022, 449, 1025, 448, 449, 1026, 1025, 1028, 1027, 452, 1026, 1027, 1198, 1186, 453, 452, 451, 452, 1027, 416, 417, 984, 417, 1234, 418, 413, 1261, 414, 1261, 415, 414, 1261, 1234, 415, 1235, 1234, 1239, 1261, 1239, 1234, 1257, 1239, 1206, 408, 409, 977, 408, 1244, 409, 407, 1262, 408, 405, 406, 974, 406, 1262, 407, 398, 1243, 399, 970, 1306, 969, 969, 1306, 968, 401, 400, 404, 400, 399, 1262, 967, 402, 968, 967, 968, 1306, 962, 399, 963, 962, 398, 399, 959, 396, 960, 959, 395, 396, 962, 9, 961, 9, 960, 961, 1220, 1245, 1205, 1200, 1206, 1189, 1243, 1221, 1244, 1222, 1221, 393, 1205, 1189, 1206, 1205, 1245, 1189, 1196, 1192, 1195, 1187, 1192, 1191, 952, 389, 953, 389, 1222, 390, 950, 386, 387, 388, 387, 1195, 947, 383, 384, 385, 384, 1196, 1222, 393, 392, 391, 392, 954, 958, 10, 957, 10, 956, 957, 390, 953, 389, 954, 953, 391, 388, 951, 387, 388, 952, 951, 1227, 947, 948, 949, 948, 386, 944, 945, 1249, 946, 945, 383, 289, 290, 841, 289, 1232, 290, 839, 840, 1219, 289, 840, 288, 286, 287, 837, 288, 287, 1232, 834, 283, 835, 283, 1254, 284, 1030, 1219, 1029, 839, 1219, 838, 1032, 1219, 1031, 1219, 1030, 1031, 836, 835, 285, 834, 835, 1315, 831, 280, 832, 282, 281, 1254, 823, 277, 278, 276, 277, 822, 823, 822, 277, 821, 822, 24, 1315, 831, 832, 833, 832, 281, 1040, 1228, 1039, 829, 1228, 828, 827, 278, 828, 1258, 825, 23, 455, 454, 1185, 455, 1030, 454, 1035, 1034, 459, 1033, 1034, 836, 1217, 458, 1185, 1217, 459, 458, 1217, 461, 460, 459, 460, 1035, 461, 1038, 1037, 1036, 1037, 1315, 464, 1039, 463, 464, 1040, 1039, 1230, 464, 463, 462, 463, 1038, 1042, 1228, 1041, 1228, 1040, 1041, 1041, 343, 1042, 1041, 465, 343, 21, 1229, 902, 21, 22, 1229, 346, 904, 345, 904, 344, 345, 346, 347, 905, 348, 347, 1218, 904, 1238, 903, 904, 905, 1238, 1190, 1184, 1183, 1190, 1193, 1184, 1184, 1194, 1217, 1184, 1193, 1194, 351, 350, 1204, 908, 349, 909, 913, 912, 354, 352, 353, 911, 1191, 1209, 1193, 1196, 1209, 1192, 361, 1207, 362, 361, 360, 1207, 1208, 359, 358, 916, 357, 917, 350, 909, 349, 350, 910, 909, 912, 911, 353, 910, 911, 20, 353, 354, 912, 355, 354, 1208, 358, 917, 357, 358, 918, 917, 916, 915, 356, 916, 1226, 915, 1384, 920, 921, 922, 921, 363, 1196, 381, 380, 379, 380, 942, 377, 378, 941, 377, 1210, 378, 944, 1249, 943, 12, 1249, 1227, 377, 940, 376, 377, 941, 940, 938, 375, 939, 374, 375, 937, 372, 373, 935, 374, 373, 1203, 14, 15, 1287, 365, 367, 366, 369, 367, 364, 932, 370, 933, 932, 369, 370, 934, 933, 371, 934, 1287, 933, 368, 926, 925, 924, 925, 17, 1384, 922, 923, 924, 923, 364, 928, 368, 929, 926, 928, 927]
    normal3f[] normals = [
        (-0, 0, 1),
        (-0, 0, 1),
        (-0, 0, 1),
        (0, 0, 1),
        (0, 0, 1),
        (0, 0, 1),
        (0, -0, 1),
        (0, -0, 1),
        (0, -0, 1),
        (-0, 0, 1),
        (-0, 0, 1),
        (-0, 0, 1),
        (0.00874030791, 0.847953151, 0.529999114),
        (0.00874030791, 0.847953151, 0.529999114),
        (0.00874030791, 0.847953151, 0.529999114),
        (-0, 0, 1),
        (-0, 0, 1),
        (-0, 0, 1),
        (-0.8476278, -0.0250590554, 0.529999204),
        (-0.8476278, -0.0250590554, 0.529999204),
        (-0.8476278, -0.0250590554, 0.529999204),
        (0.121968343, 0.839180829, 0.529999302),
        (0.121968343, 0.839180829, 0.529999302),
        (0.121968343, 0.839180829, 0.529999302),
        (0, 0, 1),
        (0, 0, 1),
        (0, 0, 1),
        (-0, 0, 1),
        (-0, 0, 1),
        (-0, 0, 1),
        (-0, 0, 1),
        (-0, 0, 1),
        (-0, 0, 1),
        (0, 0, 1),
        (0, 0, 1),
        (0, 0, 1),
        (0.847358409, 0.0329426512, 0.529998593),
        (0.847358409, 0.0329426512, 0.529998593),
        (0.847358409, 0.0329426512, 0.529998593),
        (0.09088036, -0.843114384, 0.529998958),
        (0.09088036, -0.843114384, 0.529998958),
        (0.09088036, -0.843114384, 0.529998958),
        (-0.026273249, 0.847591193, 0.529998949),
        (-0.026273249, 0.847591193, 0.529998949),
        (-0.026273249, 0.847591193, 0.529998949),
        (0, 0, 1),
        (0, 0, 1),
        (0, 0, 1),
        (0, 0, 1),
        (0, 0, 1),
        (0, 0, 1),
        (0, 0, 1),
        (0, 0, 1),
        (0, 0, 1),
        (0, -0, 1),
        (0, -0, 1),
        (0, -0, 1),
        (0, 0, 1),
        (0, 0, 1),
        (0, 0, 1),
        (0, 0, 1),
        (0, 0, 1),
        (0, 0, 1),
        (-0, 0, 1),
        (-0, 0, 1),
        (-0, 0, 1),
        (0, -0, 1),
        (0, -0, 1),
        (0, -0, 1),
        (0, 0, 1),
        (0, 0, 1),
        (0, 0, 1),
        (-0, 0, 1),
        (-0, 0, 1),
        (-0, 0, 1),
        (0, -0, 1),
        (0, -0, 1),
        (0, -0, 1),
        (0, -0, 1),
        (0, -0, 1),
        (0, -0, 1),
        (-0.83399421, 0.153475767, 0.529998912),
        (-0.83399421, 0.153475767, 0.529998912),
        (-0.83399421, 0.153475767, 0.529998912),
        (0, 0, 1),
        (0, 0, 1),
        (0, 0, 1),
        (0, 0, 1),
        (0, 0, 1),
        (0, 0, 1),
        (0, 0, 1),
        (0, 0, 1),
        (0, 0, 1),
        (-0.0354210883, -0.847258322, 0.529998756),
        (-0.0354210883, -0.847258322, 0.529998756),
        (-0.0354210883, -0.847258322, 0.529998756),
        (0, 0, 1),
        (0, 0, 1),
        (0, 0, 1),
        (0, 0, 1),
        (0, 0, 1),
        (0, 0, 1),
        (0, -0, 1),
        (0, -0, 1),
        (0, -0, 1),
        (-0.0565178556, -0.846112653, 0.52999916),
        (-0.0565178556, -0.846112653, 0.52999916),
        (-0.0565178556, -0.846112653, 0.52999916),
        (0, 0, 1),
        (0, 0, 1),
        (0, 0, 1),
        (-0.143919732, 0.835696243, 0.529998962),
        (-0.143919732, 0.835696243, 0.529998962),
        (-0.143919732, 0.835696243, 0.529998962),
        (0.0957169668, 0.842578675, 0.52999947),
        (0.0957169668, 0.842578675, 0.52999947),
        (0.0957169668, 0.842578675, 0.52999947),
        (0, 0, 1),
        (0, 0, 1),
        (0, 0, 1),
        (-0.847366746, -0.0327214829, 0.529998964),
        (-0.847366746, -0.0327214829, 0.529998964),
        (-0.847366746, -0.0327214829, 0.529998964),
        (0, 0, 1),
        (0, 0, 1),
        (0, 0, 1),
        (0, 0, 1),
        (0, 0, 1),
        (0, 0, 1),
        (0.0207029832, 0.847745723, 0.529998657),
        (0.0207029832, 0.847745723, 0.529998657),
        (0.0207029832, 0.847745723, 0.529998657),
        (0, 0, 1),
        (0, 0, 1),
        (0, 0, 1),
        (0, 0, 1),
        (0, 0, 1),
        (0, 0, 1),
        (0, -0, 1),
        (0, -0, 1),
        (0, -0, 1),
        (0.847477467, -0.029723606, 0.529998538),
        (0.847477467, -0.029723606, 0.529998538),
        (0.847477467, -0.029723606, 0.529998538),
        (-0.0012553134, -0.84799768, 0.529998452),
        (-0.0012553134, -0.84799768, 0.529998452),
        (-0.0012553134, -0.84799768, 0.529998452),
        (0, 0, 1),
        (0, 0, 1),
        (0, 0, 1),
        (-0, 0, 1),
        (-0, 0, 1),
        (-0, 0, 1),
        (0, 0, 1),
        (0, 0, 1),
        (0, 0, 1),
        (0, 0, 1),
        (0, 0, 1),
        (0, 0, 1),
        (0, -0, 1),
        (0, -0, 1),
        (0, -0, 1),
        (-0.111688188, 0.840610887, 0.529999137),
        (-0.111688188, 0.840610887, 0.529999137),
        (-0.111688188, 0.840610887, 0.529999137),
        (-0, 0, 1),
        (-0, 0, 1),
        (-0, 0, 1),
        (-0.837343532, 0.134004873, 0.529998588),
        (-0.837343532, 0.134004873, 0.529998588),
        (-0.837343532, 0.134004873, 0.529998588),
        (0, 0, 1),
        (0, 0, 1),
        (0, 0, 1),
        (0, 0, 1),
        (0, 0, 1),
        (0, 0, 1),
        (0, -0, 1),
        (0, -0, 1),
        (0, -0, 1),
        (0, 0, 1),
        (0, 0, 1),
        (0, 0, 1),
        (-0, 0, 1),
        (-0, 0, 1),
        (-0, 0, 1),
        (0.0117662922, 0.847916465, 0.529999268),
        (0.0117662922, 0.847916465, 0.529999268),
        (0.0117662922, 0.847916465, 0.529999268),
        (-0, -0, 1),
        (-0, -0, 1),
        (-0, -0, 1),
        (-0.0179252889, -0.847808696, 0.52999915),
        (-0.0179252889, -0.847808696, 0.52999915),
        (-0.0179252889, -0.847808696, 0.52999915),
        (0.01560377, -0.847854482, 0.52999934),
        (0.01560377, -0.847854482, 0.52999934),
        (0.01560377, -0.847854482, 0.52999934),
        (-0, 0, 1),
        (-0, 0, 1),
        (-0, 0, 1),
        (0, 0, 1),
        (0, 0, 1),
        (0, 0, 1),
        (-0, 0, 1),
        (-0, 0, 1),
        (-0, 0, 1),
        (0, 0, 1),
        (0, 0, 1),
        (0, 0, 1),
        (0.828208008, -0.182132778, 0.529999194),
        (0.828208008, -0.182132778, 0.529999194),
        (0.828208008, -0.182132778, 0.529999194),
        (-0.847998049, -0.000756909408, 0.529998807),
        (-0.847998049, -0.000756909408, 0.529998807),
        (-0.847998049, -0.000756909408, 0.529998807),
        (0, -0, 1),
        (0, -0, 1),
        (0, -0, 1),
        (0.0565185909, 0.846112576, 0.529999205),
        (0.0565185909, 0.846112576, 0.529999205),
        (0.0565185909, 0.846112576, 0.529999205),
        (-0.847329303, 0.0336819873, 0.529998657),
        (-0.847329303, 0.0336819873, 0.529998657),
        (-0.847329303, 0.0336819873, 0.529998657),
        (0.843715864, -0.0851119129, 0.529999531),
        (0.843715864, -0.0851119129, 0.529999531),
        (0.843715864, -0.0851119129, 0.529999531),
        (0.847884136, -0.0139086388, 0.529999096),
        (0.847884136, -0.0139086388, 0.529999096),
        (0.847884136, -0.0139086388, 0.529999096),
        (-0.128609637, -0.838188647, 0.52999939),
        (-0.128609637, -0.838188647, 0.52999939),
        (-0.128609637, -0.838188647, 0.52999939),
        (0, 0, 1),
        (0, 0, 1),
        (0, 0, 1),
        (0, 0, 1),
        (0, 0, 1),
        (0, 0, 1),
        (-0.0278270729, -0.847541486, 0.529999136),
        (-0.0278270729, -0.847541486, 0.529999136),
        (-0.0278270729, -0.847541486, 0.529999136),
        (0, 0, 1),
        (0, 0, 1),
        (0, 0, 1),
        (0, 0, 1),
        (0, 0, 1),
        (0, 0, 1),
        (0.0161151086, 0.847845087, 0.529999067),
        (0.0161151086, 0.847845087, 0.529999067),
        (0.0161151086, 0.847845087, 0.529999067),
        (-0.405325947, 0.748837104, 0.524360438),
        (-0.405325947, 0.748837104, 0.524360438),
        (-0.405325947, 0.748837104, 0.524360438),
        (-0, 0, 1),
        (-0, 0, 1),
        (-0, 0, 1),
        (-0.00511913763, 0.847982998, 0.529998707),
        (-0.00511913763, 0.847982998, 0.529998707),
        (-0.00511913763, 0.847982998, 0.529998707),
        (-0.0231465362, -0.847682351, 0.529998933),
        (-0.0231465362, -0.847682351, 0.529998933),
        (-0.0231465362, -0.847682351, 0.529998933),
        (0, 0, 1),
        (0, 0, 1),
        (0, 0, 1),
        (0, -0, 1),
        (0, -0, 1),
        (0, -0, 1),
        (0, 0, 1),
        (0, 0, 1),
        (0, 0, 1),
        (0.00511913763, 0.847982998, 0.529998707),
        (0.00511913763, 0.847982998, 0.529998707),
        (0.00511913763, 0.847982998, 0.529998707),
        (0, 0, 1),
        (0, 0, 1),
        (0, 0, 1),
        (-0.84320842, 0.0900054173, 0.529998666),
        (-0.84320842, 0.0900054173, 0.529998666),
        (-0.84320842, 0.0900054173, 0.529998666),
        (0, 0, 1),
        (0, 0, 1),
        (0, 0, 1),
        (0, 0, 1),
        (0, 0, 1),
        (0, 0, 1),
        (0, 0, 1),
        (0, 0, 1),
        (0, 0, 1),
        (0, 0, 1),
        (0, 0, 1),
        (0, 0, 1),
        (0, -0, 1),
        (0, -0, 1),
        (0, -0, 1),
        (0.847970255, -0.00688055315, 0.529999155),
        (0.847970255, -0.00688055315, 0.529999155),
        (0.847970255, -0.00688055315, 0.529999155),
        (0, 0, 1),
        (0, 0, 1),
        (0, 0, 1),
        (0.846870585, 0.043716174, 0.52999916),
        (0.846870585, 0.043716174, 0.52999916),
        (0.846870585, 0.043716174, 0.52999916),
        (0.847955559, 0.00848808789, 0.52999936),
        (0.847955559, 0.00848808789, 0.52999936),
        (0.847955559, 0.00848808789, 0.52999936),
        (0.843715936, -0.0851164442, 0.52999869),
        (0.843715936, -0.0851164442, 0.52999869),
        (0.843715936, -0.0851164442, 0.52999869),
        (-0.15837691, 0.833077617, 0.529998527),
        (-0.15837691, 0.833077617, 0.529998527),
        (-0.15837691, 0.833077617, 0.529998527),
        (0, -0, 1),
        (0, -0, 1),
        (0, -0, 1),
        (0, 0, 1),
        (0, 0, 1),
        (0, 0, 1),
        (-0.105470229, 0.841414166, 0.529998332),
        (-0.105470229, 0.841414166, 0.529998332),
        (-0.105470229, 0.841414166, 0.529998332),
        (0, -0, 1),
        (0, -0, 1),
        (0, -0, 1),
        (0.847132461, 0.0383089065, 0.529999077),
        (0.847132461, 0.0383089065, 0.529999077),
        (0.847132461, 0.0383089065, 0.529999077),
        (-0.104294595, 0.835876655, 0.538918227),
        (-0.104294595, 0.835876655, 0.538918227),
        (-0.104294595, 0.835876655, 0.538918227),
        (0.838335317, -0.127649986, 0.529999413),
        (0.838335317, -0.127649986, 0.529999413),
        (0.838335317, -0.127649986, 0.529999413),
        (0.152381574, -0.834195059, 0.529998547),
        (0.152381574, -0.834195059, 0.529998547),
        (0.152381574, -0.834195059, 0.529998547),
        (0, 0, 1),
        (0, 0, 1),
        (0, 0, 1),
        (0, 0, 1),
        (0, 0, 1),
        (0, 0, 1),
        (0.096947764, -0.842438571, 0.529998476),
        (0.096947764, -0.842438571, 0.529998476),
        (0.096947764, -0.842438571, 0.529998476),
        (0, 0, 1),
        (0, 0, 1),
        (0, 0, 1),
        (0, 0, 1),
        (0, 0, 1),
        (0, 0, 1),
        (0.091735223, -0.843021798, 0.529998959),
        (0.091735223, -0.843021798, 0.529998959),
        (0.091735223, -0.843021798, 0.529998959),
        (-0.834922714, 0.148341726, 0.529998862),
        (-0.834922714, 0.148341726, 0.529998862),
        (-0.834922714, 0.148341726, 0.529998862),
        (0, -0, 1),
        (0, -0, 1),
        (0, -0, 1),
        (0.838533242, -0.126344378, 0.529999151),
        (0.838533242, -0.126344378, 0.529999151),
        (0.838533242, -0.126344378, 0.529999151),
        (-0.84063613, 0.111498714, 0.529998994),
        (-0.84063613, 0.111498714, 0.529998994),
        (-0.84063613, 0.111498714, 0.529998994),
        (0.848304381, -0.135403026, 0.511903993),
        (0.848304381, -0.135403026, 0.511903993),
        (0.848304381, -0.135403026, 0.511903993),
        (0, 0, 1),
        (0, 0, 1),
        (0, 0, 1),
        (0.847970729, -0.00681806428, 0.529999204),
        (0.847970729, -0.00681806428, 0.529999204),
        (0.847970729, -0.00681806428, 0.529999204),
        (-0, 0, 1),
        (-0, 0, 1),
        (-0, 0, 1),
        (-0.022966785, -0.847686967, 0.52999937),
        (-0.022966785, -0.847686967, 0.52999937),
        (-0.022966785, -0.847686967, 0.52999937),
        (0, 0, 1),
        (0, 0, 1),
        (0, 0, 1),
        (-0.847503646, -0.0289605644, 0.529998921),
        (-0.847503646, -0.0289605644, 0.529998921),
        (-0.847503646, -0.0289605644, 0.529998921),
        (-0.847994709, -0.00250319153, 0.529998781),
        (-0.847994709, -0.00250319153, 0.529998781),
        (-0.847994709, -0.00250319153, 0.529998781),
        (0.017925383, -0.84780895, 0.52999874),
        (0.017925383, -0.84780895, 0.52999874),
        (0.017925383, -0.84780895, 0.52999874),
        (-0.0184332016, -0.847797886, 0.529999021),
        (-0.0184332016, -0.847797886, 0.529999021),
        (-0.0184332016, -0.847797886, 0.529999021),
        (0, 0, 1),
        (0, 0, 1),
        (0, 0, 1),
        (-0.8479983, -8.57967887e-05, 0.529998939),
        (-0.8479983, -8.57967887e-05, 0.529998939),
        (-0.8479983, -8.57967887e-05, 0.529998939),
        (-0.00360386269, -0.847990645, 0.529998942),
        (-0.00360386269, -0.847990645, 0.529998942),
        (-0.00360386269, -0.847990645, 0.529998942),
        (0, 0, 1),
        (0, 0, 1),
        (0, 0, 1),
        (0, -0, 1),
        (0, -0, 1),
        (0, -0, 1),
        (0.842474476, -0.0966316207, 0.529999139),
        (0.842474476, -0.0966316207, 0.529999139),
        (0.842474476, -0.0966316207, 0.529999139),
        (0.84303199, -0.0916405228, 0.529999131),
        (0.84303199, -0.0916405228, 0.529999131),
        (0.84303199, -0.0916405228, 0.529999131),
        (0.146170411, -0.801633349, 0.579670756),
        (0.146170411, -0.801633349, 0.579670756),
        (0.146170411, -0.801633349, 0.579670756),
        (-0, 0, 1),
        (-0, 0, 1),
        (-0, 0, 1),
        (0.842621787, -0.095338323, 0.529999177),
        (0.842621787, -0.095338323, 0.529999177),
        (0.842621787, -0.095338323, 0.529999177),
        (0, 0, 1),
        (0, 0, 1),
        (0, 0, 1),
        (-0.847997831, -0.000795760035, 0.5299991),
        (-0.847997831, -0.000795760035, 0.5299991),
        (-0.847997831, -0.000795760035, 0.5299991),
        (0, 0, 1),
        (0, 0, 1),
        (0, 0, 1),
        (0, 0, 1),
        (0, 0, 1),
        (0, 0, 1),
        (0, 0, 1),
        (0, 0, 1),
        (0, 0, 1),
        (-0, 0, 1),
        (-0, 0, 1),
        (-0, 0, 1),
        (0, -0, 1),
        (0, -0, 1),
        (0, -0, 1),
        (0.818759857, -0.220756163, 0.529999069),
        (0.818759857, -0.220756163, 0.529999069),
        (0.818759857, -0.220756163, 0.529999069),
        (0, 0, 1),
        (0, 0, 1),
        (0, 0, 1),
        (0, 0, 1),
        (0, 0, 1),
        (0, 0, 1),
        (0.832474663, -0.161514945, 0.529998922),
        (0.832474663, -0.161514945, 0.529998922),
        (0.832474663, -0.161514945, 0.529998922),
        (0, 0, 1),
        (0, 0, 1),
        (0, 0, 1),
        (0, 0, 1),
        (0, 0, 1),
        (0, 0, 1),
        (0, -0, 1),
        (0, -0, 1),
        (0, -0, 1),
        (0, -0, 1),
        (0, -0, 1),
        (0, -0, 1),
        (0.0388989663, 0.847105686, 0.529998894),
        (0.0388989663, 0.847105686, 0.529998894),
        (0.0388989663, 0.847105686, 0.529998894),
        (-0, 0, 1),
        (-0, 0, 1),
        (-0, 0, 1),
        (0, -0, 1),
        (0, -0, 1),
        (0, -0, 1),
        (0, 0, 1),
        (0, 0, 1),
        (0, 0, 1),
        (0.0331688515, 0.847349372, 0.529998933),
        (0.0331688515, 0.847349372, 0.529998933),
        (0.0331688515, 0.847349372, 0.529998933),
        (-0, 0, 1),
        (-0, 0, 1),
        (-0, 0, 1),
        (0, 0, 1),
        (0, 0, 1),
        (0, 0, 1),
        (-0, 0, 1),
        (-0, 0, 1),
        (-0, 0, 1),
        (-0.847503646, 0.0289605644, 0.529998921),
        (-0.847503646, 0.0289605644, 0.529998921),
        (-0.847503646, 0.0289605644, 0.529998921),
        (-0, -0, 1),
        (-0, -0, 1),
        (-0, -0, 1),
        (0, 0, 1),
        (0, 0, 1),
        (0, 0, 1),
        (-0, 0, 1),
        (-0, 0, 1),
        (-0, 0, 1),
        (0, -0, 1),
        (0, -0, 1),
        (0, -0, 1),
        (-0.846756549, -0.0458675864, 0.529999538),
        (-0.846756549, -0.0458675864, 0.529999538),
        (-0.846756549, -0.0458675864, 0.529999538),
        (0, 0, 1),
        (0, 0, 1),
        (0, 0, 1),
        (0, -0, 1),
        (0, -0, 1),
        (0, -0, 1),
        (0.0257449354, 0.847607261, 0.529999179),
        (0.0257449354, 0.847607261, 0.529999179),
        (0.0257449354, 0.847607261, 0.529999179),
        (-0.0482309554, -0.846625361, 0.529999314),
        (-0.0482309554, -0.846625361, 0.529999314),
        (-0.0482309554, -0.846625361, 0.529999314),
        (-0.097069023, -0.84242414, 0.52999922),
        (-0.097069023, -0.84242414, 0.52999922),
        (-0.097069023, -0.84242414, 0.52999922),
        (0.0970694702, 0.842424331, 0.529998835),
        (0.0970694702, 0.842424331, 0.529998835),
        (0.0970694702, 0.842424331, 0.529998835),
        (-0.118101464, -0.839733688, 0.529999412),
        (-0.118101464, -0.839733688, 0.529999412),
        (-0.118101464, -0.839733688, 0.529999412),
        (0, -0, 1),
        (0, -0, 1),
        (0, -0, 1),
        (-0.0443807227, -0.846836205, 0.529998862),
        (-0.0443807227, -0.846836205, 0.529998862),
        (-0.0443807227, -0.846836205, 0.529998862),
        (0, -0, 1),
        (0, -0, 1),
        (0, -0, 1),
        (0, 0, 1),
        (0, 0, 1),
        (0, 0, 1),
        (-0.0726798937, -0.844878128, 0.529998662),
        (-0.0726798937, -0.844878128, 0.529998662),
        (-0.0726798937, -0.844878128, 0.529998662),
        (-0.112030168, -0.840565323, 0.529999226),
        (-0.112030168, -0.840565323, 0.529999226),
        (-0.112030168, -0.840565323, 0.529999226),
        (0, 0, 1),
        (0, 0, 1),
        (0, 0, 1),
        (-0.00459889096, 0.847985998, 0.529998676),
        (-0.00459889096, 0.847985998, 0.529998676),
        (-0.00459889096, 0.847985998, 0.529998676),
        (0, 0, 1),
        (0, 0, 1),
        (0, 0, 1),
        (0, -0, 1),
        (0, -0, 1),
        (0, -0, 1),
        (-0.0762636974, 0.826570803, 0.55764196),
        (-0.0762636974, 0.826570803, 0.55764196),
        (-0.0762636974, 0.826570803, 0.55764196),
        (0, 0, 1),
        (0, 0, 1),
        (0, 0, 1),
        (0.00367998599, -0.847990264, 0.529999029),
        (0.00367998599, -0.847990264, 0.529999029),
        (0.00367998599, -0.847990264, 0.529999029),
        (-0.00285977428, -0.847993251, 0.529999309),
        (-0.00285977428, -0.847993251, 0.529999309),
        (-0.00285977428, -0.847993251, 0.529999309),
        (-0, 0, 1),
        (-0, 0, 1),
        (-0, 0, 1),
        (0, 0, 1),
        (0, 0, 1),
        (0, 0, 1),
        (0, 0, 1),
        (0, 0, 1),
        (0, 0, 1),
        (0, -0, 1),
        (0, -0, 1),
        (0, -0, 1),
        (0, 0, 1),
        (0, 0, 1),
        (0, 0, 1),
        (-0.00893646087, -0.847950867, 0.529999498),
        (-0.00893646087, -0.847950867, 0.529999498),
        (-0.00893646087, -0.847950867, 0.529999498),
        (-0.00833618058, -0.847957626, 0.529998464),
        (-0.00833618058, -0.847957626, 0.529998464),
        (-0.00833618058, -0.847957626, 0.529998464),
        (0, 0, 1),
        (0, 0, 1),
        (0, 0, 1),
        (0, 0, 1),
        (0, 0, 1),
        (0, 0, 1),
        (0, -0, 1),
        (0, -0, 1),
        (0, -0, 1),
        (0.847985596, 0.00470170393, 0.529998418),
        (0.847985596, 0.00470170393, 0.529998418),
        (0.847985596, 0.00470170393, 0.529998418),
        (0, -0, 1),
        (0, -0, 1),
        (0, -0, 1),
        (0.847707376, -0.0222120135, 0.529998897),
        (0.847707376, -0.0222120135, 0.529998897),
        (0.847707376, -0.0222120135, 0.529998897),
        (0, -0, 1),
        (0, -0, 1),
        (0, -0, 1),
        (0, 0, 1),
        (0, 0, 1),
        (0, 0, 1),
        (0, 0, 1),
        (0, 0, 1),
        (0, 0, 1),
        (0, -0, 1),
        (0, -0, 1),
        (0, -0, 1),
        (0, 0, 1),
        (0, 0, 1),
        (0, 0, 1),
        (-0, 0, 1),
        (-0, 0, 1),
        (-0, 0, 1),
        (-0, 0, 1),
        (-0, 0, 1),
        (-0, 0, 1),
        (-0, 0, 1),
        (-0, 0, 1),
        (-0, 0, 1),
        (0, 0, 1),
        (0, 0, 1),
        (0, 0, 1),
        (-0, 0, 1),
        (-0, 0, 1),
        (-0, 0, 1),
        (0.116458413, -0.839963783, 0.529998379),
        (0.116458413, -0.839963783, 0.529998379),
        (0.116458413, -0.839963783, 0.529998379),
        (0.843538267, 0.00088560448, 0.537068346),
        (0.843538267, 0.00088560448, 0.537068346),
        (0.843538267, 0.00088560448, 0.537068346),
        (-0, 0, 1),
        (-0, 0, 1),
        (-0, 0, 1),
        (0.847985273, 0.00470438546, 0.529998912),
        (0.847985273, 0.00470438546, 0.529998912),
        (0.847985273, 0.00470438546, 0.529998912),
        (0.845476261, -0.0653473261, 0.52999964),
        (0.845476261, -0.0653473261, 0.52999964),
        (0.845476261, -0.0653473261, 0.52999964),
        (0, -0, 1),
        (0, -0, 1),
        (0, -0, 1),
        (0, 0, 1),
        (0, 0, 1),
        (0, 0, 1),
        (-0, 0, 1),
        (-0, 0, 1),
        (-0, 0, 1),
        (0, -0, 1),
        (0, -0, 1),
        (0, -0, 1),
        (0, 0, 1),
        (0, 0, 1),
        (0, 0, 1),
        (0, 0, 1),
        (0, 0, 1),
        (0, 0, 1),
        (0.842118113, -0.0996934582, 0.529998394),
        (0.842118113, -0.0996934582, 0.529998394),
        (0.842118113, -0.0996934582, 0.529998394),
        (0, 0, 1),
        (0, 0, 1),
        (0, 0, 1),
        (-0.837952384, 0.130141542, 0.52999904),
        (-0.837952384, 0.130141542, 0.52999904),
        (-0.837952384, 0.130141542, 0.52999904),
        (0, -0, 1),
        (0, -0, 1),
        (0, -0, 1),
        (0, -0, 1),
        (0, -0, 1),
        (0, -0, 1),
        (0.0613332337, 0.849776571, 0.523562808),
        (0.0613332337, 0.849776571, 0.523562808),
        (0.0613332337, 0.849776571, 0.523562808),
        (0.84797032, 0.00688105629, 0.529999044),
        (0.84797032, 0.00688105629, 0.529999044),
        (0.84797032, 0.00688105629, 0.529999044),
        (0.109360365, -0.840916926, 0.529999088),
        (0.109360365, -0.840916926, 0.529999088),
        (0.109360365, -0.840916926, 0.529999088),
        (0, 0, 1),
        (0, 0, 1),
        (0, 0, 1),
        (0, -0, 1),
        (0, -0, 1),
        (0, -0, 1),
        (0.837048198, -0.135836825, 0.529998746),
        (0.837048198, -0.135836825, 0.529998746),
        (0.837048198, -0.135836825, 0.529998746),
        (0, 0, 1),
        (0, 0, 1),
        (0, 0, 1),
        (-0.0262751228, 0.847590925, 0.529999285),
        (-0.0262751228, 0.847590925, 0.529999285),
        (-0.0262751228, 0.847590925, 0.529999285),
        (-0, 0, 1),
        (-0, 0, 1),
        (-0, 0, 1),
        (0, -0, 1),
        (0, -0, 1),
        (0, -0, 1),
        (0.849509715, -0.132647032, 0.510625115),
        (0.849509715, -0.132647032, 0.510625115),
        (0.849509715, -0.132647032, 0.510625115),
        (0, -0, 1),
        (0, -0, 1),
        (0, -0, 1),
        (-0, 0, 1),
        (-0, 0, 1),
        (-0, 0, 1),
        (0, 0, 1),
        (0, 0, 1),
        (0, 0, 1),
        (0, 0, 1),
        (0, 0, 1),
        (0, 0, 1),
        (0.00792636989, 0.847961055, 0.529999266),
        (0.00792636989, 0.847961055, 0.529999266),
        (0.00792636989, 0.847961055, 0.529999266),
        (0.847909174, -0.0123110525, 0.529998557),
        (0.847909174, -0.0123110525, 0.529998557),
        (0.847909174, -0.0123110525, 0.529998557),
        (0, -0, 1),
        (0, -0, 1),
        (0, -0, 1),
        (-0, 0, 1),
        (-0, 0, 1),
        (-0, 0, 1),
        (0, 0, 1),
        (0, 0, 1),
        (0, 0, 1),
        (-0, -0, 1),
        (-0, -0, 1),
        (-0, -0, 1),
        (0, 0, 1),
        (0, 0, 1),
        (0, 0, 1),
        (-0.847627969, -0.0250611329, 0.529998836),
        (-0.847627969, -0.0250611329, 0.529998836),
        (-0.847627969, -0.0250611329, 0.529998836),
        (0, 0, 1),
        (0, 0, 1),
        (0, 0, 1),
        (0, 0, 1),
        (0, 0, 1),
        (0, 0, 1),
        (0, 0, 1),
        (0, 0, 1),
        (0, 0, 1),
        (0, -0, 1),
        (0, -0, 1),
        (0, -0, 1),
        (0, 0, 1),
        (0, 0, 1),
        (0, 0, 1),
        (0, 0, 1),
        (0, 0, 1),
        (0, 0, 1),
        (0, 0, 1),
        (0, 0, 1),
        (0, 0, 1),
        (0, 0, 1),
        (0, 0, 1),
        (0, 0, 1),
        (-0.0184342096, -0.847797752, 0.529999199),
        (-0.0184342096, -0.847797752, 0.529999199),
        (-0.0184342096, -0.847797752, 0.529999199),
        (0, 0, 1),
        (0, 0, 1),
        (0, 0, 1),
        (-0, -0, 1),
        (-0, -0, 1),
        (-0, -0, 1),
        (0, 0, 1),
        (0, 0, 1),
        (0, 0, 1),
        (0, 0, 1),
        (0, 0, 1),
        (0, 0, 1),
        (0, 0, 1),
        (0, 0, 1),
        (0, 0, 1),
        (-0.0566155172, -0.863008947, 0.502006216),
        (-0.0566155172, -0.863008947, 0.502006216),
        (-0.0566155172, -0.863008947, 0.502006216),
        (0.0592264938, -0.868092189, 0.492857154),
        (0.0592264938, -0.868092189, 0.492857154),
        (0.0592264938, -0.868092189, 0.492857154),
        (0.0296071684, -0.847481234, 0.529999032),
        (0.0296071684, -0.847481234, 0.529999032),
        (0.0296071684, -0.847481234, 0.529999032),
        (0, -0, 1),
        (0, -0, 1),
        (0, -0, 1),
        (0, 0, 1),
        (0, 0, 1),
        (0, 0, 1),
        (0.0151729173, -0.847862621, 0.529998829),
        (0.0151729173, -0.847862621, 0.529998829),
        (0.0151729173, -0.847862621, 0.529998829),
        (0, 0, 1),
        (0, 0, 1),
        (0, 0, 1),
        (0.848581625, 0.101483042, 0.519240232),
        (0.848581625, 0.101483042, 0.519240232),
        (0.848581625, 0.101483042, 0.519240232),
        (0.00964807704, -0.844592876, 0.535322136),
        (0.00964807704, -0.844592876, 0.535322136),
        (0.00964807704, -0.844592876, 0.535322136),
        (0.0396298347, -0.847071567, 0.52999928),
        (0.0396298347, -0.847071567, 0.52999928),
        (0.0396298347, -0.847071567, 0.52999928),
        (0.842532823, -0.0961213527, 0.529999178),
        (0.842532823, -0.0961213527, 0.529999178),
        (0.842532823, -0.0961213527, 0.529999178),
        (0, 0, 1),
        (0, 0, 1),
        (0, 0, 1),
        (0.842860642, -0.0932033258, 0.52999913),
        (0.842860642, -0.0932033258, 0.52999913),
        (0.842860642, -0.0932033258, 0.52999913),
        (-0.840051181, 0.115821946, 0.529999331),
        (-0.840051181, 0.115821946, 0.529999331),
        (-0.840051181, 0.115821946, 0.529999331),
        (-0.840051123, 0.115824096, 0.529998952),
        (-0.840051123, 0.115824096, 0.529998952),
        (-0.840051123, 0.115824096, 0.529998952),
        (0, 0, 1),
        (0, 0, 1),
        (0, 0, 1),
        (-0.847998297, -4.29742659e-05, 0.52999895),
        (-0.847998297, -4.29742659e-05, 0.52999895),
        (-0.847998297, -4.29742659e-05, 0.52999895),
        (-0.847997854, 0.000867762107, 0.52999895),
        (-0.847997854, 0.000867762107, 0.52999895),
        (-0.847997854, 0.000867762107, 0.52999895),
        (-0.847998038, 0.000869450216, 0.529998652),
        (-0.847998038, 0.000869450216, 0.529998652),
        (-0.847998038, 0.000869450216, 0.529998652),
        (-0.847998101, 0.000793354728, 0.529998671),
        (-0.847998101, 0.000793354728, 0.529998671),
        (-0.847998101, 0.000793354728, 0.529998671),
        (-0, 0, 1),
        (-0, 0, 1),
        (-0, 0, 1),
        (-0, 0, 1),
        (-0, 0, 1),
        (-0, 0, 1),
        (0, 0, 1),
        (0, 0, 1),
        (0, 0, 1),
        (-0, 0, 1),
        (-0, 0, 1),
        (-0, 0, 1),
        (-0, 0, 1),
        (-0, 0, 1),
        (-0, 0, 1),
        (0, 0, 1),
        (0, 0, 1),
        (0, 0, 1),
        (0, 0, 1),
        (0, 0, 1),
        (0, 0, 1),
        (0.0971968841, 0.849186767, 0.519070902),
        (0.0971968841, 0.849186767, 0.519070902),
        (0.0971968841, 0.849186767, 0.519070902),
        (-0.847589711, 0.0263158678, 0.529999205),
        (-0.847589711, 0.0263158678, 0.529999205),
        (-0.847589711, 0.0263158678, 0.529999205),
        (0.0495851216, 0.846547351, 0.529998961),
        (0.0495851216, 0.846547351, 0.529998961),
        (0.0495851216, 0.846547351, 0.529998961),
        (-0, 0, 1),
        (-0, 0, 1),
        (-0, 0, 1),
        (-0, 0, 1),
        (-0, 0, 1),
        (-0, 0, 1),
        (0, -0, 1),
        (0, -0, 1),
        (0, -0, 1),
        (0, 0, 1),
        (0, 0, 1),
        (0, 0, 1),
        (-0, 0, 1),
        (-0, 0, 1),
        (-0, 0, 1),
        (0, -0, 1),
        (0, -0, 1),
        (0, -0, 1),
        (0.841242366, -0.106829394, 0.529998833),
        (0.841242366, -0.106829394, 0.529998833),
        (0.841242366, -0.106829394, 0.529998833),
        (0, 0, 1),
        (0, 0, 1),
        (0, 0, 1),
        (-0, 0, 1),
        (-0, 0, 1),
        (-0, 0, 1),
        (0, 0, 1),
        (0, 0, 1),
        (0, 0, 1),
        (0.0970674148, 0.84242433, 0.529999213),
        (0.0970674148, 0.84242433, 0.529999213),
        (0.0970674148, 0.84242433, 0.529999213),
        (0, 0, 1),
        (0, 0, 1),
        (0, 0, 1),
        (0.833411578, -0.156609615, 0.529998651),
        (0.833411578, -0.156609615, 0.529998651),
        (0.833411578, -0.156609615, 0.529998651),
        (0, -0, 1),
        (0, -0, 1),
        (0, -0, 1),
        (0, 0, 1),
        (0, 0, 1),
        (0, 0, 1),
        (0.117325704, 0.839842764, 0.529998879),
        (0.117325704, 0.839842764, 0.529998879),
        (0.117325704, 0.839842764, 0.529998879),
        (0.833411227, -0.156610757, 0.529998866),
        (0.833411227, -0.156610757, 0.529998866),
        (0.833411227, -0.156610757, 0.529998866),
        (-0.847953934, -0.00867340232, 0.529998961),
        (-0.847953934, -0.00867340232, 0.529998961),
        (-0.847953934, -0.00867340232, 0.529998961),
        (0, 0, 1),
        (0, 0, 1),
        (0, 0, 1),
        (-0.847627969, 0.0250611329, 0.529998836),
        (-0.847627969, 0.0250611329, 0.529998836),
        (-0.847627969, 0.0250611329, 0.529998836),
        (0, 0, 1),
        (0, 0, 1),
        (0, 0, 1),
        (0, 0, 1),
        (0, 0, 1),
        (0, 0, 1),
        (-0.647418218, 0.534833943, 0.542957001),
        (-0.647418218, 0.534833943, 0.542957001),
        (-0.647418218, 0.534833943, 0.542957001),
        (-0, -0, 1),
        (-0, -0, 1),
        (-0, -0, 1),
        (-0.10089675, -0.841973983, 0.529999677),
        (-0.10089675, -0.841973983, 0.529999677),
        (-0.10089675, -0.841973983, 0.529999677),
        (0, 0, 1),
        (0, 0, 1),
        (0, 0, 1),
        (0.0140826522, 0.847881713, 0.529998377),
        (0.0140826522, 0.847881713, 0.529998377),
        (0.0140826522, 0.847881713, 0.529998377),
        (0.0495853636, 0.846547311, 0.529999002),
        (0.0495853636, 0.846547311, 0.529999002),
        (0.0495853636, 0.846547311, 0.529999002),
        (0.0388993879, 0.847105622, 0.529998964),
        (0.0388993879, 0.847105622, 0.529998964),
        (0.0388993879, 0.847105622, 0.529998964),
        (0, 0, 1),
        (0, 0, 1),
        (0, 0, 1),
        (-0.0164363416, -0.847839208, 0.529998608),
        (-0.0164363416, -0.847839208, 0.529998608),
        (-0.0164363416, -0.847839208, 0.529998608),
        (-0.0495846726, -0.846547352, 0.529999001),
        (-0.0495846726, -0.846547352, 0.529999001),
        (-0.0495846726, -0.846547352, 0.529999001),
        (-0.0482295896, -0.846625581, 0.529999086),
        (-0.0482295896, -0.846625581, 0.529999086),
        (-0.0482295896, -0.846625581, 0.529999086),
        (-0.847953946, -0.00867353209, 0.529998939),
        (-0.847953946, -0.00867353209, 0.529998939),
        (-0.847953946, -0.00867353209, 0.529998939),
        (-0.847998304, 0, 0.52999894),
        (-0.847998304, 0, 0.52999894),
        (-0.847998304, 0, 0.52999894),
        (0, -0, 1),
        (0, -0, 1),
        (0, -0, 1),
        (0, 0, 1),
        (0, 0, 1),
        (0, 0, 1),
        (-0, 0, 1),
        (-0, 0, 1),
        (-0, 0, 1),
        (-0, 0, 1),
        (-0, 0, 1),
        (-0, 0, 1),
        (-0, 0, 1),
        (-0, 0, 1),
        (-0, 0, 1),
        (-0.847810446, 0.0174748735, 0.530011392),
        (-0.847810446, 0.0174748735, 0.530011392),
        (-0.847810446, 0.0174748735, 0.530011392),
        (-0.847901145, 0.0128341904, 0.529998993),
        (-0.847901145, 0.0128341904, 0.529998993),
        (-0.847901145, 0.0128341904, 0.529998993),
        (0, -0, 1),
        (0, -0, 1),
        (0, -0, 1),
        (-0.847788944, 0.0188407739, 0.529998991),
        (-0.847788944, 0.0188407739, 0.529998991),
        (-0.847788944, 0.0188407739, 0.529998991),
        (-0, -0, 1),
        (-0, -0, 1),
        (-0, -0, 1),
        (-0, 0, 1),
        (-0, 0, 1),
        (-0, 0, 1),
        (0.0171981529, 0.847823901, 0.52999892),
        (0.0171981529, 0.847823901, 0.52999892),
        (0.0171981529, 0.847823901, 0.52999892),
        (0.0239715288, 0.847659426, 0.529998927),
        (0.0239715288, 0.847659426, 0.529998927),
        (0.0239715288, 0.847659426, 0.529998927),
        (0, -0, 1),
        (0, -0, 1),
        (0, -0, 1),
        (0, 0, 1),
        (0, 0, 1),
        (0, 0, 1),
        (-0, -0, 1),
        (-0, -0, 1),
        (-0, -0, 1),
        (-0.0393461377, -0.847084854, 0.529999181),
        (-0.0393461377, -0.847084854, 0.529999181),
        (-0.0393461377, -0.847084854, 0.529999181),
        (0, 0, 1),
        (0, 0, 1),
        (0, 0, 1),
        (0.119391387, 0.83955133, 0.529999302),
        (0.119391387, 0.83955133, 0.529999302),
        (0.119391387, 0.83955133, 0.529999302),
        (0, 0, 1),
        (0, 0, 1),
        (0, 0, 1),
        (-0.119388707, -0.839551781, 0.529999193),
        (-0.119388707, -0.839551781, 0.529999193),
        (-0.119388707, -0.839551781, 0.529999193),
        (0, 0, 1),
        (0, 0, 1),
        (0, 0, 1),
        (0.106346654, 0.841303594, 0.529998728),
        (0.106346654, 0.841303594, 0.529998728),
        (0.106346654, 0.841303594, 0.529998728),
        (-0.106345617, -0.841303711, 0.52999875),
        (-0.106345617, -0.841303711, 0.52999875),
        (-0.106345617, -0.841303711, 0.52999875),
        (-0.0875344558, -0.843468406, 0.529998836),
        (-0.0875344558, -0.843468406, 0.529998836),
        (-0.0875344558, -0.843468406, 0.529998836),
        (0, 0, 1),
        (0, 0, 1),
        (0, 0, 1),
        (0, 0, 1),
        (0, 0, 1),
        (0, 0, 1),
        (-0.117328694, -0.839842351, 0.52999887),
        (-0.117328694, -0.839842351, 0.52999887),
        (-0.117328694, -0.839842351, 0.52999887),
        (-0.06098397, -0.845802635, 0.529998923),
        (-0.06098397, -0.845802635, 0.529998923),
        (-0.06098397, -0.845802635, 0.529998923),
        (0, 0, 1),
        (0, 0, 1),
        (0, 0, 1),
        (-0.0565327269, -0.846111973, 0.52999866),
        (-0.0565327269, -0.846111973, 0.52999866),
        (-0.0565327269, -0.846111973, 0.52999866),
        (0, 0, 1),
        (0, 0, 1),
        (0, 0, 1),
        (-0, -0, 1),
        (-0, -0, 1),
        (-0, -0, 1),
        (-0, 0, 1),
        (-0, 0, 1),
        (-0, 0, 1),
        (0, 0, 1),
        (0, 0, 1),
        (0, 0, 1),
        (-0, 0, 1),
        (-0, 0, 1),
        (-0, 0, 1),
        (0, 0, 1),
        (0, 0, 1),
        (0, 0, 1),
        (0, 0, 1),
        (0, 0, 1),
        (0, 0, 1),
        (0.0207024441, 0.847745796, 0.529998561),
        (0.0207024441, 0.847745796, 0.529998561),
        (0.0207024441, 0.847745796, 0.529998561),
        (0, -0, 1),
        (0, -0, 1),
        (0, -0, 1),
        (0, 0, 1),
        (0, 0, 1),
        (0, 0, 1),
        (-0, 0, 1),
        (-0, 0, 1),
        (-0, 0, 1),
        (-0.0246011377, 0.855671246, 0.516934718),
        (-0.0246011377, 0.855671246, 0.516934718),
        (-0.0246011377, 0.855671246, 0.516934718),
        (0.00511843529, 0.847983079, 0.529998584),
        (0.00511843529, 0.847983079, 0.529998584),
        (0.00511843529, 0.847983079, 0.529998584),
        (-0, 0, 1),
        (-0, 0, 1),
        (-0, 0, 1),
        (-0, 0, 1),
        (-0, 0, 1),
        (-0, 0, 1),
        (0.00243339297, -0.847994758, 0.529999028),
        (0.00243339297, -0.847994758, 0.529999028),
        (0.00243339297, -0.847994758, 0.529999028),
        (-0, 0, 1),
        (-0, 0, 1),
        (-0, 0, 1),
        (0.00893215908, -0.847951529, 0.52999851),
        (0.00893215908, -0.847951529, 0.52999851),
        (0.00893215908, -0.847951529, 0.52999851),
        (0, 0, 1),
        (0, 0, 1),
        (0, 0, 1),
        (0, 0, 1),
        (0, 0, 1),
        (0, 0, 1),
        (0.00286241788, -0.847993526, 0.529998855),
        (0.00286241788, -0.847993526, 0.529998855),
        (0.00286241788, -0.847993526, 0.529998855),
        (0, 0, 1),
        (0, 0, 1),
        (0, 0, 1),
        (-0.840095901, 0.115498676, 0.529998994),
        (-0.840095901, 0.115498676, 0.529998994),
        (-0.840095901, 0.115498676, 0.529998994),
        (0.809244784, -0.253424375, 0.529999024),
        (0.809244784, -0.253424375, 0.529999024),
        (0.809244784, -0.253424375, 0.529999024),
        (0, 0, 1),
        (0, 0, 1),
        (0, 0, 1),
        (-0, 0, 1),
        (-0, 0, 1),
        (-0, 0, 1),
        (-0.838062443, 0.129430227, 0.529999206),
        (-0.838062443, 0.129430227, 0.529999206),
        (-0.838062443, 0.129430227, 0.529999206),
        (0, -0, 1),
        (0, -0, 1),
        (0, -0, 1),
        (0, -0, 1),
        (0, -0, 1),
        (0, -0, 1),
        (0.0105434047, -0.847932528, 0.529999306),
        (0.0105434047, -0.847932528, 0.529999306),
        (0.0105434047, -0.847932528, 0.529999306),
        (0.0105434445, -0.847932523, 0.529999313),
        (0.0105434445, -0.847932523, 0.529999313),
        (0.0105434445, -0.847932523, 0.529999313),
        (-0.0396298347, -0.847071567, 0.52999928),
        (-0.0396298347, -0.847071567, 0.52999928),
        (-0.0396298347, -0.847071567, 0.52999928),
        (-0.0089307969, -0.847951542, 0.529998512),
        (-0.0089307969, -0.847951542, 0.529998512),
        (-0.0089307969, -0.847951542, 0.529998512),
        (0, 0, 1),
        (0, 0, 1),
        (0, 0, 1),
        (-0.0450620621, -0.86199364, 0.504912244),
        (-0.0450620621, -0.86199364, 0.504912244),
        (-0.0450620621, -0.86199364, 0.504912244),
        (-0.0588762531, -0.862958655, 0.501832589),
        (-0.0588762531, -0.862958655, 0.501832589),
        (-0.0588762531, -0.862958655, 0.501832589),
        (0, 0, 1),
        (0, 0, 1),
        (0, 0, 1),
        (0.845881878, -0.0598734367, 0.529999076),
        (0.845881878, -0.0598734367, 0.529999076),
        (0.845881878, -0.0598734367, 0.529999076),
        (-0, 0, 1),
        (-0, 0, 1),
        (-0, 0, 1),
        (0, 0, 1),
        (0, 0, 1),
        (0, 0, 1),
        (-0, 0, 1),
        (-0, 0, 1),
        (-0, 0, 1),
        (0, 0, 1),
        (0, 0, 1),
        (0, 0, 1),
        (-0, -0, 1),
        (-0, -0, 1),
        (-0, -0, 1),
        (0, 0, 1),
        (0, 0, 1),
        (0, 0, 1),
        (-0, 0, 1),
        (-0, 0, 1),
        (-0, 0, 1),
        (-0.837269421, 0.134465318, 0.529999052),
        (-0.837269421, 0.134465318, 0.529999052),
        (-0.837269421, 0.134465318, 0.529999052),
        (0, -0, 1),
        (0, -0, 1),
        (0, -0, 1),
        (-0, 0, 1),
        (-0, 0, 1),
        (-0, 0, 1),
        (-0.834420273, 0.151142145, 0.529998925),
        (-0.834420273, 0.151142145, 0.529998925),
        (-0.834420273, 0.151142145, 0.529998925),
        (0, 0, 1),
        (0, 0, 1),
        (0, 0, 1),
        (-0.152583021, 0.834158244, 0.529998534),
        (-0.152583021, 0.834158244, 0.529998534),
        (-0.152583021, 0.834158244, 0.529998534),
        (0, 0, 1),
        (0, 0, 1),
        (0, 0, 1),
        (0, 0, 1),
        (0, 0, 1),
        (0, 0, 1),
        (-0, 0, 1),
        (-0, 0, 1),
        (-0, 0, 1),
        (-0, 0, 1),
        (-0, 0, 1),
        (-0, 0, 1),
        (0.154350758, -0.843803504, 0.513976158),
        (0.154350758, -0.843803504, 0.513976158),
        (0.154350758, -0.843803504, 0.513976158),
        (0, 0, 1),
        (0, 0, 1),
        (0, 0, 1),
        (0, -0, 1),
        (0, -0, 1),
        (0, -0, 1),
        (0, 0, 1),
        (0, 0, 1),
        (0, 0, 1),
        (0.152381295, -0.834195143, 0.529998494),
        (0.152381295, -0.834195143, 0.529998494),
        (0.152381295, -0.834195143, 0.529998494),
        (0.132989062, -0.837505237, 0.52999895),
        (0.132989062, -0.837505237, 0.52999895),
        (0.132989062, -0.837505237, 0.52999895),
        (0, 0, 1),
        (0, 0, 1),
        (0, 0, 1),
        (-0.111687902, 0.840610958, 0.529999084),
        (-0.111687902, 0.840610958, 0.529999084),
        (-0.111687902, 0.840610958, 0.529999084),
        (-0.110704402, 0.84074111, 0.529998982),
        (-0.110704402, 0.84074111, 0.529998982),
        (-0.110704402, 0.84074111, 0.529998982),
        (-0, 0, 1),
        (-0, 0, 1),
        (-0, 0, 1),
        (-0, 0, 1),
        (-0, 0, 1),
        (-0, 0, 1),
        (0, 0, 1),
        (0, 0, 1),
        (0, 0, 1),
        (0, 0, 1),
        (0, 0, 1),
        (0, 0, 1),
        (-0.111648066, 0.840616217, 0.529999137),
        (-0.111648066, 0.840616217, 0.529999137),
        (-0.111648066, 0.840616217, 0.529999137),
        (0, 0, 1),
        (0, 0, 1),
        (0, 0, 1),
        (0, -0, 1),
        (0, -0, 1),
        (0, -0, 1),
        (0.105310512, -0.844016249, 0.525876666),
        (0.105310512, -0.844016249, 0.525876666),
        (0.105310512, -0.844016249, 0.525876666),
        (0.84588184, 0.059872208, 0.529999275),
        (0.84588184, 0.059872208, 0.529999275),
        (0.84588184, 0.059872208, 0.529999275),
        (0, 0, 1),
        (0, 0, 1),
        (0, 0, 1),
        (-0, 0, 1),
        (-0, 0, 1),
        (-0, 0, 1),
        (-0.113402863, 0.836462773, 0.536162121),
        (-0.113402863, 0.836462773, 0.536162121),
        (-0.113402863, 0.836462773, 0.536162121),
        (0, -0, 1),
        (0, -0, 1),
        (0, -0, 1),
        (-0.850750388, 0.163106166, 0.499620011),
        (-0.850750388, 0.163106166, 0.499620011),
        (-0.850750388, 0.163106166, 0.499620011),
        (0.84891441, -0.158175229, 0.504306377),
        (0.84891441, -0.158175229, 0.504306377),
        (0.84891441, -0.158175229, 0.504306377),
        (0, -0, 1),
        (0, -0, 1),
        (0, -0, 1),
        (-0.832651053, 0.160600932, 0.529999589),
        (-0.832651053, 0.160600932, 0.529999589),
        (-0.832651053, 0.160600932, 0.529999589),
        (0.148211517, -0.834946072, 0.529998493),
        (0.148211517, -0.834946072, 0.529998493),
        (0.148211517, -0.834946072, 0.529998493),
        (0, -0, 1),
        (0, -0, 1),
        (0, -0, 1),
        (-0.826975946, 0.187646604, 0.529999564),
        (-0.826975946, 0.187646604, 0.529999564),
        (-0.826975946, 0.187646604, 0.529999564),
        (0, 0, 1),
        (0, 0, 1),
        (0, 0, 1),
        (-0, 0, 1),
        (-0, 0, 1),
        (-0, 0, 1),
        (0, 0, 1),
        (0, 0, 1),
        (0, 0, 1),
        (0.838619693, -0.125769948, 0.529998991),
        (0.838619693, -0.125769948, 0.529998991),
        (0.838619693, -0.125769948, 0.529998991),
        (0.838619763, -0.125769685, 0.529998942),
        (0.838619763, -0.125769685, 0.529998942),
        (0.838619763, -0.125769685, 0.529998942),
        (0, -0, 1),
        (0, -0, 1),
        (0, -0, 1),
        (-0.83248585, 0.161455667, 0.529999413),
        (-0.83248585, 0.161455667, 0.529999413),
        (-0.83248585, 0.161455667, 0.529999413),
        (-0.842500879, 0.0964040048, 0.529998619),
        (-0.842500879, 0.0964040048, 0.529998619),
        (-0.842500879, 0.0964040048, 0.529998619),
        (-0.831534645, 0.166286819, 0.529998895),
        (-0.831534645, 0.166286819, 0.529998895),
        (-0.831534645, 0.166286819, 0.529998895),
        (0.110703023, -0.840741355, 0.529998882),
        (0.110703023, -0.840741355, 0.529998882),
        (0.110703023, -0.840741355, 0.529998882),
        (0.109359624, -0.840917109, 0.529998951),
        (0.109359624, -0.840917109, 0.529998951),
        (0.109359624, -0.840917109, 0.529998951),
        (0.096743747, -0.842461755, 0.529998905),
        (0.096743747, -0.842461755, 0.529998905),
        (0.096743747, -0.842461755, 0.529998905),
        (0.0611377995, -0.846053464, 0.529580688),
        (0.0611377995, -0.846053464, 0.529580688),
        (0.0611377995, -0.846053464, 0.529580688),
        (0.867291063, 0.0399043333, 0.496199412),
        (0.867291063, 0.0399043333, 0.496199412),
        (0.867291063, 0.0399043333, 0.496199412),
        (-0, 0, 1),
        (-0, 0, 1),
        (-0, 0, 1),
        (0, 0, 1),
        (0, 0, 1),
        (0, 0, 1),
        (0, 0, 1),
        (0, 0, 1),
        (0, 0, 1),
        (0, 0, 1),
        (0, 0, 1),
        (0, 0, 1),
        (0, -0, 1),
        (0, -0, 1),
        (0, -0, 1),
        (0, -0, 1),
        (0, -0, 1),
        (0, -0, 1),
        (-0, -0, 1),
        (-0, -0, 1),
        (-0, -0, 1),
        (0.846703835, 0.046841719, 0.529998556),
        (0.846703835, 0.046841719, 0.529998556),
        (0.846703835, 0.046841719, 0.529998556),
        (0, -0, 1),
        (0, -0, 1),
        (0, -0, 1),
        (0, 0, 1),
        (0, 0, 1),
        (0, 0, 1),
        (0, 0, 1),
        (0, 0, 1),
        (0, 0, 1),
        (0.834418452, -0.151150848, 0.529999309),
        (0.834418452, -0.151150848, 0.529999309),
        (0.834418452, -0.151150848, 0.529999309),
        (0, 0, 1),
        (0, 0, 1),
        (0, 0, 1),
        (0, 0, 1),
        (0, 0, 1),
        (0, 0, 1),
        (-0, 0, 1),
        (-0, 0, 1),
        (-0, 0, 1),
        (-0.843208401, 0.0899998632, 0.529999639),
        (-0.843208401, 0.0899998632, 0.529999639),
        (-0.843208401, 0.0899998632, 0.529999639),
        (-0.0194124065, 0.854699639, 0.518759757),
        (-0.0194124065, 0.854699639, 0.518759757),
        (-0.0194124065, 0.854699639, 0.518759757),
        (-0.0313264331, 0.855632163, 0.516635516),
        (-0.0313264331, 0.855632163, 0.516635516),
        (-0.0313264331, 0.855632163, 0.516635516),
        (0, -0, 1),
        (0, -0, 1),
        (0, -0, 1),
        (0, 0, 1),
        (0, 0, 1),
        (0, 0, 1),
        (-0, 0, 1),
        (-0, 0, 1),
        (-0, 0, 1),
        (-0.839734056, 0.11810018, 0.529999115),
        (-0.839734056, 0.11810018, 0.529999115),
        (-0.839734056, 0.11810018, 0.529999115),
        (0, 0, 1),
        (0, 0, 1),
        (0, 0, 1),
        (0, -0, 1),
        (0, -0, 1),
        (0, -0, 1),
        (-0, 0, 1),
        (-0, 0, 1),
        (-0, 0, 1),
        (-0.0250912691, 0.847627115, 0.529998776),
        (-0.0250912691, 0.847627115, 0.529998776),
        (-0.0250912691, 0.847627115, 0.529998776),
        (0, 0, 1),
        (0, 0, 1),
        (0, 0, 1),
        (0, 0, 1),
        (0, 0, 1),
        (0, 0, 1),
        (0, 0, 1),
        (0, 0, 1),
        (0, 0, 1),
        (0.00944390077, 0.847946056, 0.529998394),
        (0.00944390077, 0.847946056, 0.529998394),
        (0.00944390077, 0.847946056, 0.529998394),
        (0, 0, 1),
        (0, 0, 1),
        (0, 0, 1),
        (0, -0, 1),
        (0, -0, 1),
        (0, -0, 1),
        (-0.0117653255, 0.847916377, 0.529999429),
        (-0.0117653255, 0.847916377, 0.529999429),
        (-0.0117653255, 0.847916377, 0.529999429),
        (0.0250871858, 0.847626822, 0.529999438),
        (0.0250871858, 0.847626822, 0.529999438),
        (0.0250871858, 0.847626822, 0.529999438),
        (0, -0, 1),
        (0, -0, 1),
        (0, -0, 1),
        (0, 0, 1),
        (0, 0, 1),
        (0, 0, 1),
        (0.835329421, -0.176287386, 0.520718268),
        (0.835329421, -0.176287386, 0.520718268),
        (0.835329421, -0.176287386, 0.520718268),
        (0.0422590954, 0.846944791, 0.529998764),
        (0.0422590954, 0.846944791, 0.529998764),
        (0.0422590954, 0.846944791, 0.529998764),
        (0.847883726, -0.0139255171, 0.529999309),
        (0.847883726, -0.0139255171, 0.529999309),
        (0.847883726, -0.0139255171, 0.529999309),
        (0, 0, 1),
        (0, 0, 1),
        (0, 0, 1),
        (0, 0, 1),
        (0, 0, 1),
        (0, 0, 1),
        (0.867544051, -0.013322033, 0.497181902),
        (0.867544051, -0.013322033, 0.497181902),
        (0.867544051, -0.013322033, 0.497181902),
        (0, 0, 1),
        (0, 0, 1),
        (0, 0, 1),
        (0, 0, 1),
        (0, 0, 1),
        (0, 0, 1),
        (-0, 0, 1),
        (-0, 0, 1),
        (-0, 0, 1),
        (-0.842686047, -0.0462517582, 0.536414953),
        (-0.842686047, -0.0462517582, 0.536414953),
        (-0.842686047, -0.0462517582, 0.536414953),
        (-0.0127882428, -0.843093739, 0.537614554),
        (-0.0127882428, -0.843093739, 0.537614554),
        (-0.0127882428, -0.843093739, 0.537614554),
        (-0.847406689, -0.031665752, 0.52999923),
        (-0.847406689, -0.031665752, 0.52999923),
        (-0.847406689, -0.031665752, 0.52999923),
        (-0.847446902, -0.0305759834, 0.529998922),
        (-0.847446902, -0.0305759834, 0.529998922),
        (-0.847446902, -0.0305759834, 0.529998922),
        (-0.540577059, -0.643957926, 0.541382151),
        (-0.540577059, -0.643957926, 0.541382151),
        (-0.540577059, -0.643957926, 0.541382151),
        (-0.0179769568, -0.847807465, 0.52999937),
        (-0.0179769568, -0.847807465, 0.52999937),
        (-0.0179769568, -0.847807465, 0.52999937),
        (0, 0, 1),
        (0, 0, 1),
        (0, 0, 1),
        (-0, 0, 1),
        (-0, 0, 1),
        (-0, 0, 1),
        (-0, 0, 1),
        (-0, 0, 1),
        (-0, 0, 1),
        (-0.847329322, -0.033681988, 0.529998626),
        (-0.847329322, -0.033681988, 0.529998626),
        (-0.847329322, -0.033681988, 0.529998626),
        (-0.847329251, -0.0336824626, 0.529998709),
        (-0.847329251, -0.0336824626, 0.529998709),
        (-0.847329251, -0.0336824626, 0.529998709),
        (-0.847308142, -0.0342093778, 0.529998709),
        (-0.847308142, -0.0342093778, 0.529998709),
        (-0.847308142, -0.0342093778, 0.529998709),
        (0, 0, 1),
        (0, 0, 1),
        (0, 0, 1),
        (0, 0, 1),
        (0, 0, 1),
        (0, 0, 1),
        (-0.0159485509, -0.847848066, 0.52999934),
        (-0.0159485509, -0.847848066, 0.52999934),
        (-0.0159485509, -0.847848066, 0.52999934),
        (0, 0, 1),
        (0, 0, 1),
        (0, 0, 1),
        (-0.00360316944, -0.847990572, 0.529999063),
        (-0.00360316944, -0.847990572, 0.529999063),
        (-0.00360316944, -0.847990572, 0.529999063),
        (-0, -0, 1),
        (-0, -0, 1),
        (-0, -0, 1),
        (0, -0, 1),
        (0, -0, 1),
        (0, -0, 1),
        (0, -0, 1),
        (0, -0, 1),
        (0, -0, 1),
        (0, -0, 1),
        (0, -0, 1),
        (0, -0, 1),
        (-0.0229692904, -0.847687185, 0.529998913),
        (-0.0229692904, -0.847687185, 0.529998913),
        (-0.0229692904, -0.847687185, 0.529998913),
        (-0, -0, 1),
        (-0, -0, 1),
        (-0, -0, 1),
        (-0.84745807, -0.0302635165, 0.529998999),
        (-0.84745807, -0.0302635165, 0.529998999),
        (-0.84745807, -0.0302635165, 0.529998999),
        (0, -0, 1),
        (0, -0, 1),
        (0, -0, 1),
        (0, 0, 1),
        (0, 0, 1),
        (0, 0, 1),
        (0, -0, 1),
        (0, -0, 1),
        (0, -0, 1),
        (0, 0, 1),
        (0, 0, 1),
        (0, 0, 1),
        (0, 0, 1),
        (0, 0, 1),
        (0, 0, 1),
        (0.00890725407, -0.847951488, 0.529998995),
        (0.00890725407, -0.847951488, 0.529998995),
        (0.00890725407, -0.847951488, 0.529998995),
        (0, 0, 1),
        (0, 0, 1),
        (0, 0, 1),
        (0, 0, 1),
        (0, 0, 1),
        (0, 0, 1),
        (-0, 0, 1),
        (-0, 0, 1),
        (-0, 0, 1),
        (0.0159485509, -0.847848066, 0.52999934),
        (0.0159485509, -0.847848066, 0.52999934),
        (0.0159485509, -0.847848066, 0.52999934),
        (0, 0, 1),
        (0, 0, 1),
        (0, 0, 1),
        (0, 0, 1),
        (0, 0, 1),
        (0, 0, 1),
        (-0, 0, 1),
        (-0, 0, 1),
        (-0, 0, 1),
        (0, 0, 1),
        (0, 0, 1),
        (0, 0, 1),
        (0, 0, 1),
        (0, 0, 1),
        (0, 0, 1),
        (0, 0, 1),
        (0, 0, 1),
        (0, 0, 1),
        (0, -0, 1),
        (0, -0, 1),
        (0, -0, 1),
        (0.0352282044, -0.84726645, 0.529998619),
        (0.0352282044, -0.84726645, 0.529998619),
        (0.0352282044, -0.84726645, 0.529998619),
        (0, 0, 1),
        (0, 0, 1),
        (0, 0, 1),
        (0.842621787, -0.0953398851, 0.529998897),
        (0.842621787, -0.0953398851, 0.529998897),
        (0.842621787, -0.0953398851, 0.529998897),
        (-0, 0, 1),
        (-0, 0, 1),
        (-0, 0, 1),
        (-0, 0, 1),
        (-0, 0, 1),
        (-0, 0, 1),
        (-0, 0, 1),
        (-0, 0, 1),
        (-0, 0, 1),
        (0, 0, 1),
        (0, 0, 1),
        (0, 0, 1),
        (0, 0, 1),
        (0, 0, 1),
        (0, 0, 1),
        (0.84303199, -0.091640489, 0.529999136),
        (0.84303199, -0.091640489, 0.529999136),
        (0.84303199, -0.091640489, 0.529999136),
        (-0, 0, 1),
        (-0, 0, 1),
        (-0, 0, 1),
        (-0, 0, 1),
        (-0, 0, 1),
        (-0, 0, 1),
        (0, 0, 1),
        (0, 0, 1),
        (0, 0, 1),
        (0.842860641, -0.0932030083, 0.529999187),
        (0.842860641, -0.0932030083, 0.529999187),
        (0.842860641, -0.0932030083, 0.529999187),
        (0, 0, 1),
        (0, 0, 1),
        (0, 0, 1),
        (-0.840966452, 0.108977517, 0.529999365),
        (-0.840966452, 0.108977517, 0.529999365),
        (-0.840966452, 0.108977517, 0.529999365),
        (0, -0, 1),
        (0, -0, 1),
        (0, -0, 1),
        (-0, 0, 1),
        (-0, 0, 1),
        (-0, 0, 1),
        (0, 0, 1),
        (0, 0, 1),
        (0, 0, 1),
        (0.843149155, -0.0905568879, 0.529999011),
        (0.843149155, -0.0905568879, 0.529999011),
        (0.843149155, -0.0905568879, 0.529999011),
        (0, 0, 1),
        (0, 0, 1),
        (0, 0, 1),
        (-0.847997853, -0.000867762106, 0.529998951),
        (-0.847997853, -0.000867762106, 0.529998951),
        (-0.847997853, -0.000867762106, 0.529998951),
        (-0, -0, 1),
        (-0, -0, 1),
        (-0, -0, 1),
        (-0.847998303, -8.57685865e-05, 0.529998934),
        (-0.847998303, -8.57685865e-05, 0.529998934),
        (-0.847998303, -8.57685865e-05, 0.529998934),
        (0, 0, 1),
        (0, 0, 1),
        (0, 0, 1),
        (0, 0, 1),
        (0, 0, 1),
        (0, 0, 1),
        (0, -0, 1),
        (0, -0, 1),
        (0, -0, 1),
        (0, 0, 1),
        (0, 0, 1),
        (0, 0, 1),
        (-0.847986634, -0.00446533822, 0.529998801),
        (-0.847986634, -0.00446533822, 0.529998801),
        (-0.847986634, -0.00446533822, 0.529998801),
        (0, 0, 1),
        (0, 0, 1),
        (0, 0, 1),
        (-0, 0, 1),
        (-0, 0, 1),
        (-0, 0, 1),
        (0, 0, 1),
        (0, 0, 1),
        (0, 0, 1),
        (0, 0, 1),
        (0, 0, 1),
        (0, 0, 1),
        (0, 0, 1),
        (0, 0, 1),
        (0, 0, 1),
        (0, -0, 1),
        (0, -0, 1),
        (0, -0, 1),
        (-0.847986634, 0.00446533822, 0.529998801),
        (-0.847986634, 0.00446533822, 0.529998801),
        (-0.847986634, 0.00446533822, 0.529998801),
        (0, -0, 1),
        (0, -0, 1),
        (0, -0, 1),
        (0, 0, 1),
        (0, 0, 1),
        (0, 0, 1),
        (-0.847586566, 0.0264281496, 0.529998647),
        (-0.847586566, 0.0264281496, 0.529998647),
        (-0.847586566, 0.0264281496, 0.529998647),
        (-0.8476278, 0.0250590554, 0.529999204),
        (-0.8476278, 0.0250590554, 0.529999204),
        (-0.8476278, 0.0250590554, 0.529999204),
        (0, 0, 1),
        (0, 0, 1),
        (0, 0, 1),
        (-0.847503531, 0.028959054, 0.529999186),
        (-0.847503531, 0.028959054, 0.529999186),
        (-0.847503531, 0.028959054, 0.529999186),
        (-0.847446902, 0.0305759834, 0.529998922),
        (-0.847446902, 0.0305759834, 0.529998922),
        (-0.847446902, 0.0305759834, 0.529998922),
        (0, 0, 1),
        (0, 0, 1),
        (0, 0, 1),
        (0, 0, 1),
        (0, 0, 1),
        (0, 0, 1),
        (-0, 0, 1),
        (-0, 0, 1),
        (-0, 0, 1),
        (0, 0, 1),
        (0, 0, 1),
        (0, 0, 1),
        (-0, 0, 1),
        (-0, 0, 1),
        (-0, 0, 1),
        (0, 0, 1),
        (0, 0, 1),
        (0, 0, 1),
        (0, 0, 1),
        (0, 0, 1),
        (0, 0, 1),
        (0.112031194, 0.840565185, 0.529999228),
        (0.112031194, 0.840565185, 0.529999228),
        (0.112031194, 0.840565185, 0.529999228),
        (0, 0, 1),
        (0, 0, 1),
        (0, 0, 1),
        (-0, 0, 1),
        (-0, 0, 1),
        (-0, 0, 1),
        (0, 0, 1),
        (0, 0, 1),
        (0, 0, 1),
        (0, 0, 1),
        (0, 0, 1),
        (0, 0, 1),
        (0, 0, 1),
        (0, 0, 1),
        (0, 0, 1),
        (0.843148837, -0.090558336, 0.52999927),
        (0.843148837, -0.090558336, 0.52999927),
        (0.843148837, -0.090558336, 0.52999927),
        (0, 0, 1),
        (0, 0, 1),
        (0, 0, 1),
        (0.831451741, -0.166701333, 0.529998743),
        (0.831451741, -0.166701333, 0.529998743),
        (0.831451741, -0.166701333, 0.529998743),
        (0, -0, 1),
        (0, -0, 1),
        (0, -0, 1),
        (-0, 0, 1),
        (-0, 0, 1),
        (-0, 0, 1),
        (-0, 0, 1),
        (-0, 0, 1),
        (-0, 0, 1),
        (0.835765204, -0.143519573, 0.529998731),
        (0.835765204, -0.143519573, 0.529998731),
        (0.835765204, -0.143519573, 0.529998731),
        (0.832509521, -0.161334896, 0.529999009),
        (0.832509521, -0.161334896, 0.529999009),
        (0.832509521, -0.161334896, 0.529999009),
        (0.832509308, -0.161337486, 0.529998554),
        (0.832509308, -0.161337486, 0.529998554),
        (0.832509308, -0.161337486, 0.529998554),
        (0.847987297, 0.0043030315, 0.529999082),
        (0.847987297, 0.0043030315, 0.529999082),
        (0.847987297, 0.0043030315, 0.529999082),
        (0.83547211, -0.14521643, 0.529998624),
        (0.83547211, -0.14521643, 0.529998624),
        (0.83547211, -0.14521643, 0.529998624),
        (0, -0, 1),
        (0, -0, 1),
        (0, -0, 1),
        (0, 0, 1),
        (0, 0, 1),
        (0, 0, 1),
        (0, 0, 1),
        (0, 0, 1),
        (0, 0, 1),
        (0, 0, 1),
        (0, 0, 1),
        (0, 0, 1),
        (0, -0, 1),
        (0, -0, 1),
        (0, -0, 1),
        (0.847884556, -0.0139123923, 0.529998326),
        (0.847884556, -0.0139123923, 0.529998326),
        (0.847884556, -0.0139123923, 0.529998326),
        (0, 0, 1),
        (0, 0, 1),
        (0, 0, 1),
        (0, 0, 1),
        (0, 0, 1),
        (0, 0, 1),
        (0, 0, 1),
        (0, 0, 1),
        (0, 0, 1),
        (0.845152747, -0.0694129001, 0.529998758),
        (0.845152747, -0.0694129001, 0.529998758),
        (0.845152747, -0.0694129001, 0.529998758),
        (-0, 0, 1),
        (-0, 0, 1),
        (-0, 0, 1),
        (0.838856674, -0.124178369, 0.529999258),
        (0.838856674, -0.124178369, 0.529999258),
        (0.838856674, -0.124178369, 0.529999258),
        (-0, 0, 1),
        (-0, 0, 1),
        (-0, 0, 1),
        (-0, 0, 1),
        (-0, 0, 1),
        (-0, 0, 1),
        (0, 0, 1),
        (0, 0, 1),
        (0, 0, 1),
        (0.83271661, -0.160263187, 0.529998829),
        (0.83271661, -0.160263187, 0.529998829),
        (0.83271661, -0.160263187, 0.529998829),
        (-0.847406864, 0.0316674291, 0.52999885),
        (-0.847406864, 0.0316674291, 0.52999885),
        (-0.847406864, 0.0316674291, 0.52999885),
        (0, -0, 1),
        (0, -0, 1),
        (0, -0, 1),
        (0, 0, 1),
        (0, 0, 1),
        (0, 0, 1),
        (0, 0, 1),
        (0, 0, 1),
        (0, 0, 1),
        (0, 0, 1),
        (0, 0, 1),
        (0, 0, 1),
        (0.0849445857, 0.849607009, 0.520530833),
        (0.0849445857, 0.849607009, 0.520530833),
        (0.0849445857, 0.849607009, 0.520530833),
        (0.304730082, 0.799118184, 0.518217816),
        (0.304730082, 0.799118184, 0.518217816),
        (0.304730082, 0.799118184, 0.518217816),
        (0, 0, 1),
        (0, 0, 1),
        (0, 0, 1),
        (0, 0, 1),
        (0, 0, 1),
        (0, 0, 1),
        (0, -0, 1),
        (0, -0, 1),
        (0, -0, 1),
        (0, 0, 1),
        (0, 0, 1),
        (0, 0, 1),
        (-0.84786952, -0.0147792291, 0.529998916),
        (-0.84786952, -0.0147792291, 0.529998916),
        (-0.84786952, -0.0147792291, 0.529998916),
        (-0.113127382, -0.834687442, 0.538979656),
        (-0.113127382, -0.834687442, 0.538979656),
        (-0.113127382, -0.834687442, 0.538979656),
        (0, 0, 1),
        (0, 0, 1),
        (0, 0, 1),
        (-0.844409537, -0.0863812567, 0.528687822),
        (-0.844409537, -0.0863812567, 0.528687822),
        (-0.844409537, -0.0863812567, 0.528687822),
        (0, 0, 1),
        (0, 0, 1),
        (0, 0, 1),
        (0.0863056278, 0.843594868, 0.529999091),
        (0.0863056278, 0.843594868, 0.529999091),
        (0.0863056278, 0.843594868, 0.529999091),
        (-0, 0, 1),
        (-0, 0, 1),
        (-0, 0, 1),
        (-0.0164326606, -0.847838865, 0.529999271),
        (-0.0164326606, -0.847838865, 0.529999271),
        (-0.0164326606, -0.847838865, 0.529999271),
        (0, 0, 1),
        (0, 0, 1),
        (0, 0, 1),
        (0, -0, 1),
        (0, -0, 1),
        (0, -0, 1),
        (0.0482302056, 0.846625545, 0.529999088),
        (0.0482302056, 0.846625545, 0.529999088),
        (0.0482302056, 0.846625545, 0.529999088),
        (0.0578010566, 0.846026003, 0.529999094),
        (0.0578010566, 0.846026003, 0.529999094),
        (0.0578010566, 0.846026003, 0.529999094),
        (0, 0, 1),
        (0, 0, 1),
        (0, 0, 1),
        (-0, 0, 1),
        (-0, 0, 1),
        (-0, 0, 1),
        (-0.0270487132, -0.847566834, 0.529998895),
        (-0.0270487132, -0.847566834, 0.529998895),
        (-0.0270487132, -0.847566834, 0.529998895),
        (-0, -0, 1),
        (-0, -0, 1),
        (-0, -0, 1),
        (-0, 0, 1),
        (-0, 0, 1),
        (-0, 0, 1),
        (-0.0577998605, -0.846026083, 0.529999097),
        (-0.0577998605, -0.846026083, 0.529999097),
        (-0.0577998605, -0.846026083, 0.529999097),
        (-0.0573214735, -0.846058798, 0.529998829),
        (-0.0573214735, -0.846058798, 0.529998829),
        (-0.0573214735, -0.846058798, 0.529998829),
        (0, 0, 1),
        (0, 0, 1),
        (0, 0, 1),
        (-0, 0, 1),
        (-0, 0, 1),
        (-0, 0, 1),
        (0, 0, 1),
        (0, 0, 1),
        (0, 0, 1),
        (-0.847901145, -0.0128341904, 0.529998993),
        (-0.847901145, -0.0128341904, 0.529998993),
        (-0.847901145, -0.0128341904, 0.529998993),
        (-0, 0, 1),
        (-0, 0, 1),
        (-0, 0, 1),
        (0, 0, 1),
        (0, 0, 1),
        (0, 0, 1),
        (0, 0, 1),
        (0, 0, 1),
        (0, 0, 1),
        (-0.847129961, 0.0383702774, 0.529998633),
        (-0.847129961, 0.0383702774, 0.529998633),
        (-0.847129961, 0.0383702774, 0.529998633),
        (0, 0, 1),
        (0, 0, 1),
        (0, 0, 1),
        (0, 0, 1),
        (0, 0, 1),
        (0, 0, 1),
        (0, 0, 1),
        (0, 0, 1),
        (0, 0, 1),
        (-0.846611421, -0.0484851188, 0.529998392),
        (-0.846611421, -0.0484851188, 0.529998392),
        (-0.846611421, -0.0484851188, 0.529998392),
        (0, 0, 1),
        (0, 0, 1),
        (0, 0, 1),
        (0, 0, 1),
        (0, 0, 1),
        (0, 0, 1),
        (0, 0, 1),
        (0, 0, 1),
        (0, 0, 1),
        (-0.847788816, 0.0188393911, 0.529999246),
        (-0.847788816, 0.0188393911, 0.529999246),
        (-0.847788816, 0.0188393911, 0.529999246),
        (0, 0, 1),
        (0, 0, 1),
        (0, 0, 1),
        (0, 0, 1),
        (0, 0, 1),
        (0, 0, 1),
        (-0.843940407, 0.0144798854, 0.536241478),
        (-0.843940407, 0.0144798854, 0.536241478),
        (-0.843940407, 0.0144798854, 0.536241478),
        (0, 0, 1),
        (0, 0, 1),
        (0, 0, 1),
        (0, 0, 1),
        (0, 0, 1),
        (0, 0, 1),
        (0, 0, 1),
        (0, 0, 1),
        (0, 0, 1),
        (0.031223924, 0.852832288, 0.521250569),
        (0.031223924, 0.852832288, 0.521250569),
        (0.031223924, 0.852832288, 0.521250569),
        (0, 0, 1),
        (0, 0, 1),
        (0, 0, 1),
        (0.0368454095, 0.847197647, 0.529998644),
        (0.0368454095, 0.847197647, 0.529998644),
        (0.0368454095, 0.847197647, 0.529998644),
        (0.0161191234, 0.847845488, 0.529998304),
        (0.0161191234, 0.847845488, 0.529998304),
        (0.0161191234, 0.847845488, 0.529998304),
        (0, 0, 1),
        (0, 0, 1),
        (0, 0, 1),
        (0, 0, 1),
        (0, 0, 1),
        (0, 0, 1),
        (0.0239118507, 0.847660887, 0.529999287),
        (0.0239118507, 0.847660887, 0.529999287),
        (0.0239118507, 0.847660887, 0.529999287),
        (0.000730594032, 0.847997884, 0.529999108),
        (0.000730594032, 0.847997884, 0.529999108),
        (0.000730594032, 0.847997884, 0.529999108),
        (0.0262731175, 0.847591212, 0.529998926),
        (0.0262731175, 0.847591212, 0.529998926),
        (0.0262731175, 0.847591212, 0.529998926),
        (0.0191186574, 0.847782836, 0.529998812),
        (0.0191186574, 0.847782836, 0.529998812),
        (0.0191186574, 0.847782836, 0.529998812),
        (0, 0, 1),
        (0, 0, 1),
        (0, 0, 1),
        (-0, 0, 1),
        (-0, 0, 1),
        (-0, 0, 1),
        (0.0393465255, 0.847084837, 0.52999918),
        (0.0393465255, 0.847084837, 0.52999918),
        (0.0393465255, 0.847084837, 0.52999918),
        (0, 0, 1),
        (0, 0, 1),
        (0, 0, 1),
        (0.0726792934, 0.844878016, 0.529998923),
        (0.0726792934, 0.844878016, 0.529998923),
        (0.0726792934, 0.844878016, 0.529998923),
        (0, -0, 1),
        (0, -0, 1),
        (0, -0, 1),
        (0, 0, 1),
        (0, 0, 1),
        (0, 0, 1),
        (-0.0257437624, -0.847607299, 0.529999175),
        (-0.0257437624, -0.847607299, 0.529999175),
        (-0.0257437624, -0.847607299, 0.529999175),
        (0, 0, 1),
        (0, 0, 1),
        (0, 0, 1),
        (0, -0, 1),
        (0, -0, 1),
        (0, -0, 1),
        (0, 0, 1),
        (0, 0, 1),
        (0, 0, 1),
        (0, 0, 1),
        (0, 0, 1),
        (0, 0, 1),
        (0, -0, 1),
        (0, -0, 1),
        (0, -0, 1),
        (-0.0887983387, -0.843336485, 0.529998516),
        (-0.0887983387, -0.843336485, 0.529998516),
        (-0.0887983387, -0.843336485, 0.529998516),
        (-0.0565343264, -0.846111675, 0.529998966),
        (-0.0565343264, -0.846111675, 0.529998966),
        (-0.0565343264, -0.846111675, 0.529998966),
        (-0.0970713875, -0.842424113, 0.52999883),
        (-0.0970713875, -0.842424113, 0.52999883),
        (-0.0970713875, -0.842424113, 0.52999883),
        (0, 0, 1),
        (0, 0, 1),
        (0, 0, 1),
        (0.106345941, 0.84130361, 0.529998846),
        (0.106345941, 0.84130361, 0.529998846),
        (0.106345941, 0.84130361, 0.529998846),
        (0, -0, 1),
        (0, -0, 1),
        (0, -0, 1),
        (0, 0, 1),
        (0, 0, 1),
        (0, 0, 1),
        (0, -0, 1),
        (0, -0, 1),
        (0, -0, 1),
        (-0.106345722, -0.84130371, 0.529998731),
        (-0.106345722, -0.84130371, 0.529998731),
        (-0.106345722, -0.84130371, 0.529998731),
        (-0, 0, 1),
        (-0, 0, 1),
        (-0, 0, 1),
        (-0.128606169, -0.838189587, 0.529998745),
        (-0.128606169, -0.838189587, 0.529998745),
        (-0.128606169, -0.838189587, 0.529998745),
        (0, 0, 1),
        (0, 0, 1),
        (0, 0, 1),
        (-0.0935437653, 0.846078796, 0.524785895),
        (-0.0935437653, 0.846078796, 0.524785895),
        (-0.0935437653, 0.846078796, 0.524785895),
        (0, -0, 1),
        (0, -0, 1),
        (0, -0, 1),
        (0, 0, 1),
        (0, 0, 1),
        (0, 0, 1),
        (0, 0, 1),
        (0, 0, 1),
        (0, 0, 1),
        (-0.0888115646, -0.843334911, 0.529998806),
        (-0.0888115646, -0.843334911, 0.529998806),
        (-0.0888115646, -0.843334911, 0.529998806),
        (-0.0488756706, -0.846588749, 0.529998735),
        (-0.0488756706, -0.846588749, 0.529998735),
        (-0.0488756706, -0.846588749, 0.529998735),
        (-0, -0, 1),
        (-0, -0, 1),
        (-0, -0, 1),
        (0, 0, 1),
        (0, 0, 1),
        (0, 0, 1),
        (-0, 0, 1),
        (-0, 0, 1),
        (-0, 0, 1),
        (-0, 0, 1),
        (-0, 0, 1),
        (-0, 0, 1),
        (0, 0, 1),
        (0, 0, 1),
        (0, 0, 1),
        (0, 0, 1),
        (0, 0, 1),
        (0, 0, 1),
        (0, 0, 1),
        (0, 0, 1),
        (0, 0, 1),
        (-0.00459743533, 0.84798584, 0.529998943),
        (-0.00459743533, 0.84798584, 0.529998943),
        (-0.00459743533, 0.84798584, 0.529998943),
        (0, 0, 1),
        (0, 0, 1),
        (0, 0, 1),
        (-0, 0, 1),
        (-0, 0, 1),
        (-0, 0, 1),
        (-0, 0, 1),
        (-0, 0, 1),
        (-0, 0, 1),
        (0, 0, 1),
        (0, 0, 1),
        (0, 0, 1),
        (0, 0, 1),
        (0, 0, 1),
        (0, 0, 1),
        (0.839746182, -0.118013551, 0.5299992),
        (0.839746182, -0.118013551, 0.5299992),
        (0.839746182, -0.118013551, 0.5299992),
        (0, 0, 1),
        (0, 0, 1),
        (0, 0, 1),
        (-0, 0, 1),
        (-0, 0, 1),
        (-0, 0, 1),
        (0, 0, 1),
        (0, 0, 1),
        (0, 0, 1),
        (0, 0, 1),
        (0, 0, 1),
        (0, 0, 1),
        (0, -0, 1),
        (0, -0, 1),
        (0, -0, 1),
        (-0, 0, 1),
        (-0, 0, 1),
        (-0, 0, 1),
        (0.011042805, 0.847926741, 0.529998395),
        (0.011042805, 0.847926741, 0.529998395),
        (0.011042805, 0.847926741, 0.529998395),
        (0, 0.847998304, 0.52999894),
        (0, 0.847998304, 0.52999894),
        (0, 0.847998304, 0.52999894),
        (0, 0, 1),
        (0, 0, 1),
        (0, 0, 1),
        (0, 0, 1),
        (0, 0, 1),
        (0, 0, 1),
        (0, 0, 1),
        (0, 0, 1),
        (0, 0, 1),
        (0, 0, 1),
        (0, 0, 1),
        (0, 0, 1),
        (-0, 0, 1),
        (-0, 0, 1),
        (-0, 0, 1),
        (0, 0, 1),
        (0, 0, 1),
        (0, 0, 1),
        (0, -0, 1),
        (0, -0, 1),
        (0, -0, 1),
        (-0.0171950471, 0.847824301, 0.529998383),
        (-0.0171950471, 0.847824301, 0.529998383),
        (-0.0171950471, 0.847824301, 0.529998383),
        (0, 0, 1),
        (0, 0, 1),
        (0, 0, 1),
        (-0, 0, 1),
        (-0, 0, 1),
        (-0, 0, 1),
        (-0.00874453475, 0.847953562, 0.529998386),
        (-0.00874453475, 0.847953562, 0.529998386),
        (-0.00874453475, 0.847953562, 0.529998386),
        (0, -0, 1),
        (0, -0, 1),
        (0, -0, 1),
        (0, 0, 1),
        (0, 0, 1),
        (0, 0, 1),
        (0.0485618414, -0.846606855, 0.529998661),
        (0.0485618414, -0.846606855, 0.529998661),
        (0.0485618414, -0.846606855, 0.529998661),
        (0, 0, 1),
        (0, 0, 1),
        (0, 0, 1),
        (0.0110136582, -0.847926624, 0.529999188),
        (0.0110136582, -0.847926624, 0.529999188),
        (0.0110136582, -0.847926624, 0.529999188),
        (0.0396259147, -0.847072208, 0.529998549),
        (0.0396259147, -0.847072208, 0.529998549),
        (0.0396259147, -0.847072208, 0.529998549),
        (0, 0, 1),
        (0, 0, 1),
        (0, 0, 1),
        (0, 0, 1),
        (0, 0, 1),
        (0, 0, 1),
        (0.0213826657, -0.847728411, 0.529999362),
        (0.0213826657, -0.847728411, 0.529999362),
        (0.0213826657, -0.847728411, 0.529999362),
        (0, -0, 1),
        (0, -0, 1),
        (0, -0, 1),
        (0, -0, 1),
        (0, -0, 1),
        (0, -0, 1),
        (0, 0, 1),
        (0, 0, 1),
        (0, 0, 1),
        (0, 0, 1),
        (0, 0, 1),
        (0, 0, 1),
        (0, 0, 1),
        (0, 0, 1),
        (0, 0, 1),
        (0, 0, 1),
        (0, 0, 1),
        (0, 0, 1),
        (-0, 0, 1),
        (-0, 0, 1),
        (-0, 0, 1),
        (-0.840967303, 0.10897399, 0.52999874),
        (-0.840967303, 0.10897399, 0.52999874),
        (-0.840967303, 0.10897399, 0.52999874),
        (-0.840095948, 0.115496785, 0.529999331),
        (-0.840095948, 0.115496785, 0.529999331),
        (-0.840095948, 0.115496785, 0.529999331),
        (0, 0, 1),
        (0, 0, 1),
        (0, 0, 1),
        (-0.839076775, 0.122684366, 0.529998785),
        (-0.839076775, 0.122684366, 0.529998785),
        (-0.839076775, 0.122684366, 0.529998785),
        (-0.838576551, 0.126055014, 0.52999953),
        (-0.838576551, 0.126055014, 0.52999953),
        (-0.838576551, 0.126055014, 0.52999953),
        (0, 0, 1),
        (0, 0, 1),
        (0, 0, 1),
        (-0, 0, 1),
        (-0, 0, 1),
        (-0, 0, 1),
        (0, 0, 1),
        (0, 0, 1),
        (0, 0, 1),
        (0, 0, 1),
        (0, 0, 1),
        (0, 0, 1),
        (0, 0, 1),
        (0, 0, 1),
        (0, 0, 1),
        (-0.83692424, 0.136597288, 0.529999054),
        (-0.83692424, 0.136597288, 0.529999054),
        (-0.83692424, 0.136597288, 0.529999054),
        (-0, 0, 1),
        (-0, 0, 1),
        (-0, 0, 1),
        (0, 0, 1),
        (0, 0, 1),
        (0, 0, 1),
        (-0, 0, 1),
        (-0, 0, 1),
        (-0, 0, 1),
        (0, -0, 1),
        (0, -0, 1),
        (0, -0, 1),
        (-0, 0, 1),
        (-0, 0, 1),
        (-0, 0, 1),
        (0, 0, 1),
        (0, 0, 1),
        (0, 0, 1),
        (0, -0, 1),
        (0, -0, 1),
        (0, -0, 1),
        (0, 0, 1),
        (0, 0, 1),
        (0, 0, 1),
        (-0.0110136582, -0.847926624, 0.529999188),
        (-0.0110136582, -0.847926624, 0.529999188),
        (-0.0110136582, -0.847926624, 0.529999188),
        (0, 0, 1),
        (0, 0, 1),
        (0, 0, 1),
        (-0.00243339297, -0.847994758, 0.529999028),
        (-0.00243339297, -0.847994758, 0.529999028),
        (-0.00243339297, -0.847994758, 0.529999028),
        (-0, 0, 1),
        (-0, 0, 1),
        (-0, 0, 1),
        (-0.309878752, -0.800953879, 0.512296831),
        (-0.309878752, -0.800953879, 0.512296831),
        (-0.309878752, -0.800953879, 0.512296831),
        (-0.0485618414, -0.846606855, 0.529998661),
        (-0.0485618414, -0.846606855, 0.529998661),
        (-0.0485618414, -0.846606855, 0.529998661),
        (-0, -0, 1),
        (-0, -0, 1),
        (-0, -0, 1),
        (0, -0, 1),
        (0, -0, 1),
        (0, -0, 1),
        (0, 0, 1),
        (0, 0, 1),
        (0, 0, 1),
        (0, 0, 1),
        (0, 0, 1),
        (0, 0, 1),
        (0.84588184, -0.059872208, 0.529999275),
        (0.84588184, -0.059872208, 0.529999275),
        (0.84588184, -0.059872208, 0.529999275),
        (0.846439395, -0.000888650283, 0.532484329),
        (0.846439395, -0.000888650283, 0.532484329),
        (0.846439395, -0.000888650283, 0.532484329),
        (0, 0, 1),
        (0, 0, 1),
        (0, 0, 1),
        (0, -0, 1),
        (0, -0, 1),
        (0, -0, 1),
        (0, 0, 1),
        (0, 0, 1),
        (0, 0, 1),
        (0, 0, 1),
        (0, 0, 1),
        (0, 0, 1),
        (-0, 0, 1),
        (-0, 0, 1),
        (-0, 0, 1),
        (0, -0, 1),
        (0, -0, 1),
        (0, -0, 1),
        (0, 0, 1),
        (0, 0, 1),
        (0, 0, 1),
        (0, -0, 1),
        (0, -0, 1),
        (0, -0, 1),
        (0, -0, 1),
        (0, -0, 1),
        (0, -0, 1),
        (-0, 0, 1),
        (-0, 0, 1),
        (-0, 0, 1),
        (0.847132515, -0.0383102437, 0.529998893),
        (0.847132515, -0.0383102437, 0.529998893),
        (0.847132515, -0.0383102437, 0.529998893),
        (0, -0, 1),
        (0, -0, 1),
        (0, -0, 1),
        (0.847956098, -0.00849374024, 0.529998407),
        (0.847956098, -0.00849374024, 0.529998407),
        (0.847956098, -0.00849374024, 0.529998407),
        (0, -0, 1),
        (0, -0, 1),
        (0, -0, 1),
        (0, 0, 1),
        (0, 0, 1),
        (0, 0, 1),
        (-0.835838204, 0.143093475, 0.529998825),
        (-0.835838204, 0.143093475, 0.529998825),
        (-0.835838204, 0.143093475, 0.529998825),
        (0, 0, 1),
        (0, 0, 1),
        (0, 0, 1),
        (-0, 0, 1),
        (-0, 0, 1),
        (-0, 0, 1),
        (-0.83402214, 0.153324304, 0.529998799),
        (-0.83402214, 0.153324304, 0.529998799),
        (-0.83402214, 0.153324304, 0.529998799),
        (-0.125958316, 0.838322894, 0.530423631),
        (-0.125958316, 0.838322894, 0.530423631),
        (-0.125958316, 0.838322894, 0.530423631),
        (0, 0, 1),
        (0, 0, 1),
        (0, 0, 1),
        (0, -0, 1),
        (0, -0, 1),
        (0, -0, 1),
        (-0.793279999, 0.248346414, 0.55590548),
        (-0.793279999, 0.248346414, 0.55590548),
        (-0.793279999, 0.248346414, 0.55590548),
        (0, 0, 1),
        (0, 0, 1),
        (0, 0, 1),
        (-0.834440451, 0.151062532, 0.529989853),
        (-0.834440451, 0.151062532, 0.529989853),
        (-0.834440451, 0.151062532, 0.529989853),
        (-0.128537419, 0.837412414, 0.531242488),
        (-0.128537419, 0.837412414, 0.531242488),
        (-0.128537419, 0.837412414, 0.531242488),
        (-0.157532224, 0.833237757, 0.529998527),
        (-0.157532224, 0.833237757, 0.529998527),
        (-0.157532224, 0.833237757, 0.529998527),
        (-0.148214798, 0.834945403, 0.52999863),
        (-0.148214798, 0.834945403, 0.52999863),
        (-0.148214798, 0.834945403, 0.52999863),
        (-0.152381615, 0.834194575, 0.529999297),
        (-0.152381615, 0.834194575, 0.529999297),
        (-0.152381615, 0.834194575, 0.529999297),
        (-0.137742711, 0.836736145, 0.529999594),
        (-0.137742711, 0.836736145, 0.529999594),
        (-0.137742711, 0.836736145, 0.529999594),
        (0, 0, 1),
        (0, 0, 1),
        (0, 0, 1),
        (0, -0, 1),
        (0, -0, 1),
        (0, -0, 1),
        (0, -0, 1),
        (0, -0, 1),
        (0, -0, 1),
        (-0.850816438, 0.165463929, 0.498731469),
        (-0.850816438, 0.165463929, 0.498731469),
        (-0.850816438, 0.165463929, 0.498731469),
        (-0.836265183, 0.140577131, 0.529998693),
        (-0.836265183, 0.140577131, 0.529998693),
        (-0.836265183, 0.140577131, 0.529998693),
        (0.156108493, -0.833505208, 0.529999251),
        (0.156108493, -0.833505208, 0.529999251),
        (0.156108493, -0.833505208, 0.529999251),
        (0.159457083, -0.843408537, 0.51306479),
        (0.159457083, -0.843408537, 0.51306479),
        (0.159457083, -0.843408537, 0.51306479),
        (0, 0, 1),
        (0, 0, 1),
        (0, 0, 1),
        (0.156104755, -0.833506356, 0.529998547),
        (0.156104755, -0.833506356, 0.529998547),
        (0.156104755, -0.833506356, 0.529998547),
        (-0.137781533, 0.836730371, 0.529998619),
        (-0.137781533, 0.836730371, 0.529998619),
        (-0.137781533, 0.836730371, 0.529998619),
        (-0.15237798, 0.83419566, 0.529998635),
        (-0.15237798, 0.83419566, 0.529998635),
        (-0.15237798, 0.83419566, 0.529998635),
        (0, -0, 1),
        (0, -0, 1),
        (0, -0, 1),
        (-0, 0, 1),
        (-0, 0, 1),
        (-0, 0, 1),
        (0.137743229, -0.836736614, 0.529998718),
        (0.137743229, -0.836736614, 0.529998718),
        (0.137743229, -0.836736614, 0.529998718),
        (0.148213361, -0.834945524, 0.529998841),
        (0.148213361, -0.834945524, 0.529998841),
        (0.148213361, -0.834945524, 0.529998841),
        (-0, 0, 1),
        (-0, 0, 1),
        (-0, 0, 1),
        (0.138725177, -0.836574375, 0.529998717),
        (0.138725177, -0.836574375, 0.529998717),
        (0.138725177, -0.836574375, 0.529998717),
        (-0.137877782, 0.836714383, 0.529998828),
        (-0.137877782, 0.836714383, 0.529998828),
        (-0.137877782, 0.836714383, 0.529998828),
        (-0.138726882, 0.836573537, 0.529999593),
        (-0.138726882, 0.836573537, 0.529999593),
        (-0.138726882, 0.836573537, 0.529999593),
        (0, -0, 1),
        (0, -0, 1),
        (0, -0, 1),
        (-0, 0, 1),
        (-0, 0, 1),
        (-0, 0, 1),
        (0, -0, 1),
        (0, -0, 1),
        (0, -0, 1),
        (-0.111558058, 0.840628265, 0.529998981),
        (-0.111558058, 0.840628265, 0.529998981),
        (-0.111558058, 0.840628265, 0.529998981),
        (0, 0, 1),
        (0, 0, 1),
        (0, 0, 1),
        (-0.101151932, 0.841943915, 0.529998802),
        (-0.101151932, 0.841943915, 0.529998802),
        (-0.101151932, 0.841943915, 0.529998802),
        (0.111647836, -0.840616365, 0.529998951),
        (0.111647836, -0.840616365, 0.529998951),
        (0.111647836, -0.840616365, 0.529998951),
        (0.124734258, -0.838773991, 0.529999581),
        (0.124734258, -0.838773991, 0.529999581),
        (0.124734258, -0.838773991, 0.529999581),
        (0.111690478, -0.840610617, 0.529999083),
        (0.111690478, -0.840610617, 0.529999083),
        (0.111690478, -0.840610617, 0.529999083),
        (0, 0, 1),
        (0, 0, 1),
        (0, 0, 1),
        (-0.0931768904, 0.842863499, 0.529999234),
        (-0.0931768904, 0.842863499, 0.529999234),
        (-0.0931768904, 0.842863499, 0.529999234),
        (0, -0, 1),
        (0, -0, 1),
        (0, -0, 1),
        (0.101146855, -0.841944522, 0.529998808),
        (0.101146855, -0.841944522, 0.529998808),
        (0.101146855, -0.841944522, 0.529998808),
        (0, 0, 1),
        (0, 0, 1),
        (0, 0, 1),
        (0, 0, 1),
        (0, 0, 1),
        (0, 0, 1),
        (0, 0, 1),
        (0, 0, 1),
        (0, 0, 1),
        (0.847956094, 0.00849369408, 0.529998415),
        (0.847956094, 0.00849369408, 0.529998415),
        (0.847956094, 0.00849369408, 0.529998415),
        (0, -0, 1),
        (0, -0, 1),
        (0, -0, 1),
        (0.844073334, 0.0814928697, 0.52999917),
        (0.844073334, 0.0814928697, 0.52999917),
        (0.844073334, 0.0814928697, 0.52999917),
        (0.847970259, 0.00688058302, 0.529999149),
        (0.847970259, 0.00688058302, 0.529999149),
        (0.847970259, 0.00688058302, 0.529999149),
        (0, -0, 1),
        (0, -0, 1),
        (0, -0, 1),
        (-0.0908835696, 0.843114089, 0.529998877),
        (-0.0908835696, 0.843114089, 0.529998877),
        (-0.0908835696, 0.843114089, 0.529998877),
        (-0.0969467208, 0.842438484, 0.529998806),
        (-0.0969467208, 0.842438484, 0.529998806),
        (-0.0969467208, 0.842438484, 0.529998806),
        (0, -0, 1),
        (0, -0, 1),
        (0, -0, 1),
        (0, 0, 1),
        (0, 0, 1),
        (0, 0, 1),
        (0, 0, 1),
        (0, 0, 1),
        (0, 0, 1),
        (-0, 0, 1),
        (-0, 0, 1),
        (-0, 0, 1),
        (0, 0, 1),
        (0, 0, 1),
        (0, 0, 1),
        (0, -0, 1),
        (0, -0, 1),
        (0, -0, 1),
        (0.849670445, -0.153822185, 0.504379689),
        (0.849670445, -0.153822185, 0.504379689),
        (0.849670445, -0.153822185, 0.504379689),
        (0.750577347, -0.420387904, 0.509811393),
        (0.750577347, -0.420387904, 0.509811393),
        (0.750577347, -0.420387904, 0.509811393),
        (0, 0, 1),
        (0, 0, 1),
        (0, 0, 1),
        (0, 0, 1),
        (0, 0, 1),
        (0, 0, 1),
        (0, 0, 1),
        (0, 0, 1),
        (0, 0, 1),
        (0, 0, 1),
        (0, 0, 1),
        (0, 0, 1),
        (0, 0, 1),
        (0, 0, 1),
        (0, 0, 1),
        (-0.833609112, 0.155553854, 0.529998912),
        (-0.833609112, 0.155553854, 0.529998912),
        (-0.833609112, 0.155553854, 0.529998912),
        (-0.841462019, 0.105086835, 0.529998517),
        (-0.841462019, 0.105086835, 0.529998517),
        (-0.841462019, 0.105086835, 0.529998517),
        (0, 0, 1),
        (0, 0, 1),
        (0, 0, 1),
        (-0.83949061, 0.119821354, 0.529998451),
        (-0.83949061, 0.119821354, 0.529998451),
        (-0.83949061, 0.119821354, 0.529998451),
        (0, 0, 1),
        (0, 0, 1),
        (0, 0, 1),
        (-0.826976518, 0.187644968, 0.52999925),
        (-0.826976518, 0.187644968, 0.52999925),
        (-0.826976518, 0.187644968, 0.52999925),
        (0, 0, 1),
        (0, 0, 1),
        (0, 0, 1),
        (0, 0, 1),
        (0, 0, 1),
        (0, 0, 1),
        (0, -0, 1),
        (0, -0, 1),
        (0, -0, 1),
        (-0, 0, 1),
        (-0, 0, 1),
        (-0, 0, 1),
        (0, -0, 1),
        (0, -0, 1),
        (0, -0, 1),
        (-0.840248208, 0.114388172, 0.529998391),
        (-0.840248208, 0.114388172, 0.529998391),
        (-0.840248208, 0.114388172, 0.529998391),
        (0, 0, 1),
        (0, 0, 1),
        (0, 0, 1),
        (-0, 0, 1),
        (-0, 0, 1),
        (-0, 0, 1),
        (0, -0, 1),
        (0, -0, 1),
        (0, -0, 1),
        (0.839865213, -0.117163425, 0.529999204),
        (0.839865213, -0.117163425, 0.529999204),
        (0.839865213, -0.117163425, 0.529999204),
        (0.839127435, -0.122336495, 0.529998991),
        (0.839127435, -0.122336495, 0.529998991),
        (0.839127435, -0.122336495, 0.529998991),
        (-0.839490622, 0.119820636, 0.529998596),
        (-0.839490622, 0.119820636, 0.529998596),
        (-0.839490622, 0.119820636, 0.529998596),
        (-0, 0, 1),
        (-0, 0, 1),
        (-0, 0, 1),
        (0, 0, 1),
        (0, 0, 1),
        (0, 0, 1),
        (-0, 0, 1),
        (-0, 0, 1),
        (-0, 0, 1),
        (-0.83761562, 0.132290052, 0.529999448),
        (-0.83761562, 0.132290052, 0.529999448),
        (-0.83761562, 0.132290052, 0.529999448),
        (-0.845596319, 0.0637793459, 0.529999114),
        (-0.845596319, 0.0637793459, 0.529999114),
        (-0.845596319, 0.0637793459, 0.529999114),
        (0, 0, 1),
        (0, 0, 1),
        (0, 0, 1),
        (0, 0, 1),
        (0, 0, 1),
        (0, 0, 1),
        (0, -0, 1),
        (0, -0, 1),
        (0, -0, 1),
        (0, -0, 1),
        (0, -0, 1),
        (0, -0, 1),
        (0, 0, 1),
        (0, 0, 1),
        (0, 0, 1),
        (0, 0, 1),
        (0, 0, 1),
        (0, 0, 1),
        (0, 0, 1),
        (0, 0, 1),
        (0, 0, 1),
        (0, 0, 1),
        (0, 0, 1),
        (0, 0, 1),
        (-0, 0, 1),
        (-0, 0, 1),
        (-0, 0, 1),
        (-0, 0, 1),
        (-0, 0, 1),
        (-0, 0, 1),
        (0.866554337, 0.013306835, 0.498905311),
        (0.866554337, 0.013306835, 0.498905311),
        (0.866554337, 0.013306835, 0.498905311),
        (0, -0, 1),
        (0, -0, 1),
        (0, -0, 1),
        (0, 0, 1),
        (0, 0, 1),
        (0, 0, 1),
        (0, -0, 1),
        (0, -0, 1),
        (0, -0, 1),
        (0.847888347, -0.0136453024, 0.529999204),
        (0.847888347, -0.0136453024, 0.529999204),
        (0.847888347, -0.0136453024, 0.529999204),
        (0, 0, 1),
        (0, 0, 1),
        (0, 0, 1),
        (0.847480681, 0.0296280211, 0.529998751),
        (0.847480681, 0.0296280211, 0.529998751),
        (0.847480681, 0.0296280211, 0.529998751),
        (0.847989608, -0.00391384686, 0.529998402),
        (0.847989608, -0.00391384686, 0.529998402),
        (0.847989608, -0.00391384686, 0.529998402),
        (-0, 0, 1),
        (-0, 0, 1),
        (-0, 0, 1),
        (0, 0, 1),
        (0, 0, 1),
        (0, 0, 1),
        (-0, 0, 1),
        (-0, 0, 1),
        (-0, 0, 1),
        (0, 0, 1),
        (0, 0, 1),
        (0, 0, 1),
        (0.847998304, -0, 0.52999894),
        (0.847998304, -0, 0.52999894),
        (0.847998304, -0, 0.52999894),
        (0, 0, 1),
        (0, 0, 1),
        (0, 0, 1),
        (0, 0, 1),
        (0, 0, 1),
        (0, 0, 1),
        (0.847968698, 0.00707019608, 0.52999915),
        (0.847968698, 0.00707019608, 0.52999915),
        (0.847968698, 0.00707019608, 0.52999915),
        (-0, -0, 1),
        (-0, -0, 1),
        (-0, -0, 1),
        (0.84670366, 0.0468428185, 0.529998738),
        (0.84670366, 0.0468428185, 0.529998738),
        (0.84670366, 0.0468428185, 0.529998738),
        (0.846418619, 0.0517291523, 0.529999638),
        (0.846418619, 0.0517291523, 0.529999638),
        (0.846418619, 0.0517291523, 0.529999638),
        (0, 0, 1),
        (0, 0, 1),
        (0, 0, 1),
        (0.847948064, -0.00922783385, 0.529998989),
        (0.847948064, -0.00922783385, 0.529998989),
        (0.847948064, -0.00922783385, 0.529998989),
        (0, 0, 1),
        (0, 0, 1),
        (0, 0, 1),
        (0.847909306, 0.0123100467, 0.529998369),
        (0.847909306, 0.0123100467, 0.529998369),
        (0.847909306, 0.0123100467, 0.529998369),
        (0, 0, 1),
        (0, 0, 1),
        (0, 0, 1),
        (0.839127978, -0.122334402, 0.529998614),
        (0.839127978, -0.122334402, 0.529998614),
        (0.839127978, -0.122334402, 0.529998614),
        (0, 0, 1),
        (0, 0, 1),
        (0, 0, 1),
        (0, 0, 1),
        (0, 0, 1),
        (0, 0, 1),
        (0, 0, 1),
        (0, 0, 1),
        (0, 0, 1),
        (0, 0, 1),
        (0, 0, 1),
        (0, 0, 1),
        (-0, 0, 1),
        (-0, 0, 1),
        (-0, 0, 1),
        (0.819265037, -0.223063976, 0.528249242),
        (0.819265037, -0.223063976, 0.528249242),
        (0.819265037, -0.223063976, 0.528249242),
        (0, 0, 1),
        (0, 0, 1),
        (0, 0, 1),
        (-0.00145945862, 0.84799744, 0.529998313),
        (-0.00145945862, 0.84799744, 0.529998313),
        (-0.00145945862, 0.84799744, 0.529998313),
        (0, 0, 1),
        (0, 0, 1),
        (0, 0, 1),
        (-0.0372029026, 0.855417595, 0.516601087),
        (-0.0372029026, 0.855417595, 0.516601087),
        (-0.0372029026, 0.855417595, 0.516601087),
        (0, -0, 1),
        (0, -0, 1),
        (0, -0, 1),
        (0.83148661, -0.166526065, 0.529999139),
        (0.83148661, -0.166526065, 0.529999139),
        (0.83148661, -0.166526065, 0.529999139),
        (0.83421048, -0.152296482, 0.529998733),
        (0.83421048, -0.152296482, 0.529998733),
        (0.83421048, -0.152296482, 0.529998733),
        (0, 0, 1),
        (0, 0, 1),
        (0, 0, 1),
        (-0, 0, 1),
        (-0, 0, 1),
        (-0, 0, 1),
        (0, 0, 1),
        (0, 0, 1),
        (0, 0, 1),
        (0, 0, 1),
        (0, 0, 1),
        (0, 0, 1),
        (0, 0, 1),
        (0, 0, 1),
        (0, 0, 1),
        (-0.835169247, 0.146947393, 0.52999886),
        (-0.835169247, 0.146947393, 0.52999886),
        (-0.835169247, 0.146947393, 0.52999886),
        (0, 0, 1),
        (0, 0, 1),
        (0, 0, 1),
        (0, 0, 1),
        (0, 0, 1),
        (0, 0, 1),
        (-0, 0, 1),
        (-0, 0, 1),
        (-0, 0, 1),
        (-0, 0, 1),
        (-0, 0, 1),
        (-0, 0, 1),
        (-0.856699137, 0.0782194472, 0.509851259),
        (-0.856699137, 0.0782194472, 0.509851259),
        (-0.856699137, 0.0782194472, 0.509851259),
        (-0, 0, 1),
        (-0, 0, 1),
        (-0, 0, 1),
        (-0.0592562668, 0.845925349, 0.529999056),
        (-0.0592562668, 0.845925349, 0.529999056),
        (-0.0592562668, 0.845925349, 0.529999056),
        (0, 0, 1),
        (0, 0, 1),
        (0, 0, 1),
        (0, 0, 1),
        (0, 0, 1),
        (0, 0, 1),
        (-0, 0, 1),
        (-0, 0, 1),
        (-0, 0, 1),
        (0, -0, 1),
        (0, -0, 1),
        (0, -0, 1),
        (-0.00944390077, 0.847946056, 0.529998394),
        (-0.00944390077, 0.847946056, 0.529998394),
        (-0.00944390077, 0.847946056, 0.529998394),
        (0, -0, 1),
        (0, -0, 1),
        (0, -0, 1),
        (0, 0, 1),
        (0, 0, 1),
        (0, 0, 1),
        (-0, 0, 1),
        (-0, 0, 1),
        (-0, 0, 1),
        (-0.0117662922, 0.847916465, 0.529999268),
        (-0.0117662922, 0.847916465, 0.529999268),
        (-0.0117662922, 0.847916465, 0.529999268),
        (0.846104251, -0.0566494995, 0.529998519),
        (0.846104251, -0.0566494995, 0.529998519),
        (0.846104251, -0.0566494995, 0.529998519),
        (0, 0, 1),
        (0, 0, 1),
        (0, 0, 1),
        (0, 0, 1),
        (0, 0, 1),
        (0, 0, 1),
        (0, -0, 1),
        (0, -0, 1),
        (0, -0, 1),
        (-0.023334802, 0.847677237, 0.529998857),
        (-0.023334802, 0.847677237, 0.529998857),
        (-0.023334802, 0.847677237, 0.529998857),
        (-0.0233370336, 0.847676923, 0.529999262),
        (-0.0233370336, 0.847676923, 0.529999262),
        (-0.0233370336, 0.847676923, 0.529999262),
        (0.0094471351, 0.847945694, 0.529998917),
        (0.0094471351, 0.847945694, 0.529998917),
        (0.0094471351, 0.847945694, 0.529998917),
        (0, 0, 1),
        (0, 0, 1),
        (0, 0, 1),
        (0.0136676378, 0.847888204, 0.529998858),
        (0.0136676378, 0.847888204, 0.529998858),
        (0.0136676378, 0.847888204, 0.529998858),
        (-0, 0, 1),
        (-0, 0, 1),
        (-0, 0, 1),
        (0.0554971985, 0.846180089, 0.529999356),
        (0.0554971985, 0.846180089, 0.529999356),
        (0.0554971985, 0.846180089, 0.529999356),
        (0, 0, 1),
        (0, 0, 1),
        (0, 0, 1),
        (0.847943269, -0.0096489899, 0.52999916),
        (0.847943269, -0.0096489899, 0.52999916),
        (0.847943269, -0.0096489899, 0.52999916),
        (0.847358211, -0.0329438909, 0.529998833),
        (0.847358211, -0.0329438909, 0.529998833),
        (0.847358211, -0.0329438909, 0.529998833),
        (0, -0, 1),
        (0, -0, 1),
        (0, -0, 1),
        (0.847358409, -0.0329426512, 0.529998593),
        (0.847358409, -0.0329426512, 0.529998593),
        (0.847358409, -0.0329426512, 0.529998593),
        (0.847480681, -0.0296280211, 0.529998751),
        (0.847480681, -0.0296280211, 0.529998751),
        (0.847480681, -0.0296280211, 0.529998751),
        (0, 0, 1),
        (0, 0, 1),
        (0, 0, 1),
        (0.8479896, 0.00391390021, 0.529998415),
        (0.8479896, 0.00391390021, 0.529998415),
        (0.8479896, 0.00391390021, 0.529998415),
        (0.847884042, -0.0139291677, 0.529998707),
        (0.847884042, -0.0139291677, 0.529998707),
        (0.847884042, -0.0139291677, 0.529998707),
        (0, 0, 1),
        (0, 0, 1),
        (0, 0, 1),
        (0, 0, 1),
        (0, 0, 1),
        (0, 0, 1),
        (0.847933283, 0.0105075704, 0.52999881),
        (0.847933283, 0.0105075704, 0.52999881),
        (0.847933283, 0.0105075704, 0.52999881),
        (0, -0, 1),
        (0, -0, 1),
        (0, -0, 1),
        (0, 0, 1),
        (0, 0, 1),
        (0, 0, 1),
        (0.059256265, 0.845925324, 0.529999095),
        (0.059256265, 0.845925324, 0.529999095),
        (0.059256265, 0.845925324, 0.529999095),
        (0.120677378, 0.80615375, 0.579269455),
        (0.120677378, 0.80615375, 0.579269455),
        (0.120677378, 0.80615375, 0.579269455),
        (0, 0, 1),
        (0, 0, 1),
        (0, 0, 1),
        (0, 0, 1),
        (0, 0, 1),
        (0, 0, 1),
        (0, 0, 1),
        (0, 0, 1),
        (0, 0, 1),
        (0, 0, 1),
        (0, 0, 1),
        (0, 0, 1),
        (0, 0, 1),
        (0, 0, 1),
        (0, 0, 1),
        (-0.0179799398, -0.847807739, 0.52999883),
        (-0.0179799398, -0.847807739, 0.52999883),
        (-0.0179799398, -0.847807739, 0.52999883),
        (0, 0, 1),
        (0, 0, 1),
        (0, 0, 1),
        (0, 0, 1),
        (0, 0, 1),
        (0, 0, 1),
        (0.4911665, -0.84287364, 0.219816962),
        (0.4911665, -0.84287364, 0.219816962),
        (0.4911665, -0.84287364, 0.219816962),
        (0, 0, 1),
        (0, 0, 1),
        (0, 0, 1),
        (0, 0, 1),
        (0, 0, 1),
        (0, 0, 1),
        (-0.847550834, -0.0275400388, 0.52999918),
        (-0.847550834, -0.0275400388, 0.52999918),
        (-0.847550834, -0.0275400388, 0.52999918),
        (-0.847446401, -0.0305793892, 0.529999526),
        (-0.847446401, -0.0305793892, 0.529999526),
        (-0.847446401, -0.0305793892, 0.529999526),
        (-0, -0, 1),
        (-0, -0, 1),
        (-0, -0, 1),
        (-0.0151759513, -0.847862565, 0.529998832),
        (-0.0151759513, -0.847862565, 0.529998832),
        (-0.0151759513, -0.847862565, 0.529998832),
        (0, 0, 1),
        (0, 0, 1),
        (0, 0, 1),
        (0, 0, 1),
        (0, 0, 1),
        (0, 0, 1),
        (0, 0, 1),
        (0, 0, 1),
        (0, 0, 1),
        (0, 0, 1),
        (0, 0, 1),
        (0, 0, 1),
        (-0.847589711, -0.0263158678, 0.529999205),
        (-0.847589711, -0.0263158678, 0.529999205),
        (-0.847589711, -0.0263158678, 0.529999205),
        (-0.847458103, -0.0302639387, 0.529998923),
        (-0.847458103, -0.0302639387, 0.529998923),
        (-0.847458103, -0.0302639387, 0.529998923),
        (-0.847503531, -0.028959054, 0.529999186),
        (-0.847503531, -0.028959054, 0.529999186),
        (-0.847503531, -0.028959054, 0.529999186),
        (0, -0, 1),
        (0, -0, 1),
        (0, -0, 1),
        (-0.847598454, -0.0260332581, 0.52999918),
        (-0.847598454, -0.0260332581, 0.52999918),
        (-0.847598454, -0.0260332581, 0.52999918),
        (0, -0, 1),
        (0, -0, 1),
        (0, -0, 1),
        (0, 0, 1),
        (0, 0, 1),
        (0, 0, 1),
        (0, 0, 1),
        (0, 0, 1),
        (0, 0, 1),
        (-0.847867586, -0.0148860671, 0.529999021),
        (-0.847867586, -0.0148860671, 0.529999021),
        (-0.847867586, -0.0148860671, 0.529999021),
        (0, 0, 1),
        (0, 0, 1),
        (0, 0, 1),
        (0, -0, 1),
        (0, -0, 1),
        (0, -0, 1),
        (0, -0, 1),
        (0, -0, 1),
        (0, -0, 1),
        (-0.847867306, -0.014882881, 0.529999558),
        (-0.847867306, -0.014882881, 0.529999558),
        (-0.847867306, -0.014882881, 0.529999558),
        (-0.847586586, -0.0264280086, 0.529998623),
        (-0.847586586, -0.0264280086, 0.529998623),
        (-0.847586586, -0.0264280086, 0.529998623),
        (0, 0, 1),
        (0, 0, 1),
        (0, 0, 1),
        (-0.0354239201, -0.847257891, 0.529999256),
        (-0.0354239201, -0.847257891, 0.529999256),
        (-0.0354239201, -0.847257891, 0.529999256),
        (0, 0, 1),
        (0, 0, 1),
        (0, 0, 1),
        (0, 0, 1),
        (0, 0, 1),
        (0, 0, 1),
        (-0.0296071684, -0.847481234, 0.529999032),
        (-0.0296071684, -0.847481234, 0.529999032),
        (-0.0296071684, -0.847481234, 0.529999032),
        (-0.0179241937, -0.847808843, 0.529998953),
        (-0.0179241937, -0.847808843, 0.529998953),
        (-0.0179241937, -0.847808843, 0.529998953),
        (0, 0, 1),
        (0, 0, 1),
        (0, 0, 1),
        (0, 0, 1),
        (0, 0, 1),
        (0, 0, 1),
        (-0.014878442, -0.847867737, 0.529998993),
        (-0.014878442, -0.847867737, 0.529998993),
        (-0.014878442, -0.847867737, 0.529998993),
        (-0.00890683965, -0.847951447, 0.529999067),
        (-0.00890683965, -0.847951447, 0.529999067),
        (-0.00890683965, -0.847951447, 0.529999067),
        (-0, 0, 1),
        (-0, 0, 1),
        (-0, 0, 1),
        (0, 0, 1),
        (0, 0, 1),
        (0, 0, 1),
        (0, -0.847998304, 0.52999894),
        (0, -0.847998304, 0.52999894),
        (0, -0.847998304, 0.52999894),
        (0, -0.847998304, 0.52999894),
        (0, -0.847998304, 0.52999894),
        (0, -0.847998304, 0.52999894),
        (0.00360386269, -0.847990645, 0.529998942),
        (0.00360386269, -0.847990645, 0.529998942),
        (0.00360386269, -0.847990645, 0.529998942),
        (-0.0352291102, -0.84726602, 0.529999246),
        (-0.0352291102, -0.84726602, 0.529999246),
        (-0.0352291102, -0.84726602, 0.529999246),
        (0, -0, 1),
        (0, -0, 1),
        (0, -0, 1),
        (-0.0213845206, -0.847728564, 0.529999042),
        (-0.0213845206, -0.847728564, 0.529999042),
        (-0.0213845206, -0.847728564, 0.529999042),
        (-0.01560377, -0.847854482, 0.52999934),
        (-0.01560377, -0.847854482, 0.52999934),
        (-0.01560377, -0.847854482, 0.52999934),
        (0, -0, 1),
        (0, -0, 1),
        (0, -0, 1),
        (-0, 0, 1),
        (-0, 0, 1),
        (-0, 0, 1),
        (0, -0, 1),
        (0, -0, 1),
        (0, -0, 1),
        (0, 0, 1),
        (0, 0, 1),
        (0, 0, 1),
        (0, 0, 1),
        (0, 0, 1),
        (0, 0, 1),
        (-0.0213826657, -0.847728411, 0.529999362),
        (-0.0213826657, -0.847728411, 0.529999362),
        (-0.0213826657, -0.847728411, 0.529999362),
        (0, -0, 1),
        (0, -0, 1),
        (0, -0, 1),
        (-0, 0, 1),
        (-0, 0, 1),
        (-0, 0, 1),
        (0, -0, 1),
        (0, -0, 1),
        (0, -0, 1),
        (-0, 0, 1),
        (-0, 0, 1),
        (-0, 0, 1),
        (0, -0, 1),
        (0, -0, 1),
        (0, -0, 1),
        (-0, 0, 1),
        (-0, 0, 1),
        (-0, 0, 1),
        (0.00890683965, -0.847951447, 0.529999067),
        (0.00890683965, -0.847951447, 0.529999067),
        (0.00890683965, -0.847951447, 0.529999067),
        (-0, 0, 1),
        (-0, 0, 1),
        (-0, 0, 1),
        (0, 0, 1),
        (0, 0, 1),
        (0, 0, 1),
        (0.014878442, -0.847867737, 0.529998993),
        (0.014878442, -0.847867737, 0.529998993),
        (0.014878442, -0.847867737, 0.529998993),
        (0, 0, 1),
        (0, 0, 1),
        (0, 0, 1),
        (0.017927657, -0.847808647, 0.529999149),
        (0.017927657, -0.847808647, 0.529999149),
        (0.017927657, -0.847808647, 0.529999149),
        (0.0156048417, -0.847854582, 0.529999148),
        (0.0156048417, -0.847854582, 0.529999148),
        (0.0156048417, -0.847854582, 0.529999148),
        (-0, 0, 1),
        (-0, 0, 1),
        (-0, 0, 1),
        (0, 0, 1),
        (0, 0, 1),
        (0, 0, 1),
        (0.0354219133, -0.847258289, 0.529998755),
        (0.0354219133, -0.847258289, 0.529998755),
        (0.0354219133, -0.847258289, 0.529998755),
        (0.0296055425, -0.847481467, 0.52999875),
        (0.0296055425, -0.847481467, 0.52999875),
        (0.0296055425, -0.847481467, 0.52999875),
        (-0, 0, 1),
        (-0, 0, 1),
        (-0, 0, 1),
        (0, 0, 1),
        (0, 0, 1),
        (0, 0, 1),
        (0, 0, 1),
        (0, 0, 1),
        (0, 0, 1),
        (0.0179769568, -0.847807465, 0.52999937),
        (0.0179769568, -0.847807465, 0.52999937),
        (0.0179769568, -0.847807465, 0.52999937),
        (0.0213845206, -0.847728564, 0.529999042),
        (0.0213845206, -0.847728564, 0.529999042),
        (0.0213845206, -0.847728564, 0.529999042),
        (0, -0, 1),
        (0, -0, 1),
        (0, -0, 1),
        (0.0352300083, -0.84726617, 0.529998946),
        (0.0352300083, -0.84726617, 0.529998946),
        (0.0352300083, -0.84726617, 0.529998946),
        (0, 0, 1),
        (0, 0, 1),
        (0, 0, 1),
        (0, 0, 1),
        (0, 0, 1),
        (0, 0, 1),
        (0, 0, 1),
        (0, 0, 1),
        (0, 0, 1),
        (0, 0, 1),
        (0, 0, 1),
        (0, 0, 1),
        (0, -0, 1),
        (0, -0, 1),
        (0, -0, 1),
        (0, 0, 1),
        (0, 0, 1),
        (0, 0, 1),
        (0.022966785, -0.847686967, 0.52999937),
        (0.022966785, -0.847686967, 0.52999937),
        (0.022966785, -0.847686967, 0.52999937),
        (0.0179799398, -0.847807739, 0.52999883),
        (0.0179799398, -0.847807739, 0.52999883),
        (0.0179799398, -0.847807739, 0.52999883),
        (0.0128035245, -0.844101219, 0.536030971),
        (0.0128035245, -0.844101219, 0.536030971),
        (0.0128035245, -0.844101219, 0.536030971),
        (-0, 0, 1),
        (-0, 0, 1),
        (-0, 0, 1),
        (0, 0, 1),
        (0, 0, 1),
        (0, 0, 1),
        (0, 0, 1),
        (0, 0, 1),
        (0, 0, 1),
        (0, -0, 1),
        (0, -0, 1),
        (0, -0, 1),
        (0.251624493, -0.809066823, 0.531127094),
        (0.251624493, -0.809066823, 0.531127094),
        (0.251624493, -0.809066823, 0.531127094),
        (0.015175955, -0.847862777, 0.529998492),
        (0.015175955, -0.847862777, 0.529998492),
        (0.015175955, -0.847862777, 0.529998492),
        (-0, 0, 1),
        (-0, 0, 1),
        (-0, 0, 1),
        (0.873127258, -0.0270962265, 0.486738725),
        (0.873127258, -0.0270962265, 0.486738725),
        (0.873127258, -0.0270962265, 0.486738725),
        (0, 0, 1),
        (0, 0, 1),
        (0, 0, 1),
        (-0, 0, 1),
        (-0, 0, 1),
        (-0, 0, 1),
        (0.0569395307, -0.867947991, 0.493380355),
        (0.0569395307, -0.867947991, 0.493380355),
        (0.0569395307, -0.867947991, 0.493380355),
        (-0.828225865, 0.099440279, 0.551501177),
        (-0.828225865, 0.099440279, 0.551501177),
        (-0.828225865, 0.099440279, 0.551501177),
        (0, 0, 1),
        (0, 0, 1),
        (0, 0, 1),
        (0, 0, 1),
        (0, 0, 1),
        (0, 0, 1),
        (0, 0, 1),
        (0, 0, 1),
        (0, 0, 1),
        (0, 0, 1),
        (0, 0, 1),
        (0, 0, 1),
        (-0.842133568, 0.0995595998, 0.529999),
        (-0.842133568, 0.0995595998, 0.529999),
        (-0.842133568, 0.0995595998, 0.529999),
        (-0.842239969, 0.098656574, 0.529998788),
        (-0.842239969, 0.098656574, 0.529998788),
        (-0.842239969, 0.098656574, 0.529998788),
        (0, 0, 1),
        (0, 0, 1),
        (0, 0, 1),
        (0, 0, 1),
        (0, 0, 1),
        (0, 0, 1),
        (0, 0, 1),
        (0, 0, 1),
        (0, 0, 1),
        (0, 0, 1),
        (0, 0, 1),
        (0, 0, 1),
        (0.83829137, -0.127939018, 0.529999233),
        (0.83829137, -0.127939018, 0.529999233),
        (0.83829137, -0.127939018, 0.529999233),
        (0, 0, 1),
        (0, 0, 1),
        (0, 0, 1),
        (0, 0, 1),
        (0, 0, 1),
        (0, 0, 1),
        (0.828208011, -0.182132742, 0.529999202),
        (0.828208011, -0.182132742, 0.529999202),
        (0.828208011, -0.182132742, 0.529999202),
        (-0.840022237, 0.116032739, 0.529999099),
        (-0.840022237, 0.116032739, 0.529999099),
        (-0.840022237, 0.116032739, 0.529999099),
        (0, 0, 1),
        (0, 0, 1),
        (0, 0, 1),
        (0, 0, 1),
        (0, 0, 1),
        (0, 0, 1),
        (0, 0, 1),
        (0, 0, 1),
        (0, 0, 1),
        (0, 0, 1),
        (0, 0, 1),
        (0, 0, 1),
        (0.818761105, -0.220752739, 0.529998568),
        (0.818761105, -0.220752739, 0.529998568),
        (0.818761105, -0.220752739, 0.529998568),
        (0, 0, 1),
        (0, 0, 1),
        (0, 0, 1),
        (0, 0, 1),
        (0, 0, 1),
        (0, 0, 1),
        (0.841242313, -0.106830902, 0.529998612),
        (0.841242313, -0.106830902, 0.529998612),
        (0.841242313, -0.106830902, 0.529998612),
        (0.833042589, -0.158560994, 0.529998544),
        (0.833042589, -0.158560994, 0.529998544),
        (0.833042589, -0.158560994, 0.529998544),
        (-0.847997865, 0.000758581197, 0.529999099),
        (-0.847997865, 0.000758581197, 0.529999099),
        (-0.847997865, 0.000758581197, 0.529999099),
        (-0.847997281, -0.00128108522, 0.529999028),
        (-0.847997281, -0.00128108522, 0.529999028),
        (-0.847997281, -0.00128108522, 0.529999028),
        (0, 0, 1),
        (0, 0, 1),
        (0, 0, 1),
        (-0.84799455, -0.00250457829, 0.529999028),
        (-0.84799455, -0.00250457829, 0.529999028),
        (-0.84799455, -0.00250457829, 0.529999028),
        (0, 0, 1),
        (0, 0, 1),
        (0, 0, 1),
        (0, 0, 1),
        (0, 0, 1),
        (0, 0, 1),
        (-0, 0, 1),
        (-0, 0, 1),
        (-0, 0, 1),
        (-0, 0, 1),
        (-0, 0, 1),
        (-0, 0, 1),
        (-0.8479983, 8.58428203e-05, 0.529998939),
        (-0.8479983, 8.58428203e-05, 0.529998939),
        (-0.8479983, 8.58428203e-05, 0.529998939),
        (-0.847998304, -4.30359871e-05, 0.529998939),
        (-0.847998304, -4.30359871e-05, 0.529998939),
        (-0.847998304, -4.30359871e-05, 0.529998939),
        (-0.847998304, 4.30359871e-05, 0.529998939),
        (-0.847998304, 4.30359871e-05, 0.529998939),
        (-0.847998304, 4.30359871e-05, 0.529998939),
        (0, 0, 1),
        (0, 0, 1),
        (0, 0, 1),
        (0, -0, 1),
        (0, -0, 1),
        (0, -0, 1),
        (-0.847994552, 0.00250457829, 0.529999026),
        (-0.847994552, 0.00250457829, 0.529999026),
        (-0.847994552, 0.00250457829, 0.529999026),
        (-0.847997282, 0.00128107877, 0.529999027),
        (-0.847997282, 0.00128107877, 0.529999027),
        (-0.847997282, 0.00128107877, 0.529999027),
        (0, 0, 1),
        (0, 0, 1),
        (0, 0, 1),
        (-0.847997508, -0.00127908862, 0.529998671),
        (-0.847997508, -0.00127908862, 0.529998671),
        (-0.847997508, -0.00127908862, 0.529998671),
        (0, 0, 1),
        (0, 0, 1),
        (0, 0, 1),
        (-0, -0, 1),
        (-0, -0, 1),
        (-0, -0, 1),
        (-0.847994709, 0.00250320419, 0.529998781),
        (-0.847994709, 0.00250320419, 0.529998781),
        (-0.847994709, 0.00250320419, 0.529998781),
        (-0.847995909, 0.00205696555, 0.529998781),
        (-0.847995909, 0.00205696555, 0.529998781),
        (-0.847995909, 0.00205696555, 0.529998781),
        (-0.847997508, 0.00127908862, 0.529998671),
        (-0.847997508, 0.00127908862, 0.529998671),
        (-0.847997508, 0.00127908862, 0.529998671),
        (-0, 0, 1),
        (-0, 0, 1),
        (-0, 0, 1),
        (0, -0, 1),
        (0, -0, 1),
        (0, -0, 1),
        (0, 0, 1),
        (0, 0, 1),
        (0, 0, 1),
        (0, 0, 1),
        (0, 0, 1),
        (0, 0, 1),
        (-0, 0, 1),
        (-0, 0, 1),
        (-0, 0, 1),
        (0, 0, 1),
        (0, 0, 1),
        (0, 0, 1),
        (0, 0, 1),
        (0, 0, 1),
        (0, 0, 1),
        (-0, 0, 1),
        (-0, 0, 1),
        (-0, 0, 1),
        (0, 0, 1),
        (0, 0, 1),
        (0, 0, 1),
        (0, 0, 1),
        (0, 0, 1),
        (0, 0, 1),
        (-0.847986506, 0.00446408126, 0.529999016),
        (-0.847986506, 0.00446408126, 0.529999016),
        (-0.847986506, 0.00446408126, 0.529999016),
        (-0.847998101, -0.000793354728, 0.529998671),
        (-0.847998101, -0.000793354728, 0.529998671),
        (-0.847998101, -0.000793354728, 0.529998671),
        (0, 0, 1),
        (0, 0, 1),
        (0, 0, 1),
        (0, 0, 1),
        (0, 0, 1),
        (0, 0, 1),
        (-0.847867307, 0.0148828032, 0.529999558),
        (-0.847867307, 0.0148828032, 0.529999558),
        (-0.847867307, 0.0148828032, 0.529999558),
        (0, 0, 1),
        (0, 0, 1),
        (0, 0, 1),
        (0, 0, 1),
        (0, 0, 1),
        (0, 0, 1),
        (0, 0, 1),
        (0, 0, 1),
        (0, 0, 1),
        (0, -0, 1),
        (0, -0, 1),
        (0, -0, 1),
        (-0.847458086, 0.0302639381, 0.52999895),
        (-0.847458086, 0.0302639381, 0.52999895),
        (-0.847458086, 0.0302639381, 0.52999895),
        (0, 0, 1),
        (0, 0, 1),
        (0, 0, 1),
        (0, 0, 1),
        (0, 0, 1),
        (0, 0, 1),
        (0, 0, 1),
        (0, 0, 1),
        (0, 0, 1),
        (0, -0, 1),
        (0, -0, 1),
        (0, -0, 1),
        (0, 0, 1),
        (0, 0, 1),
        (0, 0, 1),
        (0, 0, 1),
        (0, 0, 1),
        (0, 0, 1),
        (-0, 0, 1),
        (-0, 0, 1),
        (-0, 0, 1),
        (-0.847589828, 0.0263173138, 0.529998946),
        (-0.847589828, 0.0263173138, 0.529998946),
        (-0.847589828, 0.0263173138, 0.529998946),
        (-0.847550828, 0.0275400799, 0.529999187),
        (-0.847550828, 0.0275400799, 0.529999187),
        (-0.847550828, 0.0275400799, 0.529999187),
        (-0.847598609, 0.0260352162, 0.529998835),
        (-0.847598609, 0.0260352162, 0.529998835),
        (-0.847598609, 0.0260352162, 0.529998835),
        (0, 0, 1),
        (0, 0, 1),
        (0, 0, 1),
        (0, 0, 1),
        (0, 0, 1),
        (0, 0, 1),
        (0, 0, 1),
        (0, 0, 1),
        (0, 0, 1),
        (0, 0, 1),
        (0, 0, 1),
        (0, 0, 1),
        (-0, 0, 1),
        (-0, 0, 1),
        (-0, 0, 1),
        (0, -0, 1),
        (0, -0, 1),
        (0, -0, 1),
        (0, 0, 1),
        (0, 0, 1),
        (0, 0, 1),
        (0, 0, 1),
        (0, 0, 1),
        (0, 0, 1),
        (0, -0, 1),
        (0, -0, 1),
        (0, -0, 1),
        (0, 0, 1),
        (0, 0, 1),
        (0, 0, 1),
        (-0, -0, 1),
        (-0, -0, 1),
        (-0, -0, 1),
        (0, 0, 1),
        (0, 0, 1),
        (0, 0, 1),
        (0, 0, 1),
        (0, 0, 1),
        (0, 0, 1),
        (0, 0, 1),
        (0, 0, 1),
        (0, 0, 1),
        (0, 0, 1),
        (0, 0, 1),
        (0, 0, 1),
        (0, 0, 1),
        (0, 0, 1),
        (0, 0, 1),
        (-0, 0, 1),
        (-0, 0, 1),
        (-0, 0, 1),
        (0, 0, 1),
        (0, 0, 1),
        (0, 0, 1),
        (0.843169104, -0.0903727375, 0.529998707),
        (0.843169104, -0.0903727375, 0.529998707),
        (0.843169104, -0.0903727375, 0.529998707),
        (0.843168747, -0.0903743411, 0.529999002),
        (0.843168747, -0.0903743411, 0.529999002),
        (0.843168747, -0.0903743411, 0.529999002),
        (0, 0, 1),
        (0, 0, 1),
        (0, 0, 1),
        (0.843884569, -0.0834242591, 0.529999271),
        (0.843884569, -0.0834242591, 0.529999271),
        (0.843884569, -0.0834242591, 0.529999271),
        (0, 0, 1),
        (0, 0, 1),
        (0, 0, 1),
        (0, -0, 1),
        (0, -0, 1),
        (0, -0, 1),
        (-0, 0, 1),
        (-0, 0, 1),
        (-0, 0, 1),
        (0.831116517, -0.168365303, 0.529998548),
        (0.831116517, -0.168365303, 0.529998548),
        (0.831116517, -0.168365303, 0.529998548),
        (0, -0, 1),
        (0, -0, 1),
        (0, -0, 1),
        (-0, 0, 1),
        (-0, 0, 1),
        (-0, 0, 1),
        (0, 0, 1),
        (0, 0, 1),
        (0, 0, 1),
        (0, 0, 1),
        (0, 0, 1),
        (0, 0, 1),
        (-0, 0, 1),
        (-0, 0, 1),
        (-0, 0, 1),
        (0.841022983, -0.108543224, 0.529998784),
        (0.841022983, -0.108543224, 0.529998784),
        (0.841022983, -0.108543224, 0.529998784),
        (0.831115899, -0.168367234, 0.529998903),
        (0.831115899, -0.168367234, 0.529998903),
        (0.831115899, -0.168367234, 0.529998903),
        (0.831451476, -0.166702148, 0.529998903),
        (0.831451476, -0.166702148, 0.529998903),
        (0.831451476, -0.166702148, 0.529998903),
        (0.832017344, -0.163854453, 0.529998922),
        (0.832017344, -0.163854453, 0.529998922),
        (0.832017344, -0.163854453, 0.529998922),
        (0.842843536, -0.09336115, 0.529998556),
        (0.842843536, -0.09336115, 0.529998556),
        (0.842843536, -0.09336115, 0.529998556),
        (0.832474706, -0.161514414, 0.529999018),
        (0.832474706, -0.161514414, 0.529999018),
        (0.832474706, -0.161514414, 0.529999018),
        (0, 0, 1),
        (0, 0, 1),
        (0, 0, 1),
        (0, 0, 1),
        (0, 0, 1),
        (0, 0, 1),
        (0.832017237, -0.163854798, 0.529998983),
        (0.832017237, -0.163854798, 0.529998983),
        (0.832017237, -0.163854798, 0.529998983),
        (0.847477322, -0.0297207639, 0.529998929),
        (0.847477322, -0.0297207639, 0.529998929),
        (0.847477322, -0.0297207639, 0.529998929),
        (0.842843014, -0.0933638274, 0.529998915),
        (0.842843014, -0.0933638274, 0.529998915),
        (0.842843014, -0.0933638274, 0.529998915),
        (0, 0, 1),
        (0, 0, 1),
        (0, 0, 1),
        (0, 0, 1),
        (0, 0, 1),
        (0, 0, 1),
        (0, 0, 1),
        (0, 0, 1),
        (0, 0, 1),
        (0, -0, 1),
        (0, -0, 1),
        (0, -0, 1),
        (0, 0, 1),
        (0, 0, 1),
        (0, 0, 1),
        (0, -0, 1),
        (0, -0, 1),
        (0, -0, 1),
        (0, 0, 1),
        (0, 0, 1),
        (0, 0, 1),
        (0, 0, 1),
        (0, 0, 1),
        (0, 0, 1),
        (0, 0, 1),
        (0, 0, 1),
        (0, 0, 1),
        (0, 0, 1),
        (0, 0, 1),
        (0, 0, 1),
        (0, 0, 1),
        (0, 0, 1),
        (0, 0, 1),
        (0, 0, 1),
        (0, 0, 1),
        (0, 0, 1),
        (0.130935817, 0.837828753, 0.52999886),
        (0.130935817, 0.837828753, 0.52999886),
        (0.130935817, 0.837828753, 0.52999886),
        (0, 0, 1),
        (0, 0, 1),
        (0, 0, 1),
        (0, 0, 1),
        (0, 0, 1),
        (0, 0, 1),
        (0.130935794, 0.83782876, 0.529998856),
        (0.130935794, 0.83782876, 0.529998856),
        (0.130935794, 0.83782876, 0.529998856),
        (0, 0, 1),
        (0, 0, 1),
        (0, 0, 1),
        (-0, 0, 1),
        (-0, 0, 1),
        (-0, 0, 1),
        (0, 0, 1),
        (0, 0, 1),
        (0, 0, 1),
        (0.838857372, -0.124175912, 0.529998728),
        (0.838857372, -0.124175912, 0.529998728),
        (0.838857372, -0.124175912, 0.529998728),
        (0, 0, 1),
        (0, 0, 1),
        (0, 0, 1),
        (0, 0, 1),
        (0, 0, 1),
        (0, 0, 1),
        (0.834256758, -0.152042304, 0.529998867),
        (0.834256758, -0.152042304, 0.529998867),
        (0.834256758, -0.152042304, 0.529998867),
        (0, 0, 1),
        (0, 0, 1),
        (0, 0, 1),
        (0, 0, 1),
        (0, 0, 1),
        (0, 0, 1),
        (0.832716518, -0.160263483, 0.529998884),
        (0.832716518, -0.160263483, 0.529998884),
        (0.832716518, -0.160263483, 0.529998884),
        (0.833011701, -0.158722044, 0.529998885),
        (0.833011701, -0.158722044, 0.529998885),
        (0.833011701, -0.158722044, 0.529998885),
        (0.833557461, -0.155831285, 0.529998651),
        (0.833557461, -0.155831285, 0.529998651),
        (0.833557461, -0.155831285, 0.529998651),
        (0.059036702, 0.845940875, 0.529998777),
        (0.059036702, 0.845940875, 0.529998777),
        (0.059036702, 0.845940875, 0.529998777),
        (0, 0, 1),
        (0, 0, 1),
        (0, 0, 1),
        (0.0613917899, 0.851473736, 0.520791248),
        (0.0613917899, 0.851473736, 0.520791248),
        (0.0613917899, 0.851473736, 0.520791248),
        (0.0492417955, 0.852987906, 0.519602615),
        (0.0492417955, 0.852987906, 0.519602615),
        (0.0492417955, 0.852987906, 0.519602615),
        (0, 0, 1),
        (0, 0, 1),
        (0, 0, 1),
        (0, 0, 1),
        (0, 0, 1),
        (0, 0, 1),
        (0.0793645455, 0.849171821, 0.522119227),
        (0.0793645455, 0.849171821, 0.522119227),
        (0.0793645455, 0.849171821, 0.522119227),
        (-0.838447658, 0.0237827167, 0.544462953),
        (-0.838447658, 0.0237827167, 0.544462953),
        (-0.838447658, 0.0237827167, 0.544462953),
        (0, -0, 1),
        (0, -0, 1),
        (0, -0, 1),
        (0.224994905, 0.864997344, 0.44850517),
        (0.224994905, 0.864997344, 0.44850517),
        (0.224994905, 0.864997344, 0.44850517),
        (0, -0, 1),
        (0, -0, 1),
        (0, -0, 1),
        (-0, 0, 1),
        (-0, 0, 1),
        (-0, 0, 1),
        (-0.847446401, 0.0305793892, 0.529999526),
        (-0.847446401, 0.0305793892, 0.529999526),
        (-0.847446401, 0.0305793892, 0.529999526),
        (0, 0, 1),
        (0, 0, 1),
        (0, 0, 1),
        (-0, 0, 1),
        (-0, 0, 1),
        (-0, 0, 1),
        (0, 0, 1),
        (0, 0, 1),
        (0, 0, 1),
        (0, 0, 1),
        (0, 0, 1),
        (0, 0, 1),
        (0, 0, 1),
        (0, 0, 1),
        (0, 0, 1),
        (-0, 0, 1),
        (-0, 0, 1),
        (-0, 0, 1),
        (0, 0, 1),
        (0, 0, 1),
        (0, 0, 1),
        (-0.0843629543, -0.843791286, 0.529999206),
        (-0.0843629543, -0.843791286, 0.529999206),
        (-0.0843629543, -0.843791286, 0.529999206),
        (-0.844379757, -0.0174041609, 0.535462344),
        (-0.844379757, -0.0174041609, 0.535462344),
        (-0.844379757, -0.0174041609, 0.535462344),
        (0, 0, 1),
        (0, 0, 1),
        (0, 0, 1),
        (-0.782551475, 0.606330686, 0.141337496),
        (-0.782551475, 0.606330686, 0.141337496),
        (-0.782551475, 0.606330686, 0.141337496),
        (-0.846757082, -0.0458644382, 0.529998959),
        (-0.846757082, -0.0458644382, 0.529998959),
        (-0.846757082, -0.0458644382, 0.529998959),
        (-0.847901187, -0.0128346315, 0.529998914),
        (-0.847901187, -0.0128346315, 0.529998914),
        (-0.847901187, -0.0128346315, 0.529998914),
        (0, 0, 1),
        (0, 0, 1),
        (0, 0, 1),
        (-0.844614667, -0.014491454, 0.535178534),
        (-0.844614667, -0.014491454, 0.535178534),
        (-0.844614667, -0.014491454, 0.535178534),
        (-0.0565230119, -0.8461128, 0.529998376),
        (-0.0565230119, -0.8461128, 0.529998376),
        (-0.0565230119, -0.8461128, 0.529998376),
        (-0.086305347, -0.843595155, 0.52999868),
        (-0.086305347, -0.843595155, 0.52999868),
        (-0.086305347, -0.843595155, 0.52999868),
        (-0.0863032831, -0.843595573, 0.529998352),
        (-0.0863032831, -0.843595573, 0.529998352),
        (-0.0863032831, -0.843595573, 0.529998352),
        (-0, -0, 1),
        (-0, -0, 1),
        (-0, -0, 1),
        (0, 0, 1),
        (0, 0, 1),
        (0, 0, 1),
        (-0.847869582, -0.0147798979, 0.529998799),
        (-0.847869582, -0.0147798979, 0.529998799),
        (-0.847869582, -0.0147798979, 0.529998799),
        (-0.0964279115, -0.842497775, 0.529999205),
        (-0.0964279115, -0.842497775, 0.529999205),
        (-0.0964279115, -0.842497775, 0.529999205),
        (-0.0964304766, -0.842497182, 0.529999681),
        (-0.0964304766, -0.842497182, 0.529999681),
        (-0.0964304766, -0.842497182, 0.529999681),
        (0.0565190933, 0.846112605, 0.529999106),
        (0.0565190933, 0.846112605, 0.529999106),
        (0.0565190933, 0.846112605, 0.529999106),
        (0, 0, 1),
        (0, 0, 1),
        (0, 0, 1),
        (0.0164299068, 0.847838917, 0.529999273),
        (0.0164299068, 0.847838917, 0.529999273),
        (0.0164299068, 0.847838917, 0.529999273),
        (0, 0, 1),
        (0, 0, 1),
        (0, 0, 1),
        (-0, 0, 1),
        (-0, 0, 1),
        (-0, 0, 1),
        (0.027831151, 0.847541838, 0.529998359),
        (0.027831151, 0.847541838, 0.529998359),
        (0.027831151, 0.847541838, 0.529998359),
        (0, 0, 1),
        (0, 0, 1),
        (0, 0, 1),
        (0.0164337761, 0.847839253, 0.529998615),
        (0.0164337761, 0.847839253, 0.529998615),
        (0.0164337761, 0.847839253, 0.529998615),
        (0, 0, 1),
        (0, 0, 1),
        (0, 0, 1),
        (0, 0, 1),
        (0, 0, 1),
        (0, 0, 1),
        (0.0257455062, 0.847607303, 0.529999084),
        (0.0257455062, 0.847607303, 0.529999084),
        (0.0257455062, 0.847607303, 0.529999084),
        (-0, 0, 1),
        (-0, 0, 1),
        (-0, 0, 1),
        (-0, -0, 1),
        (-0, -0, 1),
        (-0, -0, 1),
        (0.0573203305, 0.84605877, 0.529998997),
        (0.0573203305, 0.84605877, 0.529998997),
        (0.0573203305, 0.84605877, 0.529998997),
        (0, -0, 1),
        (0, -0, 1),
        (0, -0, 1),
        (-0, 0, 1),
        (-0, 0, 1),
        (-0, 0, 1),
        (0, 0, 1),
        (0, 0, 1),
        (0, 0, 1),
        (0, -0, 1),
        (0, -0, 1),
        (0, -0, 1),
        (0, 0, 1),
        (0, 0, 1),
        (0, 0, 1),
        (-0.0495844678, -0.846547388, 0.529998963),
        (-0.0495844678, -0.846547388, 0.529998963),
        (-0.0495844678, -0.846547388, 0.529998963),
        (0, 0, 1),
        (0, 0, 1),
        (0, 0, 1),
        (0, 0, 1),
        (0, 0, 1),
        (0, 0, 1),
        (0, 0, 1),
        (0, 0, 1),
        (0, 0, 1),
        (-0.014080247, -0.847881282, 0.529999131),
        (-0.014080247, -0.847881282, 0.529999131),
        (-0.014080247, -0.847881282, 0.529999131),
        (-0.0270503656, -0.847566972, 0.52999859),
        (-0.0270503656, -0.847566972, 0.52999859),
        (-0.0270503656, -0.847566972, 0.52999859),
        (0, 0, 1),
        (0, 0, 1),
        (0, 0, 1),
        (-0.0231456478, -0.84768228, 0.529999085),
        (-0.0231456478, -0.84768228, 0.529999085),
        (-0.0231456478, -0.84768228, 0.529999085),
        (-0, -0, 1),
        (-0, -0, 1),
        (-0, -0, 1),
        (0, 0, 1),
        (0, 0, 1),
        (0, 0, 1),
        (0, 0, 1),
        (0, 0, 1),
        (0, 0, 1),
        (0, 0, 1),
        (0, 0, 1),
        (0, 0, 1),
        (-0.0577986654, -0.846026294, 0.529998891),
        (-0.0577986654, -0.846026294, 0.529998891),
        (-0.0577986654, -0.846026294, 0.529998891),
        (0, 0, 1),
        (0, 0, 1),
        (0, 0, 1),
        (-0.847788944, -0.0188407739, 0.529998991),
        (-0.847788944, -0.0188407739, 0.529998991),
        (-0.847788944, -0.0188407739, 0.529998991),
        (0, 0, 1),
        (0, 0, 1),
        (0, 0, 1),
        (-0.84713018, -0.0383689594, 0.529998378),
        (-0.84713018, -0.0383689594, 0.529998378),
        (-0.84713018, -0.0383689594, 0.529998378),
        (-0.847998304, 0, 0.52999894),
        (-0.847998304, 0, 0.52999894),
        (-0.847998304, 0, 0.52999894),
        (0, 0, 1),
        (0, 0, 1),
        (0, 0, 1),
        (0, -0, 1),
        (0, -0, 1),
        (0, -0, 1),
        (0, 0, 1),
        (0, 0, 1),
        (0, 0, 1),
        (0, 0, 1),
        (0, 0, 1),
        (0, 0, 1),
        (-0.847707146, 0.0222269556, 0.529998639),
        (-0.847707146, 0.0222269556, 0.529998639),
        (-0.847707146, 0.0222269556, 0.529998639),
        (0, 0, 1),
        (0, 0, 1),
        (0, 0, 1),
        (-0.846610357, 0.0484916764, 0.529999491),
        (-0.846610357, 0.0484916764, 0.529999491),
        (-0.846610357, 0.0484916764, 0.529999491),
        (-0.846757045, 0.0458646581, 0.529998999),
        (-0.846757045, 0.0458646581, 0.529998999),
        (-0.846757045, 0.0458646581, 0.529998999),
        (-0.847366728, 0.0327214822, 0.529998994),
        (-0.847366728, 0.0327214822, 0.529998994),
        (-0.847366728, 0.0327214822, 0.529998994),
        (-0.847901187, 0.0128346315, 0.529998914),
        (-0.847901187, 0.0128346315, 0.529998914),
        (-0.847901187, 0.0128346315, 0.529998914),
        (0, -0, 1),
        (0, -0, 1),
        (0, -0, 1),
        (-0.847366529, -0.0327228664, 0.529999226),
        (-0.847366529, -0.0327228664, 0.529999226),
        (-0.847366529, -0.0327228664, 0.529999226),
        (0, -0, 1),
        (0, -0, 1),
        (0, -0, 1),
        (0, 0, 1),
        (0, 0, 1),
        (0, 0, 1),
        (-0.847707159, -0.0222269559, 0.529998619),
        (-0.847707159, -0.0222269559, 0.529998619),
        (-0.847707159, -0.0222269559, 0.529998619),
        (0, -0, 1),
        (0, -0, 1),
        (0, -0, 1),
        (0, -0, 1),
        (0, -0, 1),
        (0, -0, 1),
        (0, 0, 1),
        (0, 0, 1),
        (0, 0, 1),
        (0, -0, 1),
        (0, -0, 1),
        (0, -0, 1),
        (-0.846756588, 0.0458673614, 0.529999497),
        (-0.846756588, 0.0458673614, 0.529999497),
        (-0.846756588, 0.0458673614, 0.529999497),
        (0, 0, 1),
        (0, 0, 1),
        (0, 0, 1),
        (0, 0, 1),
        (0, 0, 1),
        (0, 0, 1),
        (-0, 0, 1),
        (-0, 0, 1),
        (-0, 0, 1),
        (-0, 0, 1),
        (-0, 0, 1),
        (-0, 0, 1),
        (0, -0, 1),
        (0, -0, 1),
        (0, -0, 1),
        (0, -0, 1),
        (0, -0, 1),
        (0, -0, 1),
        (-0, 0, 1),
        (-0, 0, 1),
        (-0, 0, 1),
        (0, 0, 1),
        (0, 0, 1),
        (0, 0, 1),
        (-0, 0, 1),
        (-0, 0, 1),
        (-0, 0, 1),
        (0, 0, 1),
        (0, 0, 1),
        (0, 0, 1),
        (0.0335002828, 0.856798772, 0.514561556),
        (0.0335002828, 0.856798772, 0.514561556),
        (0.0335002828, 0.856798772, 0.514561556),
        (0.0102128965, 0.851994439, 0.523451213),
        (0.0102128965, 0.851994439, 0.523451213),
        (0.0102128965, 0.851994439, 0.523451213),
        (0, 0, 1),
        (0, 0, 1),
        (0, 0, 1),
        (0.092988653, 0.843466214, 0.529072638),
        (0.092988653, 0.843466214, 0.529072638),
        (0.092988653, 0.843466214, 0.529072638),
        (0.00145608281, 0.847997052, 0.529998944),
        (0.00145608281, 0.847997052, 0.529998944),
        (0.00145608281, 0.847997052, 0.529998944),
        (0, 0, 1),
        (0, 0, 1),
        (0, 0, 1),
        (0, 0, 1),
        (0, 0, 1),
        (0, 0, 1),
        (0.0368470609, 0.84719739, 0.529998939),
        (0.0368470609, 0.84719739, 0.529998939),
        (0.0368470609, 0.84719739, 0.529998939),
        (0, 0, 1),
        (0, 0, 1),
        (0, 0, 1),
        (-0.00592027195, 0.84797764, 0.529998936),
        (-0.00592027195, 0.84797764, 0.529998936),
        (-0.00592027195, 0.84797764, 0.529998936),
        (-0.00591832216, 0.847977874, 0.529998584),
        (-0.00591832216, 0.847977874, 0.529998584),
        (-0.00591832216, 0.847977874, 0.529998584),
        (-0.00511843529, 0.847983079, 0.529998584),
        (-0.00511843529, 0.847983079, 0.529998584),
        (-0.00511843529, 0.847983079, 0.529998584),
        (0, 0, 1),
        (0, 0, 1),
        (0, 0, 1),
        (-0, 0, 1),
        (-0, 0, 1),
        (-0, 0, 1),
        (0, -0, 1),
        (0, -0, 1),
        (0, -0, 1),
        (0, 0, 1),
        (0, 0, 1),
        (0, 0, 1),
        (-0, 0, 1),
        (-0, 0, 1),
        (-0, 0, 1),
        (0.0171950471, 0.847824301, 0.529998383),
        (0.0171950471, 0.847824301, 0.529998383),
        (0.0171950471, 0.847824301, 0.529998383),
        (0.00874453475, 0.847953562, 0.529998386),
        (0.00874453475, 0.847953562, 0.529998386),
        (0.00874453475, 0.847953562, 0.529998386),
        (0, -0, 1),
        (0, -0, 1),
        (0, -0, 1),
        (0.0202813004, 0.847755819, 0.529998812),
        (0.0202813004, 0.847755819, 0.529998812),
        (0.0202813004, 0.847755819, 0.529998812),
        (0, 0, 1),
        (0, 0, 1),
        (0, 0, 1),
        (-0, 0, 1),
        (-0, 0, 1),
        (-0, 0, 1),
        (-0, -0, 1),
        (-0, -0, 1),
        (-0, -0, 1),
        (0.0262751228, 0.847590925, 0.529999285),
        (0.0262751228, 0.847590925, 0.529999285),
        (0.0262751228, 0.847590925, 0.529999285),
        (0, 0, 1),
        (0, 0, 1),
        (0, 0, 1),
        (0.033170824, 0.847349523, 0.529998568),
        (0.033170824, 0.847349523, 0.529998568),
        (0.033170824, 0.847349523, 0.529998568),
        (-0, 0, 1),
        (-0, 0, 1),
        (-0, 0, 1),
        (0.0393480395, 0.847084921, 0.529998933),
        (0.0393480395, 0.847084921, 0.529998933),
        (0.0393480395, 0.847084921, 0.529998933),
        (0.0565331968, 0.846111909, 0.529998713),
        (0.0565331968, 0.846111909, 0.529998713),
        (0.0565331968, 0.846111909, 0.529998713),
        (0, 0, 1),
        (0, 0, 1),
        (0, 0, 1),
        (-0, -0, 1),
        (-0, -0, 1),
        (-0, -0, 1),
        (0.0887975656, 0.843336308, 0.529998928),
        (0.0887975656, 0.843336308, 0.529998928),
        (0.0887975656, 0.843336308, 0.529998928),
        (0, 0, 1),
        (0, 0, 1),
        (0, 0, 1),
        (-0.0331717039, -0.847349265, 0.529998925),
        (-0.0331717039, -0.847349265, 0.529998925),
        (-0.0331717039, -0.847349265, 0.529998925),
        (-0, 0, 1),
        (-0, 0, 1),
        (-0, 0, 1),
        (-0.088796114, -0.843336457, 0.529998935),
        (-0.088796114, -0.843336457, 0.529998935),
        (-0.088796114, -0.843336457, 0.529998935),
        (0, 0, 1),
        (0, 0, 1),
        (0, 0, 1),
        (0, -0, 1),
        (0, -0, 1),
        (0, -0, 1),
        (0, -0, 1),
        (0, -0, 1),
        (0, -0, 1),
        (-0, 0, 1),
        (-0, 0, 1),
        (-0, 0, 1),
        (0.112031138, 0.840565199, 0.529999218),
        (0.112031138, 0.840565199, 0.529999218),
        (0.112031138, 0.840565199, 0.529999218),
        (-0, 0, 1),
        (-0, 0, 1),
        (-0, 0, 1),
        (0.0880160634, 0.843417893, 0.529999463),
        (0.0880160634, 0.843417893, 0.529999463),
        (0.0880160634, 0.843417893, 0.529999463),
        (0, 0, 1),
        (0, 0, 1),
        (0, 0, 1),
        (0.0888000616, 0.843336299, 0.529998524),
        (0.0888000616, 0.843336299, 0.529998524),
        (0.0888000616, 0.843336299, 0.529998524),
        (0.105903468, 0.84135958, 0.529998597),
        (0.105903468, 0.84135958, 0.529998597),
        (0.105903468, 0.84135958, 0.529998597),
        (0, 0, 1),
        (0, 0, 1),
        (0, 0, 1),
        (0, 0, 1),
        (0, 0, 1),
        (0, 0, 1),
        (-0.121968599, -0.83918084, 0.529999225),
        (-0.121968599, -0.83918084, 0.529999225),
        (-0.121968599, -0.83918084, 0.529999225),
        (-0.121968416, -0.839180887, 0.529999192),
        (-0.121968416, -0.839180887, 0.529999192),
        (-0.121968416, -0.839180887, 0.529999192),
        (0, 0, 1),
        (0, 0, 1),
        (0, 0, 1),
        (-0.105902708, -0.841359727, 0.529998516),
        (-0.105902708, -0.841359727, 0.529998516),
        (-0.105902708, -0.841359727, 0.529998516),
        (-0.112030145, -0.840565329, 0.529999222),
        (-0.112030145, -0.840565329, 0.529999222),
        (-0.112030145, -0.840565329, 0.529999222),
        (-0, -0, 1),
        (-0, -0, 1),
        (-0, -0, 1),
        (-0.0875360281, -0.843468411, 0.529998569),
        (-0.0875360281, -0.843468411, 0.529998569),
        (-0.0875360281, -0.843468411, 0.529998569),
        (-0, 0, 1),
        (-0, 0, 1),
        (-0, 0, 1),
        (0.118097395, 0.839734609, 0.52999886),
        (0.118097395, 0.839734609, 0.52999886),
        (0.118097395, 0.839734609, 0.52999886),
        (0.128603496, 0.838189925, 0.529998859),
        (0.128603496, 0.838189925, 0.529998859),
        (0.128603496, 0.838189925, 0.529998859),
        (0, 0, 1),
        (0, 0, 1),
        (0, 0, 1),
        (0, 0, 1),
        (0, 0, 1),
        (0, 0, 1),
        (0, 0, 1),
        (0, 0, 1),
        (0, 0, 1),
        (0.0888145472, 0.84333455, 0.52999888),
        (0.0888145472, 0.84333455, 0.52999888),
        (0.0888145472, 0.84333455, 0.52999888),
        (0, 0, 1),
        (0, 0, 1),
        (0, 0, 1),
        (0, 0, 1),
        (0, 0, 1),
        (0, 0, 1),
        (0, 0, 1),
        (0, 0, 1),
        (0, 0, 1),
        (0, 0, 1),
        (0, 0, 1),
        (0, 0, 1),
        (0, -0, 1),
        (0, -0, 1),
        (0, -0, 1),
        (-0.0957213931, -0.842578637, 0.529998732),
        (-0.0957213931, -0.842578637, 0.529998732),
        (-0.0957213931, -0.842578637, 0.529998732),
        (0, -0, 1),
        (0, -0, 1),
        (0, -0, 1),
        (-0.130930855, -0.837829601, 0.529998746),
        (-0.130930855, -0.837829601, 0.529998746),
        (-0.130930855, -0.837829601, 0.529998746),
        (0, -0, 1),
        (0, -0, 1),
        (0, -0, 1),
        (-0.118097989, -0.839734594, 0.529998752),
        (-0.118097989, -0.839734594, 0.529998752),
        (-0.118097989, -0.839734594, 0.529998752),
        (-0, -0, 1),
        (-0, -0, 1),
        (-0, -0, 1),
        (0.0888140836, 0.843334658, 0.529998786),
        (0.0888140836, 0.843334658, 0.529998786),
        (0.0888140836, 0.843334658, 0.529998786),
        (-0, 0, 1),
        (-0, 0, 1),
        (-0, 0, 1),
        (0, 0, 1),
        (0, 0, 1),
        (0, 0, 1),
        (-0.059039802, -0.845940597, 0.529998876),
        (-0.059039802, -0.845940597, 0.529998876),
        (-0.059039802, -0.845940597, 0.529998876),
        (0, 0, 1),
        (0, 0, 1),
        (0, 0, 1),
        (-0.0274157018, -0.835995863, 0.548050451),
        (-0.0274157018, -0.835995863, 0.548050451),
        (-0.0274157018, -0.835995863, 0.548050451),
        (-0.0609900541, -0.845802079, 0.529999111),
        (-0.0609900541, -0.845802079, 0.529999111),
        (-0.0609900541, -0.845802079, 0.529999111),
        (-0.0488734269, -0.846588625, 0.529999141),
        (-0.0488734269, -0.846588625, 0.529999141),
        (-0.0488734269, -0.846588625, 0.529999141),
        (0, 0, 1),
        (0, 0, 1),
        (0, 0, 1),
        (0, 0, 1),
        (0, 0, 1),
        (0, 0, 1),
        (-0, 0, 1),
        (-0, 0, 1),
        (-0, 0, 1),
        (0.838336566, -0.127645303, 0.529998565),
        (0.838336566, -0.127645303, 0.529998565),
        (0.838336566, -0.127645303, 0.529998565),
        (0, 0, 1),
        (0, 0, 1),
        (0, 0, 1),
        (0.839685581, -0.118446847, 0.529998556),
        (0.839685581, -0.118446847, 0.529998556),
        (0.839685581, -0.118446847, 0.529998556),
        (0.839685344, -0.118447798, 0.529998719),
        (0.839685344, -0.118447798, 0.529998719),
        (0.839685344, -0.118447798, 0.529998719),
        (0, 0, 1),
        (0, 0, 1),
        (0, 0, 1),
        (-0, 0, 1),
        (-0, 0, 1),
        (-0, 0, 1),
        (0, -0, 1),
        (0, -0, 1),
        (0, -0, 1),
        (0, -0, 1),
        (0, -0, 1),
        (0, -0, 1),
        (0, 0, 1),
        (0, 0, 1),
        (0, 0, 1),
        (0, 0, 1),
        (0, 0, 1),
        (0, 0, 1),
        (0, 0, 1),
        (0, 0, 1),
        (0, 0, 1),
        (-0, 0, 1),
        (-0, 0, 1),
        (-0, 0, 1),
        (0, 0, 1),
        (0, 0, 1),
        (0, 0, 1),
        (0, 0, 1),
        (0, 0, 1),
        (0, 0, 1),
        (0, 0, 1),
        (0, 0, 1),
        (0, 0, 1),
        (0.0177871633, 0.847812079, 0.529998392),
        (0.0177871633, 0.847812079, 0.529998392),
        (0.0177871633, 0.847812079, 0.529998392),
        (0, 0.847998304, 0.52999894),
        (0, 0.847998304, 0.52999894),
        (0, 0.847998304, 0.52999894),
        (0, 0, 1),
        (0, 0, 1),
        (0, 0, 1),
        (-0.0239715285, 0.847659413, 0.529998949),
        (-0.0239715285, 0.847659413, 0.529998949),
        (-0.0239715285, 0.847659413, 0.529998949),
        (-0.011042805, 0.847926741, 0.529998395),
        (-0.011042805, 0.847926741, 0.529998395),
        (-0.011042805, 0.847926741, 0.529998395),
        (0, -0, 1),
        (0, -0, 1),
        (0, -0, 1),
        (0, 0, 1),
        (0, 0, 1),
        (0, 0, 1),
        (0, 0, 1),
        (0, 0, 1),
        (0, 0, 1),
        (-0, -0, 1),
        (-0, -0, 1),
        (-0, -0, 1),
        (0.843620794, -0.0860511503, 0.529999204),
        (0.843620794, -0.0860511503, 0.529999204),
        (0.843620794, -0.0860511503, 0.529999204),
        (0, -0, 1),
        (0, -0, 1),
        (0, -0, 1),
        (0, 0, 1),
        (0, 0, 1),
        (0, 0, 1),
        (0.839746528, -0.118012231, 0.529998945),
        (0.839746528, -0.118012231, 0.529998945),
        (0.839746528, -0.118012231, 0.529998945),
        (-0, 0, 1),
        (-0, 0, 1),
        (-0, 0, 1),
        (0, -0, 1),
        (0, -0, 1),
        (0, -0, 1),
        (0, 0, 1),
        (0, 0, 1),
        (0, 0, 1),
        (0, 0, 1),
        (0, 0, 1),
        (0, 0, 1),
        (0, 0, 1),
        (0, 0, 1),
        (0, 0, 1),
        (0, 0, 1),
        (0, 0, 1),
        (0, 0, 1),
        (0, 0, 1),
        (0, 0, 1),
        (0, 0, 1),
        (0, 0, 1),
        (0, 0, 1),
        (0, 0, 1),
        (0, 0, 1),
        (0, 0, 1),
        (0, 0, 1),
        (0, 0, 1),
        (0, 0, 1),
        (0, 0, 1),
        (0, 0, 1),
        (0, 0, 1),
        (0, 0, 1),
        (-0, 0, 1),
        (-0, 0, 1),
        (-0, 0, 1),
        (0.0110412765, 0.847926585, 0.529998676),
        (0.0110412765, 0.847926585, 0.529998676),
        (0.0110412765, 0.847926585, 0.529998676),
        (0, -0, 1),
        (0, -0, 1),
        (0, -0, 1),
        (0, -0, 1),
        (0, -0, 1),
        (0, -0, 1),
        (-0.0177896337, 0.847811744, 0.529998844),
        (-0.0177896337, 0.847811744, 0.529998844),
        (-0.0177896337, 0.847811744, 0.529998844),
        (-0.0213238116, 0.847730219, 0.529998841),
        (-0.0213238116, 0.847730219, 0.529998841),
        (-0.0213238116, 0.847730219, 0.529998841),
        (-0.0207029832, 0.847745723, 0.529998657),
        (-0.0207029832, 0.847745723, 0.529998657),
        (-0.0207029832, 0.847745723, 0.529998657),
        (0, 0, 1),
        (0, 0, 1),
        (0, 0, 1),
        (-0.0239716527, 0.847659395, 0.529998972),
        (-0.0239716527, 0.847659395, 0.529998972),
        (-0.0239716527, 0.847659395, 0.529998972),
        (-0.0191186574, 0.847782836, 0.529998812),
        (-0.0191186574, 0.847782836, 0.529998812),
        (-0.0191186574, 0.847782836, 0.529998812),
        (-0.0202813004, 0.847755819, 0.529998812),
        (-0.0202813004, 0.847755819, 0.529998812),
        (-0.0202813004, 0.847755819, 0.529998812),
        (0, 0, 1),
        (0, 0, 1),
        (0, 0, 1),
        (0, 0, 1),
        (0, 0, 1),
        (0, 0, 1),
        (-0, 0, 1),
        (-0, 0, 1),
        (-0, 0, 1),
        (-0.000732905342, 0.847998132, 0.529998708),
        (-0.000732905342, 0.847998132, 0.529998708),
        (-0.000732905342, 0.847998132, 0.529998708),
        (0, 0, 1),
        (0, 0, 1),
        (0, 0, 1),
        (0, 0, 1),
        (0, 0, 1),
        (0, 0, 1),
        (0, 0, 1),
        (0, 0, 1),
        (0, 0, 1),
        (-0.00874030791, 0.847953151, 0.529999114),
        (-0.00874030791, 0.847953151, 0.529999114),
        (-0.00874030791, 0.847953151, 0.529999114),
        (0, 0, 1),
        (0, 0, 1),
        (0, 0, 1),
        (0, 0, 1),
        (0, 0, 1),
        (0, 0, 1),
        (-0.00145608281, 0.847997052, 0.529998944),
        (-0.00145608281, 0.847997052, 0.529998944),
        (-0.00145608281, 0.847997052, 0.529998944),
        (0, 0, 1),
        (0, 0, 1),
        (0, 0, 1),
        (0, 0, 1),
        (0, 0, 1),
        (0, 0, 1),
        (0, -0, 1),
        (0, -0, 1),
        (0, -0, 1),
        (-0.0161191234, 0.847845488, 0.529998304),
        (-0.0161191234, 0.847845488, 0.529998304),
        (-0.0161191234, 0.847845488, 0.529998304),
        (0, 0, 1),
        (0, 0, 1),
        (0, 0, 1),
        (-0.824334801, 0.0562273911, 0.563303307),
        (-0.824334801, 0.0562273911, 0.563303307),
        (-0.824334801, 0.0562273911, 0.563303307),
        (0.297509482, -0.804912163, 0.513424306),
        (0.297509482, -0.804912163, 0.513424306),
        (0.297509482, -0.804912163, 0.513424306),
        (0.0557145874, -0.868238239, 0.493009376),
        (0.0557145874, -0.868238239, 0.493009376),
        (0.0557145874, -0.868238239, 0.493009376),
        (0, -0, 1),
        (0, -0, 1),
        (0, -0, 1),
        (-0.841862756, 0.101825507, 0.529998742),
        (-0.841862756, 0.101825507, 0.529998742),
        (-0.841862756, 0.101825507, 0.529998742),
        (0, -0, 1),
        (0, -0, 1),
        (0, -0, 1),
        (0, 0, 1),
        (0, 0, 1),
        (0, 0, 1),
        (0, 0, 1),
        (0, 0, 1),
        (0, 0, 1),
        (0.0259352003, -0.847601915, 0.529998452),
        (0.0259352003, -0.847601915, 0.529998452),
        (0.0259352003, -0.847601915, 0.529998452),
        (0, 0, 1),
        (0, 0, 1),
        (0, 0, 1),
        (-0, 0, 1),
        (-0, 0, 1),
        (-0, 0, 1),
        (0.002432531, -0.847994664, 0.529999181),
        (0.002432531, -0.847994664, 0.529999181),
        (0.002432531, -0.847994664, 0.529999181),
        (0, 0, 1),
        (0, 0, 1),
        (0, 0, 1),
        (0.0036829739, -0.847990575, 0.52999851),
        (0.0036829739, -0.847990575, 0.52999851),
        (0.0036829739, -0.847990575, 0.52999851),
        (0.00893486236, -0.847951206, 0.529998981),
        (0.00893486236, -0.847951206, 0.529998981),
        (0.00893486236, -0.847951206, 0.529998981),
        (-0, 0, 1),
        (-0, 0, 1),
        (-0, 0, 1),
        (-0.0126370145, -0.847903995, 0.529999171),
        (-0.0126370145, -0.847903995, 0.529999171),
        (-0.0126370145, -0.847903995, 0.529999171),
        (-0.0162282576, -0.847842864, 0.529999172),
        (-0.0162282576, -0.847842864, 0.529999172),
        (-0.0162282576, -0.847842864, 0.529999172),
        (0, 0, 1),
        (0, 0, 1),
        (0, 0, 1),
        (0, 0, 1),
        (0, 0, 1),
        (0, 0, 1),
        (-0.0126337151, -0.847904419, 0.529998571),
        (-0.0126337151, -0.847904419, 0.529998571),
        (-0.0126337151, -0.847904419, 0.529998571),
        (-0.0162289964, -0.847842769, 0.529999301),
        (-0.0162289964, -0.847842769, 0.529999301),
        (-0.0162289964, -0.847842769, 0.529999301),
        (-0.0105434047, -0.847932528, 0.529999306),
        (-0.0105434047, -0.847932528, 0.529999306),
        (-0.0105434047, -0.847932528, 0.529999306),
        (-0, 0, 1),
        (-0, 0, 1),
        (-0, 0, 1),
        (0, 0, 1),
        (0, 0, 1),
        (0, 0, 1),
        (0.00285977428, -0.847993251, 0.529999309),
        (0.00285977428, -0.847993251, 0.529999309),
        (0.00285977428, -0.847993251, 0.529999309),
        (-0, 0, 1),
        (-0, 0, 1),
        (-0, 0, 1),
        (-0.00286241788, -0.847993526, 0.529998855),
        (-0.00286241788, -0.847993526, 0.529998855),
        (-0.00286241788, -0.847993526, 0.529998855),
        (-0.000108384801, -0.847998348, 0.529998858),
        (-0.000108384801, -0.847998348, 0.529998858),
        (-0.000108384801, -0.847998348, 0.529998858),
        (0, 0, 1),
        (0, 0, 1),
        (0, 0, 1),
        (0.0012553134, -0.84799768, 0.529998452),
        (0.0012553134, -0.84799768, 0.529998452),
        (0.0012553134, -0.84799768, 0.529998452),
        (-0.842239976, 0.0986553547, 0.529999003),
        (-0.842239976, 0.0986553547, 0.529999003),
        (-0.842239976, 0.0986553547, 0.529999003),
        (0, 0, 1),
        (0, 0, 1),
        (0, 0, 1),
        (-0.840021876, 0.116034175, 0.529999356),
        (-0.840021876, 0.116034175, 0.529999356),
        (-0.840021876, 0.116034175, 0.529999356),
        (-0, 0, 1),
        (-0, 0, 1),
        (-0, 0, 1),
        (0, -0, 1),
        (0, -0, 1),
        (0, -0, 1),
        (-0.839612419, 0.118961924, 0.529999101),
        (-0.839612419, 0.118961924, 0.529999101),
        (-0.839612419, 0.118961924, 0.529999101),
        (-0, 0, 1),
        (-0, 0, 1),
        (-0, 0, 1),
        (0, 0, 1),
        (0, 0, 1),
        (0, 0, 1),
        (0, 0, 1),
        (0, 0, 1),
        (0, 0, 1),
        (0, 0, 1),
        (0, 0, 1),
        (0, 0, 1),
        (-0.838576382, 0.12605928, 0.529998783),
        (-0.838576382, 0.12605928, 0.529998783),
        (-0.838576382, 0.12605928, 0.529998783),
        (-0, 0, 1),
        (-0, 0, 1),
        (-0, 0, 1),
        (-0, 0, 1),
        (-0, 0, 1),
        (-0, 0, 1),
        (-0.836976776, 0.136274633, 0.529999151),
        (-0.836976776, 0.136274633, 0.529999151),
        (-0.836976776, 0.136274633, 0.529999151),
        (-0.837269292, 0.134468057, 0.529998561),
        (-0.837269292, 0.134468057, 0.529998561),
        (-0.837269292, 0.134468057, 0.529998561),
        (0, -0, 1),
        (0, -0, 1),
        (0, -0, 1),
        (0, 0, 1),
        (0, 0, 1),
        (0, 0, 1),
        (0, 0, 1),
        (0, 0, 1),
        (0, 0, 1),
        (0, 0, 1),
        (0, 0, 1),
        (0, 0, 1),
        (-0, 0, 1),
        (-0, 0, 1),
        (-0, 0, 1),
        (0, 0, 1),
        (0, 0, 1),
        (0, 0, 1),
        (0, 0, 1),
        (0, 0, 1),
        (0, 0, 1),
        (0, 0, 1),
        (0, 0, 1),
        (0, 0, 1),
        (-0, 0, 1),
        (-0, 0, 1),
        (-0, 0, 1),
        (-0, 0, 1),
        (-0, 0, 1),
        (-0, 0, 1),
        (0, 0, 1),
        (0, 0, 1),
        (0, 0, 1),
        (0, -0, 1),
        (0, -0, 1),
        (0, -0, 1),
        (-0, 0, 1),
        (-0, 0, 1),
        (-0, 0, 1),
        (0, 0, 1),
        (0, 0, 1),
        (0, 0, 1),
        (0, 0, 1),
        (0, 0, 1),
        (0, 0, 1),
        (0, -0, 1),
        (0, -0, 1),
        (0, -0, 1),
        (0, 0, 1),
        (0, 0, 1),
        (0, 0, 1),
        (0.0126370145, -0.847903995, 0.529999171),
        (0.0126370145, -0.847903995, 0.529999171),
        (0.0126370145, -0.847903995, 0.529999171),
        (0.0162289964, -0.847842769, 0.529999301),
        (0.0162289964, -0.847842769, 0.529999301),
        (0.0162289964, -0.847842769, 0.529999301),
        (0, 0, 1),
        (0, 0, 1),
        (0, 0, 1),
        (0, 0, 1),
        (0, 0, 1),
        (0, 0, 1),
        (0.0126337151, -0.847904419, 0.529998571),
        (0.0126337151, -0.847904419, 0.529998571),
        (0.0126337151, -0.847904419, 0.529998571),
        (0.00125468661, -0.847997608, 0.529998568),
        (0.00125468661, -0.847997608, 0.529998568),
        (0.00125468661, -0.847997608, 0.529998568),
        (-0.0036829739, -0.847990575, 0.52999851),
        (-0.0036829739, -0.847990575, 0.52999851),
        (-0.0036829739, -0.847990575, 0.52999851),
        (-0, -0, 1),
        (-0, -0, 1),
        (-0, -0, 1),
        (0, 0, 1),
        (0, 0, 1),
        (0, 0, 1),
        (0, 0, 1),
        (0, 0, 1),
        (0, 0, 1),
        (-0.025939717, -0.847601244, 0.529999304),
        (-0.025939717, -0.847601244, 0.529999304),
        (-0.025939717, -0.847601244, 0.529999304),
        (-0.0259352003, -0.847601915, 0.529998452),
        (-0.0259352003, -0.847601915, 0.529998452),
        (-0.0259352003, -0.847601915, 0.529998452),
        (0, 0, 1),
        (0, 0, 1),
        (0, 0, 1),
        (-0.002432531, -0.847994664, 0.529999181),
        (-0.002432531, -0.847994664, 0.529999181),
        (-0.002432531, -0.847994664, 0.529999181),
        (0, 0, 1),
        (0, 0, 1),
        (0, 0, 1),
        (-0.0396259147, -0.847072208, 0.529998549),
        (-0.0396259147, -0.847072208, 0.529998549),
        (-0.0396259147, -0.847072208, 0.529998549),
        (0, 0, 1),
        (0, 0, 1),
        (0, 0, 1),
        (0, 0, 1),
        (0, 0, 1),
        (0, 0, 1),
        (-0.048561262, -0.846606955, 0.529998554),
        (-0.048561262, -0.846606955, 0.529998554),
        (-0.048561262, -0.846606955, 0.529998554),
        (-0.0543027717, -0.846258015, 0.529998661),
        (-0.0543027717, -0.846258015, 0.529998661),
        (-0.0543027717, -0.846258015, 0.529998661),
        (0.845476837, 0.0653436802, 0.529999171),
        (0.845476837, 0.0653436802, 0.529999171),
        (0.845476837, 0.0653436802, 0.529999171),
        (0.845476392, 0.0653460567, 0.529999588),
        (0.845476392, 0.0653460567, 0.529999588),
        (0.845476392, 0.0653460567, 0.529999588),
        (0, 0, 1),
        (0, 0, 1),
        (0, 0, 1),
        (0.790744528, -0.156247208, 0.591869835),
        (0.790744528, -0.156247208, 0.591869835),
        (0.790744528, -0.156247208, 0.591869835),
        (0, 0, 1),
        (0, 0, 1),
        (0, 0, 1),
        (-0, 0, 1),
        (-0, 0, 1),
        (-0, 0, 1),
        (-0, -0, 1),
        (-0, -0, 1),
        (-0, -0, 1),
        (0.846870345, 0.0437183358, 0.529999364),
        (0.846870345, 0.0437183358, 0.529999364),
        (0.846870345, 0.0437183358, 0.529999364),
        (0, 0, 1),
        (0, 0, 1),
        (0, 0, 1),
        (0, 0, 1),
        (0, 0, 1),
        (0, 0, 1),
        (0, 0, 1),
        (0, 0, 1),
        (0, 0, 1),
        (0, 0, 1),
        (0, 0, 1),
        (0, 0, 1),
        (0, 0, 1),
        (0, 0, 1),
        (0, 0, 1),
        (0.845859969, -0.0601849203, 0.529998763),
        (0.845859969, -0.0601849203, 0.529998763),
        (0.845859969, -0.0601849203, 0.529998763),
        (0, 0, 1),
        (0, 0, 1),
        (0, 0, 1),
        (0, 0, 1),
        (0, 0, 1),
        (0, 0, 1),
        (0.844073211, -0.0814934723, 0.529999272),
        (0.844073211, -0.0814934723, 0.529999272),
        (0.844073211, -0.0814934723, 0.529999272),
        (0, 0, 1),
        (0, 0, 1),
        (0, 0, 1),
        (0, 0, 1),
        (0, 0, 1),
        (0, 0, 1),
        (0, 0, 1),
        (0, 0, 1),
        (0, 0, 1),
        (0, 0, 1),
        (0, 0, 1),
        (0, 0, 1),
        (0, 0, 1),
        (0, 0, 1),
        (0, 0, 1),
        (0, 0, 1),
        (0, 0, 1),
        (0, 0, 1),
        (0, 0, 1),
        (0, 0, 1),
        (0, 0, 1),
        (0.847985596, -0.00470170393, 0.529998418),
        (0.847985596, -0.00470170393, 0.529998418),
        (0.847985596, -0.00470170393, 0.529998418),
        (0.845859733, -0.0601860809, 0.529999007),
        (0.845859733, -0.0601860809, 0.529999007),
        (0.845859733, -0.0601860809, 0.529999007),
        (0.846781354, 0.045412025, 0.529999139),
        (0.846781354, 0.045412025, 0.529999139),
        (0.846781354, 0.045412025, 0.529999139),
        (0, 0, 1),
        (0, 0, 1),
        (0, 0, 1),
        (0.843569423, -0.0865534857, 0.529999172),
        (0.843569423, -0.0865534857, 0.529999172),
        (0.843569423, -0.0865534857, 0.529999172),
        (0, 0, 1),
        (0, 0, 1),
        (0, 0, 1),
        (0.847132451, -0.0383091095, 0.529999078),
        (0.847132451, -0.0383091095, 0.529999078),
        (0.847132451, -0.0383091095, 0.529999078),
        (0.847990907, -0.00361948936, 0.529998415),
        (0.847990907, -0.00361948936, 0.529998415),
        (0.847990907, -0.00361948936, 0.529998415),
        (0.847949192, 0.00914800312, 0.529998567),
        (0.847949192, 0.00914800312, 0.529998567),
        (0.847949192, 0.00914800312, 0.529998567),
        (0.847948957, 0.00914992989, 0.52999891),
        (0.847948957, 0.00914992989, 0.52999891),
        (0.847948957, 0.00914992989, 0.52999891),
        (-0, 0, 1),
        (-0, 0, 1),
        (-0, 0, 1),
        (0, 0, 1),
        (0, 0, 1),
        (0, 0, 1),
        (0.847948952, -0.00914992984, 0.529998918),
        (0.847948952, -0.00914992984, 0.529998918),
        (0.847948952, -0.00914992984, 0.529998918),
        (0.84798527, -0.00470440857, 0.529998916),
        (0.84798527, -0.00470440857, 0.529998916),
        (0.84798527, -0.00470440857, 0.529998916),
        (0.847707385, 0.0222121302, 0.529998878),
        (0.847707385, 0.0222121302, 0.529998878),
        (0.847707385, 0.0222121302, 0.529998878),
        (-0, 0, 1),
        (-0, 0, 1),
        (-0, 0, 1),
        (-0.835838333, 0.143091381, 0.529999186),
        (-0.835838333, 0.143091381, 0.529999186),
        (-0.835838333, 0.143091381, 0.529999186),
        (0, -0, 1),
        (0, -0, 1),
        (0, -0, 1),
        (-0.834593359, 0.150183817, 0.529998817),
        (-0.834593359, 0.150183817, 0.529998817),
        (-0.834593359, 0.150183817, 0.529998817),
        (-0.837011114, 0.136063439, 0.529999184),
        (-0.837011114, 0.136063439, 0.529999184),
        (-0.837011114, 0.136063439, 0.529999184),
        (-0.837480525, 0.133146139, 0.529998562),
        (-0.837480525, 0.133146139, 0.529998562),
        (-0.837480525, 0.133146139, 0.529998562),
        (0, 0, 1),
        (0, 0, 1),
        (0, 0, 1),
        (0, 0, 1),
        (0, 0, 1),
        (0, 0, 1),
        (-0.834419838, 0.151145421, 0.529998676),
        (-0.834419838, 0.151145421, 0.529998676),
        (-0.834419838, 0.151145421, 0.529998676),
        (0, 0, 1),
        (0, 0, 1),
        (0, 0, 1),
        (0, -0, 1),
        (0, -0, 1),
        (0, -0, 1),
        (0.00443706872, 0.877166228, 0.480166347),
        (0.00443706872, 0.877166228, 0.480166347),
        (0.00443706872, 0.877166228, 0.480166347),
        (-0.834183668, 0.152443036, 0.5299988),
        (-0.834183668, 0.152443036, 0.5299988),
        (-0.834183668, 0.152443036, 0.5299988),
        (-0, 0, 1),
        (-0, 0, 1),
        (-0, 0, 1),
        (-0, 0, 1),
        (-0, 0, 1),
        (-0, 0, 1),
        (0, -0, 1),
        (0, -0, 1),
        (0, -0, 1),
        (-0, 0, 1),
        (-0, 0, 1),
        (-0, 0, 1),
        (-0, 0, 1),
        (-0, 0, 1),
        (-0, 0, 1),
        (0, 0, 1),
        (0, 0, 1),
        (0, 0, 1),
        (0, -0, 1),
        (0, -0, 1),
        (0, -0, 1),
        (-0.144395553, 0.835614524, 0.529998388),
        (-0.144395553, 0.835614524, 0.529998388),
        (-0.144395553, 0.835614524, 0.529998388),
        (-0.152584053, 0.83415793, 0.52999873),
        (-0.152584053, 0.83415793, 0.52999873),
        (-0.152584053, 0.83415793, 0.52999873),
        (0, 0, 1),
        (0, 0, 1),
        (0, 0, 1),
        (-0.157533309, 0.833237423, 0.52999873),
        (-0.157533309, 0.833237423, 0.52999873),
        (-0.157533309, 0.833237423, 0.52999873),
        (-0.158376763, 0.833077662, 0.529998499),
        (-0.158376763, 0.833077662, 0.529998499),
        (-0.158376763, 0.833077662, 0.529998499),
        (0, 0, 1),
        (0, 0, 1),
        (0, 0, 1),
        (0, 0, 1),
        (0, 0, 1),
        (0, 0, 1),
        (0, 0, 1),
        (0, 0, 1),
        (0, 0, 1),
        (0, 0, 1),
        (0, 0, 1),
        (0, 0, 1),
        (-0.140063408, 0.83635121, 0.529998958),
        (-0.140063408, 0.83635121, 0.529998958),
        (-0.140063408, 0.83635121, 0.529998958),
        (0, 0, 1),
        (0, 0, 1),
        (0, 0, 1),
        (-0.137875651, 0.83671498, 0.529998441),
        (-0.137875651, 0.83671498, 0.529998441),
        (-0.137875651, 0.83671498, 0.529998441),
        (0.145758588, -0.843513213, 0.516952506),
        (0.145758588, -0.843513213, 0.516952506),
        (0.145758588, -0.843513213, 0.516952506),
        (0, 0, 1),
        (0, 0, 1),
        (0, 0, 1),
        (0, 0, 1),
        (0, 0, 1),
        (0, 0, 1),
        (0, -0, 1),
        (0, -0, 1),
        (0, -0, 1),
        (0, 0, 1),
        (0, 0, 1),
        (0, 0, 1),
        (-0, 0, 1),
        (-0, 0, 1),
        (-0, 0, 1),
        (0, 0, 1),
        (0, 0, 1),
        (0, 0, 1),
        (-0.851124445, 0.161342498, 0.49955558),
        (-0.851124445, 0.161342498, 0.49955558),
        (-0.851124445, 0.161342498, 0.49955558),
        (0, 0, 1),
        (0, 0, 1),
        (0, 0, 1),
        (-0, 0, 1),
        (-0, 0, 1),
        (-0, 0, 1),
        (0.247774616, -0.812482862, 0.527711416),
        (0.247774616, -0.812482862, 0.527711416),
        (0.247774616, -0.812482862, 0.527711416),
        (0, 0, 1),
        (0, 0, 1),
        (0, 0, 1),
        (0, -0, 1),
        (0, -0, 1),
        (0, -0, 1),
        (-0.837343373, 0.134005445, 0.529998695),
        (-0.837343373, 0.134005445, 0.529998695),
        (-0.837343373, 0.134005445, 0.529998695),
        (0.143921776, -0.835695893, 0.52999896),
        (0.143921776, -0.835695893, 0.52999896),
        (0.143921776, -0.835695893, 0.52999896),
        (-0, 0, 1),
        (-0, 0, 1),
        (-0, 0, 1),
        (0, -0, 1),
        (0, -0, 1),
        (0, -0, 1),
        (-0.143920443, 0.8356962, 0.529998837),
        (-0.143920443, 0.8356962, 0.529998837),
        (-0.143920443, 0.8356962, 0.529998837),
        (-0, 0, 1),
        (-0, 0, 1),
        (-0, 0, 1),
        (0, 0, 1),
        (0, 0, 1),
        (0, 0, 1),
        (-0.138720639, 0.836575302, 0.529998442),
        (-0.138720639, 0.836575302, 0.529998442),
        (-0.138720639, 0.836575302, 0.529998442),
        (0, 0, 1),
        (0, 0, 1),
        (0, 0, 1),
        (-0.12472813, 0.838775352, 0.52999887),
        (-0.12472813, 0.838775352, 0.52999887),
        (-0.12472813, 0.838775352, 0.52999887),
        (-0, 0, 1),
        (-0, 0, 1),
        (-0, 0, 1),
        (0, 0, 1),
        (0, 0, 1),
        (0, 0, 1),
        (0.140063969, -0.836351115, 0.529998959),
        (0.140063969, -0.836351115, 0.529998959),
        (0.140063969, -0.836351115, 0.529998959),
        (0, -0, 1),
        (0, -0, 1),
        (0, -0, 1),
        (0.137740728, -0.836736745, 0.529999162),
        (0.137740728, -0.836736745, 0.529999162),
        (0.137740728, -0.836736745, 0.529999162),
        (0, 0, 1),
        (0, 0, 1),
        (0, 0, 1),
        (-0, 0, 1),
        (-0, 0, 1),
        (-0, 0, 1),
        (0.137874509, -0.836715247, 0.529998317),
        (0.137874509, -0.836715247, 0.529998317),
        (0.137874509, -0.836715247, 0.529998317),
        (0, 0, 1),
        (0, 0, 1),
        (0, 0, 1),
        (0, 0, 1),
        (0, 0, 1),
        (0, 0, 1),
        (-0, 0, 1),
        (-0, 0, 1),
        (-0, 0, 1),
        (-0.111557177, 0.840628285, 0.529999135),
        (-0.111557177, 0.840628285, 0.529999135),
        (-0.111557177, 0.840628285, 0.529999135),
        (0, 0, 1),
        (0, 0, 1),
        (0, 0, 1),
        (0, 0, 1),
        (0, 0, 1),
        (0, 0, 1),
        (0, 0, 1),
        (0, 0, 1),
        (0, 0, 1),
        (0, 0, 1),
        (0, 0, 1),
        (0, 0, 1),
        (-0, 0, 1),
        (-0, 0, 1),
        (-0, 0, 1),
        (0, -0, 1),
        (0, -0, 1),
        (0, -0, 1),
        (-0.116459596, 0.839963311, 0.529998867),
        (-0.116459596, 0.839963311, 0.529998867),
        (-0.116459596, 0.839963311, 0.529998867),
        (0, -0, 1),
        (0, -0, 1),
        (0, -0, 1),
        (0, 0, 1),
        (0, 0, 1),
        (0, 0, 1),
        (0, 0, 1),
        (0, 0, 1),
        (0, 0, 1),
        (0, 0, 1),
        (0, 0, 1),
        (0, 0, 1),
        (0, 0, 1),
        (0, 0, 1),
        (0, 0, 1),
        (-0.0969442545, 0.842438497, 0.529999237),
        (-0.0969442545, 0.842438497, 0.529999237),
        (-0.0969442545, 0.842438497, 0.529999237),
        (0.132992363, -0.837504318, 0.529999575),
        (0.132992363, -0.837504318, 0.529999575),
        (0.132992363, -0.837504318, 0.529999575),
        (0, 0, 1),
        (0, 0, 1),
        (0, 0, 1),
        (-0, 0, 1),
        (-0, 0, 1),
        (-0, 0, 1),
        (0.111554954, -0.840628739, 0.529998882),
        (0.111554954, -0.840628739, 0.529998882),
        (0.111554954, -0.840628739, 0.529998882),
        (0, 0, 1),
        (0, 0, 1),
        (0, 0, 1),
        (-0.111646499, 0.840616605, 0.529998852),
        (-0.111646499, 0.840616605, 0.529998852),
        (-0.111646499, 0.840616605, 0.529998852),
        (0.111646947, -0.840616585, 0.529998788),
        (0.111646947, -0.840616585, 0.529998788),
        (0.111646947, -0.840616585, 0.529998788),
        (0, 0, 1),
        (0, 0, 1),
        (0, 0, 1),
        (-0.101151784, 0.841943917, 0.529998828),
        (-0.101151784, 0.841943917, 0.529998828),
        (-0.101151784, 0.841943917, 0.529998828),
        (0, 0, 1),
        (0, 0, 1),
        (0, 0, 1),
        (0, 0, 1),
        (0, 0, 1),
        (0, 0, 1),
        (0, 0, 1),
        (0, 0, 1),
        (0, 0, 1),
        (0, 0, 1),
        (0, 0, 1),
        (0, 0, 1),
        (0, 0, 1),
        (0, 0, 1),
        (0, 0, 1),
        (0.0931802197, -0.842863394, 0.529998816),
        (0.0931802197, -0.842863394, 0.529998816),
        (0.0931802197, -0.842863394, 0.529998816),
        (0.0931820776, -0.842863399, 0.529998482),
        (0.0931820776, -0.842863399, 0.529998482),
        (0.0931820776, -0.842863399, 0.529998482),
        (0.845881878, 0.0598734367, 0.529999076),
        (0.845881878, 0.0598734367, 0.529999076),
        (0.845881878, 0.0598734367, 0.529999076),
        (0, 0, 1),
        (0, 0, 1),
        (0, 0, 1),
        (0.84356988, 0.0865514174, 0.529998784),
        (0.84356988, 0.0865514174, 0.529998784),
        (0.84356988, 0.0865514174, 0.529998784),
        (0, 0, 1),
        (0, 0, 1),
        (0, 0, 1),
        (-0, -0, 1),
        (-0, -0, 1),
        (-0, -0, 1),
        (0.847132537, 0.0383102447, 0.529998859),
        (0.847132537, 0.0383102447, 0.529998859),
        (0.847132537, 0.0383102447, 0.529998859),
        (0, -0, 1),
        (0, -0, 1),
        (0, -0, 1),
        (0, 0, 1),
        (0, 0, 1),
        (0, 0, 1),
        (0.845859969, 0.0601849203, 0.529998763),
        (0.845859969, 0.0601849203, 0.529998763),
        (0.845859969, 0.0601849203, 0.529998763),
        (0.846780912, -0.0454143042, 0.529999648),
        (0.846780912, -0.0454143042, 0.529999648),
        (0.846780912, -0.0454143042, 0.529999648),
        (-0, 0, 1),
        (-0, 0, 1),
        (-0, 0, 1),
        (0.843569423, 0.0865534857, 0.529999172),
        (0.843569423, 0.0865534857, 0.529999172),
        (0.843569423, 0.0865534857, 0.529999172),
        (-0, 0, 1),
        (-0, 0, 1),
        (-0, 0, 1),
        (0, 0, 1),
        (0, 0, 1),
        (0, 0, 1),
        (-0, 0, 1),
        (-0, 0, 1),
        (-0, 0, 1),
        (-0.0931787951, 0.842863499, 0.529998901),
        (-0.0931787951, 0.842863499, 0.529998901),
        (-0.0931787951, 0.842863499, 0.529998901),
        (0, 0, 1),
        (0, 0, 1),
        (0, 0, 1),
        (-0.0917364377, 0.843021751, 0.529998823),
        (-0.0917364377, 0.843021751, 0.529998823),
        (-0.0917364377, 0.843021751, 0.529998823),
        (0.81506863, 0.116877498, 0.567452887),
        (0.81506863, 0.116877498, 0.567452887),
        (0.81506863, 0.116877498, 0.567452887),
        (-0.0960270228, 0.836220627, 0.539920248),
        (-0.0960270228, 0.836220627, 0.539920248),
        (-0.0960270228, 0.836220627, 0.539920248),
        (0, 0, 1),
        (0, 0, 1),
        (0, 0, 1),
        (0.846730439, -0.0437111134, 0.530223445),
        (0.846730439, -0.0437111134, 0.530223445),
        (0.846730439, -0.0437111134, 0.530223445),
        (-0, 0, 1),
        (-0, 0, 1),
        (-0, 0, 1),
        (-0.0837031492, 0.830970092, 0.54998408),
        (-0.0837031492, 0.830970092, 0.54998408),
        (-0.0837031492, 0.830970092, 0.54998408),
        (0.120956305, -0.840399348, 0.528297746),
        (0.120956305, -0.840399348, 0.528297746),
        (0.120956305, -0.840399348, 0.528297746),
        (0.0967442707, -0.842461751, 0.529998815),
        (0.0967442707, -0.842461751, 0.529998815),
        (0.0967442707, -0.842461751, 0.529998815),
        (-0, 0, 1),
        (-0, 0, 1),
        (-0, 0, 1),
        (-0, -0, 1),
        (-0, -0, 1),
        (-0, -0, 1),
        (-0, 0, 1),
        (-0, 0, 1),
        (-0, 0, 1),
        (0, 0, 1),
        (0, 0, 1),
        (0, 0, 1),
        (-0, 0, 1),
        (-0, 0, 1),
        (-0, 0, 1),
        (0.849704843, -0.152035934, 0.504863105),
        (0.849704843, -0.152035934, 0.504863105),
        (0.849704843, -0.152035934, 0.504863105),
        (-0.0376676454, 0.881127129, 0.471376846),
        (-0.0376676454, 0.881127129, 0.471376846),
        (-0.0376676454, 0.881127129, 0.471376846),
        (0, 0, 1),
        (0, 0, 1),
        (0, 0, 1),
        (-0.838406645, 0.127179993, 0.529999572),
        (-0.838406645, 0.127179993, 0.529999572),
        (-0.838406645, 0.127179993, 0.529999572),
        (-0.839947677, 0.116568999, 0.529999593),
        (-0.839947677, 0.116568999, 0.529999593),
        (-0.839947677, 0.116568999, 0.529999593),
        (0, 0, 1),
        (0, 0, 1),
        (0, 0, 1),
        (-0.841635657, 0.103686984, 0.529998518),
        (-0.841635657, 0.103686984, 0.529998518),
        (-0.841635657, 0.103686984, 0.529998518),
        (-0, -0, 1),
        (-0, -0, 1),
        (-0, -0, 1),
        (0, 0, 1),
        (0, 0, 1),
        (0, 0, 1),
        (-0.0661039092, -0.841073063, 0.536867186),
        (-0.0661039092, -0.841073063, 0.536867186),
        (-0.0661039092, -0.841073063, 0.536867186),
        (0.884483844, 0.00443741568, 0.466549718),
        (0.884483844, 0.00443741568, 0.466549718),
        (0.884483844, 0.00443741568, 0.466549718),
        (-0.83360923, 0.155553441, 0.529998847),
        (-0.83360923, 0.155553441, 0.529998847),
        (-0.83360923, 0.155553441, 0.529998847),
        (-0.827697615, 0.18443821, 0.52999925),
        (-0.827697615, 0.18443821, 0.52999925),
        (-0.827697615, 0.18443821, 0.52999925),
        (-0.832652777, 0.160595662, 0.529998477),
        (-0.832652777, 0.160595662, 0.529998477),
        (-0.832652777, 0.160595662, 0.529998477),
        (0, -0, 1),
        (0, -0, 1),
        (0, -0, 1),
        (-0.836265364, 0.140573716, 0.529999312),
        (-0.836265364, 0.140573716, 0.529999312),
        (-0.836265364, 0.140573716, 0.529999312),
        (0, 0, 1),
        (0, 0, 1),
        (0, 0, 1),
        (-0.841462053, 0.105083962, 0.529999032),
        (-0.841462053, 0.105083962, 0.529999032),
        (-0.841462053, 0.105083962, 0.529999032),
        (-0, 0, 1),
        (-0, 0, 1),
        (-0, 0, 1),
        (-0, 0, 1),
        (-0, 0, 1),
        (-0, 0, 1),
        (0, 0, 1),
        (0, 0, 1),
        (0, 0, 1),
        (0, 0, 1),
        (0, 0, 1),
        (0, 0, 1),
        (0.137877915, -0.836714283, 0.529998952),
        (0.137877915, -0.836714283, 0.529998952),
        (0.137877915, -0.836714283, 0.529998952),
        (-0.827698364, 0.184435943, 0.529998869),
        (-0.827698364, 0.184435943, 0.529998869),
        (-0.827698364, 0.184435943, 0.529998869),
        (-0.839179891, 0.121976332, 0.529998948),
        (-0.839179891, 0.121976332, 0.529998948),
        (-0.839179891, 0.121976332, 0.529998948),
        (0, -0, 1),
        (0, -0, 1),
        (0, -0, 1),
        (-0.842257809, 0.0985029018, 0.529999021),
        (-0.842257809, 0.0985029018, 0.529999021),
        (-0.842257809, 0.0985029018, 0.529999021),
        (-0, 0, 1),
        (-0, 0, 1),
        (-0, 0, 1),
        (0, 0, 1),
        (0, 0, 1),
        (0, 0, 1),
        (0, 0, 1),
        (0, 0, 1),
        (0, 0, 1),
        (0, 0, 1),
        (0, 0, 1),
        (0, 0, 1),
        (0, 0, 1),
        (0, 0, 1),
        (0, 0, 1),
        (-0, 0, 1),
        (-0, 0, 1),
        (-0, 0, 1),
        (0, 0, 1),
        (0, 0, 1),
        (0, 0, 1),
        (0.841979894, -0.100849895, 0.529999205),
        (0.841979894, -0.100849895, 0.529999205),
        (0.841979894, -0.100849895, 0.529999205),
        (0, 0, 1),
        (0, 0, 1),
        (0, 0, 1),
        (-0.842257754, 0.0985067986, 0.529998383),
        (-0.842257754, 0.0985067986, 0.529998383),
        (-0.842257754, 0.0985067986, 0.529998383),
        (-0.83857665, 0.126057232, 0.529998845),
        (-0.83857665, 0.126057232, 0.529998845),
        (-0.83857665, 0.126057232, 0.529998845),
        (-0.836743104, 0.137703668, 0.529998753),
        (-0.836743104, 0.137703668, 0.529998753),
        (-0.836743104, 0.137703668, 0.529998753),
        (0, 0, 1),
        (0, 0, 1),
        (0, 0, 1),
        (0, 0, 1),
        (0, 0, 1),
        (0, 0, 1),
        (0, 0, 1),
        (0, 0, 1),
        (0, 0, 1),
        (0.839865112, -0.117167443, 0.529998476),
        (0.839865112, -0.117167443, 0.529998476),
        (0.839865112, -0.117167443, 0.529998476),
        (0, 0, 1),
        (0, 0, 1),
        (0, 0, 1),
        (-0, 0, 1),
        (-0, 0, 1),
        (-0, 0, 1),
        (0.839990716, -0.116262935, 0.52999861),
        (0.839990716, -0.116262935, 0.52999861),
        (0.839990716, -0.116262935, 0.52999861),
        (0, 0, 1),
        (0, 0, 1),
        (0, 0, 1),
        (-0.843162378, 0.0904359184, 0.529998631),
        (-0.843162378, 0.0904359184, 0.529998631),
        (-0.843162378, 0.0904359184, 0.529998631),
        (0, 0, 1),
        (0, 0, 1),
        (0, 0, 1),
        (0, -0, 1),
        (0, -0, 1),
        (0, -0, 1),
        (0, -0, 1),
        (0, -0, 1),
        (0, -0, 1),
        (0, 0, 1),
        (0, 0, 1),
        (0, 0, 1),
        (0, 0, 1),
        (0, 0, 1),
        (0, 0, 1),
        (0, 0, 1),
        (0, 0, 1),
        (0, 0, 1),
        (0, -0, 1),
        (0, -0, 1),
        (0, -0, 1),
        (0, 0, 1),
        (0, 0, 1),
        (0, 0, 1),
        (0, 0, 1),
        (0, 0, 1),
        (0, 0, 1),
        (0, 0, 1),
        (0, 0, 1),
        (0, 0, 1),
        (-0.837616995, 0.13228532, 0.529998456),
        (-0.837616995, 0.13228532, 0.529998456),
        (-0.837616995, 0.13228532, 0.529998456),
        (-0.845342247, 0.0670625754, 0.529999148),
        (-0.845342247, 0.0670625754, 0.529999148),
        (-0.845342247, 0.0670625754, 0.529999148),
        (-0.845596335, 0.0637797722, 0.529999036),
        (-0.845596335, 0.0637797722, 0.529999036),
        (-0.845596335, 0.0637797722, 0.529999036),
        (0, 0, 1),
        (0, 0, 1),
        (0, 0, 1),
        (0, 0, 1),
        (0, 0, 1),
        (0, 0, 1),
        (0.116455215, -0.839963858, 0.529998962),
        (0.116455215, -0.839963858, 0.529998962),
        (0.116455215, -0.839963858, 0.529998962),
        (0, 0, 1),
        (0, 0, 1),
        (0, 0, 1),
        (0.110701888, -0.840741377, 0.529999083),
        (0.110701888, -0.840741377, 0.529999083),
        (0.110701888, -0.840741377, 0.529999083),
        (0.111688858, -0.840611018, 0.529998788),
        (0.111688858, -0.840611018, 0.529998788),
        (0.111688858, -0.840611018, 0.529998788),
        (0, 0, 1),
        (0, 0, 1),
        (0, 0, 1),
        (0, 0, 1),
        (0, 0, 1),
        (0, 0, 1),
        (-0, 0, 1),
        (-0, 0, 1),
        (-0, 0, 1),
        (0, -0, 1),
        (0, -0, 1),
        (0, -0, 1),
        (0, 0, 1),
        (0, 0, 1),
        (0, 0, 1),
        (0.0969459411, -0.842438574, 0.529998806),
        (0.0969459411, -0.842438574, 0.529998806),
        (0.0969459411, -0.842438574, 0.529998806),
        (0, -0, 1),
        (0, -0, 1),
        (0, -0, 1),
        (0, 0, 1),
        (0, 0, 1),
        (0, 0, 1),
        (0, 0, 1),
        (0, 0, 1),
        (0, 0, 1),
        (0, 0, 1),
        (0, 0, 1),
        (0, 0, 1),
        (0, 0, 1),
        (0, 0, 1),
        (0, 0, 1),
        (0, -0, 1),
        (0, -0, 1),
        (0, -0, 1),
        (0.114208499, -0.842423999, 0.526572146),
        (0.114208499, -0.842423999, 0.526572146),
        (0.114208499, -0.842423999, 0.526572146),
        (0.810066591, 0.294528089, 0.506996374),
        (0.810066591, 0.294528089, 0.506996374),
        (0.810066591, 0.294528089, 0.506996374),
        (0.847970835, -0.00681720747, 0.529999045),
        (0.847970835, -0.00681720747, 0.529999045),
        (0.847970835, -0.00681720747, 0.529999045),
        (-0, 0, 1),
        (-0, 0, 1),
        (-0, 0, 1),
        (0.847933568, -0.0105051461, 0.529998403),
        (0.847933568, -0.0105051461, 0.529998403),
        (0.847933568, -0.0105051461, 0.529998403),
        (0.875447047, 0.193330956, 0.442962311),
        (0.875447047, 0.193330956, 0.442962311),
        (0.875447047, 0.193330956, 0.442962311),
        (0, 0, 1),
        (0, 0, 1),
        (0, 0, 1),
        (0.847989602, -0.00391390022, 0.529998411),
        (0.847989602, -0.00391390022, 0.529998411),
        (0.847989602, -0.00391390022, 0.529998411),
        (-0, 0, 1),
        (-0, 0, 1),
        (-0, 0, 1),
        (0.847883732, 0.0139255912, 0.529999297),
        (0.847883732, 0.0139255912, 0.529999297),
        (0.847883732, 0.0139255912, 0.529999297),
        (0.847480453, 0.029624593, 0.529999307),
        (0.847480453, 0.029624593, 0.529999307),
        (0.847480453, 0.029624593, 0.529999307),
        (-0, -0, 1),
        (-0, -0, 1),
        (-0, -0, 1),
        (-0, 0, 1),
        (-0, 0, 1),
        (-0, 0, 1),
        (0.847991618, 0.00344981725, 0.52999841),
        (0.847991618, 0.00344981725, 0.52999841),
        (0.847991618, 0.00344981725, 0.52999841),
        (-0, 0, 1),
        (-0, 0, 1),
        (-0, 0, 1),
        (0, 0, 1),
        (0, 0, 1),
        (0, 0, 1),
        (0, 0, 1),
        (0, 0, 1),
        (0, 0, 1),
        (0, 0, 1),
        (0, 0, 1),
        (0, 0, 1),
        (-0, 0, 1),
        (-0, 0, 1),
        (-0, 0, 1),
        (-0, 0, 1),
        (-0, 0, 1),
        (-0, 0, 1),
        (-0, 0, 1),
        (-0, 0, 1),
        (-0, 0, 1),
        (0, 0, 1),
        (0, 0, 1),
        (0, 0, 1),
        (0, -0, 1),
        (0, -0, 1),
        (0, -0, 1),
        (-0, 0, 1),
        (-0, 0, 1),
        (-0, 0, 1),
        (0.847988538, -0.00407033785, 0.529998936),
        (0.847988538, -0.00407033785, 0.529998936),
        (0.847988538, -0.00407033785, 0.529998936),
        (0, 0, 1),
        (0, 0, 1),
        (0, 0, 1),
        (0.84798851, 0.00407007088, 0.529998982),
        (0.84798851, 0.00407007088, 0.529998982),
        (0.84798851, 0.00407007088, 0.529998982),
        (0.847948362, 0.00922532302, 0.529998555),
        (0.847948362, 0.00922532302, 0.529998555),
        (0.847948362, 0.00922532302, 0.529998555),
        (0, -0, 1),
        (0, -0, 1),
        (0, -0, 1),
        (0, 0, 1),
        (0, 0, 1),
        (0, 0, 1),
        (0.84610422, 0.0566494974, 0.52999857),
        (0.84610422, 0.0566494974, 0.52999857),
        (0.84610422, 0.0566494974, 0.52999857),
        (0.846103142, 0.0566556195, 0.529999636),
        (0.846103142, 0.0566556195, 0.529999636),
        (0.846103142, 0.0566556195, 0.529999636),
        (-0, -0, 1),
        (-0, -0, 1),
        (-0, -0, 1),
        (0.847968698, -0.00707019608, 0.52999915),
        (0.847968698, -0.00707019608, 0.52999915),
        (0.847968698, -0.00707019608, 0.52999915),
        (-0, 0, 1),
        (-0, 0, 1),
        (-0, 0, 1),
        (0, 0, 1),
        (0, 0, 1),
        (0, 0, 1),
        (0, -0, 1),
        (0, -0, 1),
        (0, -0, 1),
        (0, 0, 1),
        (0, 0, 1),
        (0, 0, 1),
        (0, 0, 1),
        (0, 0, 1),
        (0, 0, 1),
        (0.847998304, 0, 0.52999894),
        (0.847998304, 0, 0.52999894),
        (0.847998304, 0, 0.52999894),
        (0, 0, 1),
        (0, 0, 1),
        (0, 0, 1),
        (0.847909173, 0.0123111151, 0.529998557),
        (0.847909173, 0.0123111151, 0.529998557),
        (0.847909173, 0.0123111151, 0.529998557),
        (0, 0, 1),
        (0, 0, 1),
        (0, 0, 1),
        (0, -0, 1),
        (0, -0, 1),
        (0, -0, 1),
        (0, 0, 1),
        (0, 0, 1),
        (0, 0, 1),
        (0.83704858, -0.135835449, 0.529998496),
        (0.83704858, -0.135835449, 0.529998496),
        (0.83704858, -0.135835449, 0.529998496),
        (0.837194332, -0.13493423, 0.529998495),
        (0.837194332, -0.13493423, 0.529998495),
        (0.837194332, -0.13493423, 0.529998495),
        (0.83857602, -0.126060799, 0.529998994),
        (0.83857602, -0.126060799, 0.529998994),
        (0.83857602, -0.126060799, 0.529998994),
        (0.838533078, -0.126348726, 0.529998375),
        (0.838533078, -0.126348726, 0.529998375),
        (0.838533078, -0.126348726, 0.529998375),
        (0, 0, 1),
        (0, 0, 1),
        (0, 0, 1),
        (0, -0, 1),
        (0, -0, 1),
        (0, -0, 1),
        (0.831635735, -0.165780209, 0.529998987),
        (0.831635735, -0.165780209, 0.529998987),
        (0.831635735, -0.165780209, 0.529998987),
        (0, 0, 1),
        (0, 0, 1),
        (0, 0, 1),
        (0.838009135, -0.129776801, 0.529998747),
        (0.838009135, -0.129776801, 0.529998747),
        (0.838009135, -0.129776801, 0.529998747),
        (-0.837953082, 0.130138804, 0.529998608),
        (-0.837953082, 0.130138804, 0.529998608),
        (-0.837953082, 0.130138804, 0.529998608),
        (-0.834922425, 0.148342731, 0.529999036),
        (-0.834922425, 0.148342731, 0.529999036),
        (-0.834922425, 0.148342731, 0.529999036),
        (0.831635099, -0.165782184, 0.529999367),
        (0.831635099, -0.165782184, 0.529999367),
        (0.831635099, -0.165782184, 0.529999367),
        (0.837329618, -0.134089004, 0.529999293),
        (0.837329618, -0.134089004, 0.529999293),
        (0.837329618, -0.134089004, 0.529999293),
        (0, 0, 1),
        (0, 0, 1),
        (0, 0, 1),
        (0, 0, 1),
        (0, 0, 1),
        (0, 0, 1),
        (0, 0, 1),
        (0, 0, 1),
        (0, 0, 1),
        (0, 0, 1),
        (0, 0, 1),
        (0, 0, 1),
        (-0, 0, 1),
        (-0, 0, 1),
        (-0, 0, 1),
        (0, 0, 1),
        (0, 0, 1),
        (0, 0, 1),
        (-0, 0, 1),
        (-0, 0, 1),
        (-0, 0, 1),
        (-0.0161151086, 0.847845087, 0.529999067),
        (-0.0161151086, 0.847845087, 0.529999067),
        (-0.0161151086, 0.847845087, 0.529999067),
        (0, -0, 1),
        (0, -0, 1),
        (0, -0, 1),
        (0, 0, 1),
        (0, 0, 1),
        (0, 0, 1),
        (0, 0, 1),
        (0, 0, 1),
        (0, 0, 1),
        (0, 0, 1),
        (0, 0, 1),
        (0, 0, 1),
        (0.849905638, -0.126111767, 0.511621177),
        (0.849905638, -0.126111767, 0.511621177),
        (0.849905638, -0.126111767, 0.511621177),
        (0, 0, 1),
        (0, 0, 1),
        (0, 0, 1),
        (0, 0, 1),
        (0, 0, 1),
        (0, 0, 1),
        (0, 0, 1),
        (0, 0, 1),
        (0, 0, 1),
        (0, -0, 1),
        (0, -0, 1),
        (0, -0, 1),
        (-0.845342251, 0.0670627918, 0.529999114),
        (-0.845342251, 0.0670627918, 0.529999114),
        (-0.845342251, 0.0670627918, 0.529999114),
        (0, 0, 1),
        (0, 0, 1),
        (0, 0, 1),
        (-0.837096913, 0.135535417, 0.52999897),
        (-0.837096913, 0.135535417, 0.52999897),
        (-0.837096913, 0.135535417, 0.52999897),
        (-0.838743854, 0.124938027, 0.529999279),
        (-0.838743854, 0.124938027, 0.529999279),
        (-0.838743854, 0.124938027, 0.529999279),
        (-0, 0, 1),
        (-0, 0, 1),
        (-0, 0, 1),
        (-0.83516908, 0.146947961, 0.529998966),
        (-0.83516908, 0.146947961, 0.529998966),
        (-0.83516908, 0.146947961, 0.529998966),
        (0, 0, 1),
        (0, 0, 1),
        (0, 0, 1),
        (0, 0, 1),
        (0, 0, 1),
        (0, 0, 1),
        (-0, 0, 1),
        (-0, 0, 1),
        (-0, 0, 1),
        (-0.83973408, 0.118099288, 0.529999277),
        (-0.83973408, 0.118099288, 0.529999277),
        (-0.83973408, 0.118099288, 0.529999277),
        (0, -0, 1),
        (0, -0, 1),
        (0, -0, 1),
        (0, 0, 1),
        (0, 0, 1),
        (0, 0, 1),
        (-0, 0, 1),
        (-0, 0, 1),
        (-0, 0, 1),
        (-0.841762898, 0.102647337, 0.529998818),
        (-0.841762898, 0.102647337, 0.529998818),
        (-0.841762898, 0.102647337, 0.529998818),
        (0, 0, 1),
        (0, 0, 1),
        (0, 0, 1),
        (0, 0, 1),
        (0, 0, 1),
        (0, 0, 1),
        (-0.700592944, 0.47982616, 0.528144282),
        (-0.700592944, 0.47982616, 0.528144282),
        (-0.700592944, 0.47982616, 0.528144282),
        (-0.850755202, 0.0995269158, 0.516052302),
        (-0.850755202, 0.0995269158, 0.516052302),
        (-0.850755202, 0.0995269158, 0.516052302),
        (-0, 0, 1),
        (-0, 0, 1),
        (-0, 0, 1),
        (-0, 0, 1),
        (-0, 0, 1),
        (-0, 0, 1),
        (-0.0526897587, 0.846500741, 0.529773806),
        (-0.0526897587, 0.846500741, 0.529773806),
        (-0.0526897587, 0.846500741, 0.529773806),
        (0, 0, 1),
        (0, 0, 1),
        (0, 0, 1),
        (0, 0, 1),
        (0, 0, 1),
        (0, 0, 1),
        (0, 0, 1),
        (0, 0, 1),
        (0, 0, 1),
        (-0.0554949154, 0.846180481, 0.52999897),
        (-0.0554949154, 0.846180481, 0.52999897),
        (-0.0554949154, 0.846180481, 0.52999897),
        (-0.0422590954, 0.846944791, 0.529998764),
        (-0.0422590954, 0.846944791, 0.529998764),
        (-0.0422590954, 0.846944791, 0.529998764),
        (0, 0, 1),
        (0, 0, 1),
        (0, 0, 1),
        (0, -0, 1),
        (0, -0, 1),
        (0, -0, 1),
        (-0.0250871858, 0.847626822, 0.529999438),
        (-0.0250871858, 0.847626822, 0.529999438),
        (-0.0250871858, 0.847626822, 0.529999438),
        (0, -0, 1),
        (0, -0, 1),
        (0, -0, 1),
        (0, 0, 1),
        (0, 0, 1),
        (0, 0, 1),
        (0, 0, 1),
        (0, 0, 1),
        (0, 0, 1),
        (0, -0, 1),
        (0, -0, 1),
        (0, -0, 1),
        (0, 0, 1),
        (0, 0, 1),
        (0, 0, 1),
        (0, 0, 1),
        (0, 0, 1),
        (0, 0, 1),
        (0, 0, 1),
        (0, 0, 1),
        (0, 0, 1),
        (-0.0136676378, 0.847888204, 0.529998858),
        (-0.0136676378, 0.847888204, 0.529998858),
        (-0.0136676378, 0.847888204, 0.529998858),
        (0.0241455741, 0.847654239, 0.529999322),
        (0.0241455741, 0.847654239, 0.529999322),
        (0.0241455741, 0.847654239, 0.529999322),
        (0, 0, 1),
        (0, 0, 1),
        (0, 0, 1),
        (0, 0, 1),
        (0, 0, 1),
        (0, 0, 1),
        (0, 0, 1),
        (0, 0, 1),
        (0, 0, 1),
        (0.0117653255, 0.847916377, 0.529999429),
        (0.0117653255, 0.847916377, 0.529999429),
        (0.0117653255, 0.847916377, 0.529999429),
        (0, 0, 1),
        (0, 0, 1),
        (0, 0, 1),
        (-0, -0, 1),
        (-0, -0, 1),
        (-0, -0, 1),
        (0, 0, 1),
        (0, 0, 1),
        (0, 0, 1),
        (0.0079296435, 0.847961381, 0.529998695),
        (0.0079296435, 0.847961381, 0.529998695),
        (0.0079296435, 0.847961381, 0.529998695),
        (0, 0, 1),
        (0, 0, 1),
        (0, 0, 1),
        (0, 0, 1),
        (0, 0, 1),
        (0, 0, 1),
        (0, -0, 1),
        (0, -0, 1),
        (0, -0, 1),
        (-0, 0, 1),
        (-0, 0, 1),
        (-0, 0, 1),
        (0, 0, 1),
        (0, 0, 1),
        (0, 0, 1),
        (-0.0094471351, 0.847945694, 0.529998917),
        (-0.0094471351, 0.847945694, 0.529998917),
        (-0.0094471351, 0.847945694, 0.529998917),
        (0, 0, 1),
        (0, 0, 1),
        (0, 0, 1),
        (0.023334802, 0.847677237, 0.529998857),
        (0.023334802, 0.847677237, 0.529998857),
        (0.023334802, 0.847677237, 0.529998857),
        (0.0136685547, 0.847888292, 0.529998693),
        (0.0136685547, 0.847888292, 0.529998693),
        (0.0136685547, 0.847888292, 0.529998693),
        (-0, 0, 1),
        (-0, 0, 1),
        (-0, 0, 1),
        (0, 0, 1),
        (0, 0, 1),
        (0, 0, 1),
        (0.042260364, 0.846944597, 0.529998972),
        (0.042260364, 0.846944597, 0.529998972),
        (0.042260364, 0.846944597, 0.529998972),
        (-0, 0, 1),
        (-0, 0, 1),
        (-0, 0, 1),
        (0, 0, 1),
        (0, 0, 1),
        (0, 0, 1),
        (0.847969224, 0.00706592126, 0.529998366),
        (0.847969224, 0.00706592126, 0.529998366),
        (0.847969224, 0.00706592126, 0.529998366),
        (-0, 0, 1),
        (-0, 0, 1),
        (-0, 0, 1),
        (0, 0, 1),
        (0, 0, 1),
        (0, 0, 1),
        (0, 0, 1),
        (0, 0, 1),
        (0, 0, 1),
        (0, -0, 1),
        (0, -0, 1),
        (0, -0, 1),
        (-0, 0, 1),
        (-0, 0, 1),
        (-0, 0, 1),
        (-0, 0, 1),
        (-0, 0, 1),
        (-0, 0, 1),
        (0.846703861, -0.0468417205, 0.529998514),
        (0.846703861, -0.0468417205, 0.529998514),
        (0.846703861, -0.0468417205, 0.529998514),
        (-0, 0, 1),
        (-0, 0, 1),
        (-0, 0, 1),
        (0.847991438, -0.00344804204, 0.529998709),
        (0.847991438, -0.00344804204, 0.529998709),
        (0.847991438, -0.00344804204, 0.529998709),
        (0.847989608, 0.003913826, 0.529998402),
        (0.847989608, 0.003913826, 0.529998402),
        (0.847989608, 0.003913826, 0.529998402),
        (0, 0, 1),
        (0, 0, 1),
        (0, 0, 1),
        (-0, 0, 1),
        (-0, 0, 1),
        (-0, 0, 1),
        (0, 0, 1),
        (0, 0, 1),
        (0, 0, 1),
        (0, 0, 1),
        (0, 0, 1),
        (0, 0, 1),
        (0.86735327, 0.00697387435, 0.497644119),
        (0.86735327, 0.00697387435, 0.497644119),
        (0.86735327, 0.00697387435, 0.497644119),
        (0.0590191812, 0.845941597, 0.529999576),
        (0.0590191812, 0.845941597, 0.529999576),
        (0.0590191812, 0.845941597, 0.529999576),
        (0.870241675, -0.0400400918, 0.490995131),
        (0.870241675, -0.0400400918, 0.490995131),
        (0.870241675, -0.0400400918, 0.490995131),
        (0, -0, 1),
        (0, -0, 1),
        (0, -0, 1),
        (0, -0, 1),
        (0, -0, 1),
        (0, -0, 1),
        (-0, 0, 1),
        (-0, 0, 1),
        (-0, 0, 1),
        (0, -0, 1),
        (0, -0, 1),
        (0, -0, 1),
        (0, -0, 1),
        (0, -0, 1),
        (0, -0, 1),
        (0.621823166, 0.578220919, 0.528201211),
        (0.621823166, 0.578220919, 0.528201211),
        (0.621823166, 0.578220919, 0.528201211),
        (0, 0, 1),
        (0, 0, 1),
        (0, 0, 1),
        (-0, 0, 1),
        (-0, 0, 1),
        (-0, 0, 1),
        (0, -0, 1),
        (0, -0, 1),
        (0, -0, 1),
        (0, 0, 1),
        (0, 0, 1),
        (0, 0, 1),
        (0, 0, 1),
        (0, 0, 1),
        (0, 0, 1),
        (0, 0, 1),
        (0, 0, 1),
        (0, 0, 1),
        (0, 0, 1),
        (0, 0, 1),
        (0, 0, 1),
        (0, 0, 1),
        (0, 0, 1),
        (0, 0, 1),
        (-0.0335334084, -0.837967877, 0.544688303),
        (-0.0335334084, -0.837967877, 0.544688303),
        (-0.0335334084, -0.837967877, 0.544688303),
        (0, 0, 1),
        (0, 0, 1),
        (0, 0, 1),
        (-0.847467121, -0.0300048906, 0.529999232),
        (-0.847467121, -0.0300048906, 0.529999232),
        (-0.847467121, -0.0300048906, 0.529999232),
        (-0.847406442, -0.0316674133, 0.529999526),
        (-0.847406442, -0.0316674133, 0.529999526),
        (-0.847406442, -0.0316674133, 0.529999526),
        (-0.84821765, -0.0240599634, 0.529101064),
        (-0.84821765, -0.0240599634, 0.529101064),
        (-0.84821765, -0.0240599634, 0.529101064),
        (-0.84746719, -0.0300006023, 0.529999363),
        (-0.84746719, -0.0300006023, 0.529999363),
        (-0.84746719, -0.0300006023, 0.529999363),
        (0, 0, 1),
        (0, 0, 1),
        (0, 0, 1),
        (0, 0, 1),
        (0, 0, 1),
        (0, 0, 1),
        (0, 0, 1),
        (0, 0, 1),
        (0, 0, 1),
        (-0.847589838, -0.0263174453, 0.529998923),
        (-0.847589838, -0.0263174453, 0.529998923),
        (-0.847589838, -0.0263174453, 0.529998923),
        (-0.847550828, -0.0275400799, 0.529999187),
        (-0.847550828, -0.0275400799, 0.529999187),
        (-0.847550828, -0.0275400799, 0.529999187),
        (0, -0, 1),
        (0, -0, 1),
        (0, -0, 1),
        (-0.847598609, -0.0260352162, 0.529998835),
        (-0.847598609, -0.0260352162, 0.529998835),
        (-0.847598609, -0.0260352162, 0.529998835),
        (0, 0, 1),
        (0, 0, 1),
        (0, 0, 1),
        (-0.847585823, -0.02643355, 0.529999567),
        (-0.847585823, -0.02643355, 0.529999567),
        (-0.847585823, -0.02643355, 0.529999567),
        (0, 0, 1),
        (0, 0, 1),
        (0, 0, 1),
        (0, 0, 1),
        (0, 0, 1),
        (0, 0, 1),
        (-0.847986504, -0.00446405812, 0.52999902),
        (-0.847986504, -0.00446405812, 0.52999902),
        (-0.847986504, -0.00446405812, 0.52999902),
        (-0.847307895, -0.0342109959, 0.529998999),
        (-0.847307895, -0.0342109959, 0.529998999),
        (-0.847307895, -0.0342109959, 0.529998999),
        (0, 0, 1),
        (0, 0, 1),
        (0, 0, 1),
        (0, 0, 1),
        (0, 0, 1),
        (0, 0, 1),
        (0, 0, 1),
        (0, 0, 1),
        (0, 0, 1),
        (-0.0352274756, -0.847266273, 0.52999895),
        (-0.0352274756, -0.847266273, 0.52999895),
        (-0.0352274756, -0.847266273, 0.52999895),
        (-0.0297917454, -0.847474818, 0.529998948),
        (-0.0297917454, -0.847474818, 0.529998948),
        (-0.0297917454, -0.847474818, 0.529998948),
        (-0.0159484022, -0.847848053, 0.529999366),
        (-0.0159484022, -0.847848053, 0.529999366),
        (-0.0159484022, -0.847848053, 0.529999366),
        (0, 0, 1),
        (0, 0, 1),
        (0, 0, 1),
        (0, 0, 1),
        (0, 0, 1),
        (0, 0, 1),
        (0, 0, 1),
        (0, 0, 1),
        (0, 0, 1),
        (-0.00890725407, -0.847951488, 0.529998995),
        (-0.00890725407, -0.847951488, 0.529998995),
        (-0.00890725407, -0.847951488, 0.529998995),
        (-0.014879647, -0.847867584, 0.529999204),
        (-0.014879647, -0.847867584, 0.529999204),
        (-0.014879647, -0.847867584, 0.529999204),
        (-0, -0, 1),
        (-0, -0, 1),
        (-0, -0, 1),
        (-0, 0, 1),
        (-0, 0, 1),
        (-0, 0, 1),
        (-0.0297915615, -0.847474845, 0.529998914),
        (-0.0297915615, -0.847474845, 0.529998914),
        (-0.0297915615, -0.847474845, 0.529998914),
        (0, -0, 1),
        (0, -0, 1),
        (0, -0, 1),
        (-0.0296055425, -0.847481467, 0.52999875),
        (-0.0296055425, -0.847481467, 0.52999875),
        (-0.0296055425, -0.847481467, 0.52999875),
        (-0, 0, 1),
        (-0, 0, 1),
        (-0, 0, 1),
        (0, 0, 1),
        (0, 0, 1),
        (0, 0, 1),
        (-0, 0, 1),
        (-0, 0, 1),
        (-0, 0, 1),
        (-0.0156048417, -0.847854582, 0.529999148),
        (-0.0156048417, -0.847854582, 0.529999148),
        (-0.0156048417, -0.847854582, 0.529999148),
        (0, -0, 1),
        (0, -0, 1),
        (0, -0, 1),
        (-0, 0, 1),
        (-0, 0, 1),
        (-0, 0, 1),
        (0, -0, 1),
        (0, -0, 1),
        (0, -0, 1),
        (0, 0, 1),
        (0, 0, 1),
        (0, 0, 1),
        (0, 0, 1),
        (0, 0, 1),
        (0, 0, 1),
        (0, 0, 1),
        (0, 0, 1),
        (0, 0, 1),
        (0.00360316944, -0.847990572, 0.529999063),
        (0.00360316944, -0.847990572, 0.529999063),
        (0.00360316944, -0.847990572, 0.529999063),
        (0.014879647, -0.847867584, 0.529999204),
        (0.014879647, -0.847867584, 0.529999204),
        (0.014879647, -0.847867584, 0.529999204),
        (0, -0, 1),
        (0, -0, 1),
        (0, -0, 1),
        (0.0184292737, -0.847798189, 0.529998673),
        (0.0184292737, -0.847798189, 0.529998673),
        (0.0184292737, -0.847798189, 0.529998673),
        (0.0184322492, -0.847797794, 0.529999201),
        (0.0184322492, -0.847797794, 0.529999201),
        (0.0184322492, -0.847797794, 0.529999201),
        (0, 0, 1),
        (0, 0, 1),
        (0, 0, 1),
        (0, 0, 1),
        (0, 0, 1),
        (0, 0, 1),
        (0, 0, 1),
        (0, 0, 1),
        (0, 0, 1),
        (0.0159484022, -0.847848053, 0.529999366),
        (0.0159484022, -0.847848053, 0.529999366),
        (0.0159484022, -0.847848053, 0.529999366),
        (0, 0, 1),
        (0, 0, 1),
        (0, 0, 1),
        (0.0229692904, -0.847687185, 0.529998913),
        (0.0229692904, -0.847687185, 0.529998913),
        (0.0229692904, -0.847687185, 0.529998913),
        (0.0297917454, -0.847474818, 0.529998948),
        (0.0297917454, -0.847474818, 0.529998948),
        (0.0297917454, -0.847474818, 0.529998948),
        (0, -0, 1),
        (0, -0, 1),
        (0, -0, 1),
        (0, 0, 1),
        (0, 0, 1),
        (0, 0, 1),
        (0.0354210894, -0.847258414, 0.529998609),
        (0.0354210894, -0.847258414, 0.529998609),
        (0.0354210894, -0.847258414, 0.529998609),
        (0, -0, 1),
        (0, -0, 1),
        (0, -0, 1),
        (0, 0, 1),
        (0, 0, 1),
        (0, 0, 1),
        (0, 0, 1),
        (0, 0, 1),
        (0, 0, 1),
        (0.0297915615, -0.847474845, 0.529998914),
        (0.0297915615, -0.847474845, 0.529998914),
        (0.0297915615, -0.847474845, 0.529998914),
        (0, 0, 1),
        (0, 0, 1),
        (0, 0, 1),
        (0, 0, 1),
        (0, 0, 1),
        (0, 0, 1),
        (0, 0, 1),
        (0, 0, 1),
        (0, 0, 1),
        (0, -0, 1),
        (0, -0, 1),
        (0, -0, 1),
        (0, 0, 1),
        (0, 0, 1),
        (0, 0, 1),
        (0, 0, 1),
        (0, 0, 1),
        (0, 0, 1),
        (-0, 0, 1),
        (-0, 0, 1),
        (-0, 0, 1),
        (0, 0, 1),
        (0, 0, 1),
        (0, 0, 1),
        (0, 0, 1),
        (0, 0, 1),
        (0, 0, 1),
        (0, 0, 1),
        (0, 0, 1),
        (0, 0, 1),
        (-0, 0, 1),
        (-0, 0, 1),
        (-0, 0, 1),
        (0.854188061, -0.104174453, 0.509421672),
        (0.854188061, -0.104174453, 0.509421672),
        (0.854188061, -0.104174453, 0.509421672),
        (0.854484027, -0.102444118, 0.509276202),
        (0.854484027, -0.102444118, 0.509276202),
        (0.854484027, -0.102444118, 0.509276202),
        (0, 0, 1),
        (0, 0, 1),
        (0, 0, 1),
        (0.842474488, -0.0966292734, 0.529999548),
        (0.842474488, -0.0966292734, 0.529999548),
        (0.842474488, -0.0966292734, 0.529999548),
        (0, -0, 1),
        (0, -0, 1),
        (0, -0, 1),
        (0, -0, 1),
        (0, -0, 1),
        (0, -0, 1),
        (-0, 0, 1),
        (-0, 0, 1),
        (-0, 0, 1),
        (0.842532812, -0.0961214004, 0.529999187),
        (0.842532812, -0.0961214004, 0.529999187),
        (0.842532812, -0.0961214004, 0.529999187),
        (0.842087561, -0.0999489924, 0.52999881),
        (0.842087561, -0.0999489924, 0.52999881),
        (0.842087561, -0.0999489924, 0.52999881),
        (0, 0, 1),
        (0, 0, 1),
        (0, 0, 1),
        (0.838291325, -0.127941098, 0.529998801),
        (0.838291325, -0.127941098, 0.529998801),
        (0.838291325, -0.127941098, 0.529998801),
        (0.842087561, -0.0999485253, 0.529998898),
        (0.842087561, -0.0999485253, 0.529998898),
        (0.842087561, -0.0999485253, 0.529998898),
        (0.814501053, -0.235984893, 0.529999212),
        (0.814501053, -0.235984893, 0.529999212),
        (0.814501053, -0.235984893, 0.529999212),
        (0, 0, 1),
        (0, 0, 1),
        (0, 0, 1),
        (0.833042895, -0.15855811, 0.529998925),
        (0.833042895, -0.15855811, 0.529998925),
        (0.833042895, -0.15855811, 0.529998925),
        (0, 0, 1),
        (0, 0, 1),
        (0, 0, 1),
        (0.809245506, -0.253422706, 0.529998719),
        (0.809245506, -0.253422706, 0.529998719),
        (0.809245506, -0.253422706, 0.529998719),
        (0.814502013, -0.235982682, 0.529998721),
        (0.814502013, -0.235982682, 0.529998721),
        (0.814502013, -0.235982682, 0.529998721),
        (-0.847997831, 0.000795756021, 0.529999099),
        (-0.847997831, 0.000795756021, 0.529999099),
        (-0.847997831, 0.000795756021, 0.529999099),
        (0, 0, 1),
        (0, 0, 1),
        (0, 0, 1),
        (0, 0, 1),
        (0, 0, 1),
        (0, 0, 1),
        (-0.847995991, -0.002056238, 0.529998652),
        (-0.847995991, -0.002056238, 0.529998652),
        (-0.847995991, -0.002056238, 0.529998652),
        (0, 0, 1),
        (0, 0, 1),
        (0, 0, 1),
        (0, 0, 1),
        (0, 0, 1),
        (0, 0, 1),
        (-0.847998038, -0.000869454629, 0.529998652),
        (-0.847998038, -0.000869454629, 0.529998652),
        (-0.847998038, -0.000869454629, 0.529998652),
        (-0.847995909, -0.00205696555, 0.529998781),
        (-0.847995909, -0.00205696555, 0.529998781),
        (-0.847995909, -0.00205696555, 0.529998781),
        (0, 0, 1),
        (0, 0, 1),
        (0, 0, 1),
        (-0.847998297, 4.29744837e-05, 0.52999895),
        (-0.847998297, 4.29744837e-05, 0.52999895),
        (-0.847998297, 4.29744837e-05, 0.52999895),
        (0, 0, 1),
        (0, 0, 1),
        (0, 0, 1),
        (-0.847998298, 8.58597687e-05, 0.529998942),
        (-0.847998298, 8.58597687e-05, 0.529998942),
        (-0.847998298, 8.58597687e-05, 0.529998942),
        (0, 0, 1),
        (0, 0, 1),
        (0, 0, 1),
        (-0.847995991, 0.002056238, 0.529998652),
        (-0.847995991, 0.002056238, 0.529998652),
        (-0.847995991, 0.002056238, 0.529998652),
        (-0, 0, 1),
        (-0, 0, 1),
        (-0, 0, 1),
        (-0.847998049, 0.000756913269, 0.529998807),
        (-0.847998049, 0.000756913269, 0.529998807),
        (-0.847998049, 0.000756913269, 0.529998807),
        (0, 0, 1),
        (0, 0, 1),
        (0, 0, 1),
        (0, 0, 1),
        (0, 0, 1),
        (0, 0, 1),
        (0, -0, 1),
        (0, -0, 1),
        (0, -0, 1),
        (0, 0, 1),
        (0, 0, 1),
        (0, 0, 1),
        (0, 0, 1),
        (0, 0, 1),
        (0, 0, 1),
        (0, -0, 1),
        (0, -0, 1),
        (0, -0, 1),
        (0, 0, 1),
        (0, 0, 1),
        (0, 0, 1),
        (0, 0, 1),
        (0, 0, 1),
        (0, 0, 1),
        (0, 0, 1),
        (0, 0, 1),
        (0, 0, 1),
        (0, 0, 1),
        (0, 0, 1),
        (0, 0, 1),
        (0, 0, 1),
        (0, 0, 1),
        (0, 0, 1),
        (0, 0, 1),
        (0, 0, 1),
        (0, 0, 1),
        (0, 0, 1),
        (0, 0, 1),
        (0, 0, 1),
        (-0.847997865, -0.000758581196, 0.5299991),
        (-0.847997865, -0.000758581196, 0.5299991),
        (-0.847997865, -0.000758581196, 0.5299991),
        (0, 0, 1),
        (0, 0, 1),
        (0, 0, 1),
        (-0.847585823, 0.02643355, 0.529999567),
        (-0.847585823, 0.02643355, 0.529999567),
        (-0.847585823, 0.02643355, 0.529999567),
        (-0.847867594, 0.0148860672, 0.529999008),
        (-0.847867594, 0.0148860672, 0.529999008),
        (-0.847867594, 0.0148860672, 0.529999008),
        (0, -0, 1),
        (0, -0, 1),
        (0, -0, 1),
        (-0.847307895, 0.0342109959, 0.529998999),
        (-0.847307895, 0.0342109959, 0.529998999),
        (-0.847307895, 0.0342109959, 0.529998999),
        (-0.847308142, 0.0342093778, 0.529998709),
        (-0.847308142, 0.0342093778, 0.529998709),
        (-0.847308142, 0.0342093778, 0.529998709),
        (-0.847329258, 0.0336822884, 0.529998709),
        (-0.847329258, 0.0336822884, 0.529998709),
        (-0.847329258, 0.0336822884, 0.529998709),
        (-0.847598464, 0.0260333906, 0.529999157),
        (-0.847598464, 0.0260333906, 0.529999157),
        (-0.847598464, 0.0260333906, 0.529999157),
        (0, 0, 1),
        (0, 0, 1),
        (0, 0, 1),
        (0, 0, 1),
        (0, 0, 1),
        (0, 0, 1),
        (-0, 0, 1),
        (-0, 0, 1),
        (-0, 0, 1),
        (0, 0, 1),
        (0, 0, 1),
        (0, 0, 1),
        (-0.847458065, 0.0302636659, 0.529998999),
        (-0.847458065, 0.0302636659, 0.529998999),
        (-0.847458065, 0.0302636659, 0.529998999),
        (0, 0, 1),
        (0, 0, 1),
        (0, 0, 1),
        (-0.847550854, 0.0275398995, 0.529999155),
        (-0.847550854, 0.0275398995, 0.529999155),
        (-0.847550854, 0.0275398995, 0.529999155),
        (0, 0, 1),
        (0, 0, 1),
        (0, 0, 1),
        (0, -0, 1),
        (0, -0, 1),
        (0, -0, 1),
        (0, 0, 1),
        (0, 0, 1),
        (0, 0, 1),
        (0, 0, 1),
        (0, 0, 1),
        (0, 0, 1),
        (0, 0, 1),
        (0, 0, 1),
        (0, 0, 1),
        (0, -0, 1),
        (0, -0, 1),
        (0, -0, 1),
        (0, 0, 1),
        (0, 0, 1),
        (0, 0, 1),
        (0, -0, 1),
        (0, -0, 1),
        (0, -0, 1),
        (0, 0, 1),
        (0, 0, 1),
        (0, 0, 1),
        (0, 0, 1),
        (0, 0, 1),
        (0, 0, 1),
        (0, 0, 1),
        (0, 0, 1),
        (0, 0, 1),
        (0, 0, 1),
        (0, 0, 1),
        (0, 0, 1),
        (0, 0, 1),
        (0, 0, 1),
        (0, 0, 1),
        (-0, 0, 1),
        (-0, 0, 1),
        (-0, 0, 1),
        (0.843419704, -0.088003761, 0.529998624),
        (0.843419704, -0.088003761, 0.529998624),
        (0.843419704, -0.088003761, 0.529998624),
        (0.843419703, -0.0880032774, 0.529998706),
        (0.843419703, -0.0880032774, 0.529998706),
        (0.843419703, -0.0880032774, 0.529998706),
        (0.843884606, -0.0834275578, 0.529998692),
        (0.843884606, -0.0834275578, 0.529998692),
        (0.843884606, -0.0834275578, 0.529998692),
        (0, -0, 1),
        (0, -0, 1),
        (0, -0, 1),
        (0.835765149, -0.143519754, 0.529998769),
        (0.835765149, -0.143519754, 0.529998769),
        (0.835765149, -0.143519754, 0.529998769),
        (0, 0, 1),
        (0, 0, 1),
        (0, 0, 1),
        (0, 0, 1),
        (0, 0, 1),
        (0, 0, 1),
        (-0, 0, 1),
        (-0, 0, 1),
        (-0, 0, 1),
        (0, 0, 1),
        (0, 0, 1),
        (0, 0, 1),
        (0, 0, 1),
        (0, 0, 1),
        (0, 0, 1),
        (0, 0, 1),
        (0, 0, 1),
        (0, 0, 1),
        (0.841022994, -0.108539365, 0.529999556),
        (0.841022994, -0.108539365, 0.529999556),
        (0.841022994, -0.108539365, 0.529999556),
        (0, 0, 1),
        (0, 0, 1),
        (0, 0, 1),
        (0, 0, 1),
        (0, 0, 1),
        (0, 0, 1),
        (-0, 0, 1),
        (-0, 0, 1),
        (-0, 0, 1),
        (0, 0, 1),
        (0, 0, 1),
        (0, 0, 1),
        (0.835471472, -0.145218796, 0.529998983),
        (0.835471472, -0.145218796, 0.529998983),
        (0.835471472, -0.145218796, 0.529998983),
        (0, 0, 1),
        (0, 0, 1),
        (0, 0, 1),
        (0, -0, 1),
        (0, -0, 1),
        (0, -0, 1),
        (0, 0, 1),
        (0, 0, 1),
        (0, 0, 1),
        (0, 0, 1),
        (0, 0, 1),
        (0, 0, 1),
        (0, 0, 1),
        (0, 0, 1),
        (0, 0, 1),
        (0, 0, 1),
        (0, 0, 1),
        (0, 0, 1),
        (0.121967928, 0.839180937, 0.529999226),
        (0.121967928, 0.839180937, 0.529999226),
        (0.121967928, 0.839180937, 0.529999226),
        (0.0880201312, 0.843417905, 0.529998768),
        (0.0880201312, 0.843417905, 0.529998768),
        (0.0880201312, 0.843417905, 0.529998768),
        (0.0875355304, 0.843468293, 0.529998839),
        (0.0875355304, 0.843468293, 0.529998839),
        (0.0875355304, 0.843468293, 0.529998839),
        (0, 0, 1),
        (0, 0, 1),
        (0, 0, 1),
        (0, 0, 1),
        (0, 0, 1),
        (0, 0, 1),
        (0, 0, 1),
        (0, 0, 1),
        (0, 0, 1),
        (-0, 0, 1),
        (-0, 0, 1),
        (-0, 0, 1),
        (0.128606576, 0.838189111, 0.529999398),
        (0.128606576, 0.838189111, 0.529999398),
        (0.128606576, 0.838189111, 0.529999398),
        (0.118100604, 0.839733811, 0.52999941),
        (0.118100604, 0.839733811, 0.52999941),
        (0.118100604, 0.839733811, 0.52999941),
        (0.847987611, 0.00430019225, 0.529998603),
        (0.847987611, 0.00430019225, 0.529998603),
        (0.847987611, 0.00430019225, 0.529998603),
        (0, 0, 1),
        (0, 0, 1),
        (0, 0, 1),
        (0, -0, 1),
        (0, -0, 1),
        (0, -0, 1),
        (0.845153178, -0.0694109823, 0.529998322),
        (0.845153178, -0.0694109823, 0.529998322),
        (0.845153178, -0.0694109823, 0.529998322),
        (0, 0, 1),
        (0, 0, 1),
        (0, 0, 1),
        (0.834256164, -0.152044239, 0.529999248),
        (0.834256164, -0.152044239, 0.529999248),
        (0.834256164, -0.152044239, 0.529999248),
        (0.833557356, -0.155832719, 0.529998394),
        (0.833557356, -0.155832719, 0.529998394),
        (0.833557356, -0.155832719, 0.529998394),
        (0, -0, 1),
        (0, -0, 1),
        (0, -0, 1),
        (-0, 0, 1),
        (-0, 0, 1),
        (-0, 0, 1),
        (0.833012504, -0.158719458, 0.529998397),
        (0.833012504, -0.158719458, 0.529998397),
        (0.833012504, -0.158719458, 0.529998397),
        (0.0443832055, 0.846836094, 0.529998831),
        (0.0443832055, 0.846836094, 0.529998831),
        (0.0443832055, 0.846836094, 0.529998831),
        (0, 0, 1),
        (0, 0, 1),
        (0, 0, 1),
        (0, 0, 1),
        (0, 0, 1),
        (0, 0, 1),
        (-0.84753973, 0.0300033203, 0.529883201),
        (-0.84753973, 0.0300033203, 0.529883201),
        (-0.84753973, 0.0300033203, 0.529883201),
        (0, -0, 1),
        (0, -0, 1),
        (0, -0, 1),
        (-0.820301757, 0.0789453814, 0.566456225),
        (-0.820301757, 0.0789453814, 0.566456225),
        (-0.820301757, 0.0789453814, 0.566456225),
        (0, 0, 1),
        (0, 0, 1),
        (0, 0, 1),
        (0, 0, 1),
        (0, 0, 1),
        (0, 0, 1),
        (0, 0, 1),
        (0, 0, 1),
        (0, 0, 1),
        (-0.847406673, 0.0316611941, 0.529999528),
        (-0.847406673, 0.0316611941, 0.529999528),
        (-0.847406673, 0.0316611941, 0.529999528),
        (0, 0, 1),
        (0, 0, 1),
        (0, 0, 1),
        (0.100893481, 0.841974849, 0.529998924),
        (0.100893481, 0.841974849, 0.529998924),
        (0.100893481, 0.841974849, 0.529998924),
        (0.100892616, 0.841975051, 0.529998767),
        (0.100892616, 0.841975051, 0.529998767),
        (0.100892616, 0.841975051, 0.529998767),
        (0.0863038882, 0.84359526, 0.529998752),
        (0.0863038882, 0.84359526, 0.529998752),
        (0.0863038882, 0.84359526, 0.529998752),
        (0, 0, 1),
        (0, 0, 1),
        (0, 0, 1),
        (0, 0, 1),
        (0, 0, 1),
        (0, 0, 1),
        (-0.845722784, -0.00867457687, 0.533551989),
        (-0.845722784, -0.00867457687, 0.533551989),
        (-0.845722784, -0.00867457687, 0.533551989),
        (0, 0, 1),
        (0, 0, 1),
        (0, 0, 1),
        (0, 0, 1),
        (0, 0, 1),
        (0, 0, 1),
        (0, 0, 1),
        (0, 0, 1),
        (0, 0, 1),
        (0, 0, 1),
        (0, 0, 1),
        (0, 0, 1),
        (-0.100891004, -0.841975298, 0.529998683),
        (-0.100891004, -0.841975298, 0.529998683),
        (-0.100891004, -0.841975298, 0.529998683),
        (-0.084363106, -0.843791278, 0.529999194),
        (-0.084363106, -0.843791278, 0.529999194),
        (-0.084363106, -0.843791278, 0.529999194),
        (0, 0, 1),
        (0, 0, 1),
        (0, 0, 1),
        (-0.0789444576, -0.844677633, 0.529421824),
        (-0.0789444576, -0.844677633, 0.529421824),
        (-0.0789444576, -0.844677633, 0.529421824),
        (0, 0, 1),
        (0, 0, 1),
        (0, 0, 1),
        (0.0278269512, 0.847541475, 0.52999916),
        (0.0278269512, 0.847541475, 0.52999916),
        (0.0278269512, 0.847541475, 0.52999916),
        (0, 0, 1),
        (0, 0, 1),
        (0, 0, 1),
        (0.0270510934, 0.847566935, 0.529998612),
        (0.0270510934, 0.847566935, 0.529998612),
        (0.0270510934, 0.847566935, 0.529998612),
        (0, 0, 1),
        (0, 0, 1),
        (0, 0, 1),
        (0.01407765, 0.847881237, 0.529999271),
        (0.01407765, 0.847881237, 0.529999271),
        (0.01407765, 0.847881237, 0.529999271),
        (-0, 0, 1),
        (-0, 0, 1),
        (-0, 0, 1),
        (0, 0, 1),
        (0, 0, 1),
        (0, 0, 1),
        (0.027049386, 0.847566812, 0.529998897),
        (0.027049386, 0.847566812, 0.529998897),
        (0.027049386, 0.847566812, 0.529998897),
        (0.0578008995, 0.846026032, 0.529999066),
        (0.0578008995, 0.846026032, 0.529999066),
        (0.0578008995, 0.846026032, 0.529999066),
        (0.0573207255, 0.8460587, 0.529999066),
        (0.0573207255, 0.8460587, 0.529999066),
        (0.0573207255, 0.8460587, 0.529999066),
        (0, 0, 1),
        (0, 0, 1),
        (0, 0, 1),
        (0.0482274197, 0.84662603, 0.529998568),
        (0.0482274197, 0.84662603, 0.529998568),
        (0.0482274197, 0.84662603, 0.529998568),
        (0, 0, 1),
        (0, 0, 1),
        (0, 0, 1),
        (0, 0, 1),
        (0, 0, 1),
        (0, 0, 1),
        (-0.0278270742, -0.847541486, 0.529999135),
        (-0.0278270742, -0.847541486, 0.529999135),
        (-0.0278270742, -0.847541486, 0.529999135),
        (0, 0, 1),
        (0, 0, 1),
        (0, 0, 1),
        (0, 0, 1),
        (0, 0, 1),
        (0, 0, 1),
        (-0.038897857, -0.847105735, 0.529998897),
        (-0.038897857, -0.847105735, 0.529998897),
        (-0.038897857, -0.847105735, 0.529998897),
        (-0.0140794145, -0.847881207, 0.529999272),
        (-0.0140794145, -0.847881207, 0.529999272),
        (-0.0140794145, -0.847881207, 0.529999272),
        (-0, 0, 1),
        (-0, 0, 1),
        (-0, 0, 1),
        (-0.0388982006, -0.847105679, 0.529998961),
        (-0.0388982006, -0.847105679, 0.529998961),
        (-0.0388982006, -0.847105679, 0.529998961),
        (0, 0, 1),
        (0, 0, 1),
        (0, 0, 1),
        (0, -0, 1),
        (0, -0, 1),
        (0, -0, 1),
        (0, 0, 1),
        (0, 0, 1),
        (0, 0, 1),
        (-0.0573223828, -0.846058634, 0.529998993),
        (-0.0573223828, -0.846058634, 0.529998993),
        (-0.0573223828, -0.846058634, 0.529998993),
        (0, 0, 1),
        (0, 0, 1),
        (0, 0, 1),
        (0, 0, 1),
        (0, 0, 1),
        (0, 0, 1),
        (0, 0, 1),
        (0, 0, 1),
        (0, 0, 1),
        (-0.847129983, -0.0383702784, 0.529998598),
        (-0.847129983, -0.0383702784, 0.529998598),
        (-0.847129983, -0.0383702784, 0.529998598),
        (0, 0, 1),
        (0, 0, 1),
        (0, 0, 1),
        (-0.847706998, -0.0222248634, 0.529998964),
        (-0.847706998, -0.0222248634, 0.529998964),
        (-0.847706998, -0.0222248634, 0.529998964),
        (0, 0, 1),
        (0, 0, 1),
        (0, 0, 1),
        (0, 0, 1),
        (0, 0, 1),
        (0, 0, 1),
        (-0.847953934, 0.00867340232, 0.529998961),
        (-0.847953934, 0.00867340232, 0.529998961),
        (-0.847953934, 0.00867340232, 0.529998961),
        (-0.847706995, 0.0222249869, 0.529998963),
        (-0.847706995, 0.0222249869, 0.529998963),
        (-0.847706995, 0.0222249869, 0.529998963),
        (-0.847953946, 0.00867353209, 0.529998939),
        (-0.847953946, 0.00867353209, 0.529998939),
        (-0.847953946, 0.00867353209, 0.529998939),
        (0, 0, 1),
        (0, 0, 1),
        (0, 0, 1),
        (0, 0, 1),
        (0, 0, 1),
        (0, 0, 1),
        (-0.847788825, -0.0188394814, 0.529999229),
        (-0.847788825, -0.0188394814, 0.529999229),
        (-0.847788825, -0.0188394814, 0.529999229),
        (-0.84661033, -0.0484916749, 0.529999535),
        (-0.84661033, -0.0484916749, 0.529999535),
        (-0.84661033, -0.0484916749, 0.529999535),
        (0, 0, 1),
        (0, 0, 1),
        (0, 0, 1),
        (0, 0, 1),
        (0, 0, 1),
        (0, 0, 1),
        (0, 0, 1),
        (0, 0, 1),
        (0, 0, 1),
        (-0.846611407, 0.0484853665, 0.529998391),
        (-0.846611407, 0.0484853665, 0.529998391),
        (-0.846611407, 0.0484853665, 0.529998391),
        (-0.84713019, 0.0383687489, 0.529998377),
        (-0.84713019, 0.0383687489, 0.529998377),
        (-0.84713019, 0.0383687489, 0.529998377),
        (0, 0, 1),
        (0, 0, 1),
        (0, 0, 1),
        (-0.84736651, 0.0327228656, 0.529999256),
        (-0.84736651, 0.0327228656, 0.529999256),
        (-0.84736651, 0.0327228656, 0.529999256),
        (0, -0, 1),
        (0, -0, 1),
        (0, -0, 1),
        (0, 0, 1),
        (0, 0, 1),
        (0, 0, 1),
        (0, 0, 1),
        (0, 0, 1),
        (0, 0, 1),
        (-0.847869393, 0.0147798946, 0.529999102),
        (-0.847869393, 0.0147798946, 0.529999102),
        (-0.847869393, 0.0147798946, 0.529999102),
        (0, 0, 1),
        (0, 0, 1),
        (0, 0, 1),
        (0, -0, 1),
        (0, -0, 1),
        (0, -0, 1),
        (0, 0, 1),
        (0, 0, 1),
        (0, 0, 1),
        (-0.844465892, 0.0122836393, 0.535468457),
        (-0.844465892, 0.0122836393, 0.535468457),
        (-0.844465892, 0.0122836393, 0.535468457),
        (0, 0, 1),
        (0, 0, 1),
        (0, 0, 1),
        (0.0193729996, 0.852960192, 0.521616331),
        (0.0193729996, 0.852960192, 0.521616331),
        (0.0193729996, 0.852960192, 0.521616331),
        (-0.84786949, 0.0147809848, 0.529998915),
        (-0.84786949, 0.0147809848, 0.529998915),
        (-0.84786949, 0.0147809848, 0.529998915),
        (0, 0, 1),
        (0, 0, 1),
        (0, 0, 1),
        (0.0309009146, 0.847435025, 0.529999068),
        (0.0309009146, 0.847435025, 0.529999068),
        (0.0309009146, 0.847435025, 0.529999068),
        (0, 0, 1),
        (0, 0, 1),
        (0, 0, 1),
        (0.0309002239, 0.847435131, 0.529998939),
        (0.0309002239, 0.847435131, 0.529998939),
        (0.0309002239, 0.847435131, 0.529998939),
        (-0, -0, 1),
        (-0, -0, 1),
        (-0, -0, 1),
        (0.00145945862, 0.84799744, 0.529998313),
        (0.00145945862, 0.84799744, 0.529998313),
        (0.00145945862, 0.84799744, 0.529998313),
        (0, 0, 1),
        (0, 0, 1),
        (0, 0, 1),
        (0.000732905342, 0.847998132, 0.529998708),
        (0.000732905342, 0.847998132, 0.529998708),
        (0.000732905342, 0.847998132, 0.529998708),
        (0, 0, 1),
        (0, 0, 1),
        (0, 0, 1),
        (0, 0, 1),
        (0, 0, 1),
        (0, 0, 1),
        (0, -0, 1),
        (0, -0, 1),
        (0, -0, 1),
        (-0, 0, 1),
        (-0, 0, 1),
        (-0, 0, 1),
        (0, 0, 1),
        (0, 0, 1),
        (0, 0, 1),
        (0.0239716531, 0.847659408, 0.52999895),
        (0.0239716531, 0.847659408, 0.52999895),
        (0.0239716531, 0.847659408, 0.52999895),
        (0.0239097533, 0.847661176, 0.529998919),
        (0.0239097533, 0.847661176, 0.529998919),
        (0.0239097533, 0.847661176, 0.529998919),
        (0, 0, 1),
        (0, 0, 1),
        (0, 0, 1),
        (0.0231450849, 0.847682393, 0.529998929),
        (0.0231450849, 0.847682393, 0.529998929),
        (0.0231450849, 0.847682393, 0.529998929),
        (0, 0, 1),
        (0, 0, 1),
        (0, 0, 1),
        (0, 0, 1),
        (0, 0, 1),
        (0, 0, 1),
        (0.0565344255, 0.8461117, 0.529998914),
        (0.0565344255, 0.8461117, 0.529998914),
        (0.0565344255, 0.8461117, 0.529998914),
        (0.0726805167, 0.844878035, 0.529998724),
        (0.0726805167, 0.844878035, 0.529998724),
        (0.0726805167, 0.844878035, 0.529998724),
        (0, 0, 1),
        (0, 0, 1),
        (0, 0, 1),
        (0, -0, 1),
        (0, -0, 1),
        (0, -0, 1),
        (0, 0, 1),
        (0, 0, 1),
        (0, 0, 1),
        (0.0231442097, 0.84768232, 0.529999084),
        (0.0231442097, 0.84768232, 0.529999084),
        (0.0231442097, 0.84768232, 0.529999084),
        (-0, 0, 1),
        (-0, 0, 1),
        (-0, 0, 1),
        (-0.0726813026, -0.844877838, 0.529998932),
        (-0.0726813026, -0.844877838, 0.529998932),
        (-0.0726813026, -0.844877838, 0.529998932),
        (0, 0, 1),
        (0, 0, 1),
        (0, 0, 1),
        (0, 0, 1),
        (0, 0, 1),
        (0, 0, 1),
        (-0.0331692905, -0.847349111, 0.529999324),
        (-0.0331692905, -0.847349111, 0.529999324),
        (-0.0331692905, -0.847349111, 0.529999324),
        (0.105902974, 0.841359694, 0.529998515),
        (0.105902974, 0.841359694, 0.529998515),
        (0.105902974, 0.841359694, 0.529998515),
        (0, 0, 1),
        (0, 0, 1),
        (0, 0, 1),
        (0.0875359313, 0.843468296, 0.529998768),
        (0.0875359313, 0.843468296, 0.529998768),
        (0.0875359313, 0.843468296, 0.529998768),
        (-0, -0, 1),
        (-0, -0, 1),
        (-0, -0, 1),
        (0, 0, 1),
        (0, 0, 1),
        (0, 0, 1),
        (0.119387406, 0.839552331, 0.529998614),
        (0.119387406, 0.839552331, 0.529998614),
        (0.119387406, 0.839552331, 0.529998614),
        (-0.119389043, -0.839551693, 0.529999255),
        (-0.119389043, -0.839551693, 0.529999255),
        (-0.119389043, -0.839551693, 0.529999255),
        (-0.105906628, -0.841358758, 0.52999927),
        (-0.105906628, -0.841358758, 0.52999927),
        (-0.105906628, -0.841358758, 0.52999927),
        (-0, 0, 1),
        (-0, 0, 1),
        (-0, 0, 1),
        (0, 0, 1),
        (0, 0, 1),
        (0, 0, 1),
        (0, 0, 1),
        (0, 0, 1),
        (0, 0, 1),
        (0, 0, 1),
        (0, 0, 1),
        (0, 0, 1),
        (0, 0, 1),
        (0, 0, 1),
        (0, 0, 1),
        (0, 0, 1),
        (0, 0, 1),
        (0, 0, 1),
        (0, 0, 1),
        (0, 0, 1),
        (0, 0, 1),
        (0.0957213765, 0.842578639, 0.529998732),
        (0.0957213765, 0.842578639, 0.529998732),
        (0.0957213765, 0.842578639, 0.529998732),
        (0.117325601, 0.839842791, 0.529998859),
        (0.117325601, 0.839842791, 0.529998859),
        (0.117325601, 0.839842791, 0.529998859),
        (-0, 0, 1),
        (-0, 0, 1),
        (-0, 0, 1),
        (-0.130931576, -0.837829409, 0.529998872),
        (-0.130931576, -0.837829409, 0.529998872),
        (-0.130931576, -0.837829409, 0.529998872),
        (0, 0, 1),
        (0, 0, 1),
        (0, 0, 1),
        (-0.0957168586, -0.842578633, 0.529999557),
        (-0.0957168586, -0.842578633, 0.529999557),
        (-0.0957168586, -0.842578633, 0.529999557),
        (-0.0880202893, -0.843417975, 0.529998631),
        (-0.0880202893, -0.843417975, 0.529998631),
        (-0.0880202893, -0.843417975, 0.529998631),
        (0, 0, 1),
        (0, 0, 1),
        (0, 0, 1),
        (-0.0880151536, -0.843417939, 0.52999954),
        (-0.0880151536, -0.843417939, 0.52999954),
        (-0.0880151536, -0.843417939, 0.52999954),
        (0, -0, 1),
        (0, -0, 1),
        (0, -0, 1),
        (0, 0, 1),
        (0, 0, 1),
        (0, 0, 1),
        (0.0590363905, 0.845940859, 0.529998837),
        (0.0590363905, 0.845940859, 0.529998837),
        (0.0590363905, 0.845940859, 0.529998837),
        (0.0443837484, 0.846836125, 0.529998735),
        (0.0443837484, 0.846836125, 0.529998735),
        (0.0443837484, 0.846836125, 0.529998735),
        (-0, -0, 1),
        (-0, -0, 1),
        (-0, -0, 1),
        (0.0668231786, 0.850165279, 0.522258232),
        (0.0668231786, 0.850165279, 0.522258232),
        (0.0668231786, 0.850165279, 0.522258232),
        (0, -0, 1),
        (0, -0, 1),
        (0, -0, 1),
        (-0.0590402574, -0.845940609, 0.529998805),
        (-0.0590402574, -0.845940609, 0.529998805),
        (-0.0590402574, -0.845940609, 0.529998805),
        (-0.0443814863, -0.846836246, 0.529998733),
        (-0.0443814863, -0.846836246, 0.529998733),
        (-0.0443814863, -0.846836246, 0.529998733),
        (-0, 0, 1),
        (-0, 0, 1),
        (-0, 0, 1),
        (-0.117328611, -0.839842372, 0.529998857),
        (-0.117328611, -0.839842372, 0.529998857),
        (-0.117328611, -0.839842372, 0.529998857),
        (-0.0888119122, -0.843334841, 0.529998859),
        (-0.0888119122, -0.843334841, 0.529998859),
        (-0.0888119122, -0.843334841, 0.529998859),
        (0.260747875, -0.793871142, 0.549344296),
        (0.260747875, -0.793871142, 0.549344296),
        (0.260747875, -0.793871142, 0.549344296),
        (-0, 0, 1),
        (-0, 0, 1),
        (-0, 0, 1),
        (-0.0257442646, -0.84760734, 0.529999084),
        (-0.0257442646, -0.84760734, 0.529999084),
        (-0.0257442646, -0.84760734, 0.529999084),
        (0, 0, 1),
        (0, 0, 1),
        (0, 0, 1),
        (-0.039347292, -0.847084935, 0.529998965),
        (-0.039347292, -0.847084935, 0.529998965),
        (-0.039347292, -0.847084935, 0.529998965),
        (0, 0, 1),
        (0, 0, 1),
        (0, 0, 1),
        (0, 0, 1),
        (0, 0, 1),
        (0, 0, 1),
        (0, 0, 1),
        (0, 0, 1),
        (0, 0, 1),
        (0, -0, 1),
        (0, -0, 1),
        (0, -0, 1),
        (0, 0, 1),
        (0, 0, 1),
        (0, 0, 1),
        (0, -0, 1),
        (0, -0, 1),
        (0, -0, 1),
        (0, 0, 1),
        (0, 0, 1),
        (0, 0, 1),
        (0, 0, 1),
        (0, 0, 1),
        (0, 0, 1),
        (0.021322152, 0.847730435, 0.529998561),
        (0.021322152, 0.847730435, 0.529998561),
        (0.021322152, 0.847730435, 0.529998561),
        (0, 0, 1),
        (0, 0, 1),
        (0, 0, 1),
        (0.00459889096, 0.847985998, 0.529998676),
        (0.00459889096, 0.847985998, 0.529998676),
        (0.00459889096, 0.847985998, 0.529998676),
        (0, 0, 1),
        (0, 0, 1),
        (0, 0, 1),
        (0, 0, 1),
        (0, 0, 1),
        (0, 0, 1),
        (-0, 0, 1),
        (-0, 0, 1),
        (-0, 0, 1),
        (0, 0, 1),
        (0, 0, 1),
        (0, 0, 1),
        (0.843697715, -0.0852986423, 0.529998404),
        (0.843697715, -0.0852986423, 0.529998404),
        (0.843697715, -0.0852986423, 0.529998404),
        (0.8436977, -0.0852963769, 0.529998792),
        (0.8436977, -0.0852963769, 0.529998792),
        (0.8436977, -0.0852963769, 0.529998792),
        (0, 0, 1),
        (0, 0, 1),
        (0, 0, 1),
        (0, 0, 1),
        (0, 0, 1),
        (0, 0, 1),
        (0, 0, 1),
        (0, 0, 1),
        (0, 0, 1),
        (-0.0177871633, 0.847812079, 0.529998392),
        (-0.0177871633, 0.847812079, 0.529998392),
        (-0.0177871633, 0.847812079, 0.529998392),
        (-0, 0, 1),
        (-0, 0, 1),
        (-0, 0, 1),
        (0, 0, 1),
        (0, 0, 1),
        (0, 0, 1),
        (0.0202805149, 0.847755749, 0.529998954),
        (0.0202805149, 0.847755749, 0.529998954),
        (0.0202805149, 0.847755749, 0.529998954),
        (0, 0, 1),
        (0, 0, 1),
        (0, 0, 1),
        (0.0191195268, 0.847782913, 0.529998657),
        (0.0191195268, 0.847782913, 0.529998657),
        (0.0191195268, 0.847782913, 0.529998657),
        (-0, 0, 1),
        (-0, 0, 1),
        (-0, 0, 1),
        (0.00459743533, 0.84798584, 0.529998943),
        (0.00459743533, 0.84798584, 0.529998943),
        (0.00459743533, 0.84798584, 0.529998943),
        (-0, 0, 1),
        (-0, 0, 1),
        (-0, 0, 1),
        (0.0213238113, 0.847730207, 0.52999886),
        (0.0213238113, 0.847730207, 0.52999886),
        (0.0213238113, 0.847730207, 0.52999886),
        (0.0177897215, 0.847811732, 0.52999886),
        (0.0177897215, 0.847811732, 0.52999886),
        (0.0177897215, 0.847811732, 0.52999886),
        (-0.0110412765, 0.847926585, 0.529998676),
        (-0.0110412765, 0.847926585, 0.529998676),
        (-0.0110412765, 0.847926585, 0.529998676),
        (0, -0, 1),
        (0, -0, 1),
        (0, -0, 1),
        (-0.0213222586, 0.847730433, 0.529998561),
        (-0.0213222586, 0.847730433, 0.529998561),
        (-0.0213222586, 0.847730433, 0.529998561),
        (0, 0, 1),
        (0, 0, 1),
        (0, 0, 1),
        (-0.0191195268, 0.847782913, 0.529998657),
        (-0.0191195268, 0.847782913, 0.529998657),
        (-0.0191195268, 0.847782913, 0.529998657),
        (-0.0207024441, 0.847745796, 0.529998561),
        (-0.0207024441, 0.847745796, 0.529998561),
        (-0.0207024441, 0.847745796, 0.529998561),
        (0, 0, 1),
        (0, 0, 1),
        (0, 0, 1),
        (-0.0202804143, 0.84775574, 0.529998972),
        (-0.0202804143, 0.84775574, 0.529998972),
        (-0.0202804143, 0.84775574, 0.529998972),
        (-0.0171981529, 0.847823901, 0.52999892),
        (-0.0171981529, 0.847823901, 0.52999892),
        (-0.0171981529, 0.847823901, 0.52999892),
        (-0.0239118507, 0.847660887, 0.529999287),
        (-0.0239118507, 0.847660887, 0.529999287),
        (-0.0239118507, 0.847660887, 0.529999287),
        (0, 0, 1),
        (0, 0, 1),
        (0, 0, 1),
        (-0.0239097533, 0.847661176, 0.529998919),
        (-0.0239097533, 0.847661176, 0.529998919),
        (-0.0239097533, 0.847661176, 0.529998919),
        (0, 0, 1),
        (0, 0, 1),
        (0, 0, 1),
        (-0.000730594032, 0.847997884, 0.529999108),
        (-0.000730594032, 0.847997884, 0.529999108),
        (-0.000730594032, 0.847997884, 0.529999108),
        (0, -0, 1),
        (0, -0, 1),
        (0, -0, 1),
        (0.00592027195, 0.84797764, 0.529998936),
        (0.00592027195, 0.84797764, 0.529998936),
        (0.00592027195, 0.84797764, 0.529998936),
        (0, 0, 1),
        (0, 0, 1),
        (0, 0, 1),
        (0.00591832216, 0.847977874, 0.529998584),
        (0.00591832216, 0.847977874, 0.529998584),
        (0.00591832216, 0.847977874, 0.529998584),
        (0.092790504, -0.873224744, 0.478401995),
        (0.092790504, -0.873224744, 0.478401995),
        (0.092790504, -0.873224744, 0.478401995),
        (0, 0, 1),
        (0, 0, 1),
        (0, 0, 1),
        (0, 0, 1),
        (0, 0, 1),
        (0, 0, 1),
        (-0.842135014, 0.0995486119, 0.529998766),
        (-0.842135014, 0.0995486119, 0.529998766),
        (-0.842135014, 0.0995486119, 0.529998766),
        (-0.744148987, -0.395077197, 0.538661576),
        (-0.744148987, -0.395077197, 0.538661576),
        (-0.744148987, -0.395077197, 0.538661576),
        (0.048561262, -0.846606955, 0.529998554),
        (0.048561262, -0.846606955, 0.529998554),
        (0.048561262, -0.846606955, 0.529998554),
        (-0, 0, 1),
        (-0, 0, 1),
        (-0, 0, 1),
        (0, 0, 1),
        (0, 0, 1),
        (0, 0, 1),
        (0.025939717, -0.847601244, 0.529999304),
        (0.025939717, -0.847601244, 0.529999304),
        (0.025939717, -0.847601244, 0.529999304),
        (0, 0, 1),
        (0, 0, 1),
        (0, 0, 1),
        (0, 0, 1),
        (0, 0, 1),
        (0, 0, 1),
        (0.0110176414, -0.847927033, 0.529998451),
        (0.0110176414, -0.847927033, 0.529998451),
        (0.0110176414, -0.847927033, 0.529998451),
        (0, 0, 1),
        (0, 0, 1),
        (0, 0, 1),
        (-0.0105434445, -0.847932523, 0.529999313),
        (-0.0105434445, -0.847932523, 0.529999313),
        (-0.0105434445, -0.847932523, 0.529999313),
        (0, 0, 1),
        (0, 0, 1),
        (0, 0, 1),
        (0.00833564279, -0.847957631, 0.529998466),
        (0.00833564279, -0.847957631, 0.529998466),
        (0.00833564279, -0.847957631, 0.529998466),
        (0.00833904228, -0.847957216, 0.529999075),
        (0.00833904228, -0.847957216, 0.529999075),
        (0.00833904228, -0.847957216, 0.529999075),
        (-0, 0, 1),
        (-0, 0, 1),
        (-0, 0, 1),
        (-0.000108872385, -0.847998295, 0.529998943),
        (-0.000108872385, -0.847998295, 0.529998943),
        (-0.000108872385, -0.847998295, 0.529998943),
        (0.00010831392, -0.847998348, 0.529998858),
        (0.00010831392, -0.847998348, 0.529998858),
        (0.00010831392, -0.847998348, 0.529998858),
        (0.000108728325, -0.847998303, 0.529998931),
        (0.000108728325, -0.847998303, 0.529998931),
        (0.000108728325, -0.847998303, 0.529998931),
        (-0, -0, 1),
        (-0, -0, 1),
        (-0, -0, 1),
        (0, 0, 1),
        (0, 0, 1),
        (0, 0, 1),
        (-0.841862759, 0.101825234, 0.529998789),
        (-0.841862759, 0.101825234, 0.529998789),
        (-0.841862759, 0.101825234, 0.529998789),
        (0, -0, 1),
        (0, -0, 1),
        (0, -0, 1),
        (-0, 0, 1),
        (-0, 0, 1),
        (-0, 0, 1),
        (-0.83961255, 0.118961412, 0.529999007),
        (-0.83961255, 0.118961412, 0.529999007),
        (-0.83961255, 0.118961412, 0.529999007),
        (-0.839799396, 0.117635142, 0.529999007),
        (-0.839799396, 0.117635142, 0.529999007),
        (-0.839799396, 0.117635142, 0.529999007),
        (0, 0, 1),
        (0, 0, 1),
        (0, 0, 1),
        (-0.839799414, 0.117635074, 0.529998994),
        (-0.839799414, 0.117635074, 0.529998994),
        (-0.839799414, 0.117635074, 0.529998994),
        (0, -0, 1),
        (0, -0, 1),
        (0, -0, 1),
        (-0.839627696, 0.118857305, 0.52999837),
        (-0.839627696, 0.118857305, 0.52999837),
        (-0.839627696, 0.118857305, 0.52999837),
        (-0.839077377, 0.122682053, 0.529998367),
        (-0.839077377, 0.122682053, 0.529998367),
        (-0.839077377, 0.122682053, 0.529998367),
        (-0.839627799, 0.118853985, 0.529998952),
        (-0.839627799, 0.118853985, 0.529998952),
        (-0.839627799, 0.118853985, 0.529998952),
        (0, 0, 1),
        (0, 0, 1),
        (0, 0, 1),
        (-0.837463148, 0.133253036, 0.529999155),
        (-0.837463148, 0.133253036, 0.529999155),
        (-0.837463148, 0.133253036, 0.529999155),
        (0, -0, 1),
        (0, -0, 1),
        (0, -0, 1),
        (0, 0, 1),
        (0, 0, 1),
        (0, 0, 1),
        (-0.837463075, 0.133253303, 0.529999203),
        (-0.837463075, 0.133253303, 0.529999203),
        (-0.837463075, 0.133253303, 0.529999203),
        (-0.838062525, 0.129428354, 0.529999534),
        (-0.838062525, 0.129428354, 0.529999534),
        (-0.838062525, 0.129428354, 0.529999534),
        (-0.836924434, 0.136596596, 0.529998926),
        (-0.836924434, 0.136596596, 0.529998926),
        (-0.836924434, 0.136596596, 0.529998926),
        (-0.836977119, 0.136273403, 0.529998926),
        (-0.836977119, 0.136273403, 0.529998926),
        (-0.836977119, 0.136273403, 0.529998926),
        (0, -0, 1),
        (0, -0, 1),
        (0, -0, 1),
        (-0.00125468661, -0.847997608, 0.529998568),
        (-0.00125468661, -0.847997608, 0.529998568),
        (-0.00125468661, -0.847997608, 0.529998568),
        (0, -0, 1),
        (0, -0, 1),
        (0, -0, 1),
        (0, 0, 1),
        (0, 0, 1),
        (0, 0, 1),
        (0, 0, 1),
        (0, 0, 1),
        (0, 0, 1),
        (0, -0, 1),
        (0, -0, 1),
        (0, -0, 1),
        (0, 0, 1),
        (0, 0, 1),
        (0, 0, 1),
        (0.0162282576, -0.847842864, 0.529999172),
        (0.0162282576, -0.847842864, 0.529999172),
        (0.0162282576, -0.847842864, 0.529999172),
        (-0.00834140995, -0.847956987, 0.529999405),
        (-0.00834140995, -0.847956987, 0.529999405),
        (-0.00834140995, -0.847956987, 0.529999405),
        (0, 0, 1),
        (0, 0, 1),
        (0, 0, 1),
        (0, 0, 1),
        (0, 0, 1),
        (0, 0, 1),
        (-0, 0, 1),
        (-0, 0, 1),
        (-0, 0, 1),
        (-0.00367998599, -0.847990264, 0.529999029),
        (-0.00367998599, -0.847990264, 0.529999029),
        (-0.00367998599, -0.847990264, 0.529999029),
        (-0, 0, 1),
        (-0, 0, 1),
        (-0, 0, 1),
        (-0, 0, 1),
        (-0, 0, 1),
        (-0, 0, 1),
        (0, 0, 1),
        (0, 0, 1),
        (0, 0, 1),
        (0, 0, 1),
        (0, 0, 1),
        (0, 0, 1),
        (0, 0, 1),
        (0, 0, 1),
        (0, 0, 1),
        (-0.0110176414, -0.847927033, 0.529998451),
        (-0.0110176414, -0.847927033, 0.529998451),
        (-0.0110176414, -0.847927033, 0.529998451),
        (-0.0543041077, -0.846257777, 0.529998904),
        (-0.0543041077, -0.846257777, 0.529998904),
        (-0.0543041077, -0.846257777, 0.529998904),
        (0, 0, 1),
        (0, 0, 1),
        (0, 0, 1),
        (0.627086894, -0.552198977, 0.549398141),
        (0.627086894, -0.552198977, 0.549398141),
        (0.627086894, -0.552198977, 0.549398141),
        (0, 0, 1),
        (0, 0, 1),
        (0, 0, 1),
        (0, 0, 1),
        (0, 0, 1),
        (0, 0, 1),
        (0, -0, 1),
        (0, -0, 1),
        (0, -0, 1),
        (-0.112669195, -0.872724398, 0.475034502),
        (-0.112669195, -0.872724398, 0.475034502),
        (-0.112669195, -0.872724398, 0.475034502),
        (0, 0, 1),
        (0, 0, 1),
        (0, 0, 1),
        (0, 0, 1),
        (0, 0, 1),
        (0, 0, 1),
        (0, 0, 1),
        (0, 0, 1),
        (0, 0, 1),
        (0.827555144, -0.0373125262, 0.56014307),
        (0.827555144, -0.0373125262, 0.56014307),
        (0.827555144, -0.0373125262, 0.56014307),
        (0, 0, 1),
        (0, 0, 1),
        (0, 0, 1),
        (0, 0, 1),
        (0, 0, 1),
        (0, 0, 1),
        (0, 0, 1),
        (0, 0, 1),
        (0, 0, 1),
        (0, 0, 1),
        (0, 0, 1),
        (0, 0, 1),
        (-0, 0, 1),
        (-0, 0, 1),
        (-0, 0, 1),
        (0.84797032, -0.00688105629, 0.529999044),
        (0.84797032, -0.00688105629, 0.529999044),
        (0.84797032, -0.00688105629, 0.529999044),
        (0.844073334, -0.0814928697, 0.52999917),
        (0.844073334, -0.0814928697, 0.52999917),
        (0.844073334, -0.0814928697, 0.52999917),
        (0, -0, 1),
        (0, -0, 1),
        (0, -0, 1),
        (0, 0, 1),
        (0, 0, 1),
        (0, 0, 1),
        (0, 0, 1),
        (0, 0, 1),
        (0, 0, 1),
        (0, 0, 1),
        (0, 0, 1),
        (0, 0, 1),
        (0, 0, 1),
        (0, 0, 1),
        (0, 0, 1),
        (0.847707157, -0.0222092021, 0.529999366),
        (0.847707157, -0.0222092021, 0.529999366),
        (0.847707157, -0.0222092021, 0.529999366),
        (0, -0, 1),
        (0, -0, 1),
        (0, -0, 1),
        (0.846780938, 0.0454143055, 0.529999608),
        (0.846780938, 0.0454143055, 0.529999608),
        (0.846780938, 0.0454143055, 0.529999608),
        (-0, 0, 1),
        (-0, 0, 1),
        (-0, 0, 1),
        (0, 0, 1),
        (0, 0, 1),
        (0, 0, 1),
        (0.84356988, -0.0865514174, 0.529998784),
        (0.84356988, -0.0865514174, 0.529998784),
        (0.84356988, -0.0865514174, 0.529998784),
        (0, 0, 1),
        (0, 0, 1),
        (0, 0, 1),
        (0, 0, 1),
        (0, 0, 1),
        (0, 0, 1),
        (0.847990905, 0.00361950799, 0.529998419),
        (0.847990905, 0.00361950799, 0.529998419),
        (0.847990905, 0.00361950799, 0.529998419),
        (0.847990808, 0.00362038388, 0.529998569),
        (0.847990808, 0.00362038388, 0.529998569),
        (0.847990808, 0.00362038388, 0.529998569),
        (0, 0, 1),
        (0, 0, 1),
        (0, 0, 1),
        (0.847955559, -0.00848808789, 0.52999936),
        (0.847955559, -0.00848808789, 0.52999936),
        (0.847955559, -0.00848808789, 0.52999936),
        (0.847949187, -0.00914800306, 0.529998576),
        (0.847949187, -0.00914800306, 0.529998576),
        (0.847949187, -0.00914800306, 0.529998576),
        (0.847990806, -0.00362040303, 0.529998572),
        (0.847990806, -0.00362040303, 0.529998572),
        (0.847990806, -0.00362040303, 0.529998572),
        (-0.837480701, 0.133142403, 0.529999222),
        (-0.837480701, 0.133142403, 0.529999222),
        (-0.837480701, 0.133142403, 0.529999222),
        (0, -0, 1),
        (0, -0, 1),
        (0, -0, 1),
        (0, 0, 1),
        (0, 0, 1),
        (0, 0, 1),
        (-0, 0, 1),
        (-0, 0, 1),
        (-0, 0, 1),
        (0, 0, 1),
        (0, 0, 1),
        (0, 0, 1),
        (-0.837011126, 0.136063209, 0.529999224),
        (-0.837011126, 0.136063209, 0.529999224),
        (-0.837011126, 0.136063209, 0.529999224),
        (-0.834022447, 0.153323285, 0.529998612),
        (-0.834022447, 0.153323285, 0.529998612),
        (-0.834022447, 0.153323285, 0.529998612),
        (-0.834593697, 0.150182668, 0.52999861),
        (-0.834593697, 0.150182668, 0.52999861),
        (-0.834593697, 0.150182668, 0.52999861),
        (-0.834460886, 0.150919682, 0.529998377),
        (-0.834460886, 0.150919682, 0.529998377),
        (-0.834460886, 0.150919682, 0.529998377),
        (-0.834461093, 0.150916612, 0.529998925),
        (-0.834461093, 0.150916612, 0.529998925),
        (-0.834461093, 0.150916612, 0.529998925),
        (-0, 0, 1),
        (-0, 0, 1),
        (-0, 0, 1),
        (-0, 0, 1),
        (-0, 0, 1),
        (-0, 0, 1),
        (-0, 0, 1),
        (-0, 0, 1),
        (-0, 0, 1),
        (-0.834184352, 0.152440767, 0.529998376),
        (-0.834184352, 0.152440767, 0.529998376),
        (-0.834184352, 0.152440767, 0.529998376),
        (-0, 0, 1),
        (-0, 0, 1),
        (-0, 0, 1),
        (0, -0, 1),
        (0, -0, 1),
        (0, -0, 1),
        (-0.166590866, 0.831594309, 0.529809766),
        (-0.166590866, 0.831594309, 0.529809766),
        (-0.166590866, 0.831594309, 0.529809766),
        (0, 0, 1),
        (0, 0, 1),
        (0, 0, 1),
        (-0.135308737, 0.835812173, 0.532080405),
        (-0.135308737, 0.835812173, 0.532080405),
        (-0.135308737, 0.835812173, 0.532080405),
        (-0.144396313, 0.8356143, 0.529998534),
        (-0.144396313, 0.8356143, 0.529998534),
        (-0.144396313, 0.8356143, 0.529998534),
        (-0.156104469, 0.83350644, 0.529998499),
        (-0.156104469, 0.83350644, 0.529998499),
        (-0.156104469, 0.83350644, 0.529998499),
        (0, 0, 1),
        (0, 0, 1),
        (0, 0, 1),
        (0, -0, 1),
        (0, -0, 1),
        (0, -0, 1),
        (-0, 0, 1),
        (-0, 0, 1),
        (-0, 0, 1),
        (0, 0, 1),
        (0, 0, 1),
        (0, 0, 1),
        (-0.140065366, 0.836351099, 0.529998615),
        (-0.140065366, 0.836351099, 0.529998615),
        (-0.140065366, 0.836351099, 0.529998615),
        (0, 0, 1),
        (0, 0, 1),
        (0, 0, 1),
        (0, -0, 1),
        (0, -0, 1),
        (0, -0, 1),
        (-0.857977016, 0.274679594, 0.434081283),
        (-0.857977016, 0.274679594, 0.434081283),
        (-0.857977016, 0.274679594, 0.434081283),
        (0.152763106, -0.84445908, 0.513373447),
        (0.152763106, -0.84445908, 0.513373447),
        (0.152763106, -0.84445908, 0.513373447),
        (0, 0, 1),
        (0, 0, 1),
        (0, 0, 1),
        (0, 0, 1),
        (0, 0, 1),
        (0, 0, 1),
        (-0.852687977, 0.152580746, 0.499642201),
        (-0.852687977, 0.152580746, 0.499642201),
        (-0.852687977, 0.152580746, 0.499642201),
        (0, -0, 1),
        (0, -0, 1),
        (0, -0, 1),
        (0, -0, 1),
        (0, -0, 1),
        (0, -0, 1),
        (-0.156108803, 0.833505124, 0.529999292),
        (-0.156108803, 0.833505124, 0.529999292),
        (-0.156108803, 0.833505124, 0.529999292),
        (0.160306262, -0.843247013, 0.513065666),
        (0.160306262, -0.843247013, 0.513065666),
        (0.160306262, -0.843247013, 0.513065666),
        (0, 0, 1),
        (0, 0, 1),
        (0, 0, 1),
        (-0.794606693, 0.309380052, 0.52238318),
        (-0.794606693, 0.309380052, 0.52238318),
        (-0.794606693, 0.309380052, 0.52238318),
        (0, 0, 1),
        (0, 0, 1),
        (0, 0, 1),
        (0, 0, 1),
        (0, 0, 1),
        (0, 0, 1),
        (-0.148215944, 0.834945067, 0.529998838),
        (-0.148215944, 0.834945067, 0.529998838),
        (-0.148215944, 0.834945067, 0.529998838),
        (-0.137779264, 0.836730491, 0.529999019),
        (-0.137779264, 0.836730491, 0.529999019),
        (-0.137779264, 0.836730491, 0.529999019),
        (0, 0, 1),
        (0, 0, 1),
        (0, 0, 1),
        (0, 0, 1),
        (0, 0, 1),
        (0, 0, 1),
        (-0.137745938, 0.836735978, 0.529999019),
        (-0.137745938, 0.836735978, 0.529999019),
        (-0.137745938, 0.836735978, 0.529999019),
        (0.143922437, -0.835695855, 0.52999884),
        (0.143922437, -0.835695855, 0.52999884),
        (0.143922437, -0.835695855, 0.52999884),
        (0, 0, 1),
        (0, 0, 1),
        (0, 0, 1),
        (0.137782826, -0.836730079, 0.529998743),
        (0.137782826, -0.836730079, 0.529998743),
        (0.137782826, -0.836730079, 0.529998743),
        (0.140065178, -0.836351051, 0.529998741),
        (0.140065178, -0.836351051, 0.529998741),
        (0.140065178, -0.836351051, 0.529998741),
        (0.137780485, -0.8367302, 0.529999161),
        (0.137780485, -0.8367302, 0.529999161),
        (0.137780485, -0.8367302, 0.529999161),
        (0, 0, 1),
        (0, 0, 1),
        (0, 0, 1),
        (0, 0, 1),
        (0, 0, 1),
        (0, 0, 1),
        (0, -0, 1),
        (0, -0, 1),
        (0, -0, 1),
        (-0.132991105, 0.837504992, 0.529998825),
        (-0.132991105, 0.837504992, 0.529998825),
        (-0.132991105, 0.837504992, 0.529998825),
        (-0.132991151, 0.83750498, 0.529998833),
        (-0.132991151, 0.83750498, 0.529998833),
        (-0.132991151, 0.83750498, 0.529998833),
        (0, 0, 1),
        (0, 0, 1),
        (0, 0, 1),
        (-0, 0, 1),
        (-0, 0, 1),
        (-0, 0, 1),
        (-0.116458044, 0.839963357, 0.529999134),
        (-0.116458044, 0.839963357, 0.529999134),
        (-0.116458044, 0.839963357, 0.529999134),
        (0, 0, 1),
        (0, 0, 1),
        (0, 0, 1),
        (-0.124728454, 0.838775339, 0.529998814),
        (-0.124728454, 0.838775339, 0.529998814),
        (-0.124728454, 0.838775339, 0.529998814),
        (0, 0, 1),
        (0, 0, 1),
        (0, 0, 1),
        (0, 0, 1),
        (0, 0, 1),
        (0, 0, 1),
        (-0.110703827, 0.840741122, 0.529999084),
        (-0.110703827, 0.840741122, 0.529999084),
        (-0.110703827, 0.840741122, 0.529999084),
        (-0.109358129, 0.840917692, 0.529998335),
        (-0.109358129, 0.840917692, 0.529998335),
        (-0.109358129, 0.840917692, 0.529998335),
        (-0.10936101, 0.84091699, 0.529998853),
        (-0.10936101, 0.84091699, 0.529998853),
        (-0.10936101, 0.84091699, 0.529998853),
        (-0, 0, 1),
        (-0, 0, 1),
        (-0, 0, 1),
        (-0, 0, 1),
        (-0, 0, 1),
        (-0, 0, 1),
        (0.111557749, -0.840628685, 0.52999838),
        (0.111557749, -0.840628685, 0.52999838),
        (0.111557749, -0.840628685, 0.52999838),
        (0, 0, 1),
        (0, 0, 1),
        (0, 0, 1),
        (0, 0, 1),
        (0, 0, 1),
        (0, 0, 1),
        (0, 0, 1),
        (0, 0, 1),
        (0, 0, 1),
        (-0.105472979, 0.841413511, 0.529998824),
        (-0.105472979, 0.841413511, 0.529998824),
        (-0.105472979, 0.841413511, 0.529998824),
        (0, -0, 1),
        (0, -0, 1),
        (0, -0, 1),
        (-0, 0, 1),
        (-0, 0, 1),
        (-0, 0, 1),
        (0, 0, 1),
        (0, 0, 1),
        (0, 0, 1),
        (0.105473262, -0.841413476, 0.529998824),
        (0.105473262, -0.841413476, 0.529998824),
        (0.105473262, -0.841413476, 0.529998824),
        (0.105474705, -0.841413126, 0.529999093),
        (0.105474705, -0.841413126, 0.529999093),
        (0.105474705, -0.841413126, 0.529999093),
        (0.847707157, 0.0222092021, 0.529999366),
        (0.847707157, 0.0222092021, 0.529999366),
        (0.847707157, 0.0222092021, 0.529999366),
        (0, 0, 1),
        (0, 0, 1),
        (0, 0, 1),
        (0, 0, 1),
        (0, 0, 1),
        (0, 0, 1),
        (0, 0, 1),
        (0, 0, 1),
        (0, 0, 1),
        (0, -0, 1),
        (0, -0, 1),
        (0, -0, 1),
        (0, 0, 1),
        (0, 0, 1),
        (0, 0, 1),
        (-0, 0, 1),
        (-0, 0, 1),
        (-0, 0, 1),
        (0, 0, 1),
        (0, 0, 1),
        (0, 0, 1),
        (0, 0, 1),
        (0, 0, 1),
        (0, 0, 1),
        (0.845859733, 0.0601860809, 0.529999007),
        (0.845859733, 0.0601860809, 0.529999007),
        (0.845859733, 0.0601860809, 0.529999007),
        (0, 0, 1),
        (0, 0, 1),
        (0, 0, 1),
        (0.846781328, -0.0454120237, 0.529999179),
        (0.846781328, -0.0454120237, 0.529999179),
        (0.846781328, -0.0454120237, 0.529999179),
        (0, 0, 1),
        (0, 0, 1),
        (0, 0, 1),
        (0.844073211, 0.0814934723, 0.529999272),
        (0.844073211, 0.0814934723, 0.529999272),
        (0.844073211, 0.0814934723, 0.529999272),
        (0, 0, 1),
        (0, 0, 1),
        (0, 0, 1),
        (-0.0908834478, 0.843114089, 0.529998898),
        (-0.0908834478, 0.843114089, 0.529998898),
        (-0.0908834478, 0.843114089, 0.529998898),
        (-0.0917361406, 0.84302175, 0.529998877),
        (-0.0917361406, 0.84302175, 0.529998877),
        (-0.0917361406, 0.84302175, 0.529998877),
        (0, 0, 1),
        (0, 0, 1),
        (0, 0, 1),
        (0, 0, 1),
        (0, 0, 1),
        (0, 0, 1),
        (0.845476978, -0.0653433626, 0.529998986),
        (0.845476978, -0.0653433626, 0.529998986),
        (0.845476978, -0.0653433626, 0.529998986),
        (-0.539015037, 0.805320552, 0.246823011),
        (-0.539015037, 0.805320552, 0.246823011),
        (-0.539015037, 0.805320552, 0.246823011),
        (0, 0, 1),
        (0, 0, 1),
        (0, 0, 1),
        (0, 0, 1),
        (0, 0, 1),
        (0, 0, 1),
        (0.091736004, -0.843021799, 0.529998823),
        (0.091736004, -0.843021799, 0.529998823),
        (0.091736004, -0.843021799, 0.529998823),
        (0, -0, 1),
        (0, -0, 1),
        (0, -0, 1),
        (0, 0, 1),
        (0, 0, 1),
        (0, 0, 1),
        (0, 0, 1),
        (0, 0, 1),
        (0, 0, 1),
        (0, 0, 1),
        (0, 0, 1),
        (0, 0, 1),
        (0, 0, 1),
        (0, 0, 1),
        (0, 0, 1),
        (0.826820369, -0.44882401, 0.339006026),
        (0.826820369, -0.44882401, 0.339006026),
        (0.826820369, -0.44882401, 0.339006026),
        (-0.838408069, 0.127174731, 0.529998582),
        (-0.838408069, 0.127174731, 0.529998582),
        (-0.838408069, 0.127174731, 0.529998582),
        (0, -0, 1),
        (0, -0, 1),
        (0, -0, 1),
        (-0.841635761, 0.103681407, 0.529999445),
        (-0.841635761, 0.103681407, 0.529999445),
        (-0.841635761, 0.103681407, 0.529999445),
        (0, -0, 1),
        (0, -0, 1),
        (0, -0, 1),
        (0, 0, 1),
        (0, 0, 1),
        (0, 0, 1),
        (0, 0, 1),
        (0, 0, 1),
        (0, 0, 1),
        (0, 0, 1),
        (0, 0, 1),
        (0, 0, 1),
        (0.8539084, -0.106986827, 0.509307631),
        (0.8539084, -0.106986827, 0.509307631),
        (0.8539084, -0.106986827, 0.509307631),
        (0, 0, 1),
        (0, 0, 1),
        (0, 0, 1),
        (-0, 0, 1),
        (-0, 0, 1),
        (-0, 0, 1),
        (-0, 0, 1),
        (-0, 0, 1),
        (-0, 0, 1),
        (-0, 0, 1),
        (-0, 0, 1),
        (-0, 0, 1),
        (0, 0, 1),
        (0, 0, 1),
        (0, 0, 1),
        (-0.839948429, 0.116566091, 0.529999041),
        (-0.839948429, 0.116566091, 0.529999041),
        (-0.839948429, 0.116566091, 0.529999041),
        (0.138723005, -0.836574989, 0.529998317),
        (0.138723005, -0.836574989, 0.529998317),
        (0.138723005, -0.836574989, 0.529998317),
        (0, 0, 1),
        (0, 0, 1),
        (0, 0, 1),
        (-0.839180052, 0.121973039, 0.529999451),
        (-0.839180052, 0.121973039, 0.529999451),
        (-0.839180052, 0.121973039, 0.529999451),
        (0, 0, 1),
        (0, 0, 1),
        (0, 0, 1),
        (0, 0, 1),
        (0, 0, 1),
        (0, 0, 1),
        (-0, 0, 1),
        (-0, 0, 1),
        (-0, 0, 1),
        (0, 0, 1),
        (0, 0, 1),
        (0, 0, 1),
        (0, 0, 1),
        (0, 0, 1),
        (0, 0, 1),
        (0.840083283, 0.210166683, 0.500090035),
        (0.840083283, 0.210166683, 0.500090035),
        (0.840083283, 0.210166683, 0.500090035),
        (0.85037049, -0.122892171, 0.511632235),
        (0.85037049, -0.122892171, 0.511632235),
        (0.85037049, -0.122892171, 0.511632235),
        (0, 0, 1),
        (0, 0, 1),
        (0, 0, 1),
        (0.842118142, -0.099691487, 0.529998719),
        (0.842118142, -0.099691487, 0.529998719),
        (0.842118142, -0.099691487, 0.529998719),
        (-0.843673412, 0.0855372593, 0.529998633),
        (-0.843673412, 0.0855372593, 0.529998633),
        (-0.843673412, 0.0855372593, 0.529998633),
        (-0.8436734, 0.0855350586, 0.529999007),
        (-0.8436734, 0.0855350586, 0.529999007),
        (-0.8436734, 0.0855350586, 0.529999007),
        (0, -0, 1),
        (0, -0, 1),
        (0, -0, 1),
        (0, 0, 1),
        (0, 0, 1),
        (0, 0, 1),
        (0.841979894, -0.100849971, 0.529999191),
        (0.841979894, -0.100849971, 0.529999191),
        (0.841979894, -0.100849971, 0.529999191),
        (0.843620812, -0.0860525701, 0.529998945),
        (0.843620812, -0.0860525701, 0.529998945),
        (0.843620812, -0.0860525701, 0.529998945),
        (0.83999081, -0.116259554, 0.529999203),
        (0.83999081, -0.116259554, 0.529999203),
        (0.83999081, -0.116259554, 0.529999203),
        (0, -0, 1),
        (0, -0, 1),
        (0, -0, 1),
        (0, 0, 1),
        (0, 0, 1),
        (0, 0, 1),
        (0, 0, 1),
        (0, 0, 1),
        (0, 0, 1),
        (0, 0, 1),
        (0, 0, 1),
        (0, 0, 1),
        (-0.843162378, 0.0904359679, 0.529998622),
        (-0.843162378, 0.0904359679, 0.529998622),
        (-0.843162378, 0.0904359679, 0.529998622),
        (-0.838576824, 0.126053391, 0.529999484),
        (-0.838576824, 0.126053391, 0.529999484),
        (-0.838576824, 0.126053391, 0.529999484),
        (-0.840246629, 0.114394682, 0.529999489),
        (-0.840246629, 0.114394682, 0.529999489),
        (-0.840246629, 0.114394682, 0.529999489),
        (-0.833994494, 0.153474796, 0.529998746),
        (-0.833994494, 0.153474796, 0.529998746),
        (-0.833994494, 0.153474796, 0.529998746),
        (-0.836743136, 0.137703134, 0.529998841),
        (-0.836743136, 0.137703134, 0.529998841),
        (-0.836743136, 0.137703134, 0.529998841),
        (-0.83153498, 0.166285749, 0.529998705),
        (-0.83153498, 0.166285749, 0.529998705),
        (-0.83153498, 0.166285749, 0.529998705),
        (-0.832487015, 0.161452002, 0.529998699),
        (-0.832487015, 0.161452002, 0.529998699),
        (-0.832487015, 0.161452002, 0.529998699),
        (-0.84306902, 0.0912996954, 0.529999051),
        (-0.84306902, 0.0912996954, 0.529999051),
        (-0.84306902, 0.0912996954, 0.529999051),
        (0, -0, 1),
        (0, -0, 1),
        (0, -0, 1),
        (0, 0, 1),
        (0, 0, 1),
        (0, 0, 1),
        (-0.843069074, 0.0913027537, 0.529998437),
        (-0.843069074, 0.0913027537, 0.529998437),
        (-0.843069074, 0.0913027537, 0.529998437),
        (0.124731079, -0.838774847, 0.529998975),
        (0.124731079, -0.838774847, 0.529998975),
        (0.124731079, -0.838774847, 0.529998975),
        (0, 0, 1),
        (0, 0, 1),
        (0, 0, 1),
        (0, 0, 1),
        (0, 0, 1),
        (0, 0, 1),
        (0, 0, 1),
        (0, 0, 1),
        (0, 0, 1),
        (0, 0, 1),
        (0, 0, 1),
        (0, 0, 1),
        (-0, 0, 1),
        (-0, 0, 1),
        (-0, 0, 1),
        (0, 0, 1),
        (0, 0, 1),
        (0, 0, 1),
        (-0, 0, 1),
        (-0, 0, 1),
        (-0, 0, 1),
        (0.101146777, -0.841944522, 0.529998822),
        (0.101146777, -0.841944522, 0.529998822),
        (0.101146777, -0.841944522, 0.529998822),
        (0, 0, 1),
        (0, 0, 1),
        (0, 0, 1),
        (0, -0, 1),
        (0, -0, 1),
        (0, -0, 1),
        (0.0908811612, -0.843114387, 0.529998815),
        (0.0908811612, -0.843114387, 0.529998815),
        (0.0908811612, -0.843114387, 0.529998815),
        (0, 0, 1),
        (0, 0, 1),
        (0, 0, 1),
        (0, 0, 1),
        (0, 0, 1),
        (0, 0, 1),
        (-0, 0, 1),
        (-0, 0, 1),
        (-0, 0, 1),
        (-0, 0, 1),
        (-0, 0, 1),
        (-0, 0, 1),
        (0, -0, 1),
        (0, -0, 1),
        (0, -0, 1),
        (0, -0, 1),
        (0, -0, 1),
        (0, -0, 1),
        (0.112568203, -0.843619987, 0.525008301),
        (0.112568203, -0.843619987, 0.525008301),
        (0.112568203, -0.843619987, 0.525008301),
        (0, 0, 1),
        (0, 0, 1),
        (0, 0, 1),
        (0.847888622, -0.0136431258, 0.52999882),
        (0.847888622, -0.0136431258, 0.52999882),
        (0.847888622, -0.0136431258, 0.52999882),
        (0.847933277, -0.0105075704, 0.52999882),
        (0.847933277, -0.0105075704, 0.52999882),
        (0.847933277, -0.0105075704, 0.52999882),
        (0.847991438, 0.00344804204, 0.529998709),
        (0.847991438, 0.00344804204, 0.529998709),
        (0.847991438, 0.00344804204, 0.529998709),
        (0.847884042, 0.0139291677, 0.529998707),
        (0.847884042, 0.0139291677, 0.529998707),
        (0.847884042, 0.0139291677, 0.529998707),
        (0, 0, 1),
        (0, 0, 1),
        (0, 0, 1),
        (0, 0, 1),
        (0, 0, 1),
        (0, 0, 1),
        (0, 0, 1),
        (0, 0, 1),
        (0, 0, 1),
        (-0, 0, 1),
        (-0, 0, 1),
        (-0, 0, 1),
        (0, 0, 1),
        (0, 0, 1),
        (0, 0, 1),
        (0, 0, 1),
        (0, 0, 1),
        (0, 0, 1),
        (0, 0, 1),
        (0, 0, 1),
        (0, 0, 1),
        (0, -0, 1),
        (0, -0, 1),
        (0, -0, 1),
        (0, 0, 1),
        (0, 0, 1),
        (0, 0, 1),
        (-0, 0, 1),
        (-0, 0, 1),
        (-0, 0, 1),
        (0.847943269, 0.0096489899, 0.52999916),
        (0.847943269, 0.0096489899, 0.52999916),
        (0.847943269, 0.0096489899, 0.52999916),
        (0, 0, 1),
        (0, 0, 1),
        (0, 0, 1),
        (0.847948362, -0.00922532302, 0.529998555),
        (0.847948362, -0.00922532302, 0.529998555),
        (0.847948362, -0.00922532302, 0.529998555),
        (0, -0, 1),
        (0, -0, 1),
        (0, -0, 1),
        (0.847988538, 0.00407033785, 0.529998936),
        (0.847988538, 0.00407033785, 0.529998936),
        (0.847988538, 0.00407033785, 0.529998936),
        (0, -0, 1),
        (0, -0, 1),
        (0, -0, 1),
        (0, 0, 1),
        (0, 0, 1),
        (0, 0, 1),
        (0.846419379, 0.0517248668, 0.529998843),
        (0.846419379, 0.0517248668, 0.529998843),
        (0.846419379, 0.0517248668, 0.529998843),
        (0, -0, 1),
        (0, -0, 1),
        (0, -0, 1),
        (0, 0, 1),
        (0, 0, 1),
        (0, 0, 1),
        (0.847943581, 0.0096518804, 0.529998608),
        (0.847943581, 0.0096518804, 0.529998608),
        (0.847943581, 0.0096518804, 0.529998608),
        (0.847358211, 0.0329438909, 0.529998833),
        (0.847358211, 0.0329438909, 0.529998833),
        (0.847358211, 0.0329438909, 0.529998833),
        (0.847909299, -0.0123100466, 0.52999838),
        (0.847909299, -0.0123100466, 0.52999838),
        (0.847909299, -0.0123100466, 0.52999838),
        (0.84796922, -0.00706595614, 0.529998372),
        (0.84796922, -0.00706595614, 0.529998372),
        (0.84796922, -0.00706595614, 0.529998372),
        (0, 0, 1),
        (0, 0, 1),
        (0, 0, 1),
        (0.847988508, -0.00407004979, 0.529998986),
        (0.847988508, -0.00407004979, 0.529998986),
        (0.847988508, -0.00407004979, 0.529998986),
        (-0, 0, 1),
        (-0, 0, 1),
        (-0, 0, 1),
        (0.84794807, 0.00922778621, 0.52999898),
        (0.84794807, 0.00922778621, 0.52999898),
        (0.84794807, 0.00922778621, 0.52999898),
        (0.838576772, -0.126058029, 0.529998462),
        (0.838576772, -0.126058029, 0.529998462),
        (0.838576772, -0.126058029, 0.529998462),
        (0, 0, 1),
        (0, 0, 1),
        (0, 0, 1),
        (0, 0, 1),
        (0, 0, 1),
        (0, 0, 1),
        (0.837193605, -0.134936823, 0.529998983),
        (0.837193605, -0.134936823, 0.529998983),
        (0.837193605, -0.134936823, 0.529998983),
        (0.838009239, -0.129774465, 0.529999154),
        (0.838009239, -0.129774465, 0.529999154),
        (0.838009239, -0.129774465, 0.529999154),
        (0, -0, 1),
        (0, -0, 1),
        (0, -0, 1),
        (0.834418362, -0.151151143, 0.529999368),
        (0.834418362, -0.151151143, 0.529999368),
        (0.834418362, -0.151151143, 0.529999368),
        (0, 0, 1),
        (0, 0, 1),
        (0, 0, 1),
        (0, 0, 1),
        (0, 0, 1),
        (0, 0, 1),
        (-0, 0, 1),
        (-0, 0, 1),
        (-0, 0, 1),
        (0, 0, 1),
        (0, 0, 1),
        (0, 0, 1),
        (0, 0, 1),
        (0, 0, 1),
        (0, 0, 1),
        (0.837329411, -0.134093954, 0.529998367),
        (0.837329411, -0.134093954, 0.529998367),
        (0.837329411, -0.134093954, 0.529998367),
        (-0, 0, 1),
        (-0, 0, 1),
        (-0, 0, 1),
        (0.834210639, -0.152295936, 0.529998639),
        (0.834210639, -0.152295936, 0.529998639),
        (0.834210639, -0.152295936, 0.529998639),
        (0, -0, 1),
        (0, -0, 1),
        (0, -0, 1),
        (-0.112563711, 0.841531264, 0.528350776),
        (-0.112563711, 0.841531264, 0.528350776),
        (-0.112563711, 0.841531264, 0.528350776),
        (-0.0309009146, 0.847435025, 0.529999068),
        (-0.0309009146, 0.847435025, 0.529999068),
        (-0.0309009146, 0.847435025, 0.529999068),
        (-0.0309002239, 0.847435131, 0.529998939),
        (-0.0309002239, 0.847435131, 0.529998939),
        (-0.0309002239, 0.847435131, 0.529998939),
        (0, -0, 1),
        (0, -0, 1),
        (0, -0, 1),
        (0, 0, 1),
        (0, 0, 1),
        (0, 0, 1),
        (0.831487318, -0.166523814, 0.529998735),
        (0.831487318, -0.166523814, 0.529998735),
        (0.831487318, -0.166523814, 0.529998735),
        (0, 0, 1),
        (0, 0, 1),
        (0, 0, 1),
        (-0, 0, 1),
        (-0, 0, 1),
        (-0, 0, 1),
        (0.849854743, -0.223547256, 0.477256262),
        (0.849854743, -0.223547256, 0.477256262),
        (0.849854743, -0.223547256, 0.477256262),
        (-0, 0, 1),
        (-0, 0, 1),
        (-0, 0, 1),
        (-0, 0, 1),
        (-0, 0, 1),
        (-0, 0, 1),
        (-0.842500948, 0.0964005598, 0.529999136),
        (-0.842500948, 0.0964005598, 0.529999136),
        (-0.842500948, 0.0964005598, 0.529999136),
        (-0.83709695, 0.135534604, 0.52999912),
        (-0.83709695, 0.135534604, 0.52999912),
        (-0.83709695, 0.135534604, 0.52999912),
        (0, -0, 1),
        (0, -0, 1),
        (0, -0, 1),
        (0, 0, 1),
        (0, 0, 1),
        (0, 0, 1),
        (0, 0, 1),
        (0, 0, 1),
        (0, 0, 1),
        (0, 0, 1),
        (0, 0, 1),
        (0, 0, 1),
        (-0.838743826, 0.124938862, 0.529999128),
        (-0.838743826, 0.124938862, 0.529999128),
        (-0.838743826, 0.124938862, 0.529999128),
        (-0.840635969, 0.111499358, 0.529999114),
        (-0.840635969, 0.111499358, 0.529999114),
        (-0.840635969, 0.111499358, 0.529999114),
        (0, -0, 1),
        (0, -0, 1),
        (0, -0, 1),
        (-0.842772391, 0.0939997114, 0.529998821),
        (-0.842772391, 0.0939997114, 0.529998821),
        (-0.842772391, 0.0939997114, 0.529998821),
        (-0.842772385, 0.0939951272, 0.529999645),
        (-0.842772385, 0.0939951272, 0.529999645),
        (-0.842772385, 0.0939951272, 0.529999645),
        (0, 0, 1),
        (0, 0, 1),
        (0, 0, 1),
        (-0.841762905, 0.102646405, 0.529998988),
        (-0.841762905, 0.102646405, 0.529998988),
        (-0.841762905, 0.102646405, 0.529998988),
        (0, 0, 1),
        (0, 0, 1),
        (0, 0, 1),
        (-0, 0, 1),
        (-0, 0, 1),
        (-0, 0, 1),
        (-0.851869241, 0.0932127953, 0.515393219),
        (-0.851869241, 0.0932127953, 0.515393219),
        (-0.851869241, 0.0932127953, 0.515393219),
        (-0.847724902, -0.106694942, 0.519594727),
        (-0.847724902, -0.106694942, 0.519594727),
        (-0.847724902, -0.106694942, 0.519594727),
        (0, 0, 1),
        (0, 0, 1),
        (0, 0, 1),
        (0, 0, 1),
        (0, 0, 1),
        (0, 0, 1),
        (-0.0554971985, 0.846180089, 0.529999356),
        (-0.0554971985, 0.846180089, 0.529999356),
        (-0.0554971985, 0.846180089, 0.529999356),
        (-0.0592541819, 0.845925307, 0.529999355),
        (-0.0592541819, 0.845925307, 0.529999355),
        (-0.0592541819, 0.845925307, 0.529999355),
        (-0.042260364, 0.846944597, 0.529998972),
        (-0.042260364, 0.846944597, 0.529998972),
        (-0.042260364, 0.846944597, 0.529998972),
        (0, 0, 1),
        (0, 0, 1),
        (0, 0, 1),
        (0, 0, 1),
        (0, 0, 1),
        (0, 0, 1),
        (0, -0, 1),
        (0, -0, 1),
        (0, -0, 1),
        (0, 0, 1),
        (0, 0, 1),
        (0, 0, 1),
        (0, -0, 1),
        (0, -0, 1),
        (0, -0, 1),
        (0, -0, 1),
        (0, -0, 1),
        (0, -0, 1),
        (0, 0, 1),
        (0, 0, 1),
        (0, 0, 1),
        (0, 0, 1),
        (0, 0, 1),
        (0, 0, 1),
        (-0.00792636989, 0.847961055, 0.529999266),
        (-0.00792636989, 0.847961055, 0.529999266),
        (-0.00792636989, 0.847961055, 0.529999266),
        (-0.0241401152, 0.847654964, 0.529998412),
        (-0.0241401152, 0.847654964, 0.529998412),
        (-0.0241401152, 0.847654964, 0.529998412),
        (-0.0287654035, 0.847510081, 0.529999259),
        (-0.0287654035, 0.847510081, 0.529999259),
        (-0.0287654035, 0.847510081, 0.529999259),
        (0, -0, 1),
        (0, -0, 1),
        (0, -0, 1),
        (0, 0, 1),
        (0, 0, 1),
        (0, 0, 1),
        (0, 0, 1),
        (0, 0, 1),
        (0, 0, 1),
        (0, 0, 1),
        (0, 0, 1),
        (0, 0, 1),
        (0, 0, 1),
        (0, 0, 1),
        (0, 0, 1),
        (0.0287657405, 0.847510032, 0.529999318),
        (0.0287657405, 0.847510032, 0.529999318),
        (0.0287657405, 0.847510032, 0.529999318),
        (-0.0079296435, 0.847961381, 0.529998695),
        (-0.0079296435, 0.847961381, 0.529998695),
        (-0.0079296435, 0.847961381, 0.529998695),
        (-0.0136685547, 0.847888292, 0.529998693),
        (-0.0136685547, 0.847888292, 0.529998693),
        (-0.0136685547, 0.847888292, 0.529998693),
        (-0.0287657405, 0.847510032, 0.529999318),
        (-0.0287657405, 0.847510032, 0.529999318),
        (-0.0287657405, 0.847510032, 0.529999318),
        (0, -0, 1),
        (0, -0, 1),
        (0, -0, 1),
        (-0.0241455741, 0.847654239, 0.529999322),
        (-0.0241455741, 0.847654239, 0.529999322),
        (-0.0241455741, 0.847654239, 0.529999322),
        (0, 0, 1),
        (0, 0, 1),
        (0, 0, 1),
        (0.0287654035, 0.847510081, 0.529999259),
        (0.0287654035, 0.847510081, 0.529999259),
        (0.0287654035, 0.847510081, 0.529999259),
        (0.0233370336, 0.847676923, 0.529999262),
        (0.0233370336, 0.847676923, 0.529999262),
        (0.0233370336, 0.847676923, 0.529999262),
        (0.0241401152, 0.847654964, 0.529998412),
        (0.0241401152, 0.847654964, 0.529998412),
        (0.0241401152, 0.847654964, 0.529998412),
        (0, 0, 1),
        (0, 0, 1),
        (0, 0, 1),
        (0, 0, 1),
        (0, 0, 1),
        (0, 0, 1),
        (0.0250912691, 0.847627115, 0.529998776),
        (0.0250912691, 0.847627115, 0.529998776),
        (0.0250912691, 0.847627115, 0.529998776),
        (0, 0, 1),
        (0, 0, 1),
        (0, 0, 1),
        (0.847943581, -0.0096518804, 0.529998608),
        (0.847943581, -0.0096518804, 0.529998608),
        (0.847943581, -0.0096518804, 0.529998608),
        (0.846419365, -0.0517251124, 0.529998841),
        (0.846419365, -0.0517251124, 0.529998841),
        (0.846419365, -0.0517251124, 0.529998841),
        (0, 0, 1),
        (0, 0, 1),
        (0, 0, 1),
        (0, -0, 1),
        (0, -0, 1),
        (0, -0, 1),
        (0, 0, 1),
        (0, 0, 1),
        (0, 0, 1),
        (0.846103174, -0.0566556216, 0.529999585),
        (0.846103174, -0.0566556216, 0.529999585),
        (0.846103174, -0.0566556216, 0.529999585),
        (0.846418648, -0.051729154, 0.529999592),
        (0.846418648, -0.051729154, 0.529999592),
        (0.846418648, -0.051729154, 0.529999592),
        (0.846703647, -0.0468430671, 0.529998737),
        (0.846703647, -0.0468430671, 0.529998737),
        (0.846703647, -0.0468430671, 0.529998737),
        (0.847480441, -0.0296244247, 0.529999335),
        (0.847480441, -0.0296244247, 0.529999335),
        (0.847480441, -0.0296244247, 0.529999335),
        (0.84799162, -0.00344983587, 0.529998407),
        (0.84799162, -0.00344983587, 0.529998407),
        (0.84799162, -0.00344983587, 0.529998407),
        (0, -0, 1),
        (0, -0, 1),
        (0, -0, 1),
        (0, -0, 1),
        (0, -0, 1),
        (0, -0, 1),
        (0, 0, 1),
        (0, 0, 1),
        (0, 0, 1),
        (0, 0, 1),
        (0, 0, 1),
        (0, 0, 1),
        (0.84788863, 0.0136431259, 0.529998808),
        (0.84788863, 0.0136431259, 0.529998808),
        (0.84788863, 0.0136431259, 0.529998808),
        (0.847888355, 0.0136453025, 0.529999192),
        (0.847888355, 0.0136453025, 0.529999192),
        (0.847888355, 0.0136453025, 0.529999192),
        (0.847933567, 0.0105052005, 0.529998403),
        (0.847933567, 0.0105052005, 0.529998403),
        (0.847933567, 0.0105052005, 0.529998403),
        (-0, -0, 1),
        (-0, -0, 1),
        (-0, -0, 1),
        (0.0514959063, 0.827320601, 0.559364635),
        (0.0514959063, 0.827320601, 0.559364635),
        (0.0514959063, 0.827320601, 0.559364635),
        (-0, 0, 1),
        (-0, 0, 1),
        (-0, 0, 1),
        (0, 0, 1),
        (0, 0, 1),
        (0, 0, 1),
        (0.0554949154, 0.846180481, 0.52999897),
        (0.0554949154, 0.846180481, 0.52999897),
        (0.0554949154, 0.846180481, 0.52999897),
        (0.865891188, -0.412027647, 0.283664713),
        (0.865891188, -0.412027647, 0.283664713),
        (0.865891188, -0.412027647, 0.283664713),
        (0, 0, 1),
        (0, 0, 1),
        (0, 0, 1)
    ] (
        interpolation = "faceVarying"
    )
    uniform token orientation = "rightHanded"
    point3f[] points = [
        (16, 0, -0.8),
        (16, 1, -0.8),
        (16, 2, -0.8),
        (16, 3, -0.8),
        (16, 4, -0.8),
        (16, 5, -0.8),
        (16, 6, -0.8),
        (16, 7, -0.8),
        (16, 8, -0.8),
        (16, 9, -0.8),
        (16, 10, -0.8),
        (16, 11, -0.8),
        (16, 12, -0.8),
        (16, 13, -0.8),
        (16, 14, -0.8),
        (16, 15, -0.8),
        (16, 16, -0.8),
        (15, 16, -0.8),
        (14, 16, -0.8),
        (13, 16, -0.8),
        (12, 16, -0.8),
        (11, 16, -0.8),
        (10, 16, -0.8),
        (9, 16, -0.8),
        (8, 16, -0.8),
        (7, 16, -0.8),
        (6, 16, -0.8),
        (5, 16, -0.8),
        (4, 16, -0.8),
        (3, 16, -0.8),
        (2, 16, -0.8),
        (1, 16, -0.8),
        (0, 16, -0.8),
        (0, 15, -0.8),
        (0, 14, -0.8),
        (0, 13, -0.8),
        (0, 12, -0.8),
        (0, 11, -0.8),
        (0, 10, -0.8),
        (0, 9, -0.8),
        (0, 8, -0.8),
        (0, 7, -0.8),
        (0, 6, -0.8),
        (0, 5, -0.8),
        (0, 4, -0.8),
        (0, 3, -0.8),
        (0, 2, -0.8),
        (0, 1, -0.8),
        (0, 0, -0.8),
        (1, 0, -0.8),
        (2, 0, -0.8),
        (3, 0, -0.8),
        (4, 0, -0.8),
        (5, 0, -0.8),
        (6, 0, -0.8),
        (7, 0, -0.8),
        (8, 0, -0.8),
        (9, 0, -0.8),
        (10, 0, -0.8),
        (11, 0, -0.8),
        (12, 0, -0.8),
        (13, 0, -0.8),
        (14, 0, -0.8),
        (15, 0, -0.8),
        (6.887182, 1, 0),
        (6.859533, 0.991401, 0),
        (6.7352, 0.989176, 0),
        (6.531937, 0.984866, 0),
        (6.326301, 0.979294, 0),
        (6.120403, 0.972056, 0),
        (5.918531, 0.963662, 0),
        (5.72306, 0.95549, 0),
        (5.53267, 0.948839, 0),
        (5.342054, 0.944031, 0),
        (5.146792, 0.940358, 0),
        (4.946956, 0.93668, 0),
        (4.746917, 0.93245, 0),
        (4.549749, 0.928164, 0),
        (4.356695, 0.924776, 0),
        (4.164672, 0.922759, 0),
        (3.971255, 0.921937, 0),
        (3.776839, 0.921937, 0),
        (3.583422, 0.922759, 0),
        (3.391399, 0.924776, 0),
        (3.198345, 0.928164, 0),
        (3.001771, 0.932438, 0),
        (2.801138, 0.93668, 0),
        (2.601302, 0.940358, 0),
        (2.40604, 0.944031, 0),
        (2.215424, 0.948839, 0),
        (2.025034, 0.95549, 0),
        (1.829794, 0.963653, 0),
        (1.627691, 0.972056, 0),
        (1.421793, 0.979294, 0),
        (1.216157, 0.984866, 0),
        (1.012894, 0.989176, 0),
        (1, 1, 0),
        (0.982364, 0.989723, 0),
        (0.981136, 1.024407, 0),
        (0.973739, 1.222358, 0),
        (0.966666, 1.418372, 0),
        (0.959975, 1.614188, 0),
        (0.95361, 1.810072, 0),
        (0.947585, 2.006221, 0),
        (0.941738, 2.203997, 0),
        (0.935507, 2.404675, 0),
        (0.928284, 2.606938, 0),
        (0.920224, 2.806561, 0),
        (0.912551, 2.999586, 0),
        (0.906735, 3.186114, 0),
        (0.903493, 3.370769, 0),
        (0.902501, 3.559154, 0),
        (0.902675, 3.753664, 0),
        (0.902861, 3.952475, 0),
        (0.90256, 4.152029, 0),
        (0.901975, 4.350097, 0),
        (0.901498, 4.546743, 0),
        (0.901297, 4.743165, 0),
        (0.901287, 4.940209, 0),
        (0.901307, 5.13774, 0),
        (0.901287, 5.335481, 0),
        (0.901297, 5.532525, 0),
        (0.901498, 5.728947, 0),
        (0.901975, 5.925593, 0),
        (0.90256, 6.123661, 0),
        (0.902861, 6.323215, 0),
        (0.902675, 6.522026, 0),
        (0.902501, 6.716536, 0),
        (0.903493, 6.904921, 0),
        (0.906735, 7.089576, 0),
        (0.912551, 7.276103, 0),
        (0.920224, 7.469129, 0),
        (0.928284, 7.668752, 0),
        (0.935507, 7.871014, 0),
        (0.941738, 8.071693, 0),
        (0.947585, 8.269469, 0),
        (0.95361, 8.465618, 0),
        (0.959975, 8.661502, 0),
        (0.966666, 8.857318, 0),
        (0.973739, 9.053332, 0),
        (0.978255, 9.174202, 0),
        (1, 9.185972, 0),
        (1.053431, 9.165597, 0),
        (1.254026, 9.14156, 0),
        (1.475096, 9.118943, 0),
        (1.705101, 9.103579, 0),
        (1.926223, 9.096319, 0),
        (2.129303, 9.092946, 0),
        (2.317965, 9.08929, 0),
        (2.500819, 9.083454, 0),
        (2.683396, 9.07507, 0),
        (2.868189, 9.064246, 0),
        (3.058845, 9.051329, 0),
        (3.259692, 9.037607, 0),
        (3.469894, 9.025633, 0),
        (3.680666, 9.017382, 0),
        (3.881223, 9.011906, 0),
        (4.067795, 9.006239, 0),
        (4.245494, 8.997985, 0),
        (4.421352, 8.986235, 0),
        (4.597522, 8.97108, 0),
        (4.772804, 8.952624, 0),
        (4.949301, 8.930408, 0),
        (5.1341, 8.904128, 0),
        (5.332646, 8.875271, 0),
        (5.541731, 8.847404, 0),
        (5.750889, 8.823304, 0),
        (5.951129, 8.802523, 0),
        (6.14119, 8.782688, 0),
        (6.325116, 8.761794, 0),
        (6.506443, 8.738873, 0),
        (6.687607, 8.713394, 0),
        (6.874122, 8.684777, 0),
        (7.074794, 8.653416, 0),
        (7.293907, 8.622806, 0),
        (7.523157, 8.598663, 0),
        (7.744842, 8.583192, 0),
        (7.946595, 8.572618, 0),
        (8.026858, 8.581492, 0),
        (7.976872, 8.492245, 0),
        (7.939454, 8.297824, 0),
        (7.901521, 8.098739, 0),
        (7.864538, 7.900915, 0),
        (7.827184, 7.702134, 0),
        (7.787856, 7.486344, 0),
        (7.751389, 7.239995, 0),
        (7.729648, 6.975275, 0),
        (7.725626, 6.730156, 0),
        (7.726605, 6.537227, 0),
        (7.721577, 6.393869, 0),
        (7.707104, 6.26321, 0),
        (7.680075, 6.107707, 0),
        (7.643306, 5.921002, 0),
        (7.604938, 5.723247, 0),
        (7.567644, 5.530805, 0),
        (7.528553, 5.337839, 0),
        (7.486288, 5.127035, 0),
        (7.446572, 4.895755, 0),
        (7.416535, 4.66302, 0),
        (7.394956, 4.449107, 0),
        (7.375586, 4.253176, 0),
        (7.354676, 4.058489, 0),
        (7.333185, 3.85798, 0),
        (7.313437, 3.668716, 0),
        (7.293553, 3.512139, 0),
        (7.268973, 3.382999, 0),
        (7.23163, 3.244498, 0),
        (7.173973, 3.060384, 0),
        (7.105751, 2.824916, 0),
        (7.048703, 2.565503, 0),
        (7.011131, 2.319321, 0),
        (6.985278, 2.101505, 0),
        (6.962538, 1.900527, 0),
        (6.939726, 1.700573, 0),
        (6.917451, 1.499134, 0),
        (6.896055, 1.302305, 0),
        (6.874012, 1.110125, 0),
        (1, 11.193359, 0),
        (0.990967, 11.28166, 0),
        (0.987574, 11.476313, 0),
        (0.98455, 11.676096, 0),
        (0.979903, 11.885214, 0),
        (0.971665, 12.098539, 0),
        (0.96047, 12.305223, 0),
        (0.949417, 12.498196, 0),
        (0.941178, 12.680101, 0),
        (0.936462, 12.85998, 0),
        (0.934577, 13.044264, 0),
        (0.934577, 13.231426, 0),
        (0.936462, 13.41571, 0),
        (0.941178, 13.595588, 0),
        (0.949417, 13.777494, 0),
        (0.96047, 13.970467, 0),
        (0.971665, 14.17715, 0),
        (0.979903, 14.390475, 0),
        (0.98455, 14.599594, 0),
        (0.987574, 14.799377, 0),
        (0.990879, 14.988959, 0),
        (1, 15, 0),
        (1.154482, 14.982969, 0),
        (1.353641, 14.974307, 0),
        (1.564945, 14.966602, 0),
        (1.78139, 14.962488, 0),
        (1.993468, 14.962123, 0),
        (2.196429, 14.96354, 0),
        (2.391591, 14.964718, 0),
        (2.582502, 14.964553, 0),
        (2.771878, 14.962601, 0),
        (2.962018, 14.958744, 0),
        (3.155749, 14.953279, 0),
        (3.354798, 14.947109, 0),
        (3.557416, 14.941379, 0),
        (3.759359, 14.936548, 0),
        (3.958194, 14.932064, 0),
        (4.155978, 14.927234, 0),
        (4.356781, 14.922183, 0),
        (4.561928, 14.917879, 0),
        (4.768788, 14.915185, 0),
        (4.974382, 14.91407, 0),
        (5.178888, 14.91407, 0),
        (5.384482, 14.915185, 0),
        (5.591342, 14.917879, 0),
        (5.796489, 14.922183, 0),
        (5.997292, 14.927234, 0),
        (6.195076, 14.932064, 0),
        (6.393911, 14.936548, 0),
        (6.595855, 14.941379, 0),
        (6.798473, 14.947109, 0),
        (6.997521, 14.953279, 0),
        (7.191252, 14.958744, 0),
        (7.381392, 14.962601, 0),
        (7.570768, 14.964553, 0),
        (7.761679, 14.964718, 0),
        (7.956841, 14.96354, 0),
        (8.159802, 14.962123, 0),
        (8.37188, 14.962488, 0),
        (8.588325, 14.966602, 0),
        (8.799629, 14.974307, 0),
        (8.991711, 15, 0),
        (8.963576, 14.971431, 0),
        (8.934737, 14.790747, 0),
        (8.902409, 14.613669, 0),
        (8.864844, 14.426102, 0),
        (8.823888, 14.220649, 0),
        (8.784911, 14.005479, 0),
        (8.751004, 13.793744, 0),
        (8.720881, 13.593828, 0),
        (8.691202, 13.402178, 0),
        (8.659721, 13.208185, 0),
        (8.62703, 13.005359, 0),
        (8.595784, 12.797501, 0),
        (8.567398, 12.594028, 0),
        (8.540454, 12.399354, 0),
        (8.512476, 12.207448, 0),
        (8.482491, 12.007511, 0),
        (8.452649, 11.795165, 0),
        (8.426643, 11.578045, 0),
        (8.405475, 11.37052, 0),
        (8.386144, 11.17931, 0),
        (8.364982, 11.000553, 0),
        (8.339425, 10.819376, 0),
        (8.309634, 10.623725, 0),
        (8.324763, 10.563251, 0),
        (8.299706, 10.555021, 0),
        (8.262027, 10.557738, 0),
        (8.05657, 10.569599, 0),
        (7.866811, 10.579544, 0),
        (7.697565, 10.591356, 0),
        (7.537068, 10.608258, 0),
        (7.367573, 10.631937, 0),
        (7.180184, 10.661221, 0),
        (6.978545, 10.69216, 0),
        (6.771132, 10.72133, 0),
        (6.563412, 10.747587, 0),
        (6.357867, 10.770938, 0),
        (6.158433, 10.79175, 0),
        (5.968591, 10.811452, 0),
        (5.788332, 10.832223, 0),
        (5.608597, 10.856178, 0),
        (5.418721, 10.883775, 0),
        (5.214995, 10.912746, 0),
        (5.002428, 10.939502, 0),
        (4.787962, 10.962084, 0),
        (4.573743, 10.980512, 0),
        (4.358572, 10.994889, 0),
        (4.144558, 11.00483, 0),
        (3.938877, 11.011077, 0),
        (3.747078, 11.016314, 0),
        (3.565892, 11.023407, 0),
        (3.384734, 11.033727, 0),
        (3.194886, 11.046697, 0),
        (2.994258, 11.06029, 0),
        (2.787745, 11.072386, 0),
        (2.578592, 11.08199, 0),
        (2.369244, 11.088671, 0),
        (2.165284, 11.092625, 0),
        (1.975647, 11.095774, 0),
        (1.804598, 11.10139, 0),
        (1.643573, 11.112146, 0),
        (1.474796, 11.129413, 0),
        (1.286126, 11.152022, 0),
        (1.081661, 11.175424, 0),
        (0.992974, 11.184291, 0),
        (11.014182, 15, 0),
        (11.036762, 15.032969, 0),
        (11.195385, 15.04408, 0),
        (11.380258, 15.056205, 0),
        (11.557221, 15.065035, 0),
        (11.734131, 15.070271, 0),
        (11.918901, 15.072835, 0),
        (12.114914, 15.074668, 0),
        (12.318889, 15.077956, 0),
        (12.522682, 15.083566, 0),
        (12.71805, 15.090197, 0),
        (12.901549, 15.095424, 0),
        (13.076635, 15.097374, 0),
        (13.251721, 15.095424, 0),
        (13.43522, 15.090197, 0),
        (13.630588, 15.083566, 0),
        (13.834381, 15.077956, 0),
        (14.038356, 15.074668, 0),
        (14.234369, 15.072835, 0),
        (14.419139, 15.070271, 0),
        (14.596049, 15.065035, 0),
        (14.773012, 15.056205, 0),
        (14.957885, 15.04408, 0),
        (14.959089, 15.043996, 0),
        (14.958788, 15.02436, 0),
        (15, 15, 0),
        (14.960489, 14.812779, 0),
        (14.963676, 14.614746, 0),
        (14.966032, 14.424623, 0),
        (14.966898, 14.236991, 0),
        (14.966144, 14.051653, 0),
        (14.96318, 13.871231, 0),
        (14.957012, 13.69478, 0),
        (14.947058, 13.514853, 0),
        (14.934136, 13.321874, 0),
        (14.921313, 13.112041, 0),
        (14.912734, 12.89137, 0),
        (14.910236, 12.671914, 0),
        (14.911977, 12.463106, 0),
        (14.914839, 12.265973, 0),
        (14.916917, 12.074973, 0),
        (14.917831, 11.884556, 0),
        (14.917831, 11.693494, 0),
        (14.916917, 11.503077, 0),
        (14.914839, 11.312077, 0),
        (14.911977, 11.114944, 0),
        (14.910236, 10.906136, 0),
        (14.912734, 10.68668, 0),
        (14.921313, 10.466009, 0),
        (14.934136, 10.256175, 0),
        (14.947058, 10.063196, 0),
        (14.957012, 9.883269, 0),
        (14.96318, 9.706819, 0),
        (14.966144, 9.526397, 0),
        (14.966898, 9.341058, 0),
        (14.966032, 9.153427, 0),
        (14.963676, 8.963304, 0),
        (14.960489, 8.765271, 0),
        (14.958788, 8.553689, 0),
        (15, 8.44034, 0),
        (14.896682, 8.432874, 0),
        (14.706897, 8.41108, 0),
        (14.512571, 8.389934, 0),
        (14.313911, 8.36852, 0),
        (14.112607, 8.346265, 0),
        (13.910309, 8.322985, 0),
        (13.707828, 8.29866, 0),
        (13.505686, 8.273321, 0),
        (13.304877, 8.247206, 0),
        (13.106438, 8.22085, 0),
        (12.909887, 8.194735, 0),
        (12.712846, 8.16879, 0),
        (12.51236, 8.142184, 0),
        (12.307669, 8.113805, 0),
        (12.101289, 8.083115, 0),
        (11.897197, 8.050706, 0),
        (11.697646, 8.017823, 0),
        (11.501581, 7.985311, 0),
        (11.305981, 7.953112, 0),
        (11.108414, 7.920579, 0),
        (10.908695, 7.887132, 0),
        (10.707927, 7.852556, 0),
        (10.50713, 7.816912, 0),
        (10.306811, 7.78032, 0),
        (10.107742, 7.743037, 0),
        (9.914428, 7.684084, 0),
        (9.986916, 7.870261, 0),
        (10.020958, 8.072775, 0),
        (10.053218, 8.274355, 0),
        (10.084193, 8.478551, 0),
        (10.112963, 8.685861, 0),
        (10.138225, 8.888147, 0),
        (10.160987, 9.072908, 0),
        (10.184746, 9.236371, 0),
        (10.213875, 9.392473, 0),
        (10.252436, 9.565522, 0),
        (10.299133, 9.77132, 0),
        (10.344014, 10.004018, 0),
        (10.377642, 10.239622, 0),
        (10.40075, 10.455065, 0),
        (10.420074, 10.645662, 0),
        (10.440879, 10.823557, 0),
        (10.465129, 11.001677, 0),
        (10.492218, 11.181888, 0),
        (10.521409, 11.359265, 0),
        (10.553825, 11.535415, 0),
        (10.591391, 11.723269, 0),
        (10.632646, 11.935985, 0),
        (10.669772, 12.171063, 0),
        (10.695288, 12.406672, 0),
        (10.71116, 12.617104, 0),
        (10.725181, 12.793842, 0),
        (10.743233, 12.951609, 0),
        (10.768583, 13.114832, 0),
        (10.801148, 13.29812, 0),
        (10.836474, 13.498893, 0),
        (10.869926, 13.7055, 0),
        (10.900355, 13.909777, 0),
        (10.928786, 14.111933, 0),
        (10.955787, 14.315505, 0),
        (10.980796, 14.520594, 0),
        (11.003385, 14.72312, 0),
        (11.024331, 14.919363, 0),
        (15, 6.418347, 0),
        (15.023893, 6.434339, 0),
        (15.009445, 6.247408, 0),
        (14.996467, 6.005412, 0),
        (14.998591, 5.743666, 0),
        (15.016122, 5.497284, 0),
        (15.03787, 5.285318, 0),
        (15.055606, 5.101615, 0),
        (15.067919, 4.927659, 0),
        (15.075933, 4.75045, 0),
        (15.080697, 4.568612, 0),
        (15.082542, 4.384419, 0),
        (15.081735, 4.195399, 0),
        (15.07959, 3.996616, 0),
        (15.078439, 3.789025, 0),
        (15.07959, 3.581434, 0),
        (15.081735, 3.382651, 0),
        (15.082542, 3.19363, 0),
        (15.080697, 3.009438, 0),
        (15.075933, 2.8276, 0),
        (15.067919, 2.650391, 0),
        (15.055606, 2.476435, 0),
        (15.03787, 2.292732, 0),
        (15.016122, 2.080766, 0),
        (14.998591, 1.834384, 0),
        (14.996467, 1.572638, 0),
        (15.009445, 1.330642, 0),
        (15.024781, 1.132218, 0),
        (15.029856, 1.033905, 0),
        (15, 1, 0),
        (14.88721, 1.043637, 0),
        (14.685334, 1.056591, 0),
        (14.480208, 1.068357, 0),
        (14.270395, 1.078173, 0),
        (14.05705, 1.084701, 0),
        (13.846716, 1.087434, 0),
        (13.645919, 1.08801, 0),
        (13.453277, 1.088846, 0),
        (13.259898, 1.090884, 0),
        (13.057068, 1.092878, 0),
        (12.848226, 1.092569, 0),
        (12.642923, 1.08951, 0),
        (12.447684, 1.085773, 0),
        (12.259092, 1.083428, 0),
        (12.068899, 1.082786, 0),
        (11.874176, 1.082811, 0),
        (11.679195, 1.082786, 0),
        (11.489002, 1.083428, 0),
        (11.30041, 1.085773, 0),
        (11.105171, 1.08951, 0),
        (10.899868, 1.092569, 0),
        (10.691026, 1.092878, 0),
        (10.488895, 1.090891, 0),
        (10.294817, 1.088846, 0),
        (10.102175, 1.08801, 0),
        (9.901378, 1.087434, 0),
        (9.691044, 1.084701, 0),
        (9.477699, 1.078173, 0),
        (9.267886, 1.068357, 0),
        (9.06276, 1.056591, 0),
        (8.909653, 1, 0),
        (8.885642, 1.045226, 0),
        (8.888431, 1.068817, 0),
        (8.911445, 1.265292, 0),
        (8.934622, 1.456913, 0),
        (8.959124, 1.645992, 0),
        (8.985551, 1.837311, 0),
        (9.013344, 2.03347, 0),
        (9.041246, 2.232663, 0),
        (9.068508, 2.430957, 0),
        (9.095426, 2.626192, 0),
        (9.122755, 2.819254, 0),
        (9.150934, 3.011979, 0),
        (9.179928, 3.204854, 0),
        (9.209656, 3.397346, 0),
        (9.240296, 3.589911, 0),
        (9.271967, 3.784431, 0),
        (9.304209, 3.981976, 0),
        (9.336103, 4.180569, 0),
        (9.36721, 4.37623, 0),
        (9.398199, 4.566863, 0),
        (9.430371, 4.754789, 0),
        (9.464555, 4.944756, 0),
        (9.500322, 5.139314, 0),
        (9.536384, 5.336652, 0),
        (9.571966, 5.533391, 0),
        (9.586919, 5.615943, 0),
        (9.603525, 5.615859, 0),
        (9.675677, 5.630313, 0),
        (9.881682, 5.665911, 0),
        (10.085084, 5.703117, 0),
        (10.283982, 5.740721, 0),
        (10.478595, 5.777719, 0),
        (10.670595, 5.813678, 0),
        (10.861607, 5.84857, 0),
        (11.052431, 5.882444, 0),
        (11.243587, 5.915364, 0),
        (11.436061, 5.947598, 0),
        (11.63087, 5.979676, 0),
        (11.827603, 6.012062, 0),
        (12.023825, 6.044601, 0),
        (12.216619, 6.07637, 0),
        (12.405215, 6.106318, 0),
        (12.592098, 6.134108, 0),
        (12.781248, 6.160333, 0),
        (12.974944, 6.186038, 0),
        (13.172143, 6.212004, 0),
        (13.369787, 6.238264, 0),
        (13.5655, 6.264258, 0),
        (13.759026, 6.289426, 0),
        (13.951489, 6.313551, 0),
        (14.143913, 6.336669, 0),
        (14.336812, 6.358867, 0),
        (14.530968, 6.380331, 0),
        (14.727925, 6.401562, 0),
        (14.929159, 6.42346, 0),
        (7.317638, 0.5, -0.8),
        (7.305112, 0.497716, -0.8),
        (7.145439, 0.495892, -0.8),
        (6.945152, 0.492854, -0.8),
        (6.744974, 0.489271, -0.8),
        (6.544008, 0.485009, -0.8),
        (6.341856, 0.479532, -0.8),
        (6.139572, 0.472421, -0.8),
        (5.939301, 0.464094, -0.8),
        (5.742232, 0.455855, -0.8),
        (5.547702, 0.449059, -0.8),
        (5.353059, 0.444149, -0.8),
        (5.156094, 0.440444, -0.8),
        (4.956842, 0.436777, -0.8),
        (4.757487, 0.432562, -0.8),
        (4.559569, 0.428259, -0.8),
        (4.363707, 0.424822, -0.8),
        (4.168361, 0.42277, -0.8),
        (3.972318, 0.421937, -0.8),
        (3.775776, 0.421937, -0.8),
        (3.579733, 0.42277, -0.8),
        (3.384387, 0.424822, -0.8),
        (3.188525, 0.428259, -0.8),
        (2.990904, 0.432556, -0.8),
        (2.791252, 0.436777, -0.8),
        (2.592, 0.440444, -0.8),
        (2.395035, 0.444149, -0.8),
        (2.200392, 0.449059, -0.8),
        (2.005862, 0.455855, -0.8),
        (1.808908, 0.464089, -0.8),
        (1.608522, 0.472421, -0.8),
        (1.406238, 0.479532, -0.8),
        (1.204086, 0.485009, -0.8),
        (1.00312, 0.489271, -0.8),
        (0.802942, 0.492854, -0.8),
        (0.602655, 0.495892, -0.8),
        (0.5, 0.5, -0.8),
        (0.496193, 0.497108, -0.8),
        (0.49427, 0.604398, -0.8),
        (0.488541, 0.80637, -0.8),
        (0.481466, 1.006227, -0.8),
        (0.474075, 1.204007, -0.8),
        (0.466974, 1.400819, -0.8),
        (0.460252, 1.597532, -0.8),
        (0.453859, 1.794278, -0.8),
        (0.447812, 1.991158, -0.8),
        (0.441967, 2.18885, -0.8),
        (0.435784, 2.387994, -0.8),
        (0.428644, 2.58793, -0.8),
        (0.420625, 2.786547, -0.8),
        (0.412861, 2.981864, -0.8),
        (0.406871, 3.173932, -0.8),
        (0.403516, 3.365064, -0.8),
        (0.4025, 3.558062, -0.8),
        (0.402675, 3.754121, -0.8),
        (0.402861, 3.952332, -0.8),
        (0.402561, 4.150913, -0.8),
        (0.401977, 4.348752, -0.8),
        (0.401499, 4.54588, -0.8),
        (0.401297, 4.742895, -0.8),
        (0.401287, 4.940222, -0.8),
        (0.401307, 5.137792, -0.8),
        (0.401287, 5.335468, -0.8),
        (0.401297, 5.532794, -0.8),
        (0.401499, 5.72981, -0.8),
        (0.401977, 5.926938, -0.8),
        (0.402561, 6.124776, -0.8),
        (0.402861, 6.323358, -0.8),
        (0.402675, 6.521568, -0.8),
        (0.4025, 6.717628, -0.8),
        (0.403516, 6.910625, -0.8),
        (0.406871, 7.101758, -0.8),
        (0.412861, 7.293826, -0.8),
        (0.420625, 7.489143, -0.8),
        (0.428644, 7.68776, -0.8),
        (0.435784, 7.887696, -0.8),
        (0.441967, 8.08684, -0.8),
        (0.447812, 8.284532, -0.8),
        (0.453859, 8.481411, -0.8),
        (0.460252, 8.678158, -0.8),
        (0.466974, 8.874871, -0.8),
        (0.474075, 9.071683, -0.8),
        (0.481466, 9.269463, -0.8),
        (0.488541, 9.469319, -0.8),
        (0.49427, 9.671292, -0.8),
        (0.495236, 9.725211, -0.8),
        (0.5, 9.730831, -0.8),
        (0.537461, 9.721087, -0.8),
        (0.731959, 9.702909, -0.8),
        (0.921755, 9.683933, -0.8),
        (1.111605, 9.662203, -0.8),
        (1.309219, 9.638523, -0.8),
        (1.517215, 9.617244, -0.8),
        (1.729976, 9.603032, -0.8),
        (1.938579, 9.596182, -0.8),
        (2.138298, 9.592866, -0.8),
        (2.330785, 9.589135, -0.8),
        (2.520262, 9.583088, -0.8),
        (2.709483, 9.574399, -0.8),
        (2.899706, 9.563257, -0.8),
        (3.092784, 9.550176, -0.8),
        (3.290953, 9.536637, -0.8),
        (3.493893, 9.525076, -0.8),
        (3.697269, 9.517115, -0.8),
        (3.895636, 9.511699, -0.8),
        (4.086986, 9.505887, -0.8),
        (4.273763, 9.497211, -0.8),
        (4.45945, 9.484804, -0.8),
        (4.645132, 9.468831, -0.8),
        (4.83021, 9.449343, -0.8),
        (5.015725, 9.425992, -0.8),
        (5.205256, 9.39904, -0.8),
        (5.401634, 9.370498, -0.8),
        (5.603381, 9.343609, -0.8),
        (5.805314, 9.320341, -0.8),
        (6.002884, 9.299837, -0.8),
        (6.195359, 9.279751, -0.8),
        (6.38469, 9.258242, -0.8),
        (6.572616, 9.234487, -0.8),
        (6.760341, 9.208086, -0.8),
        (6.950638, 9.178888, -0.8),
        (7.147989, 9.148046, -0.8),
        (7.354697, 9.119169, -0.8),
        (7.566759, 9.096836, -0.8),
        (7.775334, 9.08228, -0.8),
        (7.974089, 9.071863, -0.8),
        (8.164861, 9.06085, -0.8),
        (8.355109, 9.047133, -0.8),
        (8.549854, 9.031826, -0.8),
        (8.600498, 9.033991, -0.8),
        (8.575252, 8.987483, -0.8),
        (8.539162, 8.788132, -0.8),
        (8.504173, 8.592584, -0.8),
        (8.468141, 8.399203, -0.8),
        (8.430531, 8.203784, -0.8),
        (8.392846, 8.006004, -0.8),
        (8.35598, 7.808804, -0.8),
        (8.318836, 7.611139, -0.8),
        (8.281247, 7.404888, -0.8),
        (8.24838, 7.182863, -0.8),
        (8.229311, 6.950684, -0.8),
        (8.225647, 6.727323, -0.8),
        (8.226649, 6.529731, -0.8),
        (8.22061, 6.357531, -0.8),
        (8.202363, 6.192806, -0.8),
        (8.171732, 6.016577, -0.8),
        (8.134019, 5.825079, -0.8),
        (8.095785, 5.628014, -0.8),
        (8.058109, 5.433604, -0.8),
        (8.018698, 5.239056, -0.8),
        (7.977898, 5.03556, -0.8),
        (7.941124, 4.821412, -0.8),
        (7.913313, 4.605917, -0.8),
        (7.892481, 4.39942, -0.8),
        (7.872953, 4.201883, -0.8),
        (7.851817, 4.005095, -0.8),
        (7.830412, 3.805392, -0.8),
        (7.810157, 3.61127, -0.8),
        (7.787623, 3.433823, -0.8),
        (7.756634, 3.271014, -0.8),
        (7.711779, 3.104649, -0.8),
        (7.652728, 2.916085, -0.8),
        (7.590562, 2.701517, -0.8),
        (7.540527, 2.473994, -0.8),
        (7.506664, 2.252118, -0.8),
        (7.481954, 2.043931, -0.8),
        (7.459342, 1.844081, -0.8),
        (7.436602, 1.644758, -0.8),
        (7.414473, 1.44464, -0.8),
        (7.392967, 1.246799, -0.8),
        (7.370552, 1.051371, -0.8),
        (7.346503, 0.854179, -0.8),
        (7.322387, 0.653028, -0.8),
        (0.5, 10.734524, -0.8),
        (0.498568, 10.874136, -0.8),
        (0.495127, 11.07469, -0.8),
        (0.491057, 11.27215, -0.8),
        (0.48764, 11.468171, -0.8),
        (0.484634, 11.666758, -0.8),
        (0.480117, 11.870012, -0.8),
        (0.472187, 12.07537, -0.8),
        (0.461243, 12.277406, -0.8),
        (0.450065, 12.472588, -0.8),
        (0.441475, 12.662236, -0.8),
        (0.436529, 12.85087, -0.8),
        (0.434577, 13.041707, -0.8),
        (0.434577, 13.233983, -0.8),
        (0.436529, 13.42482, -0.8),
        (0.441475, 13.613454, -0.8),
        (0.450065, 13.803102, -0.8),
        (0.461243, 13.998283, -0.8),
        (0.472187, 14.20032, -0.8),
        (0.480117, 14.405678, -0.8),
        (0.484634, 14.608932, -0.8),
        (0.48764, 14.807519, -0.8),
        (0.491057, 15.00354, -0.8),
        (0.495127, 15.201, -0.8),
        (0.498568, 15.401554, -0.8),
        (0.499328, 15.497158, -0.8),
        (0.5, 15.5, -0.8),
        (0.592201, 15.496395, -0.8),
        (0.787662, 15.494052, -0.8),
        (0.980594, 15.48967, -0.8),
        (1.174492, 15.482571, -0.8),
        (1.373614, 15.473911, -0.8),
        (1.578807, 15.466429, -0.8),
        (1.786572, 15.462479, -0.8),
        (1.992153, 15.462126, -0.8),
        (2.193175, 15.463529, -0.8),
        (2.390298, 15.464719, -0.8),
        (2.585295, 15.464551, -0.8),
        (2.779525, 15.462548, -0.8),
        (2.974137, 15.458601, -0.8),
        (3.170544, 15.453061, -0.8),
        (3.36961, 15.44689, -0.8),
        (3.570461, 15.44121, -0.8),
        (3.770975, 15.436413, -0.8),
        (3.969934, 15.431926, -0.8),
        (4.168368, 15.42708, -0.8),
        (4.368312, 15.422051, -0.8),
        (4.570427, 15.41781, -0.8),
        (4.773399, 15.415167, -0.8),
        (4.975738, 15.41407, -0.8),
        (5.177532, 15.41407, -0.8),
        (5.379871, 15.415167, -0.8),
        (5.582843, 15.41781, -0.8),
        (5.784959, 15.422051, -0.8),
        (5.984902, 15.42708, -0.8),
        (6.183336, 15.431926, -0.8),
        (6.382295, 15.436413, -0.8),
        (6.582809, 15.44121, -0.8),
        (6.78366, 15.44689, -0.8),
        (6.982726, 15.453061, -0.8),
        (7.179133, 15.458601, -0.8),
        (7.373745, 15.462548, -0.8),
        (7.567975, 15.464551, -0.8),
        (7.762972, 15.464719, -0.8),
        (7.960095, 15.463529, -0.8),
        (8.161117, 15.462126, -0.8),
        (8.366698, 15.462479, -0.8),
        (8.574463, 15.466429, -0.8),
        (8.779656, 15.473911, -0.8),
        (8.978778, 15.482571, -0.8),
        (9.172676, 15.48967, -0.8),
        (9.365609, 15.494052, -0.8),
        (9.572491, 15.5, -0.8),
        (9.518745, 15.295675, -0.8),
        (9.486931, 15.091929, -0.8),
        (9.457759, 14.89533, -0.8),
        (9.427608, 14.706433, -0.8),
        (9.393512, 14.51967, -0.8),
        (9.355109, 14.327916, -0.8),
        (9.315099, 14.127206, -0.8),
        (9.277814, 13.921377, -0.8),
        (9.245078, 13.716962, -0.8),
        (9.215148, 13.51832, -0.8),
        (9.185035, 13.323871, -0.8),
        (9.153307, 13.128358, -0.8),
        (9.121081, 12.928413, -0.8),
        (9.090622, 12.725795, -0.8),
        (9.06264, 12.525211, -0.8),
        (9.035484, 12.329011, -0.8),
        (9.007098, 12.134303, -0.8),
        (8.977304, 11.93564, -0.8),
        (8.948494, 11.730635, -0.8),
        (8.923617, 11.522941, -0.8),
        (8.902894, 11.319782, -0.8),
        (8.883178, 11.124769, -0.8),
        (8.860859, 10.936235, -0.8),
        (8.83414, 10.746822, -0.8),
        (8.804223, 10.550336, -0.8),
        (8.774728, 10.346241, -0.8),
        (8.748873, 10.139881, -0.8),
        (8.74945, 10.024871, -0.8),
        (8.735686, 10.020763, -0.8),
        (8.626135, 10.028915, -0.8),
        (8.430244, 10.044311, -0.8),
        (8.229639, 10.058775, -0.8),
        (8.029076, 10.070354, -0.8),
        (7.836318, 10.080456, -0.8),
        (7.653963, 10.093183, -0.8),
        (7.476278, 10.111895, -0.8),
        (7.294378, 10.137307, -0.8),
        (7.103669, 10.16711, -0.8),
        (6.905811, 10.197468, -0.8),
        (6.70496, 10.225716, -0.8),
        (6.503838, 10.251139, -0.8),
        (6.303697, 10.273875, -0.8),
        (6.106536, 10.294451, -0.8),
        (5.914166, 10.314415, -0.8),
        (5.726682, 10.336018, -0.8),
        (5.539609, 10.360951, -0.8),
        (5.347566, 10.388863, -0.8),
        (5.148572, 10.417161, -0.8),
        (4.945022, 10.442783, -0.8),
        (4.740352, 10.464333, -0.8),
        (4.535646, 10.481943, -0.8),
        (4.330302, 10.495663, -0.8),
        (4.125367, 10.505182, -0.8),
        (3.924464, 10.511284, -0.8),
        (3.730475, 10.516581, -0.8),
        (3.541893, 10.523963, -0.8),
        (3.353473, 10.534697, -0.8),
        (3.160804, 10.54786, -0.8),
        (2.962741, 10.561279, -0.8),
        (2.761658, 10.573057, -0.8),
        (2.559149, 10.582356, -0.8),
        (2.356425, 10.588826, -0.8),
        (2.156289, 10.592705, -0.8),
        (1.963291, 10.59591, -0.8),
        (1.779724, 10.601937, -0.8),
        (1.601454, 10.613846, -0.8),
        (1.419604, 10.63245, -0.8),
        (1.227952, 10.655415, -0.8),
        (1.028359, 10.67826, -0.8),
        (0.828231, 10.698269, -0.8),
        (0.632588, 10.716554, -0.8),
        (0.499717, 10.72953, -0.8),
        (10.583726, 15.5, -0.8),
        (10.589793, 15.508643, -0.8),
        (10.764997, 15.516725, -0.8),
        (10.965835, 15.529226, -0.8),
        (11.161555, 15.542936, -0.8),
        (11.351437, 15.555389, -0.8),
        (11.537364, 15.564666, -0.8),
        (11.723265, 15.570169, -0.8),
        (11.913095, 15.572803, -0.8),
        (12.108547, 15.57463, -0.8),
        (12.30798, 15.577845, -0.8),
        (12.507322, 15.583333, -0.8),
        (12.702452, 15.589956, -0.8),
        (12.891646, 15.595344, -0.8),
        (13.076635, 15.597405, -0.8),
        (13.261624, 15.595344, -0.8),
        (13.450818, 15.589956, -0.8),
        (13.645948, 15.583333, -0.8),
        (13.84529, 15.577845, -0.8),
        (14.044723, 15.57463, -0.8),
        (14.240175, 15.572803, -0.8),
        (14.430005, 15.570169, -0.8),
        (14.615906, 15.564666, -0.8),
        (14.801833, 15.555389, -0.8),
        (14.991715, 15.542936, -0.8),
        (15.187435, 15.529226, -0.8),
        (15.388273, 15.516725, -0.8),
        (15.476394, 15.51266, -0.8),
        (15.5, 15.5, -0.8),
        (15.471626, 15.440371, -0.8),
        (15.462034, 15.231896, -0.8),
        (15.458819, 15.022532, -0.8),
        (15.460457, 14.818811, -0.8),
        (15.463626, 14.621865, -0.8),
        (15.466017, 14.428874, -0.8),
        (15.466902, 14.237129, -0.8),
        (15.466127, 14.04653, -0.8),
        (15.463037, 13.858389, -0.8),
        (15.456529, 13.672234, -0.8),
        (15.446134, 13.484341, -0.8),
        (15.433117, 13.289922, -0.8),
        (15.42072, 13.087076, -0.8),
        (15.412623, 12.878811, -0.8),
        (15.41026, 12.671153, -0.8),
        (15.411946, 12.468819, -0.8),
        (15.414799, 12.272323, -0.8),
        (15.416904, 12.078893, -0.8),
        (15.417831, 11.885755, -0.8),
        (15.417831, 11.692295, -0.8),
        (15.416904, 11.499156, -0.8),
        (15.414799, 11.305727, -0.8),
        (15.411946, 11.10923, -0.8),
        (15.41026, 10.906897, -0.8),
        (15.412623, 10.699239, -0.8),
        (15.42072, 10.490974, -0.8),
        (15.433117, 10.288128, -0.8),
        (15.446134, 10.093709, -0.8),
        (15.456529, 9.905815, -0.8),
        (15.463037, 9.71966, -0.8),
        (15.466127, 9.53152, -0.8),
        (15.466902, 9.340921, -0.8),
        (15.466017, 9.149176, -0.8),
        (15.463626, 8.956184, -0.8),
        (15.460457, 8.759238, -0.8),
        (15.458819, 8.555518, -0.8),
        (15.462034, 8.346154, -0.8),
        (15.471626, 8.137679, -0.8),
        (15.5, 8.009195, -0.8),
        (15.480275, 8.006563, -0.8),
        (15.34076, 7.986483, -0.8),
        (15.148411, 7.960406, -0.8),
        (14.956158, 7.936418, -0.8),
        (14.762462, 7.914175, -0.8),
        (14.56641, 7.892841, -0.8),
        (14.368175, 7.871473, -0.8),
        (14.168658, 7.849416, -0.8),
        (13.96871, 7.826406, -0.8),
        (13.768743, 7.802383, -0.8),
        (13.569021, 7.777347, -0.8),
        (13.370033, 7.751469, -0.8),
        (13.17227, 7.725203, -0.8),
        (12.975451, 7.699052, -0.8),
        (12.77837, 7.673102, -0.8),
        (12.579582, 7.646722, -0.8),
        (12.378777, 7.618881, -0.8),
        (12.177271, 7.588915, -0.8),
        (11.977053, 7.557122, -0.8),
        (11.77919, 7.524518, -0.8),
        (11.583086, 7.491999, -0.8),
        (11.387198, 7.459752, -0.8),
        (11.190326, 7.427334, -0.8),
        (10.992418, 7.39419, -0.8),
        (10.794053, 7.360028, -0.8),
        (10.595749, 7.324827, -0.8),
        (10.397757, 7.28866, -0.8),
        (10.200455, 7.251707, -0.8),
        (10.00458, 7.21447, -0.8),
        (9.810803, 7.177834, -0.8),
        (9.619017, 7.142752, -0.8),
        (9.428102, 7.109762, -0.8),
        (9.319523, 7.09012, -0.8),
        (9.347478, 7.177439, -0.8),
        (9.383962, 7.367737, -0.8),
        (9.421538, 7.560953, -0.8),
        (9.458793, 7.757483, -0.8),
        (9.49427, 7.955744, -0.8),
        (9.527551, 8.153726, -0.8),
        (9.559179, 8.351356, -0.8),
        (9.589373, 8.550412, -0.8),
        (9.61724, 8.75121, -0.8),
        (9.642028, 8.949695, -0.8),
        (9.665403, 9.139442, -0.8),
        (9.691389, 9.318222, -0.8),
        (9.723954, 9.492737, -0.8),
        (9.764616, 9.675217, -0.8),
        (9.809724, 9.874014, -0.8),
        (9.850754, 10.086738, -0.8),
        (9.881425, 10.301626, -0.8),
        (9.903447, 10.506944, -0.8),
        (9.923012, 10.699923, -0.8),
        (9.944813, 10.886327, -0.8),
        (9.970167, 11.072567, -0.8),
        (9.99829, 11.259651, -0.8),
        (10.028812, 11.445115, -0.8),
        (10.062778, 11.629689, -0.8),
        (10.100814, 11.819892, -0.8),
        (10.140129, 12.02261, -0.8),
        (10.173992, 12.237019, -0.8),
        (10.197317, 12.452404, -0.8),
        (10.212649, 12.655678, -0.8),
        (10.227434, 12.842047, -0.8),
        (10.247616, 13.018423, -0.8),
        (10.275341, 13.196942, -0.8),
        (10.308785, 13.385176, -0.8),
        (10.343447, 13.582176, -0.8),
        (10.375848, 13.782293, -0.8),
        (10.405511, 13.981429, -0.8),
        (10.433385, 14.179623, -0.8),
        (10.459782, 14.37864, -0.8),
        (10.484162, 14.578569, -0.8),
        (10.506334, 14.777366, -0.8),
        (10.527226, 14.973091, -0.8),
        (10.548302, 15.165704, -0.8),
        (10.570629, 15.356555, -0.8),
        (15.5, 6.998198, -0.8),
        (15.521695, 7.00222, -0.8),
        (15.52455, 6.953806, -0.8),
        (15.53289, 6.768833, -0.8),
        (15.533074, 6.593573, -0.8),
        (15.523787, 6.413674, -0.8),
        (15.508413, 6.21475, -0.8),
        (15.496576, 5.994041, -0.8),
        (15.498447, 5.763457, -0.8),
        (15.514307, 5.540555, -0.8),
        (15.535412, 5.334861, -0.8),
        (15.553907, 5.143298, -0.8),
        (15.567121, 4.956609, -0.8),
        (15.575637, 4.768293, -0.8),
        (15.580632, 4.577663, -0.8),
        (15.582552, 4.385856, -0.8),
        (15.581723, 4.191634, -0.8),
        (15.579575, 3.992531, -0.8),
        (15.578446, 3.789025, -0.8),
        (15.579575, 3.585518, -0.8),
        (15.581723, 3.386415, -0.8),
        (15.582552, 3.192194, -0.8),
        (15.580632, 3.000387, -0.8),
        (15.575637, 2.809756, -0.8),
        (15.567121, 2.621441, -0.8),
        (15.553907, 2.434752, -0.8),
        (15.535412, 2.243189, -0.8),
        (15.514307, 2.037495, -0.8),
        (15.498447, 1.814593, -0.8),
        (15.496576, 1.584008, -0.8),
        (15.508413, 1.363299, -0.8),
        (15.523787, 1.164376, -0.8),
        (15.533074, 0.984477, -0.8),
        (15.53289, 0.809217, -0.8),
        (15.52455, 0.624244, -0.8),
        (15.517586, 0.506131, -0.8),
        (15.5, 0.5, -0.8),
        (15.431503, 0.508843, -0.8),
        (15.243522, 0.51867, -0.8),
        (15.051014, 0.531299, -0.8),
        (14.854183, 0.544728, -0.8),
        (14.655008, 0.557509, -0.8),
        (14.454208, 0.569027, -0.8),
        (14.251065, 0.57853, -0.8),
        (14.046155, 0.584801, -0.8),
        (13.842751, 0.587443, -0.8),
        (13.644116, 0.588013, -0.8),
        (13.449558, 0.588858, -0.8),
        (13.254632, 0.590911, -0.8),
        (13.054979, 0.592875, -0.8),
        (12.852321, 0.592575, -0.8),
        (12.651433, 0.589581, -0.8),
        (12.455576, 0.585832, -0.8),
        (12.263044, 0.583438, -0.8),
        (12.06971, 0.582786, -0.8),
        (11.874111, 0.582811, -0.8),
        (11.678384, 0.582786, -0.8),
        (11.48505, 0.583438, -0.8),
        (11.292518, 0.585832, -0.8),
        (11.096661, 0.589581, -0.8),
        (10.895773, 0.592575, -0.8),
        (10.693115, 0.592875, -0.8),
        (10.493812, 0.590915, -0.8),
        (10.298536, 0.588858, -0.8),
        (10.103978, 0.588013, -0.8),
        (9.905343, 0.587443, -0.8),
        (9.701939, 0.584801, -0.8),
        (9.497029, 0.57853, -0.8),
        (9.293886, 0.569027, -0.8),
        (9.093086, 0.557509, -0.8),
        (8.893911, 0.544728, -0.8),
        (8.69708, 0.531299, -0.8),
        (8.504572, 0.51867, -0.8),
        (8.328874, 0.5, -0.8),
        (8.318045, 0.508919, -0.8),
        (8.320921, 0.532907, -0.8),
        (8.344605, 0.730628, -0.8),
        (8.368392, 0.928747, -0.8),
        (8.391857, 1.12725, -0.8),
        (8.41495, 1.324397, -0.8),
        (8.438495, 1.51906, -0.8),
        (8.463539, 1.712328, -0.8),
        (8.490373, 1.906591, -0.8),
        (8.518233, 2.103222, -0.8),
        (8.545992, 2.301394, -0.8),
        (8.57318, 2.499153, -0.8),
        (8.600235, 2.695378, -0.8),
        (8.627851, 2.890462, -0.8),
        (8.65634, 3.085311, -0.8),
        (8.685632, 3.280175, -0.8),
        (8.715688, 3.474788, -0.8),
        (8.746649, 3.66937, -0.8),
        (8.778481, 3.864877, -0.8),
        (8.810636, 4.06189, -0.8),
        (8.842367, 4.259464, -0.8),
        (8.873548, 4.455596, -0.8),
        (8.905014, 4.649163, -0.8),
        (8.937899, 4.841251, -0.8),
        (8.972626, 5.034234, -0.8),
        (9.008515, 5.229457, -0.8),
        (9.044448, 5.426086, -0.8),
        (9.07996, 5.622442, -0.8),
        (9.115445, 5.818342, -0.8),
        (9.15079, 6.013581, -0.8),
        (9.158462, 6.055209, -0.8),
        (9.164072, 6.056007, -0.8),
        (9.192631, 6.060298, -0.8),
        (9.392255, 6.090939, -0.8),
        (9.593152, 6.123462, -0.8),
        (9.794127, 6.158191, -0.8),
        (9.993657, 6.194689, -0.8),
        (10.190848, 6.23197, -0.8),
        (10.385882, 6.269048, -0.8),
        (10.579649, 6.305339, -0.8),
        (10.772987, 6.340655, -0.8),
        (10.966305, 6.374972, -0.8),
        (11.159864, 6.408306, -0.8),
        (11.35415, 6.440843, -0.8),
        (11.549642, 6.473034, -0.8),
        (11.746097, 6.505375, -0.8),
        (11.94228, 6.537906, -0.8),
        (12.136764, 6.569954, -0.8),
        (12.329233, 6.600517, -0.8),
        (12.520991, 6.629032, -0.8),
        (12.714026, 6.655796, -0.8),
        (12.909419, 6.681726, -0.8),
        (13.106579, 6.707687, -0.8),
        (13.303944, 6.73391, -0.8),
        (13.500345, 6.759995, -0.8),
        (13.695691, 6.785399, -0.8),
        (13.890574, 6.809828, -0.8),
        (14.085512, 6.833248, -0.8),
        (14.280761, 6.855717, -0.8),
        (14.476703, 6.877378, -0.8),
        (14.674087, 6.898655, -0.8),
        (14.873594, 6.920365, -0.8),
        (15.07511, 6.943506, -0.8),
        (15.277494, 6.968758, -0.8),
        (15.479162, 6.996099, -0.8),
        (11.7786202, 12.0623821, 0),
        (12.010253, 13.2102812, 0),
        (11.208683, 12.9945878, 0),
        (11.1620519, 12.2105673, 0),
        (12.6956472, 12.0320829, 0),
        (11.4268363, 11.482035, 0),
        (12.1907121, 11.2343507, 0),
        (12.3565124, 12.6338863, 0),
        (13.2821096, 12.8072318, 0),
        (13.4019995, 12.0143854, 0),
        (12.955494, 13.4838192, 0),
        (12.2817369, 13.8175398, 0),
        (14.1593793, 11.1937572, 0),
        (14.243356, 12.2507495, 0),
        (13.4897768, 11.005277, 0),
        (9.97425079, 12.0136201, -0.8),
        (9.42733925, 11.4749707, -0.8),
        (11.2604817, 10.7581634, 0),
        (9.77965019, 10.7868926, -0.8),
        (13.3529968, 13.9876827, 0),
        (14.005533, 13.9057974, 0),
        (12.5353972, 14.4980315, 0),
        (12.5294599, 10.4764948, 0),
        (11.7349351, 10.2228806, 0),
        (14.0890791, 14.8804324, 0),
        (13.4567637, 14.6081041, 0),
        (13.9165101, 12.809896, 0),
        (14.3632648, 13.290318, 0),
        (10.8153343, 10.1412935, 0),
        (9.52250519, 9.71804052, -0.8),
        (8.93245769, 9.9380312, -0.8),
        (8.03968198, 10.7396925, 0),
        (9.26916329, 9.1420871, -0.8),
        (7.97048151, 9.61362645, -0.8),
        (11.260186, 13.7315884, 0),
        (11.8006732, 14.4218029, 0),
        (9.40371386, 13.0590695, -0.8),
        (13.2585763, 10.3510393, 0),
        (14.125688, 9.96452473, 0),
        (14.4833439, 10.4765927, 0),
        (15.6319896, 10.9307007, -0.8),
        (9.26626545, 7.91500238, -0.8),
        (7.64787009, 11.2387442, 0),
        (13.2395539, 15.7465671, -0.8),
        (15.709415, 11.9902556, -0.8),
        (10.2261184, 14.8347261, -0.8),
        (10.4629121, 15.6681733, -0.8),
        (11.1339988, 14.4298149, 0),
        (8.11402094, 12.2441518, 0),
        (7.96653377, 12.9504878, 0),
        (10.4495588, 8.31944262, 0),
        (12.0798662, 8.35884697, 0),
        (11.5330312, 8.72820598, 0),
        (10.9603555, 9.02465668, 0),
        (7.13979872, 11.7558691, 0),
        (11.1265822, 15.8080152, -0.8),
        (12.1811615, 9.28681925, 0),
        (7.22074045, 9.40719029, -0.8),
        (6.39659717, 9.97317364, -0.8),
        (13.3699375, 9.73670353, 0),
        (14.4272518, 9.32156989, 0),
        (13.7973465, 9.09265564, 0),
        (12.8768469, 11.1356307, 0),
        (7.33078545, 7.70596918, 0),
        (6.76190059, 8.30805579, 0),
        (8.65058449, 7.23296972, -0.8),
        (15.6575079, 12.6767597, -0.8),
        (8.70005061, 6.53514355, -0.8),
        (10.7465827, 6.98462109, -0.8),
        (6.18659066, 7.28336859, 0),
        (6.81352211, 6.9882361, 0),
        (8.33554985, 14.5232401, 0),
        (7.75042051, 13.7973905, 0),
        (6.66757828, 11.3221925, 0),
        (11.305357, 9.60492644, 0),
        (8.93838752, 15.705191, -0.8),
        (7.11334417, 12.5706737, 0),
        (12.8881802, 7.2765799, -0.8),
        (12.9038109, 9.12501958, 0),
        (14.2784654, 8.65097718, 0),
        (8.37347344, 5.58012633, -0.8),
        (7.21828459, 6.41218965, 0),
        (6.80494113, 5.88674946, 0),
        (10.0849455, 5.17878849, 0),
        (14.5285671, 7.44923877, -0.8),
        (13.905176, 7.11741168, -0.8),
        (5.29824685, 9.80291973, -0.8),
        (6.35054116, 11.8824076, 0),
        (6.41771319, 12.7038225, 0),
        (11.4857474, 5.27343973, 0),
        (12.3138662, 5.84558894, 0),
        (11.1293629, 4.72727264, 0),
        (7.0736617, 5.2508937, 0),
        (6.11203022, 5.93491363, 0),
        (6.74896788, 13.5238343, 0),
        (7.36164977, 13.2157357, 0),
        (5.30323048, 11.7557422, 0),
        (5.43240359, 12.4274268, 0),
        (5.71085688, 7.99869582, 0),
        (5.46674329, 6.64623885, 0),
        (5.21801826, 7.53198591, 0),
        (4.78593443, 6.01293467, 0),
        (5.66050511, 5.44226171, 0),
        (4.44158722, 6.74898925, 0),
        (15.6778036, 14.32415, -0.8),
        (4.58691158, 8.04644405, 0),
        (3.93546167, 10.0826684, -0.8),
        (4.13828795, 11.1643798, 0),
        (4.71939317, 11.4717721, 0),
        (10.8940492, 3.82302936, 0),
        (11.8875794, 3.94319889, 0),
        (12.310665, 4.42454029, 0),
        (10.4450283, 4.55646319, 0),
        (4.78673488, 12.2865789, 0),
        (3.52508382, 7.7595621, 0),
        (4.10879841, 7.48068688, 0),
        (13.7123013, 6.04365948, 0),
        (3.67864602, 11.8949833, 0),
        (6.72862715, 4.69181925, 0),
        (6.398855, 3.7464667, 0),
        (6.02703569, 4.38253212, 0),
        (8.29698334, 3.71665135, -0.8),
        (8.63345398, 4.66660624, -0.8),
        (15.5824466, 7.29438441, -0.8),
        (12.0940878, 3.05603674, 0),
        (12.713018, 5.11793458, 0),
        (7.10420739, 14.5328614, 0),
        (5.6715677, 13.940446, 0),
        (6.00649311, 14.463224, 0),
        (5.90259202, 13.0813367, 0),
        (9.59539748, 3.02309797, 0),
        (10.1657748, 3.84323193, 0),
        (9.78876351, 14.3545457, -0.8),
        (13.562627, 5.33885008, 0),
        (4.68067091, 5.27260361, 0),
        (3.71543838, 6.12920731, 0),
        (3.85769797, 5.24292615, 0),
        (2.49991901, 12.1236201, 0),
        (3.08497719, 11.5937847, 0),
        (3.13935615, 12.4014485, 0),
        (3.83896027, 13.0432865, 0),
        (9.31090901, 2.08926197, 0),
        (8.14483524, 1.72193574, -0.8),
        (10.4408587, 2.01534928, 0),
        (10.1603104, 1.37517274, 0),
        (10.0961964, 2.57885681, 0),
        (11.1731394, 2.72655381, 0),
        (10.6026103, 2.98388514, 0),
        (11.2612475, 1.38490962, 0),
        (11.5421996, 2.223482, 0),
        (4.54909152, 13.4489738, 0),
        (5.17640599, 13.1629571, 0),
        (8.21820604, 0.940161823, -0.8),
        (5.38822173, 4.34903366, 0),
        (6.31210338, 2.89056031, 0),
        (5.79761997, 3.40203861, 0),
        (4.95723473, 14.6374245, 0),
        (14.5612529, 5.01107449, 0),
        (14.0990674, 4.48603844, 0),
        (13.5038914, 4.2566318, 0),
        (14.1519617, 5.56702839, 0),
        (1.88716078, 11.9073621, 0),
        (3.24335761, 13.2369393, 0),
        (3.75394576, 14.2578499, 0),
        (3.11515701, 13.9288004, 0),
        (2.57818837, 8.42013462, 0),
        (3.09525166, 6.99435619, 0),
        (3.30902564, 8.772478, 0),
        (2.51925499, 7.38612193, 0),
        (3.74631195, 6.77466477, 0),
        (4.88425975, 14.0171679, 0),
        (2.89426015, 4.62020441, 0),
        (4.15901953, 4.31986162, 0),
        (2.96391209, 6.01660933, 0),
        (2.81990133, 5.24830884, 0),
        (8.00249761, 0.197979534, -0.8),
        (2.49143541, 13.9822034, 0),
        (2.06545468, 13.4171893, 0),
        (2.56700849, 13.0377975, 0),
        (5.46997879, 2.64397263, 0),
        (6.05476299, 1.74491115, 0),
        (11.4325573, 6.71994987, -0.8),
        (6.58657074, 14.1721911, 0),
        (6.30230975, 5.16579008, 0),
        (6.31245914, 6.60118298, 0),
        (4.59116615, 3.68426297, 0),
        (12.2095332, 1.40450062, 0),
        (1.97674953, 10.1735965, -0.8),
        (2.82391201, 9.82263236, -0.8),
        (3.62077877, 3.97885569, 0),
        (3.18162187, 3.41995736, 0),
        (2.38724972, 3.52102625, 0),
        (2.20159369, 4.41060952, 0),
        (13.3968399, 3.51330254, 0),
        (14.3965246, 3.43612285, 0),
        (2.09984043, 6.65797456, 0),
        (1.3348221, 7.23321037, 0),
        (1.86224377, 7.72630422, 0),
        (1.46672912, 8.64950708, 0),
        (11.2330046, 0.203469104, -0.8),
        (1.70188467, 5.51742205, 0),
        (14.5975146, 15.7892971, -0.8),
        (6.86863154, 0.247784054, -0.8),
        (1.14897203, 12.3872417, 0),
        (3.87160886, 8.31921995, 0),
        (14.8654103, 3.01825711, 0),
        (1.34638744, 6.59398828, 0),
        (4.13419647, 2.98536586, 0),
        (3.58283014, 4.61739284, 0),
        (4.76677321, 4.52753088, 0),
        (2.81613872, 14.7308542, 0),
        (1.56227178, 14.7056242, 0),
        (1.56890589, 13.8866892, 0),
        (12.6251056, 2.15394834, 0),
        (13.2925611, 2.00559379, 0),
        (1.25883678, 10.4104856, -0.8),
        (3.64909367, 2.03638747, 0),
        (4.33056048, 2.28354507, 0),
        (4.96363824, 2.12277183, 0),
        (3.21268818, 2.52479073, 0),
        (4.76327117, 2.89984749, 0),
        (12.9737482, 2.66908234, 0),
        (13.8739735, 2.84546336, 0),
        (1.24425012, 4.04062105, 0),
        (1.44615364, 4.86750737, 0),
        (1.75605582, 3.52329107, 0),
        (5.2637748, 1.29190678, 0),
        (4.14079825, 1.56232279, 0),
        (6.55754518, 2.1936902, 0),
        (12.6258819, 3.46527459, 0),
        (14.5462817, 2.2151619, 0),
        (13.7316222, 0.395919603, -0.8),
        (1.93051239, 12.6871303, 0),
        (2.00576741, 11.2700427, 0),
        (6.98316169, 4.12036655, 0),
        (0.252347161, 9.00356408, -0.8),
        (2.64397486, 15.8432274, -0.8),
        (14.4539551, 1.3872707, 0),
        (14.4253802, 0.318451935, -0.8),
        (13.9834551, 1.93094289, 0),
        (12.841458, 1.44411068, 0),
        (2.84548662, 1.50106134, 0),
        (11.4751113, 3.42134137, 0),
        (6.74319742, 1.53161907, 0),
        (0.15819023, 6.36135785, -0.8),
        (0.616109674, 10.1573909, -0.8),
        (2.13737465, 2.65565315, 0),
        (2.37206627, 2.07074286, 0),
        (2.69690013, 2.95313188, 0),
        (12.870345, 4.0412009, 0),
        (1.83734368, 1.17028607, 0),
        (1.43808033, 0.175357557, -0.8),
        (0.301603759, 0.71278832, -0.8),
        (1.21538964, 1.84970812, 0),
        (3.51348375, 1.38043129, 0),
        (1.47377327, 2.96168261, 0),
        (2.30590983, 5.7687975, 0)
    ]
    color3f[] primvars:displayColor = [
        (0.34, 0.2, 0.08),
        (0.34, 0.2, 0.08),
        (0.34, 0.2, 0.08),
        (0.34, 0.2, 0.08),
        (0.34, 0.2, 0.08),
        (0.34, 0.2, 0.08),
        (0.34, 0.2, 0.08),
        (0.34, 0.2, 0.08),
        (0.34, 0.2, 0.08),
        (0.34, 0.2, 0.08),
        (0.34, 0.2, 0.08),
        (0.34, 0.2, 0.08),
        (0.34, 0.2, 0.08),
        (0.34, 0.2, 0.08),
        (0.34, 0.2, 0.08),
        (0.34, 0.2, 0.08),
        (0.34, 0.2, 0.08),
        (0.34, 0.2, 0.08),
        (0.34, 0.2, 0.08),
        (0.34, 0.2, 0.08),
        (0.34, 0.2, 0.08),
        (0.34, 0.2, 0.08),
        (0.34, 0.2, 0.08),
        (0.34, 0.2, 0.08),
        (0.34, 0.2, 0.08),
        (0.34, 0.2, 0.08),
        (0.34, 0.2, 0.08),
        (0.34, 0.2, 0.08),
        (0.34, 0.2, 0.08),
        (0.34, 0.2, 0.08),
        (0.34, 0.2, 0.08),
        (0.34, 0.2, 0.08),
        (0.34, 0.2, 0.08),
        (0.34, 0.2, 0.08),
        (0.34, 0.2, 0.08),
        (0.34, 0.2, 0.08),
        (0.34, 0.2, 0.08),
        (0.34, 0.2, 0.08),
        (0.34, 0.2, 0.08),
        (0.34, 0.2, 0.08),
        (0.34, 0.2, 0.08),
        (0.34, 0.2, 0.08),
        (0.34, 0.2, 0.08),
        (0.34, 0.2, 0.08),
        (0.34, 0.2, 0.08),
        (0.34, 0.2, 0.08),
        (0.34, 0.2, 0.08),
        (0.34, 0.2, 0.08),
        (0.34, 0.2, 0.08),
        (0.34, 0.2, 0.08),
        (0.34, 0.2, 0.08),
        (0.34, 0.2, 0.08),
        (0.34, 0.2, 0.08),
        (0.34, 0.2, 0.08),
        (0.34, 0.2, 0.08),
        (0.34, 0.2, 0.08),
        (0.34, 0.2, 0.08),
        (0.34, 0.2, 0.08),
        (0.34, 0.2, 0.08),
        (0.34, 0.2, 0.08),
        (0.34, 0.2, 0.08),
        (0.34, 0.2, 0.08),
        (0.34, 0.2, 0.08),
        (0.34, 0.2, 0.08),
        (0.18, 0.38, 0.08),
        (0.18, 0.38, 0.08),
        (0.18, 0.38, 0.08),
        (0.18, 0.38, 0.08),
        (0.18, 0.38, 0.08),
        (0.18, 0.38, 0.08),
        (0.18, 0.38, 0.08),
        (0.18, 0.38, 0.08),
        (0.18, 0.38, 0.08),
        (0.18, 0.38, 0.08),
        (0.18, 0.38, 0.08),
        (0.18, 0.38, 0.08),
        (0.18, 0.38, 0.08),
        (0.18, 0.38, 0.08),
        (0.18, 0.38, 0.08),
        (0.18, 0.38, 0.08),
        (0.18, 0.38, 0.08),
        (0.18, 0.38, 0.08),
        (0.18, 0.38, 0.08),
        (0.18, 0.38, 0.08),
        (0.18, 0.38, 0.08),
        (0.18, 0.38, 0.08),
        (0.18, 0.38, 0.08),
        (0.18, 0.38, 0.08),
        (0.18, 0.38, 0.08),
        (0.18, 0.38, 0.08),
        (0.18, 0.38, 0.08),
        (0.18, 0.38, 0.08),
        (0.18, 0.38, 0.08),
        (0.18, 0.38, 0.08),
        (0.18, 0.38, 0.08),
        (0.18, 0.38, 0.08),
        (0.18, 0.38, 0.08),
        (0.18, 0.38, 0.08),
        (0.18, 0.38, 0.08),
        (0.18, 0.38, 0.08),
        (0.18, 0.38, 0.08),
        (0.18, 0.38, 0.08),
        (0.18, 0.38, 0.08),
        (0.18, 0.38, 0.08),
        (0.18, 0.38, 0.08),
        (0.18, 0.38, 0.08),
        (0.18, 0.38, 0.08),
        (0.18, 0.38, 0.08),
        (0.18, 0.38, 0.08),
        (0.18, 0.38, 0.08),
        (0.18, 0.38, 0.08),
        (0.18, 0.38, 0.08),
        (0.18, 0.38, 0.08),
        (0.18, 0.38, 0.08),
        (0.18, 0.38, 0.08),
        (0.18, 0.38, 0.08),
        (0.18, 0.38, 0.08),
        (0.18, 0.38, 0.08),
        (0.18, 0.38, 0.08),
        (0.18, 0.38, 0.08),
        (0.18, 0.38, 0.08),
        (0.18, 0.38, 0.08),
        (0.18, 0.38, 0.08),
        (0.18, 0.38, 0.08),
        (0.18, 0.38, 0.08),
        (0.18, 0.38, 0.08),
        (0.18, 0.38, 0.08),
        (0.18, 0.38, 0.08),
        (0.18, 0.38, 0.08),
        (0.18, 0.38, 0.08),
        (0.18, 0.38, 0.08),
        (0.18, 0.38, 0.08),
        (0.18, 0.38, 0.08),
        (0.18, 0.38, 0.08),
        (0.18, 0.38, 0.08),
        (0.18, 0.38, 0.08),
        (0.18, 0.38, 0.08),
        (0.18, 0.38, 0.08),
        (0.18, 0.38, 0.08),
        (0.18, 0.38, 0.08),
        (0.18, 0.38, 0.08),
        (0.18, 0.38, 0.08),
        (0.18, 0.38, 0.08),
        (0.18, 0.38, 0.08),
        (0.18, 0.38, 0.08),
        (0.18, 0.38, 0.08),
        (0.18, 0.38, 0.08),
        (0.18, 0.38, 0.08),
        (0.18, 0.38, 0.08),
        (0.18, 0.38, 0.08),
        (0.18, 0.38, 0.08),
        (0.18, 0.38, 0.08),
        (0.18, 0.38, 0.08),
        (0.18, 0.38, 0.08),
        (0.18, 0.38, 0.08),
        (0.18, 0.38, 0.08),
        (0.18, 0.38, 0.08),
        (0.18, 0.38, 0.08),
        (0.18, 0.38, 0.08),
        (0.18, 0.38, 0.08),
        (0.18, 0.38, 0.08),
        (0.18, 0.38, 0.08),
        (0.18, 0.38, 0.08),
        (0.18, 0.38, 0.08),
        (0.18, 0.38, 0.08),
        (0.18, 0.38, 0.08),
        (0.18, 0.38, 0.08),
        (0.18, 0.38, 0.08),
        (0.18, 0.38, 0.08),
        (0.18, 0.38, 0.08),
        (0.18, 0.38, 0.08),
        (0.18, 0.38, 0.08),
        (0.18, 0.38, 0.08),
        (0.18, 0.38, 0.08),
        (0.18, 0.38, 0.08),
        (0.18, 0.38, 0.08),
        (0.18, 0.38, 0.08),
        (0.18, 0.38, 0.08),
        (0.18, 0.38, 0.08),
        (0.18, 0.38, 0.08),
        (0.18, 0.38, 0.08),
        (0.18, 0.38, 0.08),
        (0.18, 0.38, 0.08),
        (0.18, 0.38, 0.08),
        (0.18, 0.38, 0.08),
        (0.18, 0.38, 0.08),
        (0.18, 0.38, 0.08),
        (0.18, 0.38, 0.08),
        (0.18, 0.38, 0.08),
        (0.18, 0.38, 0.08),
        (0.18, 0.38, 0.08),
        (0.18, 0.38, 0.08),
        (0.18, 0.38, 0.08),
        (0.18, 0.38, 0.08),
        (0.18, 0.38, 0.08),
        (0.18, 0.38, 0.08),
        (0.18, 0.38, 0.08),
        (0.18, 0.38, 0.08),
        (0.18, 0.38, 0.08),
        (0.18, 0.38, 0.08),
        (0.18, 0.38, 0.08),
        (0.18, 0.38, 0.08),
        (0.18, 0.38, 0.08),
        (0.18, 0.38, 0.08),
        (0.18, 0.38, 0.08),
        (0.18, 0.38, 0.08),
        (0.18, 0.38, 0.08),
        (0.18, 0.38, 0.08),
        (0.18, 0.38, 0.08),
        (0.18, 0.38, 0.08),
        (0.18, 0.38, 0.08),
        (0.18, 0.38, 0.08),
        (0.18, 0.38, 0.08),
        (0.18, 0.38, 0.08),
        (0.18, 0.38, 0.08),
        (0.18, 0.38, 0.08),
        (0.18, 0.38, 0.08),
        (0.18, 0.38, 0.08),
        (0.18, 0.38, 0.08),
        (0.18, 0.38, 0.08),
        (0.18, 0.38, 0.08),
        (0.18, 0.38, 0.08),
        (0.18, 0.38, 0.08),
        (0.18, 0.38, 0.08),
        (0.18, 0.38, 0.08),
        (0.18, 0.38, 0.08),
        (0.18, 0.38, 0.08),
        (0.18, 0.38, 0.08),
        (0.18, 0.38, 0.08),
        (0.18, 0.38, 0.08),
        (0.18, 0.38, 0.08),
        (0.18, 0.38, 0.08),
        (0.18, 0.38, 0.08),
        (0.18, 0.38, 0.08),
        (0.18, 0.38, 0.08),
        (0.18, 0.38, 0.08),
        (0.18, 0.38, 0.08),
        (0.18, 0.38, 0.08),
        (0.18, 0.38, 0.08),
        (0.18, 0.38, 0.08),
        (0.18, 0.38, 0.08),
        (0.18, 0.38, 0.08),
        (0.18, 0.38, 0.08),
        (0.18, 0.38, 0.08),
        (0.18, 0.38, 0.08),
        (0.18, 0.38, 0.08),
        (0.18, 0.38, 0.08),
        (0.18, 0.38, 0.08),
        (0.18, 0.38, 0.08),
        (0.18, 0.38, 0.08),
        (0.18, 0.38, 0.08),
        (0.18, 0.38, 0.08),
        (0.18, 0.38, 0.08),
        (0.18, 0.38, 0.08),
        (0.18, 0.38, 0.08),
        (0.18, 0.38, 0.08),
        (0.18, 0.38, 0.08),
        (0.18, 0.38, 0.08),
        (0.18, 0.38, 0.08),
        (0.18, 0.38, 0.08),
        (0.18, 0.38, 0.08),
        (0.18, 0.38, 0.08),
        (0.18, 0.38, 0.08),
        (0.18, 0.38, 0.08),
        (0.18, 0.38, 0.08),
        (0.18, 0.38, 0.08),
        (0.18, 0.38, 0.08),
        (0.18, 0.38, 0.08),
        (0.18, 0.38, 0.08),
        (0.18, 0.38, 0.08),
        (0.18, 0.38, 0.08),
        (0.18, 0.38, 0.08),
        (0.18, 0.38, 0.08),
        (0.18, 0.38, 0.08),
        (0.18, 0.38, 0.08),
        (0.18, 0.38, 0.08),
        (0.18, 0.38, 0.08),
        (0.18, 0.38, 0.08),
        (0.18, 0.38, 0.08),
        (0.18, 0.38, 0.08),
        (0.18, 0.38, 0.08),
        (0.18, 0.38, 0.08),
        (0.18, 0.38, 0.08),
        (0.18, 0.38, 0.08),
        (0.18, 0.38, 0.08),
        (0.18, 0.38, 0.08),
        (0.18, 0.38, 0.08),
        (0.18, 0.38, 0.08),
        (0.18, 0.38, 0.08),
        (0.18, 0.38, 0.08),
        (0.18, 0.38, 0.08),
        (0.18, 0.38, 0.08),
        (0.18, 0.38, 0.08),
        (0.18, 0.38, 0.08),
        (0.18, 0.38, 0.08),
        (0.18, 0.38, 0.08),
        (0.18, 0.38, 0.08),
        (0.18, 0.38, 0.08),
        (0.18, 0.38, 0.08),
        (0.18, 0.38, 0.08),
        (0.18, 0.38, 0.08),
        (0.18, 0.38, 0.08),
        (0.18, 0.38, 0.08),
        (0.18, 0.38, 0.08),
        (0.18, 0.38, 0.08),
        (0.18, 0.38, 0.08),
        (0.18, 0.38, 0.08),
        (0.18, 0.38, 0.08),
        (0.18, 0.38, 0.08),
        (0.18, 0.38, 0.08),
        (0.18, 0.38, 0.08),
        (0.18, 0.38, 0.08),
        (0.18, 0.38, 0.08),
        (0.18, 0.38, 0.08),
        (0.18, 0.38, 0.08),
        (0.18, 0.38, 0.08),
        (0.18, 0.38, 0.08),
        (0.18, 0.38, 0.08),
        (0.18, 0.38, 0.08),
        (0.18, 0.38, 0.08),
        (0.18, 0.38, 0.08),
        (0.18, 0.38, 0.08),
        (0.18, 0.38, 0.08),
        (0.18, 0.38, 0.08),
        (0.18, 0.38, 0.08),
        (0.18, 0.38, 0.08),
        (0.18, 0.38, 0.08),
        (0.18, 0.38, 0.08),
        (0.18, 0.38, 0.08),
        (0.18, 0.38, 0.08),
        (0.18, 0.38, 0.08),
        (0.18, 0.38, 0.08),
        (0.18, 0.38, 0.08),
        (0.18, 0.38, 0.08),
        (0.18, 0.38, 0.08),
        (0.18, 0.38, 0.08),
        (0.18, 0.38, 0.08),
        (0.18, 0.38, 0.08),
        (0.18, 0.38, 0.08),
        (0.18, 0.38, 0.08),
        (0.18, 0.38, 0.08),
        (0.18, 0.38, 0.08),
        (0.18, 0.38, 0.08),
        (0.18, 0.38, 0.08),
        (0.18, 0.38, 0.08),
        (0.18, 0.38, 0.08),
        (0.18, 0.38, 0.08),
        (0.18, 0.38, 0.08),
        (0.18, 0.38, 0.08),
        (0.18, 0.38, 0.08),
        (0.18, 0.38, 0.08),
        (0.18, 0.38, 0.08),
        (0.18, 0.38, 0.08),
        (0.18, 0.38, 0.08),
        (0.18, 0.38, 0.08),
        (0.18, 0.38, 0.08),
        (0.18, 0.38, 0.08),
        (0.18, 0.38, 0.08),
        (0.18, 0.38, 0.08),
        (0.18, 0.38, 0.08),
        (0.18, 0.38, 0.08),
        (0.18, 0.38, 0.08),
        (0.18, 0.38, 0.08),
        (0.18, 0.38, 0.08),
        (0.18, 0.38, 0.08),
        (0.18, 0.38, 0.08),
        (0.18, 0.38, 0.08),
        (0.18, 0.38, 0.08),
        (0.18, 0.38, 0.08),
        (0.18, 0.38, 0.08),
        (0.18, 0.38, 0.08),
        (0.18, 0.38, 0.08),
        (0.18, 0.38, 0.08),
        (0.18, 0.38, 0.08),
        (0.18, 0.38, 0.08),
        (0.18, 0.38, 0.08),
        (0.18, 0.38, 0.08),
        (0.18, 0.38, 0.08),
        (0.18, 0.38, 0.08),
        (0.18, 0.38, 0.08),
        (0.18, 0.38, 0.08),
        (0.18, 0.38, 0.08),
        (0.18, 0.38, 0.08),
        (0.18, 0.38, 0.08),
        (0.18, 0.38, 0.08),
        (0.18, 0.38, 0.08),
        (0.18, 0.38, 0.08),
        (0.18, 0.38, 0.08),
        (0.18, 0.38, 0.08),
        (0.18, 0.38, 0.08),
        (0.18, 0.38, 0.08),
        (0.18, 0.38, 0.08),
        (0.18, 0.38, 0.08),
        (0.18, 0.38, 0.08),
        (0.18, 0.38, 0.08),
        (0.18, 0.38, 0.08),
        (0.18, 0.38, 0.08),
        (0.18, 0.38, 0.08),
        (0.18, 0.38, 0.08),
        (0.18, 0.38, 0.08),
        (0.18, 0.38, 0.08),
        (0.18, 0.38, 0.08),
        (0.18, 0.38, 0.08),
        (0.18, 0.38, 0.08),
        (0.18, 0.38, 0.08),
        (0.18, 0.38, 0.08),
        (0.18, 0.38, 0.08),
        (0.18, 0.38, 0.08),
        (0.18, 0.38, 0.08),
        (0.18, 0.38, 0.08),
        (0.18, 0.38, 0.08),
        (0.18, 0.38, 0.08),
        (0.18, 0.38, 0.08),
        (0.18, 0.38, 0.08),
        (0.18, 0.38, 0.08),
        (0.18, 0.38, 0.08),
        (0.18, 0.38, 0.08),
        (0.18, 0.38, 0.08),
        (0.18, 0.38, 0.08),
        (0.18, 0.38, 0.08),
        (0.18, 0.38, 0.08),
        (0.18, 0.38, 0.08),
        (0.18, 0.38, 0.08),
        (0.18, 0.38, 0.08),
        (0.18, 0.38, 0.08),
        (0.18, 0.38, 0.08),
        (0.18, 0.38, 0.08),
        (0.18, 0.38, 0.08),
        (0.18, 0.38, 0.08),
        (0.18, 0.38, 0.08),
        (0.18, 0.38, 0.08),
        (0.18, 0.38, 0.08),
        (0.18, 0.38, 0.08),
        (0.18, 0.38, 0.08),
        (0.18, 0.38, 0.08),
        (0.18, 0.38, 0.08),
        (0.18, 0.38, 0.08),
        (0.18, 0.38, 0.08),
        (0.18, 0.38, 0.08),
        (0.18, 0.38, 0.08),
        (0.18, 0.38, 0.08),
        (0.18, 0.38, 0.08),
        (0.18, 0.38, 0.08),
        (0.18, 0.38, 0.08),
        (0.18, 0.38, 0.08),
        (0.18, 0.38, 0.08),
        (0.18, 0.38, 0.08),
        (0.18, 0.38, 0.08),
        (0.18, 0.38, 0.08),
        (0.18, 0.38, 0.08),
        (0.18, 0.38, 0.08),
        (0.18, 0.38, 0.08),
        (0.18, 0.38, 0.08),
        (0.18, 0.38, 0.08),
        (0.18, 0.38, 0.08),
        (0.18, 0.38, 0.08),
        (0.18, 0.38, 0.08),
        (0.18, 0.38, 0.08),
        (0.18, 0.38, 0.08),
        (0.18, 0.38, 0.08),
        (0.18, 0.38, 0.08),
        (0.18, 0.38, 0.08),
        (0.18, 0.38, 0.08),
        (0.18, 0.38, 0.08),
        (0.18, 0.38, 0.08),
        (0.18, 0.38, 0.08),
        (0.18, 0.38, 0.08),
        (0.18, 0.38, 0.08),
        (0.18, 0.38, 0.08),
        (0.18, 0.38, 0.08),
        (0.18, 0.38, 0.08),
        (0.18, 0.38, 0.08),
        (0.18, 0.38, 0.08),
        (0.18, 0.38, 0.08),
        (0.18, 0.38, 0.08),
        (0.18, 0.38, 0.08),
        (0.18, 0.38, 0.08),
        (0.18, 0.38, 0.08),
        (0.18, 0.38, 0.08),
        (0.18, 0.38, 0.08),
        (0.18, 0.38, 0.08),
        (0.18, 0.38, 0.08),
        (0.18, 0.38, 0.08),
        (0.18, 0.38, 0.08),
        (0.18, 0.38, 0.08),
        (0.18, 0.38, 0.08),
        (0.18, 0.38, 0.08),
        (0.18, 0.38, 0.08),
        (0.18, 0.38, 0.08),
        (0.18, 0.38, 0.08),
        (0.18, 0.38, 0.08),
        (0.18, 0.38, 0.08),
        (0.18, 0.38, 0.08),
        (0.18, 0.38, 0.08),
        (0.18, 0.38, 0.08),
        (0.18, 0.38, 0.08),
        (0.18, 0.38, 0.08),
        (0.18, 0.38, 0.08),
        (0.18, 0.38, 0.08),
        (0.18, 0.38, 0.08),
        (0.18, 0.38, 0.08),
        (0.18, 0.38, 0.08),
        (0.18, 0.38, 0.08),
        (0.18, 0.38, 0.08),
        (0.18, 0.38, 0.08),
        (0.18, 0.38, 0.08),
        (0.18, 0.38, 0.08),
        (0.18, 0.38, 0.08),
        (0.18, 0.38, 0.08),
        (0.18, 0.38, 0.08),
        (0.18, 0.38, 0.08),
        (0.18, 0.38, 0.08),
        (0.18, 0.38, 0.08),
        (0.18, 0.38, 0.08),
        (0.18, 0.38, 0.08),
        (0.18, 0.38, 0.08),
        (0.18, 0.38, 0.08),
        (0.18, 0.38, 0.08),
        (0.18, 0.38, 0.08),
        (0.18, 0.38, 0.08),
        (0.18, 0.38, 0.08),
        (0.18, 0.38, 0.08),
        (0.18, 0.38, 0.08),
        (0.18, 0.38, 0.08),
        (0.18, 0.38, 0.08),
        (0.18, 0.38, 0.08),
        (0.18, 0.38, 0.08),
        (0.18, 0.38, 0.08),
        (0.18, 0.38, 0.08),
        (0.18, 0.38, 0.08),
        (0.18, 0.38, 0.08),
        (0.18, 0.38, 0.08),
        (0.18, 0.38, 0.08),
        (0.18, 0.38, 0.08),
        (0.18, 0.38, 0.08),
        (0.18, 0.38, 0.08),
        (0.18, 0.38, 0.08),
        (0.18, 0.38, 0.08),
        (0.18, 0.38, 0.08),
        (0.18, 0.38, 0.08),
        (0.18, 0.38, 0.08),
        (0.18, 0.38, 0.08),
        (0.18, 0.38, 0.08),
        (0.18, 0.38, 0.08),
        (0.18, 0.38, 0.08),
        (0.18, 0.38, 0.08),
        (0.18, 0.38, 0.08),
        (0.18, 0.38, 0.08),
        (0.18, 0.38, 0.08),
        (0.18, 0.38, 0.08),
        (0.18, 0.38, 0.08),
        (0.18, 0.38, 0.08),
        (0.18, 0.38, 0.08),
        (0.18, 0.38, 0.08),
        (0.18, 0.38, 0.08),
        (0.18, 0.38, 0.08),
        (0.18, 0.38, 0.08),
        (0.18, 0.38, 0.08),
        (0.18, 0.38, 0.08),
        (0.18, 0.38, 0.08),
        (0.18, 0.38, 0.08),
        (0.18, 0.38, 0.08),
        (0.18, 0.38, 0.08),
        (0.18, 0.38, 0.08),
        (0.18, 0.38, 0.08),
        (0.18, 0.38, 0.08),
        (0.18, 0.38, 0.08),
        (0.18, 0.38, 0.08),
        (0.18, 0.38, 0.08),
        (0.18, 0.38, 0.08),
        (0.18, 0.38, 0.08),
        (0.18, 0.38, 0.08),
        (0.18, 0.38, 0.08),
        (0.18, 0.38, 0.08),
        (0.18, 0.38, 0.08),
        (0.18, 0.38, 0.08),
        (0.18, 0.38, 0.08),
        (0.18, 0.38, 0.08),
        (0.18, 0.38, 0.08),
        (0.18, 0.38, 0.08),
        (0.18, 0.38, 0.08),
        (0.18, 0.38, 0.08),
        (0.34, 0.2, 0.08),
        (0.34, 0.2, 0.08),
        (0.34, 0.2, 0.08),
        (0.34, 0.2, 0.08),
        (0.34, 0.2, 0.08),
        (0.34, 0.2, 0.08),
        (0.34, 0.2, 0.08),
        (0.34, 0.2, 0.08),
        (0.34, 0.2, 0.08),
        (0.34, 0.2, 0.08),
        (0.34, 0.2, 0.08),
        (0.34, 0.2, 0.08),
        (0.34, 0.2, 0.08),
        (0.34, 0.2, 0.08),
        (0.34, 0.2, 0.08),
        (0.34, 0.2, 0.08),
        (0.34, 0.2, 0.08),
        (0.34, 0.2, 0.08),
        (0.34, 0.2, 0.08),
        (0.34, 0.2, 0.08),
        (0.34, 0.2, 0.08),
        (0.34, 0.2, 0.08),
        (0.34, 0.2, 0.08),
        (0.34, 0.2, 0.08),
        (0.34, 0.2, 0.08),
        (0.34, 0.2, 0.08),
        (0.34, 0.2, 0.08),
        (0.34, 0.2, 0.08),
        (0.34, 0.2, 0.08),
        (0.34, 0.2, 0.08),
        (0.34, 0.2, 0.08),
        (0.34, 0.2, 0.08),
        (0.34, 0.2, 0.08),
        (0.34, 0.2, 0.08),
        (0.34, 0.2, 0.08),
        (0.34, 0.2, 0.08),
        (0.34, 0.2, 0.08),
        (0.34, 0.2, 0.08),
        (0.34, 0.2, 0.08),
        (0.34, 0.2, 0.08),
        (0.34, 0.2, 0.08),
        (0.34, 0.2, 0.08),
        (0.34, 0.2, 0.08),
        (0.34, 0.2, 0.08),
        (0.34, 0.2, 0.08),
        (0.34, 0.2, 0.08),
        (0.34, 0.2, 0.08),
        (0.34, 0.2, 0.08),
        (0.34, 0.2, 0.08),
        (0.34, 0.2, 0.08),
        (0.34, 0.2, 0.08),
        (0.34, 0.2, 0.08),
        (0.34, 0.2, 0.08),
        (0.34, 0.2, 0.08),
        (0.34, 0.2, 0.08),
        (0.34, 0.2, 0.08),
        (0.34, 0.2, 0.08),
        (0.34, 0.2, 0.08),
        (0.34, 0.2, 0.08),
        (0.34, 0.2, 0.08),
        (0.34, 0.2, 0.08),
        (0.34, 0.2, 0.08),
        (0.34, 0.2, 0.08),
        (0.34, 0.2, 0.08),
        (0.34, 0.2, 0.08),
        (0.34, 0.2, 0.08),
        (0.34, 0.2, 0.08),
        (0.34, 0.2, 0.08),
        (0.34, 0.2, 0.08),
        (0.34, 0.2, 0.08),
        (0.34, 0.2, 0.08),
        (0.34, 0.2, 0.08),
        (0.34, 0.2, 0.08),
        (0.34, 0.2, 0.08),
        (0.34, 0.2, 0.08),
        (0.34, 0.2, 0.08),
        (0.34, 0.2, 0.08),
        (0.34, 0.2, 0.08),
        (0.34, 0.2, 0.08),
        (0.34, 0.2, 0.08),
        (0.34, 0.2, 0.08),
        (0.34, 0.2, 0.08),
        (0.34, 0.2, 0.08),
        (0.34, 0.2, 0.08),
        (0.34, 0.2, 0.08),
        (0.34, 0.2, 0.08),
        (0.34, 0.2, 0.08),
        (0.34, 0.2, 0.08),
        (0.34, 0.2, 0.08),
        (0.34, 0.2, 0.08),
        (0.34, 0.2, 0.08),
        (0.34, 0.2, 0.08),
        (0.34, 0.2, 0.08),
        (0.34, 0.2, 0.08),
        (0.34, 0.2, 0.08),
        (0.34, 0.2, 0.08),
        (0.34, 0.2, 0.08),
        (0.34, 0.2, 0.08),
        (0.34, 0.2, 0.08),
        (0.34, 0.2, 0.08),
        (0.34, 0.2, 0.08),
        (0.34, 0.2, 0.08),
        (0.34, 0.2, 0.08),
        (0.34, 0.2, 0.08),
        (0.34, 0.2, 0.08),
        (0.34, 0.2, 0.08),
        (0.34, 0.2, 0.08),
        (0.34, 0.2, 0.08),
        (0.34, 0.2, 0.08),
        (0.34, 0.2, 0.08),
        (0.34, 0.2, 0.08),
        (0.34, 0.2, 0.08),
        (0.34, 0.2, 0.08),
        (0.34, 0.2, 0.08),
        (0.34, 0.2, 0.08),
        (0.34, 0.2, 0.08),
        (0.34, 0.2, 0.08),
        (0.34, 0.2, 0.08),
        (0.34, 0.2, 0.08),
        (0.34, 0.2, 0.08),
        (0.34, 0.2, 0.08),
        (0.34, 0.2, 0.08),
        (0.34, 0.2, 0.08),
        (0.34, 0.2, 0.08),
        (0.34, 0.2, 0.08),
        (0.34, 0.2, 0.08),
        (0.34, 0.2, 0.08),
        (0.34, 0.2, 0.08),
        (0.34, 0.2, 0.08),
        (0.34, 0.2, 0.08),
        (0.34, 0.2, 0.08),
        (0.34, 0.2, 0.08),
        (0.34, 0.2, 0.08),
        (0.34, 0.2, 0.08),
        (0.34, 0.2, 0.08),
        (0.34, 0.2, 0.08),
        (0.34, 0.2, 0.08),
        (0.34, 0.2, 0.08),
        (0.34, 0.2, 0.08),
        (0.34, 0.2, 0.08),
        (0.34, 0.2, 0.08),
        (0.34, 0.2, 0.08),
        (0.34, 0.2, 0.08),
        (0.34, 0.2, 0.08),
        (0.34, 0.2, 0.08),
        (0.34, 0.2, 0.08),
        (0.34, 0.2, 0.08),
        (0.34, 0.2, 0.08),
        (0.34, 0.2, 0.08),
        (0.34, 0.2, 0.08),
        (0.34, 0.2, 0.08),
        (0.34, 0.2, 0.08),
        (0.34, 0.2, 0.08),
        (0.34, 0.2, 0.08),
        (0.34, 0.2, 0.08),
        (0.34, 0.2, 0.08),
        (0.34, 0.2, 0.08),
        (0.34, 0.2, 0.08),
        (0.34, 0.2, 0.08),
        (0.34, 0.2, 0.08),
        (0.34, 0.2, 0.08),
        (0.34, 0.2, 0.08),
        (0.34, 0.2, 0.08),
        (0.34, 0.2, 0.08),
        (0.34, 0.2, 0.08),
        (0.34, 0.2, 0.08),
        (0.34, 0.2, 0.08),
        (0.34, 0.2, 0.08),
        (0.34, 0.2, 0.08),
        (0.34, 0.2, 0.08),
        (0.34, 0.2, 0.08),
        (0.34, 0.2, 0.08),
        (0.34, 0.2, 0.08),
        (0.34, 0.2, 0.08),
        (0.34, 0.2, 0.08),
        (0.34, 0.2, 0.08),
        (0.34, 0.2, 0.08),
        (0.34, 0.2, 0.08),
        (0.34, 0.2, 0.08),
        (0.34, 0.2, 0.08),
        (0.34, 0.2, 0.08),
        (0.34, 0.2, 0.08),
        (0.34, 0.2, 0.08),
        (0.34, 0.2, 0.08),
        (0.34, 0.2, 0.08),
        (0.34, 0.2, 0.08),
        (0.34, 0.2, 0.08),
        (0.34, 0.2, 0.08),
        (0.34, 0.2, 0.08),
        (0.34, 0.2, 0.08),
        (0.34, 0.2, 0.08),
        (0.34, 0.2, 0.08),
        (0.34, 0.2, 0.08),
        (0.34, 0.2, 0.08),
        (0.34, 0.2, 0.08),
        (0.34, 0.2, 0.08),
        (0.34, 0.2, 0.08),
        (0.34, 0.2, 0.08),
        (0.34, 0.2, 0.08),
        (0.34, 0.2, 0.08),
        (0.34, 0.2, 0.08),
        (0.34, 0.2, 0.08),
        (0.34, 0.2, 0.08),
        (0.34, 0.2, 0.08),
        (0.34, 0.2, 0.08),
        (0.34, 0.2, 0.08),
        (0.34, 0.2, 0.08),
        (0.34, 0.2, 0.08),
        (0.34, 0.2, 0.08),
        (0.34, 0.2, 0.08),
        (0.34, 0.2, 0.08),
        (0.34, 0.2, 0.08),
        (0.34, 0.2, 0.08),
        (0.34, 0.2, 0.08),
        (0.34, 0.2, 0.08),
        (0.34, 0.2, 0.08),
        (0.34, 0.2, 0.08),
        (0.34, 0.2, 0.08),
        (0.34, 0.2, 0.08),
        (0.34, 0.2, 0.08),
        (0.34, 0.2, 0.08),
        (0.34, 0.2, 0.08),
        (0.34, 0.2, 0.08),
        (0.34, 0.2, 0.08),
        (0.34, 0.2, 0.08),
        (0.34, 0.2, 0.08),
        (0.34, 0.2, 0.08),
        (0.34, 0.2, 0.08),
        (0.34, 0.2, 0.08),
        (0.34, 0.2, 0.08),
        (0.34, 0.2, 0.08),
        (0.34, 0.2, 0.08),
        (0.34, 0.2, 0.08),
        (0.34, 0.2, 0.08),
        (0.34, 0.2, 0.08),
        (0.34, 0.2, 0.08),
        (0.34, 0.2, 0.08),
        (0.34, 0.2, 0.08),
        (0.34, 0.2, 0.08),
        (0.34, 0.2, 0.08),
        (0.34, 0.2, 0.08),
        (0.34, 0.2, 0.08),
        (0.34, 0.2, 0.08),
        (0.34, 0.2, 0.08),
        (0.34, 0.2, 0.08),
        (0.34, 0.2, 0.08),
        (0.34, 0.2, 0.08),
        (0.34, 0.2, 0.08),
        (0.34, 0.2, 0.08),
        (0.34, 0.2, 0.08),
        (0.34, 0.2, 0.08),
        (0.34, 0.2, 0.08),
        (0.34, 0.2, 0.08),
        (0.34, 0.2, 0.08),
        (0.34, 0.2, 0.08),
        (0.34, 0.2, 0.08),
        (0.34, 0.2, 0.08),
        (0.34, 0.2, 0.08),
        (0.34, 0.2, 0.08),
        (0.34, 0.2, 0.08),
        (0.34, 0.2, 0.08),
        (0.34, 0.2, 0.08),
        (0.34, 0.2, 0.08),
        (0.34, 0.2, 0.08),
        (0.34, 0.2, 0.08),
        (0.34, 0.2, 0.08),
        (0.34, 0.2, 0.08),
        (0.34, 0.2, 0.08),
        (0.34, 0.2, 0.08),
        (0.34, 0.2, 0.08),
        (0.34, 0.2, 0.08),
        (0.34, 0.2, 0.08),
        (0.34, 0.2, 0.08),
        (0.34, 0.2, 0.08),
        (0.34, 0.2, 0.08),
        (0.34, 0.2, 0.08),
        (0.34, 0.2, 0.08),
        (0.34, 0.2, 0.08),
        (0.34, 0.2, 0.08),
        (0.34, 0.2, 0.08),
        (0.34, 0.2, 0.08),
        (0.34, 0.2, 0.08),
        (0.34, 0.2, 0.08),
        (0.34, 0.2, 0.08),
        (0.34, 0.2, 0.08),
        (0.34, 0.2, 0.08),
        (0.34, 0.2, 0.08),
        (0.34, 0.2, 0.08),
        (0.34, 0.2, 0.08),
        (0.34, 0.2, 0.08),
        (0.34, 0.2, 0.08),
        (0.34, 0.2, 0.08),
        (0.34, 0.2, 0.08),
        (0.34, 0.2, 0.08),
        (0.34, 0.2, 0.08),
        (0.34, 0.2, 0.08),
        (0.34, 0.2, 0.08),
        (0.34, 0.2, 0.08),
        (0.34, 0.2, 0.08),
        (0.34, 0.2, 0.08),
        (0.34, 0.2, 0.08),
        (0.34, 0.2, 0.08),
        (0.34, 0.2, 0.08),
        (0.34, 0.2, 0.08),
        (0.34, 0.2, 0.08),
        (0.34, 0.2, 0.08),
        (0.34, 0.2, 0.08),
        (0.34, 0.2, 0.08),
        (0.34, 0.2, 0.08),
        (0.34, 0.2, 0.08),
        (0.34, 0.2, 0.08),
        (0.34, 0.2, 0.08),
        (0.34, 0.2, 0.08),
        (0.34, 0.2, 0.08),
        (0.34, 0.2, 0.08),
        (0.34, 0.2, 0.08),
        (0.34, 0.2, 0.08),
        (0.34, 0.2, 0.08),
        (0.34, 0.2, 0.08),
        (0.34, 0.2, 0.08),
        (0.34, 0.2, 0.08),
        (0.34, 0.2, 0.08),
        (0.34, 0.2, 0.08),
        (0.34, 0.2, 0.08),
        (0.34, 0.2, 0.08),
        (0.34, 0.2, 0.08),
        (0.34, 0.2, 0.08),
        (0.34, 0.2, 0.08),
        (0.34, 0.2, 0.08),
        (0.34, 0.2, 0.08),
        (0.34, 0.2, 0.08),
        (0.34, 0.2, 0.08),
        (0.34, 0.2, 0.08),
        (0.34, 0.2, 0.08),
        (0.34, 0.2, 0.08),
        (0.34, 0.2, 0.08),
        (0.34, 0.2, 0.08),
        (0.34, 0.2, 0.08),
        (0.34, 0.2, 0.08),
        (0.34, 0.2, 0.08),
        (0.34, 0.2, 0.08),
        (0.34, 0.2, 0.08),
        (0.34, 0.2, 0.08),
        (0.34, 0.2, 0.08),
        (0.34, 0.2, 0.08),
        (0.34, 0.2, 0.08),
        (0.34, 0.2, 0.08),
        (0.34, 0.2, 0.08),
        (0.34, 0.2, 0.08),
        (0.34, 0.2, 0.08),
        (0.34, 0.2, 0.08),
        (0.34, 0.2, 0.08),
        (0.34, 0.2, 0.08),
        (0.34, 0.2, 0.08),
        (0.34, 0.2, 0.08),
        (0.34, 0.2, 0.08),
        (0.34, 0.2, 0.08),
        (0.34, 0.2, 0.08),
        (0.34, 0.2, 0.08),
        (0.34, 0.2, 0.08),
        (0.34, 0.2, 0.08),
        (0.34, 0.2, 0.08),
        (0.34, 0.2, 0.08),
        (0.34, 0.2, 0.08),
        (0.34, 0.2, 0.08),
        (0.34, 0.2, 0.08),
        (0.34, 0.2, 0.08),
        (0.34, 0.2, 0.08),
        (0.34, 0.2, 0.08),
        (0.34, 0.2, 0.08),
        (0.34, 0.2, 0.08),
        (0.34, 0.2, 0.08),
        (0.34, 0.2, 0.08),
        (0.34, 0.2, 0.08),
        (0.34, 0.2, 0.08),
        (0.34, 0.2, 0.08),
        (0.34, 0.2, 0.08),
        (0.34, 0.2, 0.08),
        (0.34, 0.2, 0.08),
        (0.34, 0.2, 0.08),
        (0.34, 0.2, 0.08),
        (0.34, 0.2, 0.08),
        (0.34, 0.2, 0.08),
        (0.34, 0.2, 0.08),
        (0.34, 0.2, 0.08),
        (0.34, 0.2, 0.08),
        (0.34, 0.2, 0.08),
        (0.34, 0.2, 0.08),
        (0.34, 0.2, 0.08),
        (0.34, 0.2, 0.08),
        (0.34, 0.2, 0.08),
        (0.34, 0.2, 0.08),
        (0.34, 0.2, 0.08),
        (0.34, 0.2, 0.08),
        (0.34, 0.2, 0.08),
        (0.34, 0.2, 0.08),
        (0.34, 0.2, 0.08),
        (0.34, 0.2, 0.08),
        (0.34, 0.2, 0.08),
        (0.34, 0.2, 0.08),
        (0.34, 0.2, 0.08),
        (0.34, 0.2, 0.08),
        (0.34, 0.2, 0.08),
        (0.34, 0.2, 0.08),
        (0.34, 0.2, 0.08),
        (0.34, 0.2, 0.08),
        (0.34, 0.2, 0.08),
        (0.34, 0.2, 0.08),
        (0.34, 0.2, 0.08),
        (0.34, 0.2, 0.08),
        (0.34, 0.2, 0.08),
        (0.34, 0.2, 0.08),
        (0.34, 0.2, 0.08),
        (0.34, 0.2, 0.08),
        (0.34, 0.2, 0.08),
        (0.34, 0.2, 0.08),
        (0.34, 0.2, 0.08),
        (0.34, 0.2, 0.08),
        (0.34, 0.2, 0.08),
        (0.34, 0.2, 0.08),
        (0.34, 0.2, 0.08),
        (0.34, 0.2, 0.08),
        (0.34, 0.2, 0.08),
        (0.34, 0.2, 0.08),
        (0.34, 0.2, 0.08),
        (0.34, 0.2, 0.08),
        (0.34, 0.2, 0.08),
        (0.34, 0.2, 0.08),
        (0.34, 0.2, 0.08),
        (0.34, 0.2, 0.08),
        (0.34, 0.2, 0.08),
        (0.34, 0.2, 0.08),
        (0.34, 0.2, 0.08),
        (0.34, 0.2, 0.08),
        (0.34, 0.2, 0.08),
        (0.34, 0.2, 0.08),
        (0.34, 0.2, 0.08),
        (0.34, 0.2, 0.08),
        (0.34, 0.2, 0.08),
        (0.34, 0.2, 0.08),
        (0.34, 0.2, 0.08),
        (0.34, 0.2, 0.08),
        (0.34, 0.2, 0.08),
        (0.34, 0.2, 0.08),
        (0.34, 0.2, 0.08),
        (0.34, 0.2, 0.08),
        (0.34, 0.2, 0.08),
        (0.34, 0.2, 0.08),
        (0.34, 0.2, 0.08),
        (0.34, 0.2, 0.08),
        (0.34, 0.2, 0.08),
        (0.34, 0.2, 0.08),
        (0.34, 0.2, 0.08),
        (0.34, 0.2, 0.08),
        (0.34, 0.2, 0.08),
        (0.34, 0.2, 0.08),
        (0.34, 0.2, 0.08),
        (0.34, 0.2, 0.08),
        (0.34, 0.2, 0.08),
        (0.34, 0.2, 0.08),
        (0.34, 0.2, 0.08),
        (0.34, 0.2, 0.08),
        (0.34, 0.2, 0.08),
        (0.34, 0.2, 0.08),
        (0.34, 0.2, 0.08),
        (0.34, 0.2, 0.08),
        (0.34, 0.2, 0.08),
        (0.34, 0.2, 0.08),
        (0.34, 0.2, 0.08),
        (0.34, 0.2, 0.08),
        (0.34, 0.2, 0.08),
        (0.34, 0.2, 0.08),
        (0.34, 0.2, 0.08),
        (0.34, 0.2, 0.08),
        (0.34, 0.2, 0.08),
        (0.34, 0.2, 0.08),
        (0.34, 0.2, 0.08),
        (0.34, 0.2, 0.08),
        (0.34, 0.2, 0.08),
        (0.34, 0.2, 0.08),
        (0.34, 0.2, 0.08),
        (0.34, 0.2, 0.08),
        (0.34, 0.2, 0.08),
        (0.34, 0.2, 0.08),
        (0.34, 0.2, 0.08),
        (0.34, 0.2, 0.08),
        (0.34, 0.2, 0.08),
        (0.34, 0.2, 0.08),
        (0.34, 0.2, 0.08),
        (0.34, 0.2, 0.08),
        (0.34, 0.2, 0.08),
        (0.34, 0.2, 0.08),
        (0.34, 0.2, 0.08),
        (0.34, 0.2, 0.08),
        (0.34, 0.2, 0.08),
        (0.34, 0.2, 0.08),
        (0.34, 0.2, 0.08),
        (0.34, 0.2, 0.08),
        (0.34, 0.2, 0.08),
        (0.34, 0.2, 0.08),
        (0.34, 0.2, 0.08),
        (0.34, 0.2, 0.08),
        (0.34, 0.2, 0.08),
        (0.34, 0.2, 0.08),
        (0.34, 0.2, 0.08),
        (0.34, 0.2, 0.08),
        (0.34, 0.2, 0.08),
        (0.34, 0.2, 0.08),
        (0.34, 0.2, 0.08),
        (0.34, 0.2, 0.08),
        (0.34, 0.2, 0.08),
        (0.34, 0.2, 0.08),
        (0.34, 0.2, 0.08),
        (0.34, 0.2, 0.08),
        (0.34, 0.2, 0.08),
        (0.34, 0.2, 0.08),
        (0.34, 0.2, 0.08),
        (0.34, 0.2, 0.08),
        (0.34, 0.2, 0.08),
        (0.34, 0.2, 0.08),
        (0.34, 0.2, 0.08),
        (0.34, 0.2, 0.08),
        (0.34, 0.2, 0.08),
        (0.34, 0.2, 0.08),
        (0.34, 0.2, 0.08),
        (0.34, 0.2, 0.08),
        (0.34, 0.2, 0.08),
        (0.34, 0.2, 0.08),
        (0.34, 0.2, 0.08),
        (0.34, 0.2, 0.08),
        (0.34, 0.2, 0.08),
        (0.34, 0.2, 0.08),
        (0.34, 0.2, 0.08),
        (0.34, 0.2, 0.08),
        (0.34, 0.2, 0.08),
        (0.34, 0.2, 0.08),
        (0.34, 0.2, 0.08),
        (0.34, 0.2, 0.08),
        (0.34, 0.2, 0.08),
        (0.34, 0.2, 0.08),
        (0.34, 0.2, 0.08),
        (0.34, 0.2, 0.08),
        (0.34, 0.2, 0.08),
        (0.34, 0.2, 0.08),
        (0.34, 0.2, 0.08),
        (0.34, 0.2, 0.08),
        (0.34, 0.2, 0.08),
        (0.34, 0.2, 0.08),
        (0.34, 0.2, 0.08),
        (0.34, 0.2, 0.08),
        (0.34, 0.2, 0.08),
        (0.34, 0.2, 0.08),
        (0.34, 0.2, 0.08),
        (0.34, 0.2, 0.08),
        (0.34, 0.2, 0.08),
        (0.34, 0.2, 0.08),
        (0.34, 0.2, 0.08),
        (0.34, 0.2, 0.08),
        (0.34, 0.2, 0.08),
        (0.34, 0.2, 0.08),
        (0.34, 0.2, 0.08),
        (0.34, 0.2, 0.08),
        (0.34, 0.2, 0.08),
        (0.34, 0.2, 0.08),
        (0.34, 0.2, 0.08),
        (0.34, 0.2, 0.08),
        (0.34, 0.2, 0.08),
        (0.34, 0.2, 0.08),
        (0.34, 0.2, 0.08),
        (0.34, 0.2, 0.08),
        (0.34, 0.2, 0.08),
        (0.34, 0.2, 0.08),
        (0.34, 0.2, 0.08),
        (0.34, 0.2, 0.08),
        (0.34, 0.2, 0.08),
        (0.34, 0.2, 0.08),
        (0.34, 0.2, 0.08),
        (0.34, 0.2, 0.08),
        (0.34, 0.2, 0.08),
        (0.34, 0.2, 0.08),
        (0.34, 0.2, 0.08),
        (0.34, 0.2, 0.08),
        (0.34, 0.2, 0.08),
        (0.34, 0.2, 0.08),
        (0.34, 0.2, 0.08),
        (0.34, 0.2, 0.08),
        (0.34, 0.2, 0.08),
        (0.34, 0.2, 0.08),
        (0.34, 0.2, 0.08),
        (0.34, 0.2, 0.08),
        (0.34, 0.2, 0.08),
        (0.34, 0.2, 0.08),
        (0.34, 0.2, 0.08),
        (0.34, 0.2, 0.08),
        (0.34, 0.2, 0.08),
        (0.34, 0.2, 0.08),
        (0.34, 0.2, 0.08),
        (0.34, 0.2, 0.08),
        (0.34, 0.2, 0.08),
        (0.34, 0.2, 0.08),
        (0.34, 0.2, 0.08),
        (0.18, 0.38, 0.08),
        (0.18, 0.38, 0.08),
        (0.18, 0.38, 0.08),
        (0.18, 0.38, 0.08),
        (0.18, 0.38, 0.08),
        (0.18, 0.38, 0.08),
        (0.18, 0.38, 0.08),
        (0.18, 0.38, 0.08),
        (0.18, 0.38, 0.08),
        (0.18, 0.38, 0.08),
        (0.18, 0.38, 0.08),
        (0.18, 0.38, 0.08),
        (0.18, 0.38, 0.08),
        (0.18, 0.38, 0.08),
        (0.18, 0.38, 0.08),
        (0.34, 0.2, 0.08),
        (0.34, 0.2, 0.08),
        (0.18, 0.38, 0.08),
        (0.34, 0.2, 0.08),
        (0.18, 0.38, 0.08),
        (0.18, 0.38, 0.08),
        (0.18, 0.38, 0.08),
        (0.18, 0.38, 0.08),
        (0.18, 0.38, 0.08),
        (0.18, 0.38, 0.08),
        (0.18, 0.38, 0.08),
        (0.18, 0.38, 0.08),
        (0.18, 0.38, 0.08),
        (0.18, 0.38, 0.08),
        (0.34, 0.2, 0.08),
        (0.34, 0.2, 0.08),
        (0.18, 0.38, 0.08),
        (0.34, 0.2, 0.08),
        (0.34, 0.2, 0.08),
        (0.18, 0.38, 0.08),
        (0.18, 0.38, 0.08),
        (0.34, 0.2, 0.08),
        (0.18, 0.38, 0.08),
        (0.18, 0.38, 0.08),
        (0.18, 0.38, 0.08),
        (0.34, 0.2, 0.08),
        (0.34, 0.2, 0.08),
        (0.18, 0.38, 0.08),
        (0.34, 0.2, 0.08),
        (0.34, 0.2, 0.08),
        (0.34, 0.2, 0.08),
        (0.34, 0.2, 0.08),
        (0.18, 0.38, 0.08),
        (0.18, 0.38, 0.08),
        (0.18, 0.38, 0.08),
        (0.18, 0.38, 0.08),
        (0.18, 0.38, 0.08),
        (0.18, 0.38, 0.08),
        (0.18, 0.38, 0.08),
        (0.18, 0.38, 0.08),
        (0.34, 0.2, 0.08),
        (0.18, 0.38, 0.08),
        (0.34, 0.2, 0.08),
        (0.34, 0.2, 0.08),
        (0.18, 0.38, 0.08),
        (0.18, 0.38, 0.08),
        (0.18, 0.38, 0.08),
        (0.18, 0.38, 0.08),
        (0.18, 0.38, 0.08),
        (0.18, 0.38, 0.08),
        (0.34, 0.2, 0.08),
        (0.34, 0.2, 0.08),
        (0.34, 0.2, 0.08),
        (0.34, 0.2, 0.08),
        (0.18, 0.38, 0.08),
        (0.18, 0.38, 0.08),
        (0.18, 0.38, 0.08),
        (0.18, 0.38, 0.08),
        (0.18, 0.38, 0.08),
        (0.18, 0.38, 0.08),
        (0.34, 0.2, 0.08),
        (0.18, 0.38, 0.08),
        (0.34, 0.2, 0.08),
        (0.18, 0.38, 0.08),
        (0.18, 0.38, 0.08),
        (0.34, 0.2, 0.08),
        (0.18, 0.38, 0.08),
        (0.18, 0.38, 0.08),
        (0.18, 0.38, 0.08),
        (0.34, 0.2, 0.08),
        (0.34, 0.2, 0.08),
        (0.34, 0.2, 0.08),
        (0.18, 0.38, 0.08),
        (0.18, 0.38, 0.08),
        (0.18, 0.38, 0.08),
        (0.18, 0.38, 0.08),
        (0.18, 0.38, 0.08),
        (0.18, 0.38, 0.08),
        (0.18, 0.38, 0.08),
        (0.18, 0.38, 0.08),
        (0.18, 0.38, 0.08),
        (0.18, 0.38, 0.08),
        (0.18, 0.38, 0.08),
        (0.18, 0.38, 0.08),
        (0.18, 0.38, 0.08),
        (0.18, 0.38, 0.08),
        (0.18, 0.38, 0.08),
        (0.18, 0.38, 0.08),
        (0.18, 0.38, 0.08),
        (0.34, 0.2, 0.08),
        (0.18, 0.38, 0.08),
        (0.34, 0.2, 0.08),
        (0.18, 0.38, 0.08),
        (0.18, 0.38, 0.08),
        (0.18, 0.38, 0.08),
        (0.18, 0.38, 0.08),
        (0.18, 0.38, 0.08),
        (0.18, 0.38, 0.08),
        (0.18, 0.38, 0.08),
        (0.18, 0.38, 0.08),
        (0.18, 0.38, 0.08),
        (0.18, 0.38, 0.08),
        (0.18, 0.38, 0.08),
        (0.18, 0.38, 0.08),
        (0.18, 0.38, 0.08),
        (0.18, 0.38, 0.08),
        (0.34, 0.2, 0.08),
        (0.34, 0.2, 0.08),
        (0.34, 0.2, 0.08),
        (0.18, 0.38, 0.08),
        (0.18, 0.38, 0.08),
        (0.18, 0.38, 0.08),
        (0.18, 0.38, 0.08),
        (0.18, 0.38, 0.08),
        (0.18, 0.38, 0.08),
        (0.18, 0.38, 0.08),
        (0.18, 0.38, 0.08),
        (0.34, 0.2, 0.08),
        (0.18, 0.38, 0.08),
        (0.18, 0.38, 0.08),
        (0.18, 0.38, 0.08),
        (0.18, 0.38, 0.08),
        (0.18, 0.38, 0.08),
        (0.18, 0.38, 0.08),
        (0.18, 0.38, 0.08),
        (0.18, 0.38, 0.08),
        (0.18, 0.38, 0.08),
        (0.34, 0.2, 0.08),
        (0.18, 0.38, 0.08),
        (0.18, 0.38, 0.08),
        (0.18, 0.38, 0.08),
        (0.18, 0.38, 0.08),
        (0.18, 0.38, 0.08),
        (0.18, 0.38, 0.08),
        (0.18, 0.38, 0.08),
        (0.18, 0.38, 0.08),
        (0.18, 0.38, 0.08),
        (0.34, 0.2, 0.08),
        (0.18, 0.38, 0.08),
        (0.18, 0.38, 0.08),
        (0.18, 0.38, 0.08),
        (0.18, 0.38, 0.08),
        (0.18, 0.38, 0.08),
        (0.18, 0.38, 0.08),
        (0.18, 0.38, 0.08),
        (0.18, 0.38, 0.08),
        (0.18, 0.38, 0.08),
        (0.18, 0.38, 0.08),
        (0.18, 0.38, 0.08),
        (0.18, 0.38, 0.08),
        (0.18, 0.38, 0.08),
        (0.18, 0.38, 0.08),
        (0.18, 0.38, 0.08),
        (0.18, 0.38, 0.08),
        (0.18, 0.38, 0.08),
        (0.18, 0.38, 0.08),
        (0.18, 0.38, 0.08),
        (0.18, 0.38, 0.08),
        (0.18, 0.38, 0.08),
        (0.18, 0.38, 0.08),
        (0.34, 0.2, 0.08),
        (0.18, 0.38, 0.08),
        (0.18, 0.38, 0.08),
        (0.18, 0.38, 0.08),
        (0.18, 0.38, 0.08),
        (0.18, 0.38, 0.08),
        (0.34, 0.2, 0.08),
        (0.18, 0.38, 0.08),
        (0.18, 0.38, 0.08),
        (0.18, 0.38, 0.08),
        (0.18, 0.38, 0.08),
        (0.18, 0.38, 0.08),
        (0.34, 0.2, 0.08),
        (0.34, 0.2, 0.08),
        (0.18, 0.38, 0.08),
        (0.18, 0.38, 0.08),
        (0.18, 0.38, 0.08),
        (0.18, 0.38, 0.08),
        (0.18, 0.38, 0.08),
        (0.18, 0.38, 0.08),
        (0.18, 0.38, 0.08),
        (0.18, 0.38, 0.08),
        (0.18, 0.38, 0.08),
        (0.18, 0.38, 0.08),
        (0.34, 0.2, 0.08),
        (0.18, 0.38, 0.08),
        (0.34, 0.2, 0.08),
        (0.34, 0.2, 0.08),
        (0.18, 0.38, 0.08),
        (0.18, 0.38, 0.08),
        (0.18, 0.38, 0.08),
        (0.18, 0.38, 0.08),
        (0.18, 0.38, 0.08),
        (0.18, 0.38, 0.08),
        (0.18, 0.38, 0.08),
        (0.18, 0.38, 0.08),
        (0.18, 0.38, 0.08),
        (0.18, 0.38, 0.08),
        (0.18, 0.38, 0.08),
        (0.18, 0.38, 0.08),
        (0.34, 0.2, 0.08),
        (0.18, 0.38, 0.08),
        (0.18, 0.38, 0.08),
        (0.18, 0.38, 0.08),
        (0.18, 0.38, 0.08),
        (0.18, 0.38, 0.08),
        (0.18, 0.38, 0.08),
        (0.18, 0.38, 0.08),
        (0.18, 0.38, 0.08),
        (0.18, 0.38, 0.08),
        (0.18, 0.38, 0.08),
        (0.18, 0.38, 0.08),
        (0.18, 0.38, 0.08),
        (0.18, 0.38, 0.08),
        (0.18, 0.38, 0.08),
        (0.18, 0.38, 0.08),
        (0.34, 0.2, 0.08),
        (0.18, 0.38, 0.08),
        (0.18, 0.38, 0.08),
        (0.18, 0.38, 0.08),
        (0.34, 0.2, 0.08),
        (0.34, 0.2, 0.08),
        (0.18, 0.38, 0.08),
        (0.34, 0.2, 0.08),
        (0.18, 0.38, 0.08),
        (0.18, 0.38, 0.08),
        (0.18, 0.38, 0.08),
        (0.18, 0.38, 0.08),
        (0.18, 0.38, 0.08),
        (0.34, 0.2, 0.08),
        (0.34, 0.2, 0.08),
        (0.18, 0.38, 0.08),
        (0.18, 0.38, 0.08),
        (0.18, 0.38, 0.08),
        (0.18, 0.38, 0.08),
        (0.18, 0.38, 0.08),
        (0.34, 0.2, 0.08),
        (0.34, 0.2, 0.08),
        (0.18, 0.38, 0.08),
        (0.18, 0.38, 0.08),
        (0.18, 0.38, 0.08),
        (0.18, 0.38, 0.08)
    ] (
        interpolation = "vertex"
    )
    uniform token subdivisionScheme = "none"
}
